,chapter,term,tfidf
1003342,CHAPTER 132,starbuck,0.21
982612,CHAPTER 132,ahab,0.2
1007385,CHAPTER 132,wife,0.18
996314,CHAPTER 132,mild,0.17
997475,CHAPTER 132,old,0.15
1007766,CHAPTER 132,years,0.15
1002517,CHAPTER 132,sky,0.14
983630,CHAPTER 132,away,0.13
984699,CHAPTER 132,boy,0.13
982629,CHAPTER 132,air,0.12
996488,CHAPTER 132,mockery,0.12
985784,CHAPTER 132,child,0.11
991522,CHAPTER 132,gaze,0.11
983654,CHAPTER 132,aye,0.1
991660,CHAPTER 132,girl,0.1
992483,CHAPTER 132,heart,0.1
990979,CHAPTER 132,fool,0.09
991792,CHAPTER 132,god,0.09
995117,CHAPTER 132,let,0.09
1001715,CHAPTER 132,sea,0.09
985692,CHAPTER 132,chase,0.08
991308,CHAPTER 132,fruit,0.08
997465,CHAPTER 132,oh,0.08
1004690,CHAPTER 132,thine,0.08
983658,CHAPTER 132,azure,0.07
984728,CHAPTER 132,brain,0.07
984832,CHAPTER 132,bride,0.07
985328,CHAPTER 132,captain,0.07
987409,CHAPTER 132,cruel,0.07
991573,CHAPTER 132,gentle,0.07
992432,CHAPTER 132,hay,0.07
995375,CHAPTER 132,locks,0.07
995971,CHAPTER 132,mary,0.07
1002564,CHAPTER 132,sleep,0.07
1007779,CHAPTER 132,yes,0.07
983343,CHAPTER 132,ashes,0.06
984227,CHAPTER 132,better,0.06
984484,CHAPTER 132,blue,0.06
986108,CHAPTER 132,close,0.06
988306,CHAPTER 132,did,0.06
989049,CHAPTER 132,dry,0.06
992509,CHAPTER 132,heaven,0.06
995005,CHAPTER 132,leaned,0.06
995503,CHAPTER 132,loving,0.06
995801,CHAPTER 132,man,0.06
1001419,CHAPTER 132,sank,0.06
1002438,CHAPTER 132,sir,0.06
1002825,CHAPTER 132,soil,0.06
1004693,CHAPTER 132,think,0.06
987719,CHAPTER 132,deadly,0.05
988789,CHAPTER 132,does,0.05
990246,CHAPTER 132,eye,0.05
990713,CHAPTER 132,fish,0.05
992001,CHAPTER 132,grey,0.05
992678,CHAPTER 132,hill,0.05
994204,CHAPTER 132,invisible,0.05
995216,CHAPTER 132,like,0.05
995427,CHAPTER 132,look,0.05
996679,CHAPTER 132,mother,0.05
996908,CHAPTER 132,nantucket,0.05
998983,CHAPTER 132,poor,0.05
1001160,CHAPTER 132,round,0.05
1002569,CHAPTER 132,sleeping,0.05
1002668,CHAPTER 132,small,0.05
1002812,CHAPTER 132,soft,0.05
1007161,CHAPTER 132,weary,0.05
982413,CHAPTER 132,admits,0.04
982590,CHAPTER 132,ago,0.04
982656,CHAPTER 132,alarms,0.04
982664,CHAPTER 132,albicore,0.04
982768,CHAPTER 132,alter,0.04
983237,CHAPTER 132,arm,0.04
983257,CHAPTER 132,aromas,0.04
983609,CHAPTER 132,averted,0.04
984367,CHAPTER 132,blanched,0.04
984428,CHAPTER 132,blighted,0.04
984508,CHAPTER 132,board,0.04
984739,CHAPTER 132,branded,0.04
984937,CHAPTER 132,brotherly,0.04
984940,CHAPTER 132,brow,0.04
984952,CHAPTER 132,brush,0.04
985261,CHAPTER 132,cankerous,0.04
985365,CHAPTER 132,caress,0.04
985786,CHAPTER 132,childhood,0.04
985898,CHAPTER 132,cindered,0.04
986047,CHAPTER 132,clearness,0.04
986377,CHAPTER 132,commands,0.04
987168,CHAPTER 132,course,0.04
987213,CHAPTER 132,cozening,0.04
987254,CHAPTER 132,crater,0.04
987442,CHAPTER 132,crusts,0.04
987627,CHAPTER 132,dance,0.04
987700,CHAPTER 132,day,0.04
987705,CHAPTER 132,days,0.04
987838,CHAPTER 132,deeps,0.04
987976,CHAPTER 132,demon,0.04
988002,CHAPTER 132,denoted,0.04
988012,CHAPTER 132,dent,0.04
988149,CHAPTER 132,desolation,0.04
988610,CHAPTER 132,dispel,0.04
989119,CHAPTER 132,durst,0.04
989395,CHAPTER 132,elves,0.04
989429,CHAPTER 132,emblem,0.04
989816,CHAPTER 132,erring,0.04
990033,CHAPTER 132,exclusiveness,0.04
990365,CHAPTER 132,fang,0.04
990374,CHAPTER 132,far,0.04
990516,CHAPTER 132,feel,0.04
990550,CHAPTER 132,feminine,0.04
990707,CHAPTER 132,firmaments,0.04
990936,CHAPTER 132,foamingly,0.04
991006,CHAPTER 132,forbidding,0.04
991109,CHAPTER 132,forsaken,0.04
991228,CHAPTER 132,frenzy,0.04
991234,CHAPTER 132,fresh,0.04
991284,CHAPTER 132,frolic,0.04
991445,CHAPTER 132,gambol,0.04
991658,CHAPTER 132,girdling,0.04
991770,CHAPTER 132,gnarled,0.04
991980,CHAPTER 132,green,0.04
991989,CHAPTER 132,greenness,0.04
992043,CHAPTER 132,groom,0.04
992122,CHAPTER 132,guinea,0.04
992193,CHAPTER 132,haggardly,0.04
992275,CHAPTER 132,handspike,0.04
992435,CHAPTER 132,hazard,0.04
992517,CHAPTER 132,heaviness,0.04
992535,CHAPTER 132,heedlessly,0.04
992564,CHAPTER 132,helmet,0.04
992675,CHAPTER 132,hilariously,0.04
992799,CHAPTER 132,home,0.04
993019,CHAPTER 132,humped,0.04
993060,CHAPTER 132,husband,0.04
993688,CHAPTER 132,infancy,0.04
993835,CHAPTER 132,innocency,0.04
994525,CHAPTER 132,joyously,0.04
994617,CHAPTER 132,keenly,0.04
994836,CHAPTER 132,land,0.04
995195,CHAPTER 132,lifts,0.04
995337,CHAPTER 132,load,0.04
995422,CHAPTER 132,longings,0.04
995433,CHAPTER 132,looking,0.04
995505,CHAPTER 132,lovings,0.04
995511,CHAPTER 132,lowerings,0.04
995766,CHAPTER 132,making,0.04
995903,CHAPTER 132,marge,0.04
995934,CHAPTER 132,marriage,0.04
995936,CHAPTER 132,married,0.04
995953,CHAPTER 132,martha,0.04
995972,CHAPTER 132,masculine,0.04
995978,CHAPTER 132,masoned,0.04
996388,CHAPTER 132,miriam,0.04
996647,CHAPTER 132,morn,0.04
996649,CHAPTER 132,morning,0.04
996688,CHAPTER 132,motionlessly,0.04
996742,CHAPTER 132,mowers,0.04
996743,CHAPTER 132,mown,0.04
996911,CHAPTER 132,nap,0.04
996950,CHAPTER 132,natural,0.04
997238,CHAPTER 132,nourishment,0.04
997918,CHAPTER 132,palsy,0.04
998124,CHAPTER 132,paternal,0.04
998318,CHAPTER 132,pensive,0.04
998591,CHAPTER 132,pierce,0.04
998703,CHAPTER 132,pitiless,0.04
998984,CHAPTER 132,poorest,0.04
999397,CHAPTER 132,privation,0.04
999489,CHAPTER 132,profundity,0.04
999523,CHAPTER 132,promised,0.04
1000340,CHAPTER 132,reflected,0.04
1000897,CHAPTER 132,revolve,0.04
1000934,CHAPTER 132,richer,0.04
1001079,CHAPTER 132,robust,0.04
1001228,CHAPTER 132,ruin,0.04
1001393,CHAPTER 132,samson,0.04
1001712,CHAPTER 132,scythes,0.04
1001811,CHAPTER 132,seen,0.04
1001902,CHAPTER 132,separable,0.04
1001988,CHAPTER 132,sex,0.04
1002412,CHAPTER 132,singed,0.04
1002447,CHAPTER 132,sisterly,0.04
1002555,CHAPTER 132,slavery,0.04
1002632,CHAPTER 132,slopes,0.04
1002689,CHAPTER 132,smiling,0.04
1002739,CHAPTER 132,snatched,0.04
1002786,CHAPTER 132,sob,0.04
1002788,CHAPTER 132,sobbing,0.04
1002873,CHAPTER 132,solitude,0.04
1003186,CHAPTER 132,sporting,0.04
1003293,CHAPTER 132,staggering,0.04
1003540,CHAPTER 132,stolen,0.04
1003665,CHAPTER 132,strife,0.04
1003699,CHAPTER 132,strong,0.04
1004202,CHAPTER 132,swaths,0.04
1004229,CHAPTER 132,sweetness,0.04
1004299,CHAPTER 132,sympathy,0.04
1004699,CHAPTER 132,thinkings,0.04
1004736,CHAPTER 132,thoughts,0.04
1004775,CHAPTER 132,throbbing,0.04
1004867,CHAPTER 132,time,0.04
1005203,CHAPTER 132,transparently,0.04
1005271,CHAPTER 132,tremulous,0.04
1005390,CHAPTER 132,trust,0.04
1005455,CHAPTER 132,turned,0.04
1006296,CHAPTER 132,unsounded,0.04
1006302,CHAPTER 132,unspeckled,0.04
1006359,CHAPTER 132,untottering,0.04
1006421,CHAPTER 132,unyielding,0.04
1006846,CHAPTER 132,vivaciously,0.04
1007144,CHAPTER 132,wealth,0.04
1007156,CHAPTER 132,weariness,0.04
1007183,CHAPTER 132,wee,0.04
1007193,CHAPTER 132,weep,0.04
1007380,CHAPTER 132,widowed,0.04
1007424,CHAPTER 132,wind,0.04
1007444,CHAPTER 132,winged,0.04
1007453,CHAPTER 132,winsome,0.04
1007587,CHAPTER 132,world,0.04
982169,CHAPTER 132,abroad,0.03
982347,CHAPTER 132,adam,0.03
982503,CHAPTER 132,affectionate,0.03
982557,CHAPTER 132,age,0.03
982829,CHAPTER 132,amid,0.03
982897,CHAPTER 132,andes,0.03
983093,CHAPTER 132,apple,0.03
983814,CHAPTER 132,bar,0.03
983966,CHAPTER 132,beat,0.03
983971,CHAPTER 132,beating,0.03
984070,CHAPTER 132,behold,0.03
984139,CHAPTER 132,beneath,0.03
984302,CHAPTER 132,birds,0.03
984321,CHAPTER 132,biting,0.03
984324,CHAPTER 132,bitter,0.03
984418,CHAPTER 132,bless,0.03
984425,CHAPTER 132,blew,0.03
984438,CHAPTER 132,blinds,0.03
984551,CHAPTER 132,boiling,0.03
984555,CHAPTER 132,bold,0.03
984632,CHAPTER 132,bosom,0.03
984643,CHAPTER 132,bottomless,0.03
984676,CHAPTER 132,bowed,0.03
984683,CHAPTER 132,bowl,0.03
984775,CHAPTER 132,bread,0.03
985082,CHAPTER 132,burnt,0.03
985262,CHAPTER 132,cannibal,0.03
985358,CHAPTER 132,careful,0.03
985463,CHAPTER 132,catch,0.03
985554,CHAPTER 132,centre,0.03
985558,CHAPTER 132,centuries,0.03
985693,CHAPTER 132,chased,0.03
985740,CHAPTER 132,cheerily,0.03
985767,CHAPTER 132,chest,0.03
986168,CHAPTER 132,coals,0.03
986239,CHAPTER 132,coiled,0.03
986346,CHAPTER 132,come,0.03
986840,CHAPTER 132,contain,0.03
986881,CHAPTER 132,continual,0.03
986912,CHAPTER 132,contrast,0.03
986914,CHAPTER 132,contrasting,0.03
987064,CHAPTER 132,corpse,0.03
987155,CHAPTER 132,country,0.03
987216,CHAPTER 132,crack,0.03
987376,CHAPTER 132,crossed,0.03
987378,CHAPTER 132,crossing,0.03
987394,CHAPTER 132,crowding,0.03
987575,CHAPTER 132,czar,0.03
987592,CHAPTER 132,daily,0.03
987649,CHAPTER 132,dare,0.03
987790,CHAPTER 132,deck,0.03
987831,CHAPTER 132,deep,0.03
988150,CHAPTER 132,despair,0.03
988692,CHAPTER 132,distinguished,0.03
988847,CHAPTER 132,doom,0.03
988914,CHAPTER 132,dragged,0.03
988980,CHAPTER 132,drew,0.03
989306,CHAPTER 132,eighteen,0.03
989475,CHAPTER 132,emperor,0.03
989520,CHAPTER 132,enchanted,0.03
989722,CHAPTER 132,entrance,0.03
989781,CHAPTER 132,equator,0.03
989812,CHAPTER 132,errand,0.03
990249,CHAPTER 132,eyed,0.03
990254,CHAPTER 132,eyes,0.03
990299,CHAPTER 132,faint,0.03
990377,CHAPTER 132,fare,0.03
990426,CHAPTER 132,fate,0.03
990430,CHAPTER 132,father,0.03
990497,CHAPTER 132,fed,0.03
990498,CHAPTER 132,fedallah,0.03
990623,CHAPTER 132,field,0.03
990704,CHAPTER 132,firm,0.03
990729,CHAPTER 132,fit,0.03
990915,CHAPTER 132,flung,0.03
990928,CHAPTER 132,fly,0.03
990974,CHAPTER 132,fond,0.03
991276,CHAPTER 132,fro,0.03
991357,CHAPTER 132,furiously,0.03
991668,CHAPTER 132,gives,0.03
991675,CHAPTER 132,glad,0.03
991694,CHAPTER 132,glass,0.03
991714,CHAPTER 132,glided,0.03
991722,CHAPTER 132,glimpse,0.03
991759,CHAPTER 132,glow,0.03
991761,CHAPTER 132,glowing,0.03
992000,CHAPTER 132,grew,0.03
992072,CHAPTER 132,grow,0.03
992208,CHAPTER 132,hairs,0.03
992214,CHAPTER 132,half,0.03
992252,CHAPTER 132,hand,0.03
992303,CHAPTER 132,happy,0.03
992389,CHAPTER 132,hated,0.03
992487,CHAPTER 132,hearth,0.03
992508,CHAPTER 132,heaved,0.03
992516,CHAPTER 132,heavily,0.03
992734,CHAPTER 132,hither,0.03
992870,CHAPTER 132,horizon,0.03
992896,CHAPTER 132,horrors,0.03
992961,CHAPTER 132,hue,0.03
993241,CHAPTER 132,immortal,0.03
993874,CHAPTER 132,inscrutable,0.03
994108,CHAPTER 132,intolerably,0.03
994360,CHAPTER 132,jamming,0.03
994519,CHAPTER 132,joy,0.03
994539,CHAPTER 132,judge,0.03
994740,CHAPTER 132,knotted,0.03
994849,CHAPTER 132,landsman,0.03
994935,CHAPTER 132,laughing,0.03
995036,CHAPTER 132,led,0.03
995143,CHAPTER 132,leviathans,0.03
995194,CHAPTER 132,lifting,0.03
995258,CHAPTER 132,lingering,0.03
995313,CHAPTER 132,lived,0.03
995336,CHAPTER 132,lo,0.03
995420,CHAPTER 132,longing,0.03
995497,CHAPTER 132,lovely,0.03
995676,CHAPTER 132,madness,0.03
995691,CHAPTER 132,magic,0.03
995994,CHAPTER 132,master,0.03
996070,CHAPTER 132,meadow,0.03
996092,CHAPTER 132,measureless,0.03
996684,CHAPTER 132,motion,0.03
996701,CHAPTER 132,mouldy,0.03
996796,CHAPTER 132,murderers,0.03
996798,CHAPTER 132,murderous,0.03
996901,CHAPTER 132,nameless,0.03
997002,CHAPTER 132,neck,0.03
997184,CHAPTER 132,noon,0.03
997224,CHAPTER 132,noticed,0.03
997288,CHAPTER 132,oar,0.03
997327,CHAPTER 132,oblivious,0.03
997403,CHAPTER 132,oceans,0.03
997981,CHAPTER 132,paradise,0.03
998103,CHAPTER 132,past,0.03
998192,CHAPTER 132,peaceful,0.03
998370,CHAPTER 132,peril,0.03
998470,CHAPTER 132,pervading,0.03
998615,CHAPTER 132,piled,0.03
998632,CHAPTER 132,pillow,0.03
999347,CHAPTER 132,prey,0.03
999755,CHAPTER 132,pure,0.03
999798,CHAPTER 132,pushing,0.03
999975,CHAPTER 132,rail,0.03
1000223,CHAPTER 132,recklessly,0.03
1000532,CHAPTER 132,remorseless,0.03
1001264,CHAPTER 132,rushed,0.03
1001271,CHAPTER 132,rust,0.03
1001374,CHAPTER 132,salted,0.03
1001480,CHAPTER 132,save,0.03
1001494,CHAPTER 132,saw,0.03
1001708,CHAPTER 132,scuttle,0.03
1001924,CHAPTER 132,serenity,0.03
1002001,CHAPTER 132,shades,0.03
1002005,CHAPTER 132,shadow,0.03
1002011,CHAPTER 132,shadows,0.03
1002066,CHAPTER 132,sharks,0.03
1002193,CHAPTER 132,shook,0.03
1002439,CHAPTER 132,sire,0.03
1002452,CHAPTER 132,sits,0.03
1002637,CHAPTER 132,slouched,0.03
1002683,CHAPTER 132,smells,0.03
1002703,CHAPTER 132,smoking,0.03
1002872,CHAPTER 132,solitary,0.03
1002938,CHAPTER 132,soul,0.03
1003070,CHAPTER 132,spent,0.03
1003153,CHAPTER 132,splintered,0.03
1003340,CHAPTER 132,star,0.03
1003398,CHAPTER 132,stave,0.03
1003402,CHAPTER 132,stay,0.03
1003456,CHAPTER 132,step,0.03
1003539,CHAPTER 132,stole,0.03
1003545,CHAPTER 132,stone,0.03
1003552,CHAPTER 132,stood,0.03
1003576,CHAPTER 132,storm,0.03
1003690,CHAPTER 132,stroke,0.03
1003704,CHAPTER 132,strove,0.03
1003721,CHAPTER 132,stubborn,0.03
1003738,CHAPTER 132,study,0.03
1003947,CHAPTER 132,summer,0.03
1003962,CHAPTER 132,sun,0.03
1004149,CHAPTER 132,suspected,0.03
1004235,CHAPTER 132,swells,0.03
1004268,CHAPTER 132,sword,0.03
1004476,CHAPTER 132,tear,0.03
1004511,CHAPTER 132,tells,0.03
1004717,CHAPTER 132,thither,0.03
1004761,CHAPTER 132,threw,0.03
1004837,CHAPTER 132,tied,0.03
1004912,CHAPTER 132,tis,0.03
1004954,CHAPTER 132,toil,0.03
1005091,CHAPTER 132,town,0.03
1005257,CHAPTER 132,tree,0.03
1005357,CHAPTER 132,troubled,0.03
1005504,CHAPTER 132,twisted,0.03
1005837,CHAPTER 132,unearthly,0.03
1006976,CHAPTER 132,wakes,0.03
1006987,CHAPTER 132,walled,0.03
1007093,CHAPTER 132,watched,0.03
1007105,CHAPTER 132,water,0.03
1007149,CHAPTER 132,wear,0.03
1007176,CHAPTER 132,wedded,0.03
1007379,CHAPTER 132,widow,0.03
1007398,CHAPTER 132,wilful,0.03
1007429,CHAPTER 132,windlass,0.03
1007431,CHAPTER 132,window,0.03
1007445,CHAPTER 132,wings,0.03
1007516,CHAPTER 132,woe,0.03
1007525,CHAPTER 132,woman,0.03
1007669,CHAPTER 132,wrinkles,0.03
1007758,CHAPTER 132,ye,0.03
1007792,CHAPTER 132,yon,0.03
1007793,CHAPTER 132,yonder,0.03
1007805,CHAPTER 132,youth,0.03
982701,CHAPTER 132,alive,0.02
982755,CHAPTER 132,aloft,0.02
983250,CHAPTER 132,arms,0.02
983344,CHAPTER 132,ashore,0.02
983349,CHAPTER 132,aside,0.02
983951,CHAPTER 132,bear,0.02
983991,CHAPTER 132,bed,0.02
984459,CHAPTER 132,blood,0.02
984857,CHAPTER 132,bright,0.02
984914,CHAPTER 132,broken,0.02
985302,CHAPTER 132,cape,0.02
985392,CHAPTER 132,carried,0.02
985436,CHAPTER 132,cast,0.02
985906,CHAPTER 132,circle,0.02
986040,CHAPTER 132,clear,0.02
986172,CHAPTER 132,coast,0.02
986369,CHAPTER 132,command,0.02
987289,CHAPTER 132,creatures,0.02
987548,CHAPTER 132,cut,0.02
988296,CHAPTER 132,dick,0.02
989013,CHAPTER 132,drop,0.02
989014,CHAPTER 132,dropped,0.02
990266,CHAPTER 132,face,0.02
990306,CHAPTER 132,fair,0.02
990540,CHAPTER 132,fellow,0.02
990741,CHAPTER 132,fixed,0.02
990930,CHAPTER 132,flying,0.02
991031,CHAPTER 132,forehead,0.02
991116,CHAPTER 132,forth,0.02
991515,CHAPTER 132,gave,0.02
991669,CHAPTER 132,giving,0.02
991684,CHAPTER 132,glance,0.02
991894,CHAPTER 132,grand,0.02
992205,CHAPTER 132,hair,0.02
992315,CHAPTER 132,hard,0.02
992321,CHAPTER 132,hardly,0.02
992349,CHAPTER 132,harpooneer,0.02
992377,CHAPTER 132,hat,0.02
992470,CHAPTER 132,hear,0.02
992651,CHAPTER 132,hidden,0.02
992874,CHAPTER 132,horn,0.02
992980,CHAPTER 132,human,0.02
993924,CHAPTER 132,instant,0.02
994244,CHAPTER 132,iron,0.02
994680,CHAPTER 132,king,0.02
994750,CHAPTER 132,known,0.02
994831,CHAPTER 132,lance,0.02
995007,CHAPTER 132,leaning,0.02
995028,CHAPTER 132,leaving,0.02
995052,CHAPTER 132,left,0.02
995053,CHAPTER 132,leg,0.02
995248,CHAPTER 132,line,0.02
995328,CHAPTER 132,living,0.02
995415,CHAPTER 132,long,0.02
995456,CHAPTER 132,lord,0.02
995507,CHAPTER 132,lower,0.02
996018,CHAPTER 132,mate,0.02
996307,CHAPTER 132,mighty,0.02
996481,CHAPTER 132,moby,0.02
996543,CHAPTER 132,moment,0.02
996976,CHAPTER 132,near,0.02
997093,CHAPTER 132,new,0.02
997151,CHAPTER 132,noble,0.02
997834,CHAPTER 132,pacific,0.02
998789,CHAPTER 132,play,0.02
999125,CHAPTER 132,power,0.02
999557,CHAPTER 132,proper,0.02
1000138,CHAPTER 132,ready,0.02
1001102,CHAPTER 132,rolling,0.02
1001189,CHAPTER 132,royal,0.02
1001334,CHAPTER 132,sail,0.02
1001336,CHAPTER 132,sailed,0.02
1002029,CHAPTER 132,shall,0.02
1002415,CHAPTER 132,single,0.02
1002645,CHAPTER 132,slowly,0.02
1002761,CHAPTER 132,snow,0.02
1003327,CHAPTER 132,stand,0.02
1003355,CHAPTER 132,started,0.02
1003434,CHAPTER 132,steel,0.02
1003705,CHAPTER 132,struck,0.02
1004221,CHAPTER 132,sweet,0.02
1004691,CHAPTER 132,thing,0.02
1004698,CHAPTER 132,thinking,0.02
1004737,CHAPTER 132,thousand,0.02
1004815,CHAPTER 132,thy,0.02
1005068,CHAPTER 132,touch,0.02
1005374,CHAPTER 132,true,0.02
1006047,CHAPTER 132,unless,0.02
1007028,CHAPTER 132,war,0.02
1007114,CHAPTER 132,waters,0.02
1007255,CHAPTER 132,whaling,0.02
1007760,CHAPTER 132,year,0.02
1007797,CHAPTER 132,young,0.02
991969,CHAPTER 132,great,0.01
992441,CHAPTER 132,head,0.01
992664,CHAPTER 132,high,0.01
995187,CHAPTER 132,life,0.01
995307,CHAPTER 132,little,0.01
995760,CHAPTER 132,make,0.01
1007131,CHAPTER 132,way,0.01
1007239,CHAPTER 132,whale,0.01
1007344,CHAPTER 132,white,0.01
