,chapter,term,tfidf
725086,CHAPTER 123,fair,0.22
731575,CHAPTER 123,murderer,0.18
731604,CHAPTER 123,musket,0.18
738122,CHAPTER 123,starbuck,0.18
718434,CHAPTER 123,aye,0.16
739508,CHAPTER 123,thou,0.13
740301,CHAPTER 123,typhoon,0.13
742204,CHAPTER 123,wind,0.12
730118,CHAPTER 123,loaded,0.11
730581,CHAPTER 123,man,0.1
722499,CHAPTER 123,deadly,0.09
723629,CHAPTER 123,door,0.09
726192,CHAPTER 123,gale,0.09
730751,CHAPTER 123,mary,0.09
731605,CHAPTER 123,muskets,0.09
735087,CHAPTER 123,reefed,0.09
739639,CHAPTER 123,tiller,0.09
741688,CHAPTER 123,vow,0.09
719479,CHAPTER 123,boy,0.08
725564,CHAPTER 123,flat,0.08
727115,CHAPTER 123,harm,0.08
727347,CHAPTER 123,helmsman,0.08
732255,CHAPTER 123,old,0.08
734731,CHAPTER 123,rack,0.08
735393,CHAPTER 123,report,0.08
736933,CHAPTER 123,ship,0.08
737344,CHAPTER 123,sleep,0.08
738056,CHAPTER 123,st,0.08
739034,CHAPTER 123,swings,0.08
740186,CHAPTER 123,tube,0.08
741911,CHAPTER 123,way,0.08
719925,CHAPTER 123,cabin,0.07
721948,CHAPTER 123,course,0.07
724727,CHAPTER 123,evil,0.07
728704,CHAPTER 123,instant,0.07
729988,CHAPTER 123,lightning,0.07
736282,CHAPTER 123,say,0.07
737779,CHAPTER 123,spars,0.07
739595,CHAPTER 123,thy,0.07
741228,CHAPTER 123,upright,0.07
742559,CHAPTER 123,yes,0.07
717329,CHAPTER 123,aft,0.06
719589,CHAPTER 123,breeze,0.06
722096,CHAPTER 123,crew,0.06
722513,CHAPTER 123,death,0.06
723627,CHAPTER 123,doom,0.06
723971,CHAPTER 123,east,0.06
725795,CHAPTER 123,fore,0.06
727101,CHAPTER 123,hardly,0.06
732245,CHAPTER 123,oh,0.06
733682,CHAPTER 123,pointed,0.06
735940,CHAPTER 123,round,0.06
736809,CHAPTER 123,shall,0.06
737349,CHAPTER 123,sleeping,0.06
738356,CHAPTER 123,storm,0.06
739836,CHAPTER 123,tossed,0.06
739848,CHAPTER 123,touch,0.06
742002,CHAPTER 123,went,0.06
742524,CHAPTER 123,yards,0.06
716449,CHAPTER 123,_ho,0.05
717392,CHAPTER 123,ahab,0.05
717394,CHAPTER 123,ahabs,0.05
717906,CHAPTER 123,apprise,0.05
719197,CHAPTER 123,blent,0.05
719576,CHAPTER 123,breathest,0.05
719784,CHAPTER 123,bulkhead,0.05
719951,CHAPTER 123,caged,0.05
720368,CHAPTER 123,chained,0.05
720523,CHAPTER 123,cheerly,0.05
721126,CHAPTER 123,come,0.05
721285,CHAPTER 123,compliance,0.05
722107,CHAPTER 123,crime,0.05
722570,CHAPTER 123,deck,0.05
723076,CHAPTER 123,dick,0.05
723824,CHAPTER 123,drunkard,0.05
724510,CHAPTER 123,entreaty,0.05
724740,CHAPTER 123,evolved,0.05
724848,CHAPTER 123,exertions,0.05
725110,CHAPTER 123,falsified,0.05
725510,CHAPTER 123,fitful,0.05
725511,CHAPTER 123,fitfully,0.05
725784,CHAPTER 123,forbid,0.05
725912,CHAPTER 123,forward,0.05
726599,CHAPTER 123,good,0.05
726831,CHAPTER 123,gropes,0.05
727210,CHAPTER 123,hawsers,0.05
727628,CHAPTER 123,hooped,0.05
727707,CHAPTER 123,hours,0.05
727733,CHAPTER 123,howlings,0.05
727838,CHAPTER 123,hurtling,0.05
728446,CHAPTER 123,inestimable,0.05
729737,CHAPTER 123,lawful,0.05
730520,CHAPTER 123,main,0.05
730946,CHAPTER 123,men,0.05
731261,CHAPTER 123,moby,0.05
732718,CHAPTER 123,panel,0.05
732722,CHAPTER 123,panels,0.05
733497,CHAPTER 123,placed,0.05
734123,CHAPTER 123,preventer,0.05
734168,CHAPTER 123,prisoner,0.05
735099,CHAPTER 123,reelingly,0.05
735263,CHAPTER 123,reluctantly,0.05
735302,CHAPTER 123,remnants,0.05
735304,CHAPTER 123,remonstrance,0.05
736125,CHAPTER 123,sails,0.05
736393,CHAPTER 123,scornest,0.05
736755,CHAPTER 123,severe,0.05
736931,CHAPTER 123,shiningly,0.05
736966,CHAPTER 123,shocks,0.05
737074,CHAPTER 123,shuttlecock,0.05
737684,CHAPTER 123,soon,0.05
737782,CHAPTER 123,spasmodic,0.05
737876,CHAPTER 123,spill,0.05
738034,CHAPTER 123,squared,0.05
738205,CHAPTER 123,stealthily,0.05
738428,CHAPTER 123,strenuous,0.05
738508,CHAPTER 123,studded,0.05
738621,CHAPTER 123,subterraneousness,0.05
738671,CHAPTER 123,suffered,0.05
739160,CHAPTER 123,tamely,0.05
739662,CHAPTER 123,tindering,0.05
740092,CHAPTER 123,trimmed,0.05
740181,CHAPTER 123,trysail,0.05
741751,CHAPTER 123,wake,0.05
742436,CHAPTER 123,wrestling,0.05
716767,CHAPTER 123,_that,0.04
716782,CHAPTER 123,_this_,0.04
716883,CHAPTER 123,abated,0.04
716941,CHAPTER 123,abounding,0.04
717030,CHAPTER 123,accompaniments,0.04
717062,CHAPTER 123,accursed,0.04
717227,CHAPTER 123,adrift,0.04
717277,CHAPTER 123,affairs,0.04
717440,CHAPTER 123,albatross,0.04
717684,CHAPTER 123,angel,0.04
718136,CHAPTER 123,asleep,0.04
718402,CHAPTER 123,awake,0.04
719081,CHAPTER 123,bird,0.04
719168,CHAPTER 123,blast,0.04
719218,CHAPTER 123,blinds,0.04
719337,CHAPTER 123,boldly,0.04
719343,CHAPTER 123,bolted,0.04
719345,CHAPTER 123,bolts,0.04
719658,CHAPTER 123,bringing,0.04
719858,CHAPTER 123,burning,0.04
720132,CHAPTER 123,cards,0.04
720223,CHAPTER 123,casting,0.04
720403,CHAPTER 123,change,0.04
720938,CHAPTER 123,clutch,0.04
721136,CHAPTER 123,comfort,0.04
721157,CHAPTER 123,commands,0.04
721239,CHAPTER 123,compass,0.04
721240,CHAPTER 123,compasses,0.04
721655,CHAPTER 123,continent,0.04
721861,CHAPTER 123,corresponding,0.04
722050,CHAPTER 123,crazed,0.04
722277,CHAPTER 123,cure,0.04
722561,CHAPTER 123,decided,0.04
722618,CHAPTER 123,deeps,0.04
723736,CHAPTER 123,dream,0.04
723862,CHAPTER 123,dumb,0.04
724020,CHAPTER 123,eddying,0.04
724135,CHAPTER 123,elements,0.04
724251,CHAPTER 123,emotion,0.04
724356,CHAPTER 123,endure,0.04
724600,CHAPTER 123,error,0.04
724706,CHAPTER 123,event,0.04
725073,CHAPTER 123,failed,0.04
725268,CHAPTER 123,feathers,0.04
725759,CHAPTER 123,fool,0.04
725921,CHAPTER 123,foul,0.04
726518,CHAPTER 123,gloomily,0.04
726572,CHAPTER 123,god,0.04
727047,CHAPTER 123,handled,0.04
727256,CHAPTER 123,hearken,0.04
727263,CHAPTER 123,heart,0.04
727291,CHAPTER 123,heavenly,0.04
727433,CHAPTER 123,hideous,0.04
727548,CHAPTER 123,hold,0.04
727746,CHAPTER 123,hug,0.04
727783,CHAPTER 123,humming,0.04
727805,CHAPTER 123,hundreds,0.04
727821,CHAPTER 123,hurled,0.04
728886,CHAPTER 123,intolerable,0.04
729085,CHAPTER 123,isolated,0.04
729142,CHAPTER 123,japan,0.04
729219,CHAPTER 123,jib,0.04
729515,CHAPTER 123,knocking,0.04
729520,CHAPTER 123,knotted,0.04
729735,CHAPTER 123,law,0.04
729775,CHAPTER 123,leagues,0.04
729916,CHAPTER 123,levelled,0.04
730108,CHAPTER 123,living,0.04
730113,CHAPTER 123,ll,0.04
730173,CHAPTER 123,log,0.04
730195,CHAPTER 123,long,0.04
730540,CHAPTER 123,make,0.04
730881,CHAPTER 123,mechanically,0.04
731470,CHAPTER 123,motions,0.04
731584,CHAPTER 123,murmured,0.04
731638,CHAPTER 123,muttering,0.04
731759,CHAPTER 123,nearest,0.04
731798,CHAPTER 123,needles,0.04
731864,CHAPTER 123,neutral,0.04
732079,CHAPTER 123,obedience,0.04
732707,CHAPTER 123,pan,0.04
733110,CHAPTER 123,pequod,0.04
733430,CHAPTER 123,pinioned,0.04
733801,CHAPTER 123,portents,0.04
733902,CHAPTER 123,powder,0.04
733914,CHAPTER 123,practicable,0.04
733964,CHAPTER 123,preceding,0.04
733977,CHAPTER 123,precision,0.04
734305,CHAPTER 123,promising,0.04
734600,CHAPTER 123,quadrant,0.04
734947,CHAPTER 123,reasoning,0.04
735007,CHAPTER 123,reckoning,0.04
735190,CHAPTER 123,reign,0.04
735678,CHAPTER 123,revolved,0.04
735771,CHAPTER 123,ring,0.04
735843,CHAPTER 123,roar,0.04
735872,CHAPTER 123,rods,0.04
736067,CHAPTER 123,s_,0.04
736736,CHAPTER 123,set,0.04
736890,CHAPTER 123,sheets,0.04
736915,CHAPTER 123,shifted,0.04
736956,CHAPTER 123,shivered,0.04
736963,CHAPTER 123,shock,0.04
737115,CHAPTER 123,sight,0.04
737305,CHAPTER 123,slack,0.04
737675,CHAPTER 123,song,0.04
738225,CHAPTER 123,steer,0.04
738228,CHAPTER 123,steered,0.04
738308,CHAPTER 123,stock,0.04
738395,CHAPTER 123,strange,0.04
738447,CHAPTER 123,strikes,0.04
738498,CHAPTER 123,stubb,0.04
738921,CHAPTER 123,survive,0.04
738991,CHAPTER 123,swears,0.04
739287,CHAPTER 123,tell,0.04
739426,CHAPTER 123,thee,0.04
739625,CHAPTER 123,tiger,0.04
739805,CHAPTER 123,topsails,0.04
741076,CHAPTER 123,unsounded,0.04
741193,CHAPTER 123,unwonted,0.04
741393,CHAPTER 123,velocity,0.04
741508,CHAPTER 123,vicissitudes,0.04
741575,CHAPTER 123,violence,0.04
741743,CHAPTER 123,wait,0.04
741967,CHAPTER 123,week,0.04
742097,CHAPTER 123,whirling,0.04
742178,CHAPTER 123,wilful,0.04
742197,CHAPTER 123,wilt,0.04
742223,CHAPTER 123,wing,0.04
742278,CHAPTER 123,withstand,0.04
742430,CHAPTER 123,wrest,0.04
717042,CHAPTER 123,according,0.03
717481,CHAPTER 123,alive,0.03
718074,CHAPTER 123,art,0.03
718129,CHAPTER 123,aside,0.03
718211,CHAPTER 123,astern,0.03
718254,CHAPTER 123,attached,0.03
718410,CHAPTER 123,away,0.03
718771,CHAPTER 123,bed,0.03
718850,CHAPTER 123,behold,0.03
718942,CHAPTER 123,bent,0.03
719363,CHAPTER 123,bone,0.03
720216,CHAPTER 123,cast,0.03
720274,CHAPTER 123,caused,0.03
720564,CHAPTER 123,child,0.03
720720,CHAPTER 123,circumstance,0.03
721151,CHAPTER 123,commander,0.03
721230,CHAPTER 123,company,0.03
722455,CHAPTER 123,dashed,0.03
723693,CHAPTER 123,drag,0.03
724376,CHAPTER 123,engaged,0.03
725078,CHAPTER 123,fain,0.03
725521,CHAPTER 123,fixed,0.03
725651,CHAPTER 123,floor,0.03
725708,CHAPTER 123,fly,0.03
726446,CHAPTER 123,given,0.03
726749,CHAPTER 123,great,0.03
726942,CHAPTER 123,ha,0.03
727022,CHAPTER 123,hammock,0.03
727046,CHAPTER 123,handle,0.03
727520,CHAPTER 123,ho,0.03
727594,CHAPTER 123,honest,0.03
727636,CHAPTER 123,hope,0.03
728008,CHAPTER 123,immediately,0.03
728384,CHAPTER 123,indispensable,0.03
728667,CHAPTER 123,inserted,0.03
728709,CHAPTER 123,instantly,0.03
728863,CHAPTER 123,intervals,0.03
729002,CHAPTER 123,involuntarily,0.03
729161,CHAPTER 123,jaw,0.03
729299,CHAPTER 123,joy,0.03
729436,CHAPTER 123,kill,0.03
729437,CHAPTER 123,killed,0.03
729496,CHAPTER 123,knew,0.03
729609,CHAPTER 123,lamp,0.03
729614,CHAPTER 123,lances,0.03
729806,CHAPTER 123,leave,0.03
729830,CHAPTER 123,leeward,0.03
729913,CHAPTER 123,level,0.03
729972,CHAPTER 123,lift,0.03
729996,CHAPTER 123,like,0.03
730099,CHAPTER 123,lively,0.03
730116,CHAPTER 123,lo,0.03
730150,CHAPTER 123,locked,0.03
731070,CHAPTER 123,midnight,0.03
731526,CHAPTER 123,mr,0.03
732003,CHAPTER 123,notice,0.03
732183,CHAPTER 123,oceans,0.03
732951,CHAPTER 123,paused,0.03
733151,CHAPTER 123,perilous,0.03
733496,CHAPTER 123,place,0.03
733569,CHAPTER 123,play,0.03
733840,CHAPTER 123,possible,0.03
733841,CHAPTER 123,possibly,0.03
733905,CHAPTER 123,power,0.03
735271,CHAPTER 123,remains,0.03
735622,CHAPTER 123,revealed,0.03
735903,CHAPTER 123,room,0.03
735915,CHAPTER 123,ropes,0.03
736791,CHAPTER 123,shadows,0.03
736800,CHAPTER 123,shake,0.03
736973,CHAPTER 123,shook,0.03
736997,CHAPTER 123,shot,0.03
737102,CHAPTER 123,sideways,0.03
737119,CHAPTER 123,sign,0.03
737142,CHAPTER 123,silence,0.03
737193,CHAPTER 123,singing,0.03
737203,CHAPTER 123,sink,0.03
737272,CHAPTER 123,skin,0.03
737425,CHAPTER 123,slowly,0.03
737685,CHAPTER 123,sooner,0.03
737722,CHAPTER 123,sound,0.03
737730,CHAPTER 123,sounds,0.03
737739,CHAPTER 123,south,0.03
738148,CHAPTER 123,state,0.03
738250,CHAPTER 123,stern,0.03
738396,CHAPTER 123,strangely,0.03
738446,CHAPTER 123,strike,0.03
738988,CHAPTER 123,swear,0.03
739111,CHAPTER 123,tackles,0.03
739494,CHAPTER 123,thirty,0.03
739692,CHAPTER 123,tis,0.03
739811,CHAPTER 123,tormented,0.03
740179,CHAPTER 123,try,0.03
740465,CHAPTER 123,uncommon,0.03
741225,CHAPTER 123,upper,0.03
741576,CHAPTER 123,violent,0.03
741880,CHAPTER 123,watching,0.03
742165,CHAPTER 123,wife,0.03
742217,CHAPTER 123,winds,0.03
718017,CHAPTER 123,arm,0.02
718975,CHAPTER 123,best,0.02
719322,CHAPTER 123,body,0.02
720004,CHAPTER 123,came,0.02
720108,CHAPTER 123,captain,0.02
720348,CHAPTER 123,certain,0.02
721147,CHAPTER 123,coming,0.02
722328,CHAPTER 123,cut,0.02
722480,CHAPTER 123,day,0.02
722493,CHAPTER 123,dead,0.02
723569,CHAPTER 123,does,0.02
724327,CHAPTER 123,end,0.02
724579,CHAPTER 123,ere,0.02
725493,CHAPTER 123,fish,0.02
726597,CHAPTER 123,gone,0.02
726994,CHAPTER 123,half,0.02
727051,CHAPTER 123,hands,0.02
727233,CHAPTER 123,heads,0.02
727289,CHAPTER 123,heaven,0.02
727579,CHAPTER 123,home,0.02
729372,CHAPTER 123,just,0.02
729524,CHAPTER 123,know,0.02
729616,CHAPTER 123,land,0.02
729832,CHAPTER 123,left,0.02
729897,CHAPTER 123,let,0.02
730213,CHAPTER 123,looking,0.02
730867,CHAPTER 123,means,0.02
730982,CHAPTER 123,mere,0.02
731323,CHAPTER 123,moment,0.02
731756,CHAPTER 123,near,0.02
731873,CHAPTER 123,new,0.02
732301,CHAPTER 123,open,0.02
732366,CHAPTER 123,order,0.02
734059,CHAPTER 123,present,0.02
734941,CHAPTER 123,reason,0.02
736274,CHAPTER 123,saw,0.02
736522,CHAPTER 123,seas,0.02
737218,CHAPTER 123,sir,0.02
737710,CHAPTER 123,sort,0.02
737718,CHAPTER 123,soul,0.02
737789,CHAPTER 123,speak,0.02
738107,CHAPTER 123,stand,0.02
738113,CHAPTER 123,standing,0.02
738332,CHAPTER 123,stood,0.02
739134,CHAPTER 123,taken,0.02
739136,CHAPTER 123,taking,0.02
739471,CHAPTER 123,thing,0.02
739473,CHAPTER 123,think,0.02
739509,CHAPTER 123,thought,0.02
739651,CHAPTER 123,times,0.02
740236,CHAPTER 123,turning,0.02
741642,CHAPTER 123,voice,0.02
741692,CHAPTER 123,voyage,0.02
741885,CHAPTER 123,water,0.02
742538,CHAPTER 123,ye,0.02
723086,CHAPTER 123,did,0.01
727221,CHAPTER 123,head,0.01
736495,CHAPTER 123,sea,0.01
