,chapter,term,tfidf
3235098,CHAPTER 87,whales,0.25
3231458,CHAPTER 87,straits,0.2
3220450,CHAPTER 87,herd,0.16
3213756,CHAPTER 87,circles,0.14
3235087,CHAPTER 87,whale,0.14
3231813,CHAPTER 87,sunda,0.13
3222224,CHAPTER 87,java,0.12
3222660,CHAPTER 87,lake,0.12
3223064,CHAPTER 87,like,0.1
3223096,CHAPTER 87,line,0.1
3231792,CHAPTER 87,sumatra,0.1
3216881,CHAPTER 87,drugged,0.08
3220759,CHAPTER 87,host,0.08
3232715,CHAPTER 87,time,0.08
3212367,CHAPTER 87,boat,0.07
3213402,CHAPTER 87,centre,0.07
3216880,CHAPTER 87,drugg,0.07
3219273,CHAPTER 87,gallied,0.07
3222146,CHAPTER 87,islands,0.07
3226178,CHAPTER 87,pequod,0.07
3227718,CHAPTER 87,queequeg,0.07
3227876,CHAPTER 87,rampart,0.07
3230919,CHAPTER 87,sperm,0.07
3211478,CHAPTER 87,away,0.06
3213589,CHAPTER 87,cheering,0.06
3214267,CHAPTER 87,commotion,0.06
3220195,CHAPTER 87,harpoon,0.06
3223621,CHAPTER 87,malays,0.06
3229563,CHAPTER 87,sea,0.06
3230028,CHAPTER 87,shoal,0.06
3230823,CHAPTER 87,spade,0.06
3231190,CHAPTER 87,starbuck,0.06
3234433,CHAPTER 87,vast,0.06
3210460,CHAPTER 87,ahab,0.05
3210477,CHAPTER 87,air,0.05
3211915,CHAPTER 87,beheld,0.05
3212298,CHAPTER 87,block,0.05
3212372,CHAPTER 87,boats,0.05
3213398,CHAPTER 87,central,0.05
3213653,CHAPTER 87,china,0.05
3215272,CHAPTER 87,cruising,0.05
3216520,CHAPTER 87,distance,0.05
3217799,CHAPTER 87,evinced,0.05
3218951,CHAPTER 87,forming,0.05
3222598,CHAPTER 87,known,0.05
3223263,CHAPTER 87,long,0.05
3224531,CHAPTER 87,mothers,0.05
3225228,CHAPTER 87,occasional,0.05
3226522,CHAPTER 87,pirates,0.05
3226909,CHAPTER 87,possibly,0.05
3227639,CHAPTER 87,pursuit,0.05
3230001,CHAPTER 87,ship,0.05
3231067,CHAPTER 87,spring,0.05
3232094,CHAPTER 87,swimming,0.05
3232191,CHAPTER 87,tail,0.05
3233898,CHAPTER 87,unlike,0.05
3235272,CHAPTER 87,wind,0.05
3210375,CHAPTER 87,afforded,0.04
3211194,CHAPTER 87,asia,0.04
3211322,CHAPTER 87,attached,0.04
3211530,CHAPTER 87,backs,0.04
3211765,CHAPTER 87,battle,0.04
3213065,CHAPTER 87,calves,0.04
3213252,CHAPTER 87,carrying,0.04
3213435,CHAPTER 87,chain,0.04
3213540,CHAPTER 87,chase,0.04
3213541,CHAPTER 87,chased,0.04
3213629,CHAPTER 87,chiefly,0.04
3213754,CHAPTER 87,circle,0.04
3213794,CHAPTER 87,circus,0.04
3213956,CHAPTER 87,close,0.04
3214738,CHAPTER 87,continuous,0.04
3215053,CHAPTER 87,cows,0.04
3215169,CHAPTER 87,cried,0.04
3215303,CHAPTER 87,cub,0.04
3215518,CHAPTER 87,darting,0.04
3215713,CHAPTER 87,defile,0.04
3216154,CHAPTER 87,did,0.04
3216426,CHAPTER 87,dismay,0.04
3216863,CHAPTER 87,dropping,0.04
3217293,CHAPTER 87,embracing,0.04
3217532,CHAPTER 87,entangled,0.04
3218169,CHAPTER 87,falling,0.04
3218704,CHAPTER 87,floating,0.04
3218760,CHAPTER 87,flukes,0.04
3218980,CHAPTER 87,forward,0.04
3219124,CHAPTER 87,fro,0.04
3219348,CHAPTER 87,gate,0.04
3219513,CHAPTER 87,girth,0.04
3219517,CHAPTER 87,giving,0.04
3219736,CHAPTER 87,grain,0.04
3219828,CHAPTER 87,green,0.04
3220748,CHAPTER 87,horseman,0.04
3221334,CHAPTER 87,inclusive,0.04
3221540,CHAPTER 87,infants,0.04
3222939,CHAPTER 87,length,0.04
3223155,CHAPTER 87,little,0.04
3223354,CHAPTER 87,low,0.04
3223616,CHAPTER 87,malacca,0.04
3223752,CHAPTER 87,margin,0.04
3223873,CHAPTER 87,maternal,0.04
3224088,CHAPTER 87,met,0.04
3224624,CHAPTER 87,multitude,0.04
3224710,CHAPTER 87,mutual,0.04
3224779,CHAPTER 87,narrow,0.04
3225121,CHAPTER 87,nursing,0.04
3225137,CHAPTER 87,oars,0.04
3225458,CHAPTER 87,oriental,0.04
3225520,CHAPTER 87,outer,0.04
3225664,CHAPTER 87,owing,0.04
3226147,CHAPTER 87,peninsula,0.04
3226736,CHAPTER 87,pods,0.04
3227273,CHAPTER 87,procession,0.04
3228005,CHAPTER 87,rear,0.04
3228381,CHAPTER 87,remorselessly,0.04
3228405,CHAPTER 87,renounce,0.04
3228881,CHAPTER 87,rising,0.04
3229008,CHAPTER 87,round,0.04
3229022,CHAPTER 87,route,0.04
3229232,CHAPTER 87,saluted,0.04
3229700,CHAPTER 87,semicircle,0.04
3230011,CHAPTER 87,ships,0.04
3230022,CHAPTER 87,shirts,0.04
3230166,CHAPTER 87,sides,0.04
3231053,CHAPTER 87,spoutings,0.04
3231054,CHAPTER 87,spouts,0.04
3231602,CHAPTER 87,stun,0.04
3231728,CHAPTER 87,suckling,0.04
3231730,CHAPTER 87,sudden,0.04
3231937,CHAPTER 87,surface,0.04
3232087,CHAPTER 87,swift,0.04
3232586,CHAPTER 87,thousands,0.04
3232906,CHAPTER 87,tossing,0.04
3233143,CHAPTER 87,tribute,0.04
3234402,CHAPTER 87,vanished,0.04
3234534,CHAPTER 87,vessels,0.04
3235162,CHAPTER 87,whips,0.04
3235192,CHAPTER 87,white,0.04
3235350,CHAPTER 87,witness,0.04
3235467,CHAPTER 87,wounded,0.04
3235645,CHAPTER 87,young,0.04
3210181,CHAPTER 87,activity,0.03
3210305,CHAPTER 87,advanced,0.03
3210921,CHAPTER 87,appearance,0.03
3211886,CHAPTER 87,began,0.03
3212537,CHAPTER 87,bows,0.03
3212744,CHAPTER 87,broad,0.03
3213055,CHAPTER 87,calm,0.03
3213057,CHAPTER 87,calmly,0.03
3213185,CHAPTER 87,captured,0.03
3213242,CHAPTER 87,carries,0.03
3213341,CHAPTER 87,cause,0.03
3213545,CHAPTER 87,chasing,0.03
3214089,CHAPTER 87,coils,0.03
3214748,CHAPTER 87,contracting,0.03
3215137,CHAPTER 87,creatures,0.03
3215164,CHAPTER 87,crew,0.03
3215240,CHAPTER 87,crowd,0.03
3215242,CHAPTER 87,crowding,0.03
3215358,CHAPTER 87,curling,0.03
3215392,CHAPTER 87,customary,0.03
3215406,CHAPTER 87,cutting,0.03
3215525,CHAPTER 87,dashing,0.03
3215548,CHAPTER 87,day,0.03
3215679,CHAPTER 87,deep,0.03
3215683,CHAPTER 87,deeper,0.03
3215856,CHAPTER 87,dense,0.03
3215953,CHAPTER 87,descried,0.03
3216036,CHAPTER 87,detached,0.03
3216598,CHAPTER 87,dividing,0.03
3216637,CHAPTER 87,does,0.03
3216789,CHAPTER 87,drawers,0.03
3216839,CHAPTER 87,drink,0.03
3216851,CHAPTER 87,driving,0.03
3217368,CHAPTER 87,enchanted,0.03
3217395,CHAPTER 87,end,0.03
3217537,CHAPTER 87,entered,0.03
3218252,CHAPTER 87,fast,0.03
3218255,CHAPTER 87,fastened,0.03
3218566,CHAPTER 87,fishermen,0.03
3218568,CHAPTER 87,fishery,0.03
3218703,CHAPTER 87,floated,0.03
3218881,CHAPTER 87,foreign,0.03
3218954,CHAPTER 87,forms,0.03
3219038,CHAPTER 87,frantic,0.03
3219060,CHAPTER 87,freely,0.03
3219082,CHAPTER 87,fresh,0.03
3219250,CHAPTER 87,gained,0.03
3219295,CHAPTER 87,game,0.03
3219542,CHAPTER 87,glass,0.03
3219562,CHAPTER 87,glided,0.03
3219729,CHAPTER 87,gradually,0.03
3219817,CHAPTER 87,great,0.03
3219912,CHAPTER 87,grounds,0.03
3219992,CHAPTER 87,gunwale,0.03
3220319,CHAPTER 87,heard,0.03
3220583,CHAPTER 87,hitherto,0.03
3220718,CHAPTER 87,horizon,0.03
3220766,CHAPTER 87,hot,0.03
3221198,CHAPTER 87,impossible,0.03
3221425,CHAPTER 87,indian,0.03
3221680,CHAPTER 87,innermost,0.03
3222270,CHAPTER 87,jets,0.03
3222679,CHAPTER 87,lance,0.03
3222684,CHAPTER 87,land,0.03
3222837,CHAPTER 87,leading,0.03
3222988,CHAPTER 87,leviathan,0.03
3222991,CHAPTER 87,leviathans,0.03
3223218,CHAPTER 87,locked,0.03
3223257,CHAPTER 87,lone,0.03
3223292,CHAPTER 87,loose,0.03
3223330,CHAPTER 87,loudly,0.03
3223427,CHAPTER 87,lurking,0.03
3223524,CHAPTER 87,madness,0.03
3224014,CHAPTER 87,men,0.03
3224174,CHAPTER 87,milk,0.03
3224448,CHAPTER 87,months,0.03
3224553,CHAPTER 87,mountain,0.03
3224581,CHAPTER 87,movement,0.03
3225104,CHAPTER 87,number,0.03
3225229,CHAPTER 87,occasionally,0.03
3225356,CHAPTER 87,ones,0.03
3225371,CHAPTER 87,opening,0.03
3225794,CHAPTER 87,panic,0.03
3225930,CHAPTER 87,passed,0.03
3226219,CHAPTER 87,perilous,0.03
3226564,CHAPTER 87,place,0.03
3226644,CHAPTER 87,playing,0.03
3226887,CHAPTER 87,ports,0.03
3227127,CHAPTER 87,present,0.03
3227162,CHAPTER 87,presumed,0.03
3227198,CHAPTER 87,prick,0.03
3227903,CHAPTER 87,rapidly,0.03
3228750,CHAPTER 87,revolving,0.03
3228839,CHAPTER 87,ring,0.03
3228982,CHAPTER 87,rope,0.03
3229106,CHAPTER 87,running,0.03
3229182,CHAPTER 87,sail,0.03
3229186,CHAPTER 87,sailing,0.03
3229342,CHAPTER 87,saw,0.03
3229500,CHAPTER 87,scrape,0.03
3229590,CHAPTER 87,seas,0.03
3229591,CHAPTER 87,season,0.03
3230056,CHAPTER 87,short,0.03
3230067,CHAPTER 87,shoulder,0.03
3230263,CHAPTER 87,single,0.03
3230438,CHAPTER 87,slid,0.03
3230709,CHAPTER 87,solid,0.03
3230885,CHAPTER 87,spectacle,0.03
3230905,CHAPTER 87,speed,0.03
3231262,CHAPTER 87,steadily,0.03
3231296,CHAPTER 87,steered,0.03
3231506,CHAPTER 87,stricken,0.03
3232002,CHAPTER 87,suspended,0.03
3232064,CHAPTER 87,sweep,0.03
3232089,CHAPTER 87,swiftly,0.03
3232810,CHAPTER 87,token,0.03
3232876,CHAPTER 87,tore,0.03
3232938,CHAPTER 87,towing,0.03
3234576,CHAPTER 87,vicissitudes,0.03
3234645,CHAPTER 87,violently,0.03
3234819,CHAPTER 87,wake,0.03
3234833,CHAPTER 87,wall,0.03
3234953,CHAPTER 87,water,0.03
3234962,CHAPTER 87,waters,0.03
3234979,CHAPTER 87,way,0.03
3234996,CHAPTER 87,weapons,0.03
3235075,CHAPTER 87,west,0.03
3235078,CHAPTER 87,western,0.03
3235221,CHAPTER 87,wide,0.03
3235435,CHAPTER 87,world,0.03
3235466,CHAPTER 87,wound,0.03
3209513,CHAPTER 87,_him_,0.02
3209624,CHAPTER 87,_more,0.02
3209953,CHAPTER 87,abating,0.02
3209987,CHAPTER 87,able,0.02
3210055,CHAPTER 87,abundance,0.02
3210066,CHAPTER 87,accelerate,0.02
3210087,CHAPTER 87,accidents,0.02
3210225,CHAPTER 87,adieu,0.02
3210262,CHAPTER 87,admitted,0.02
3210265,CHAPTER 87,admonished,0.02
3210341,CHAPTER 87,afar,0.02
3210380,CHAPTER 87,affrights,0.02
3210422,CHAPTER 87,aggregation,0.02
3210446,CHAPTER 87,agonizing,0.02
3210448,CHAPTER 87,agony,0.02
3210471,CHAPTER 87,ails,0.02
3210474,CHAPTER 87,aimlessly,0.02
3210499,CHAPTER 87,alarm,0.02
3210527,CHAPTER 87,alert,0.02
3210530,CHAPTER 87,alexander,0.02
3210541,CHAPTER 87,alien,0.02
3210603,CHAPTER 87,aloft,0.02
3210629,CHAPTER 87,altogether,0.02
3210642,CHAPTER 87,amazement,0.02
3210686,CHAPTER 87,amours,0.02
3210690,CHAPTER 87,ample,0.02
3210764,CHAPTER 87,angles,0.02
3210776,CHAPTER 87,animating,0.02
3210838,CHAPTER 87,anticipated,0.02
3210862,CHAPTER 87,anus,0.02
3211024,CHAPTER 87,arched,0.02
3211033,CHAPTER 87,archipelagoes,0.02
3211050,CHAPTER 87,area,0.02
3211082,CHAPTER 87,ark,0.02
3211090,CHAPTER 87,armies,0.02
3211102,CHAPTER 87,arnold,0.02
3211187,CHAPTER 87,ash,0.02
3211196,CHAPTER 87,asiatics,0.02
3211250,CHAPTER 87,assist,0.02
3211251,CHAPTER 87,assistance,0.02
3211279,CHAPTER 87,astern,0.02
3211300,CHAPTER 87,atheistical,0.02
3211310,CHAPTER 87,atmosphere,0.02
3211347,CHAPTER 87,attended,0.02
3211350,CHAPTER 87,attention,0.02
3211388,CHAPTER 87,audacity,0.02
3211397,CHAPTER 87,augmented,0.02
3211408,CHAPTER 87,australia,0.02
3211433,CHAPTER 87,autumnal,0.02
3211470,CHAPTER 87,awake,0.02
3211497,CHAPTER 87,axis,0.02
3211514,CHAPTER 87,baby,0.02
3211592,CHAPTER 87,ballasted,0.02
3211602,CHAPTER 87,bally,0.02
3211606,CHAPTER 87,balmy,0.02
3211607,CHAPTER 87,baltic,0.02
3211624,CHAPTER 87,banding,0.02
3211750,CHAPTER 87,bathe,0.02
3211757,CHAPTER 87,battalions,0.02
3211779,CHAPTER 87,bayonets,0.02
3211813,CHAPTER 87,beasts,0.02
3211831,CHAPTER 87,becalmed,0.02
3211832,CHAPTER 87,becharmed,0.02
3211922,CHAPTER 87,beholding,0.02
3211926,CHAPTER 87,beings,0.02
3212030,CHAPTER 87,beset,0.02
3212043,CHAPTER 87,best,0.02
3212063,CHAPTER 87,bethought,0.02
3212071,CHAPTER 87,betrayed,0.02
3212100,CHAPTER 87,bid,0.02
3212108,CHAPTER 87,big,0.02
3212151,CHAPTER 87,birmah,0.02
3212152,CHAPTER 87,birth,0.02
3212163,CHAPTER 87,bit,0.02
3212180,CHAPTER 87,black,0.02
3212263,CHAPTER 87,blending,0.02
3212283,CHAPTER 87,blinding,0.02
3212284,CHAPTER 87,blindly,0.02
3212314,CHAPTER 87,bloodthirsty,0.02
3212315,CHAPTER 87,bloody,0.02
3212339,CHAPTER 87,bluish,0.02
3212357,CHAPTER 87,boarded,0.02
3212390,CHAPTER 87,body,0.02
3212486,CHAPTER 87,bottled,0.02
3212495,CHAPTER 87,boughs,0.02
3212522,CHAPTER 87,bow,0.02
3212562,CHAPTER 87,brackish,0.02
3212585,CHAPTER 87,branches,0.02
3212620,CHAPTER 87,breach,0.02
3212633,CHAPTER 87,breaks,0.02
3212634,CHAPTER 87,breast,0.02
3212638,CHAPTER 87,breasts,0.02
3212656,CHAPTER 87,breeds,0.02
3212678,CHAPTER 87,bridal,0.02
3212762,CHAPTER 87,broken,0.02
3212819,CHAPTER 87,buckets,0.02
3212833,CHAPTER 87,buffaloes,0.02
3212855,CHAPTER 87,bulks,0.02
3212901,CHAPTER 87,buoyantly,0.02
3212942,CHAPTER 87,bush,0.02
3212975,CHAPTER 87,buttressed,0.02
3213072,CHAPTER 87,came,0.02
3213191,CHAPTER 87,caravan,0.02
3213192,CHAPTER 87,caravans,0.02
3213217,CHAPTER 87,cargo,0.02
3213218,CHAPTER 87,cargoes,0.02
3213240,CHAPTER 87,carried,0.02
3213251,CHAPTER 87,carry,0.02
3213281,CHAPTER 87,casks,0.02
3213335,CHAPTER 87,caught,0.02
3213347,CHAPTER 87,cautious,0.02
3213401,CHAPTER 87,centrally,0.02
3213411,CHAPTER 87,ceremonial,0.02
3213416,CHAPTER 87,certain,0.02
3213454,CHAPTER 87,chambers,0.02
3213463,CHAPTER 87,chance,0.02
3213480,CHAPTER 87,channels,0.02
3213497,CHAPTER 87,characteristic,0.02
3213554,CHAPTER 87,chastisements,0.02
3213569,CHAPTER 87,cheaply,0.02
3213584,CHAPTER 87,cheerful,0.02
3213651,CHAPTER 87,chimneys,0.02
3213699,CHAPTER 87,chosen,0.02
3213740,CHAPTER 87,churning,0.02
3213748,CHAPTER 87,cinnamon,0.02
3213773,CHAPTER 87,circumference,0.02
3213778,CHAPTER 87,circumnavigating,0.02
3213784,CHAPTER 87,circumspect,0.02
3213788,CHAPTER 87,circumstance,0.02
3213821,CHAPTER 87,claim,0.02
3213901,CHAPTER 87,cleft,0.02
3213904,CHAPTER 87,clenched,0.02
3213921,CHAPTER 87,cliffs,0.02
3213995,CHAPTER 87,clumped,0.02
3214005,CHAPTER 87,clusters,0.02
3214006,CHAPTER 87,clutch,0.02
3214020,CHAPTER 87,coast,0.02
3214044,CHAPTER 87,cockatoo,0.02
3214131,CHAPTER 87,collectively,0.02
3214159,CHAPTER 87,colossal,0.02
3214174,CHAPTER 87,columns,0.02
3214256,CHAPTER 87,commodore,0.02
3214263,CHAPTER 87,commonly,0.02
3214284,CHAPTER 87,compact,0.02
3214289,CHAPTER 87,companies,0.02
3214300,CHAPTER 87,comparative,0.02
3214346,CHAPTER 87,completely,0.02
3214355,CHAPTER 87,complicated,0.02
3214403,CHAPTER 87,comrades,0.02
3214414,CHAPTER 87,conceits,0.02
3214425,CHAPTER 87,concentric,0.02
3214434,CHAPTER 87,concernments,0.02
3214501,CHAPTER 87,confidence,0.02
3214554,CHAPTER 87,congregated,0.02
3214575,CHAPTER 87,connecting,0.02
3214607,CHAPTER 87,consequences,0.02
3214614,CHAPTER 87,considerable,0.02
3214638,CHAPTER 87,conspicuous,0.02
3214647,CHAPTER 87,constantly,0.02
3214650,CHAPTER 87,consternation,0.02
3214651,CHAPTER 87,consternations,0.02
3214689,CHAPTER 87,contained,0.02
3214718,CHAPTER 87,contents,0.02
3214727,CHAPTER 87,contingency,0.02
3214776,CHAPTER 87,contrivances,0.02
3214778,CHAPTER 87,contrived,0.02
3214792,CHAPTER 87,convenience,0.02
3214794,CHAPTER 87,convenient,0.02
3214849,CHAPTER 87,cooling,0.02
3214876,CHAPTER 87,cord,0.02
3214899,CHAPTER 87,coronation,0.02
3214925,CHAPTER 87,correspond,0.02
3214929,CHAPTER 87,corresponding,0.02
3214945,CHAPTER 87,corsairs,0.02
3214952,CHAPTER 87,costliest,0.02
3214978,CHAPTER 87,counted,0.02
3215036,CHAPTER 87,covenant,0.02
3215043,CHAPTER 87,coves,0.02
3215086,CHAPTER 87,cramped,0.02
3215118,CHAPTER 87,crazed,0.02
3215156,CHAPTER 87,crescent,0.02
3215157,CHAPTER 87,crescentic,0.02
3215270,CHAPTER 87,cruisers,0.02
3215278,CHAPTER 87,crumpled,0.02
3215287,CHAPTER 87,crushed,0.02
3215296,CHAPTER 87,crying,0.02
3215355,CHAPTER 87,curiously,0.02
3215357,CHAPTER 87,curled,0.02
3215368,CHAPTER 87,curses,0.02
3215391,CHAPTER 87,custom,0.02
3215447,CHAPTER 87,dalliance,0.02
3215449,CHAPTER 87,dam,0.02
3215484,CHAPTER 87,danes,0.02
3215496,CHAPTER 87,dardanelles,0.02
3215517,CHAPTER 87,darted,0.02
3215520,CHAPTER 87,darts,0.02
3215538,CHAPTER 87,daunted,0.02
3215568,CHAPTER 87,deaf,0.02
3215626,CHAPTER 87,deceptive,0.02
3215755,CHAPTER 87,delay,0.02
3215769,CHAPTER 87,delicate,0.02
3215775,CHAPTER 87,delight,0.02
3215776,CHAPTER 87,delighted,0.02
3215786,CHAPTER 87,delirious,0.02
3215807,CHAPTER 87,demand,0.02
3215809,CHAPTER 87,demanding,0.02
3215859,CHAPTER 87,density,0.02
3215874,CHAPTER 87,departing,0.02
3215894,CHAPTER 87,deploy,0.02
3215919,CHAPTER 87,depth,0.02
3215947,CHAPTER 87,descending,0.02
3216004,CHAPTER 87,desperado,0.02
3216144,CHAPTER 87,dick,0.02
3216212,CHAPTER 87,diminished,0.02
3216244,CHAPTER 87,directing,0.02
3216246,CHAPTER 87,directions,0.02
3216250,CHAPTER 87,direful,0.02
3216268,CHAPTER 87,disappearing,0.02
3216311,CHAPTER 87,discolour,0.02
3216332,CHAPTER 87,discovered,0.02
3216422,CHAPTER 87,dismantled,0.02
3216444,CHAPTER 87,disordered,0.02
3216447,CHAPTER 87,disorders,0.02
3216463,CHAPTER 87,dispensed,0.02
3216479,CHAPTER 87,disport,0.02
3216481,CHAPTER 87,disposed,0.02
3216545,CHAPTER 87,distracted,0.02
3216548,CHAPTER 87,distraction,0.02
3216594,CHAPTER 87,divide,0.02
3216612,CHAPTER 87,divulged,0.02
3216647,CHAPTER 87,dogs,0.02
3216670,CHAPTER 87,domesticated,0.02
3216676,CHAPTER 87,domineering,0.02
3216767,CHAPTER 87,drags,0.02
3216790,CHAPTER 87,drawing,0.02
3216855,CHAPTER 87,dromedary,0.02
3216858,CHAPTER 87,drooping,0.02
3216882,CHAPTER 87,drugging,0.02
3216885,CHAPTER 87,druggs,0.02
3217000,CHAPTER 87,dying,0.02
3217008,CHAPTER 87,eagerness,0.02
3217021,CHAPTER 87,earnestly,0.02
3217038,CHAPTER 87,easily,0.02
3217044,CHAPTER 87,eastward,0.02
3217087,CHAPTER 87,eddy,0.02
3217096,CHAPTER 87,edging,0.02
3217124,CHAPTER 87,effectually,0.02
3217204,CHAPTER 87,elephant,0.02
3217207,CHAPTER 87,elephants,0.02
3217266,CHAPTER 87,embayed,0.02
3217291,CHAPTER 87,embraced,0.02
3217299,CHAPTER 87,emerge,0.02
3217304,CHAPTER 87,emerging,0.02
3217331,CHAPTER 87,empire,0.02
3217400,CHAPTER 87,endeavor,0.02
3217510,CHAPTER 87,enormous,0.02
3217512,CHAPTER 87,enraged,0.02
3217514,CHAPTER 87,enriched,0.02
3217560,CHAPTER 87,entire,0.02
3217571,CHAPTER 87,entranced,0.02
3217572,CHAPTER 87,entrances,0.02
3217676,CHAPTER 87,esau,0.02
3217679,CHAPTER 87,escape,0.02
3217681,CHAPTER 87,escapes,0.02
3217715,CHAPTER 87,esteem,0.02
3217754,CHAPTER 87,european,0.02
3217856,CHAPTER 87,excessive,0.02
3217942,CHAPTER 87,exist,0.02
3217954,CHAPTER 87,expand,0.02
3217956,CHAPTER 87,expanding,0.02
3217959,CHAPTER 87,expanse,0.02
3218048,CHAPTER 87,extend,0.02
3218050,CHAPTER 87,extending,0.02
3218053,CHAPTER 87,extensive,0.02
3218054,CHAPTER 87,extent,0.02
3218076,CHAPTER 87,extraordinary,0.02
3218085,CHAPTER 87,extremity,0.02
3218152,CHAPTER 87,faintly,0.02
3218200,CHAPTER 87,fan,0.02
3218324,CHAPTER 87,fearlessly,0.02
3218325,CHAPTER 87,fearlessness,0.02
3218331,CHAPTER 87,feasting,0.02
3218441,CHAPTER 87,fettered,0.02
3218477,CHAPTER 87,fiercely,0.02
3218561,CHAPTER 87,fish,0.02
3218590,CHAPTER 87,fixedly,0.02
3218606,CHAPTER 87,flailing,0.02
3218628,CHAPTER 87,flashing,0.02
3218655,CHAPTER 87,fled,0.02
3218666,CHAPTER 87,fleetness,0.02
3218677,CHAPTER 87,flexible,0.02
3218684,CHAPTER 87,flight,0.02
3218690,CHAPTER 87,flinging,0.02
3218707,CHAPTER 87,floats,0.02
3218708,CHAPTER 87,flock,0.02
3218754,CHAPTER 87,fluid,0.02
3218801,CHAPTER 87,foiled,0.02
3218802,CHAPTER 87,fold,0.02
3218821,CHAPTER 87,folly,0.02
3218858,CHAPTER 87,force,0.02
3218880,CHAPTER 87,foreheads,0.02
3218947,CHAPTER 87,formation,0.02
3218972,CHAPTER 87,fortresses,0.02
3219005,CHAPTER 87,fourteen,0.02
3219069,CHAPTER 87,freighted,0.02
3219078,CHAPTER 87,frequent,0.02
3219079,CHAPTER 87,frequented,0.02
3219090,CHAPTER 87,freshly,0.02
3219107,CHAPTER 87,fright,0.02
3219120,CHAPTER 87,frisky,0.02
3219138,CHAPTER 87,frontier,0.02
3219166,CHAPTER 87,fugitive,0.02
3219252,CHAPTER 87,gaining,0.02
3219339,CHAPTER 87,gash,0.02
3219350,CHAPTER 87,gateway,0.02
3219359,CHAPTER 87,gaunt,0.02
3219371,CHAPTER 87,gazed,0.02
3219453,CHAPTER 87,gestation,0.02
3219533,CHAPTER 87,glanced,0.02
3219560,CHAPTER 87,glens,0.02
3219623,CHAPTER 87,gnawing,0.02
3219655,CHAPTER 87,going,0.02
3219665,CHAPTER 87,gone,0.02
3219775,CHAPTER 87,grasping,0.02
3219820,CHAPTER 87,greatly,0.02
3219839,CHAPTER 87,greeted,0.02
3219859,CHAPTER 87,grieve,0.02
3219875,CHAPTER 87,gripe,0.02
3219946,CHAPTER 87,guard,0.02
3219948,CHAPTER 87,guarded,0.02
3219976,CHAPTER 87,gulfweed,0.02
3219993,CHAPTER 87,gunwales,0.02
3220062,CHAPTER 87,half,0.02
3220098,CHAPTER 87,hamstring,0.02
3220115,CHAPTER 87,handled,0.02
3220117,CHAPTER 87,handling,0.02
3220198,CHAPTER 87,harpooneers,0.02
3220225,CHAPTER 87,hat,0.02
3220256,CHAPTER 87,hauling,0.02
3220262,CHAPTER 87,haunting,0.02
3220269,CHAPTER 87,having,0.02
3220285,CHAPTER 87,haze,0.02
3220289,CHAPTER 87,head,0.02
3220297,CHAPTER 87,headlands,0.02
3220331,CHAPTER 87,heart,0.02
3220423,CHAPTER 87,helplessly,0.02
3220426,CHAPTER 87,helter,0.02
3220432,CHAPTER 87,hemmed,0.02
3220435,CHAPTER 87,hempen,0.02
3220451,CHAPTER 87,herded,0.02
3220452,CHAPTER 87,herding,0.02
3220453,CHAPTER 87,herds,0.02
3220454,CHAPTER 87,hereabouts,0.02
3220582,CHAPTER 87,hither,0.02
3220646,CHAPTER 87,homage,0.02
3220657,CHAPTER 87,hominum_,0.02
3220743,CHAPTER 87,horror,0.02
3220749,CHAPTER 87,horses,0.02
3220779,CHAPTER 87,household,0.02
3220791,CHAPTER 87,hovered,0.02
3220808,CHAPTER 87,hudson,0.02
3220826,CHAPTER 87,hulls,0.02
3220827,CHAPTER 87,hum,0.02
3220828,CHAPTER 87,human,0.02
3220873,CHAPTER 87,hundreds,0.02
3220903,CHAPTER 87,hurrying,0.02
3220951,CHAPTER 87,ice,0.02
3220981,CHAPTER 87,idle,0.02
3221038,CHAPTER 87,illustrative,0.02
3221257,CHAPTER 87,imputed,0.02
3221426,CHAPTER 87,indians,0.02
3221435,CHAPTER 87,indifferently,0.02
3221472,CHAPTER 87,individually,0.02
3221490,CHAPTER 87,indulge,0.02
3221505,CHAPTER 87,ineffectual,0.02
3221512,CHAPTER 87,inert,0.02
3221519,CHAPTER 87,inexhaustible,0.02
3221522,CHAPTER 87,inexperienced,0.02
3221557,CHAPTER 87,infernally,0.02
3221568,CHAPTER 87,infinitely,0.02
3221592,CHAPTER 87,influence,0.02
3221640,CHAPTER 87,inhuman,0.02
3221666,CHAPTER 87,inland,0.02
3221679,CHAPTER 87,inner,0.02
3221684,CHAPTER 87,innocent,0.02
3221722,CHAPTER 87,inscrutable,0.02
3221738,CHAPTER 87,inshore,0.02
3221766,CHAPTER 87,inspire,0.02
3221772,CHAPTER 87,instant,0.02
3221781,CHAPTER 87,instinct,0.02
3221839,CHAPTER 87,intensely,0.02
3221935,CHAPTER 87,intervening,0.02
3222012,CHAPTER 87,invented,0.02
3222091,CHAPTER 87,irksome,0.02
3222107,CHAPTER 87,irregular,0.02
3222120,CHAPTER 87,irresolution,0.02
3222150,CHAPTER 87,islets,0.02
3222190,CHAPTER 87,jacob,0.02
3222207,CHAPTER 87,jammed,0.02
3222208,CHAPTER 87,jamming,0.02
3222225,CHAPTER 87,javan,0.02
3222259,CHAPTER 87,jerking,0.02
3222284,CHAPTER 87,jewels,0.02
3222424,CHAPTER 87,juncture,0.02
3222461,CHAPTER 87,keels,0.02
3222478,CHAPTER 87,kentledge,0.02
3222504,CHAPTER 87,kill,0.02
3222505,CHAPTER 87,killed,0.02
3222759,CHAPTER 87,late,0.02
3222760,CHAPTER 87,lately,0.02
3222814,CHAPTER 87,lay,0.02
3222841,CHAPTER 87,league,0.02
3222848,CHAPTER 87,leaks,0.02
3222868,CHAPTER 87,learning,0.02
3222891,CHAPTER 87,leech,0.02
3222931,CHAPTER 87,leisure,0.02
3222943,CHAPTER 87,lengths,0.02
3222944,CHAPTER 87,lengthwise,0.02
3222985,CHAPTER 87,levelling,0.02
3223105,CHAPTER 87,lingered,0.02
3223120,CHAPTER 87,lion,0.02
3223186,CHAPTER 87,loaded,0.02
3223244,CHAPTER 87,logged,0.02
3223281,CHAPTER 87,looking,0.02
3223286,CHAPTER 87,loomed,0.02
3223291,CHAPTER 87,looped,0.02
3223318,CHAPTER 87,loss,0.02
3223383,CHAPTER 87,lucky,0.02
3223428,CHAPTER 87,lurks,0.02
3223512,CHAPTER 87,madame,0.02
3223561,CHAPTER 87,magnificence,0.02
3223587,CHAPTER 87,maiming,0.02
3223614,CHAPTER 87,making,0.02
3223625,CHAPTER 87,malefactors,0.02
3223649,CHAPTER 87,man,0.02
3223665,CHAPTER 87,maned,0.02
3223667,CHAPTER 87,manfully,0.02
3223742,CHAPTER 87,march,0.02
3223746,CHAPTER 87,marching,0.02
3223763,CHAPTER 87,mark,0.02
3223803,CHAPTER 87,martial,0.02
3223810,CHAPTER 87,marvel,0.02
3223834,CHAPTER 87,masses,0.02
3223935,CHAPTER 87,means,0.02
3223939,CHAPTER 87,measured,0.02
3223940,CHAPTER 87,measureless,0.02
3223972,CHAPTER 87,mediterranean,0.02
3224017,CHAPTER 87,menaced,0.02
3224117,CHAPTER 87,metropolis,0.02
3224133,CHAPTER 87,middle,0.02
3224146,CHAPTER 87,midway,0.02
3224166,CHAPTER 87,mildness,0.02
3224167,CHAPTER 87,mile,0.02
3224168,CHAPTER 87,miles,0.02
3224199,CHAPTER 87,mind,0.02
3224293,CHAPTER 87,mist,0.02
3224326,CHAPTER 87,mobbed,0.02
3224329,CHAPTER 87,moby,0.02
3224374,CHAPTER 87,moisture,0.02
3224382,CHAPTER 87,mole,0.02
3224391,CHAPTER 87,moment,0.02
3224396,CHAPTER 87,momentum,0.02
3224435,CHAPTER 87,monster,0.02
3224436,CHAPTER 87,monsters,0.02
3224455,CHAPTER 87,moods,0.02
3224620,CHAPTER 87,multiplied,0.02
3224645,CHAPTER 87,murdering,0.02
3224691,CHAPTER 87,mute,0.02
3224756,CHAPTER 87,nantucket,0.02
3224824,CHAPTER 87,near,0.02
3224825,CHAPTER 87,neared,0.02
3224941,CHAPTER 87,new,0.02
3224946,CHAPTER 87,newly,0.02
3224948,CHAPTER 87,news,0.02
3224970,CHAPTER 87,nigh,0.02
3225048,CHAPTER 87,northwards,0.02
3225059,CHAPTER 87,nostrils,0.02
3225074,CHAPTER 87,notified,0.02
3225086,CHAPTER 87,nourishment,0.02
3225118,CHAPTER 87,nurseries,0.02
3225139,CHAPTER 87,oarsmen,0.02
3225182,CHAPTER 87,obscured,0.02
3225189,CHAPTER 87,obsequious,0.02
3225239,CHAPTER 87,occupied,0.02
3225364,CHAPTER 87,onward,0.02
3225425,CHAPTER 87,orbits,0.02
3225459,CHAPTER 87,orientals,0.02
3225519,CHAPTER 87,outdone,0.02
3225521,CHAPTER 87,outermost,0.02
3225533,CHAPTER 87,outlet,0.02
3225534,CHAPTER 87,outlets,0.02
3225554,CHAPTER 87,outs,0.02
3225558,CHAPTER 87,outskirts,0.02
3225591,CHAPTER 87,overflowing,0.02
3225600,CHAPTER 87,overhead,0.02
3225680,CHAPTER 87,paced,0.02
3225682,CHAPTER 87,pacific,0.02
3225729,CHAPTER 87,pair,0.02
3225759,CHAPTER 87,palmy,0.02
3225836,CHAPTER 87,paralysed,0.02
3225910,CHAPTER 87,parting,0.02
3225921,CHAPTER 87,parts,0.02
3225958,CHAPTER 87,pasture,0.02
3226007,CHAPTER 87,patted,0.02
3226022,CHAPTER 87,pausing,0.02
3226040,CHAPTER 87,peaceful,0.02
3226159,CHAPTER 87,pennoned,0.02
3226181,CHAPTER 87,perceive,0.02
3226239,CHAPTER 87,permanently,0.02
3226250,CHAPTER 87,perpendicular,0.02
3226262,CHAPTER 87,perplexity,0.02
3226314,CHAPTER 87,peruvian,0.02
3226366,CHAPTER 87,philanthropists,0.02
3226370,CHAPTER 87,philippine,0.02
3226417,CHAPTER 87,pick,0.02
3226440,CHAPTER 87,pierced,0.02
3226450,CHAPTER 87,pig,0.02
3226462,CHAPTER 87,pile,0.02
3226473,CHAPTER 87,pillaged,0.02
3226523,CHAPTER 87,piratical,0.02
3226532,CHAPTER 87,pit,0.02
3226557,CHAPTER 87,pivot,0.02
3226594,CHAPTER 87,plaited,0.02
3226601,CHAPTER 87,planets,0.02
3226718,CHAPTER 87,plunged,0.02
3226748,CHAPTER 87,point,0.02
3226813,CHAPTER 87,pond,0.02
3226891,CHAPTER 87,porus,0.02
3226903,CHAPTER 87,possession,0.02
3226965,CHAPTER 87,pouring,0.02
3226974,CHAPTER 87,powerful,0.02
3227075,CHAPTER 87,prefers,0.02
3227094,CHAPTER 87,premised,0.02
3227136,CHAPTER 87,presents,0.02
3227153,CHAPTER 87,pressed,0.02
3227190,CHAPTER 87,prevented,0.02
3227201,CHAPTER 87,pricking,0.02
3227212,CHAPTER 87,prime,0.02
3227233,CHAPTER 87,prior,0.02
3227253,CHAPTER 87,proas,0.02
3227293,CHAPTER 87,produced,0.02
3227297,CHAPTER 87,producing,0.02
3227376,CHAPTER 87,promontory,0.02
3227419,CHAPTER 87,propontis,0.02
3227463,CHAPTER 87,protection,0.02
3227488,CHAPTER 87,provided,0.02
3227502,CHAPTER 87,provision,0.02
3227599,CHAPTER 87,purchased,0.02
3227625,CHAPTER 87,purposely,0.02
3227627,CHAPTER 87,purposing,0.02
3227636,CHAPTER 87,pursued,0.02
3227730,CHAPTER 87,quest,0.02
3227795,CHAPTER 87,raced,0.02
3227813,CHAPTER 87,rafted,0.02
3227855,CHAPTER 87,rallied,0.02
3227884,CHAPTER 87,random,0.02
3227895,CHAPTER 87,ranks,0.02
3227901,CHAPTER 87,rapid,0.02
3227921,CHAPTER 87,rascally,0.02
3228012,CHAPTER 87,reasonably,0.02
3228031,CHAPTER 87,recall,0.02
3228070,CHAPTER 87,reckless,0.02
3228084,CHAPTER 87,recognised,0.02
3228113,CHAPTER 87,recovered,0.02
3228142,CHAPTER 87,redoubled,0.02
3228165,CHAPTER 87,reeled,0.02
3228199,CHAPTER 87,refrained,0.02
3228279,CHAPTER 87,rejoice,0.02
3228362,CHAPTER 87,reminiscence,0.02
3228380,CHAPTER 87,remorseless,0.02
3228403,CHAPTER 87,renewed,0.02
3228407,CHAPTER 87,renouncing,0.02
3228430,CHAPTER 87,repeatedly,0.02
3228469,CHAPTER 87,reposing,0.02
3228482,CHAPTER 87,repressed,0.02
3228521,CHAPTER 87,requisition,0.02
3228566,CHAPTER 87,resistance,0.02
3228616,CHAPTER 87,rest,0.02
3228640,CHAPTER 87,result,0.02
3228659,CHAPTER 87,reticule,0.02
3228674,CHAPTER 87,retreated,0.02
3228676,CHAPTER 87,retreats,0.02
3228699,CHAPTER 87,revelled,0.02
3228745,CHAPTER 87,revolve,0.02
3228746,CHAPTER 87,revolved,0.02
3228773,CHAPTER 87,ribbed,0.02
3228780,CHAPTER 87,rich,0.02
3228788,CHAPTER 87,rid,0.02
3228795,CHAPTER 87,rider,0.02
3228802,CHAPTER 87,riding,0.02
3228809,CHAPTER 87,rig,0.02
3228816,CHAPTER 87,right,0.02
3228832,CHAPTER 87,rim,0.02
3228858,CHAPTER 87,riotous,0.02
3228893,CHAPTER 87,rivallingly,0.02
3228897,CHAPTER 87,river,0.02
3228913,CHAPTER 87,roaring,0.02
3228940,CHAPTER 87,rods,0.02
3229009,CHAPTER 87,roundabout,0.02
3229021,CHAPTER 87,rout,0.02
3229023,CHAPTER 87,routed,0.02
3229031,CHAPTER 87,rowels,0.02
3229172,CHAPTER 87,sagacious,0.02
3229193,CHAPTER 87,sails,0.02
3229213,CHAPTER 87,sallied,0.02
3229216,CHAPTER 87,sally,0.02
3229231,CHAPTER 87,salute,0.02
3229235,CHAPTER 87,salvation,0.02
3229253,CHAPTER 87,sand,0.02
3229277,CHAPTER 87,saratoga,0.02
3229295,CHAPTER 87,satin,0.02
3229455,CHAPTER 87,score,0.02
3229507,CHAPTER 87,scratched,0.02
3229575,CHAPTER 87,seamen,0.02
3229594,CHAPTER 87,seasons,0.02
3229598,CHAPTER 87,seats,0.02
3229607,CHAPTER 87,second,0.02
3229622,CHAPTER 87,secrets,0.02
3229632,CHAPTER 87,security,0.02
3229659,CHAPTER 87,seen,0.02
3229752,CHAPTER 87,separated,0.02
3229767,CHAPTER 87,serene,0.02
3229768,CHAPTER 87,serenely,0.02
3229847,CHAPTER 87,shaded,0.02
3229948,CHAPTER 87,sheep,0.02
3229949,CHAPTER 87,sheepfold,0.02
3229952,CHAPTER 87,sheer,0.02
3229955,CHAPTER 87,sheering,0.02
3230053,CHAPTER 87,shores,0.02
3230065,CHAPTER 87,shot,0.02
3230075,CHAPTER 87,shouting,0.02
3230077,CHAPTER 87,shove,0.02
3230091,CHAPTER 87,shows,0.02
3230148,CHAPTER 87,siamese,0.02
3230165,CHAPTER 87,sidelong,0.02
3230183,CHAPTER 87,sight,0.02
3230184,CHAPTER 87,sighted,0.02
3230217,CHAPTER 87,silks,0.02
3230265,CHAPTER 87,singular,0.02
3230308,CHAPTER 87,situated,0.02
3230320,CHAPTER 87,skelter,0.02
3230376,CHAPTER 87,slackened,0.02
3230386,CHAPTER 87,slanting,0.02
3230411,CHAPTER 87,sleek,0.02
3230517,CHAPTER 87,smaller,0.02
3230553,CHAPTER 87,smooth,0.02
3230614,CHAPTER 87,snuffed,0.02
3230617,CHAPTER 87,snuffling,0.02
3230673,CHAPTER 87,soil,0.02
3230737,CHAPTER 87,somewhat,0.02
3230752,CHAPTER 87,soon,0.02
3230808,CHAPTER 87,southerly,0.02
3230820,CHAPTER 87,spaces,0.02
3230837,CHAPTER 87,spans,0.02
3230844,CHAPTER 87,sparkling,0.02
3230865,CHAPTER 87,spears,0.02
3230887,CHAPTER 87,spectacles,0.02
3230907,CHAPTER 87,speeding,0.02
3230918,CHAPTER 87,spent,0.02
3230930,CHAPTER 87,spices,0.02
3230970,CHAPTER 87,spiralling,0.02
3230982,CHAPTER 87,spiritually,0.02
3231047,CHAPTER 87,spout,0.02
3231103,CHAPTER 87,squares,0.02
3231132,CHAPTER 87,stacked,0.02
3231142,CHAPTER 87,staggeringly,0.02
3231175,CHAPTER 87,stand,0.02
3231181,CHAPTER 87,standing,0.02
3231228,CHAPTER 87,stationary,0.02
3231293,CHAPTER 87,steer,0.02
3231408,CHAPTER 87,stopped,0.02
3231410,CHAPTER 87,stopping,0.02
3231428,CHAPTER 87,storms,0.02
3231429,CHAPTER 87,stormy,0.02
3231433,CHAPTER 87,stoutly,0.02
3231444,CHAPTER 87,straight,0.02
3231464,CHAPTER 87,strangely,0.02
3231479,CHAPTER 87,strawberries,0.02
3231490,CHAPTER 87,streams,0.02
3231498,CHAPTER 87,stretch,0.02
3231528,CHAPTER 87,stripped,0.02
3231536,CHAPTER 87,striving,0.02
3231553,CHAPTER 87,struck,0.02
3231576,CHAPTER 87,studded,0.02
3231591,CHAPTER 87,stuffed,0.02
3231643,CHAPTER 87,submarine,0.02
3231698,CHAPTER 87,subtlest,0.02
3231715,CHAPTER 87,successfully,0.02
3231717,CHAPTER 87,successive,0.02
3231731,CHAPTER 87,suddenly,0.02
3231817,CHAPTER 87,sundering,0.02
3231933,CHAPTER 87,surely,0.02
3231977,CHAPTER 87,surrounded,0.02
3231978,CHAPTER 87,surrounding,0.02
3232017,CHAPTER 87,sustenance,0.02
3232032,CHAPTER 87,swamp,0.02
3232080,CHAPTER 87,swell,0.02
3232121,CHAPTER 87,sworn,0.02
3232154,CHAPTER 87,systematic,0.02
3232202,CHAPTER 87,taken,0.02
3232227,CHAPTER 87,tame,0.02
3232274,CHAPTER 87,tartar,0.02
3232288,CHAPTER 87,tasted,0.02
3232313,CHAPTER 87,tawny,0.02
3232334,CHAPTER 87,teats,0.02
3232370,CHAPTER 87,tempest,0.02
3232377,CHAPTER 87,temporarily,0.02
3232378,CHAPTER 87,temporary,0.02
3232400,CHAPTER 87,tendon,0.02
3232414,CHAPTER 87,tens,0.02
3232446,CHAPTER 87,territories,0.02
3232454,CHAPTER 87,test,0.02
3232471,CHAPTER 87,tethered,0.02
3232491,CHAPTER 87,theatre,0.02
3232525,CHAPTER 87,thickening,0.02
3232530,CHAPTER 87,thickly,0.02
3232585,CHAPTER 87,thousand,0.02
3232601,CHAPTER 87,threatened,0.02
3232621,CHAPTER 87,throb,0.02
3232705,CHAPTER 87,till,0.02
3232719,CHAPTER 87,times,0.02
3232721,CHAPTER 87,timidity,0.02
3232725,CHAPTER 87,timor,0.02
3232769,CHAPTER 87,titanic,0.02
3232811,CHAPTER 87,tokens,0.02
3232886,CHAPTER 87,tornadoed,0.02
3232893,CHAPTER 87,torrent,0.02
3232920,CHAPTER 87,touching,0.02
3232932,CHAPTER 87,towed,0.02
3232987,CHAPTER 87,trampling,0.02
3233016,CHAPTER 87,transferred,0.02
3233050,CHAPTER 87,transparent,0.02
3233063,CHAPTER 87,trapped,0.02
3233092,CHAPTER 87,treasures,0.02
3233251,CHAPTER 87,tub,0.02
3233272,CHAPTER 87,tumble,0.02
3233277,CHAPTER 87,tumbling,0.02
3233279,CHAPTER 87,tumults,0.02
3233280,CHAPTER 87,tumultuous,0.02
3233341,CHAPTER 87,twin,0.02
3233405,CHAPTER 87,umbilical,0.02
3233479,CHAPTER 87,unborn,0.02
3233485,CHAPTER 87,unbroken,0.02
3233777,CHAPTER 87,unfriendly,0.02
3233834,CHAPTER 87,unimaginable,0.02
3233873,CHAPTER 87,universal,0.02
3233999,CHAPTER 87,unprecedented,0.02
3234140,CHAPTER 87,unsophisticated,0.02
3234175,CHAPTER 87,unsupplied,0.02
3234225,CHAPTER 87,unusable,0.02
3234237,CHAPTER 87,unwaning,0.02
3234245,CHAPTER 87,unwearied,0.02
3234325,CHAPTER 87,useless,0.02
3234342,CHAPTER 87,utilities,0.02
3234385,CHAPTER 87,valley,0.02
3234397,CHAPTER 87,van,0.02
3234410,CHAPTER 87,vapors,0.02
3234411,CHAPTER 87,vapory,0.02
3234440,CHAPTER 87,vaults,0.02
3234461,CHAPTER 87,velocity,0.02
3234472,CHAPTER 87,vengeance,0.02
3234582,CHAPTER 87,victoriously,0.02
3234677,CHAPTER 87,visited,0.02
3234678,CHAPTER 87,visiting,0.02
3234697,CHAPTER 87,vivid,0.02
3234795,CHAPTER 87,waif,0.02
3234796,CHAPTER 87,waifed,0.02
3234817,CHAPTER 87,waive,0.02
3234835,CHAPTER 87,walled,0.02
3234858,CHAPTER 87,wandering,0.02
3234864,CHAPTER 87,waning,0.02
3234874,CHAPTER 87,wants,0.02
3234965,CHAPTER 87,watery,0.02
3234992,CHAPTER 87,wealth,0.02
3234995,CHAPTER 87,weapon,0.02
3235038,CHAPTER 87,weeks,0.02
3235070,CHAPTER 87,went,0.02
3235083,CHAPTER 87,wet,0.02
3235090,CHAPTER 87,whaleboats,0.02
3235106,CHAPTER 87,wharves,0.02
3235180,CHAPTER 87,whispered,0.02
3235262,CHAPTER 87,willow,0.02
3235291,CHAPTER 87,wing,0.02
3235293,CHAPTER 87,wings,0.02
3235344,CHAPTER 87,withhold,0.02
3235372,CHAPTER 87,wolves,0.02
3235378,CHAPTER 87,women,0.02
3235392,CHAPTER 87,wondrous,0.02
3235397,CHAPTER 87,wonted,0.02
3235426,CHAPTER 87,worked,0.02
3235452,CHAPTER 87,worshipped,0.02
3235468,CHAPTER 87,wounding,0.02
3235614,CHAPTER 87,years,0.02
3235627,CHAPTER 87,yes,0.02
3235643,CHAPTER 87,york,0.02
3235677,CHAPTER 87,zoned,0.02
3210172,CHAPTER 87,act,0.01
3210209,CHAPTER 87,additional,0.01
3210304,CHAPTER 87,advance,0.01
3210308,CHAPTER 87,advancing,0.01
3210385,CHAPTER 87,afloat,0.01
3210670,CHAPTER 87,american,0.01
3210677,CHAPTER 87,amid,0.01
3210818,CHAPTER 87,answer,0.01
3210905,CHAPTER 87,appalling,0.01
3210980,CHAPTER 87,approaching,0.01
3211085,CHAPTER 87,arm,0.01
3211130,CHAPTER 87,arrived,0.01
3211308,CHAPTER 87,atlantic,0.01
3211588,CHAPTER 87,ball,0.01
3211782,CHAPTER 87,beach,0.01
3211799,CHAPTER 87,bear,0.01
3211987,CHAPTER 87,beneath,0.01
3212010,CHAPTER 87,bent,0.01
3212129,CHAPTER 87,billows,0.01
3212279,CHAPTER 87,blind,0.01
3212307,CHAPTER 87,blood,0.01
3212387,CHAPTER 87,bodily,0.01
3212403,CHAPTER 87,bold,0.01
3212473,CHAPTER 87,born,0.01
3212500,CHAPTER 87,bound,0.01
3212552,CHAPTER 87,boys,0.01
3212576,CHAPTER 87,brain,0.01
3212625,CHAPTER 87,breadth,0.01
3212788,CHAPTER 87,brow,0.01
3212947,CHAPTER 87,business,0.01
3213048,CHAPTER 87,called,0.01
3213184,CHAPTER 87,capture,0.01
3213273,CHAPTER 87,cases,0.01
3213406,CHAPTER 87,centuries,0.01
3213472,CHAPTER 87,changed,0.01
3213639,CHAPTER 87,children,0.01
3213790,CHAPTER 87,circumstances,0.01
3213881,CHAPTER 87,clean,0.01
3213888,CHAPTER 87,clear,0.01
3213958,CHAPTER 87,closely,0.01
3213999,CHAPTER 87,clumsy,0.01
3214194,CHAPTER 87,come,0.01
3214200,CHAPTER 87,comes,0.01
3214258,CHAPTER 87,common,0.01
3214621,CHAPTER 87,considering,0.01
3214730,CHAPTER 87,continually,0.01
3215078,CHAPTER 87,craft,0.01
3215222,CHAPTER 87,cross,0.01
3215224,CHAPTER 87,crossed,0.01
3215354,CHAPTER 87,curious,0.01
3215396,CHAPTER 87,cut,0.01
3215516,CHAPTER 87,dart,0.01
3215561,CHAPTER 87,dead,0.01
3215567,CHAPTER 87,deadly,0.01
3215581,CHAPTER 87,death,0.01
3215638,CHAPTER 87,deck,0.01
3216006,CHAPTER 87,desperate,0.01
3216086,CHAPTER 87,devils,0.01
3216171,CHAPTER 87,different,0.01
3216247,CHAPTER 87,directly,0.01
3216727,CHAPTER 87,doubt,0.01
3216761,CHAPTER 87,drag,0.01
3216785,CHAPTER 87,draw,0.01
3216828,CHAPTER 87,drew,0.01
3216862,CHAPTER 87,dropped,0.01
3216984,CHAPTER 87,duty,0.01
3217025,CHAPTER 87,ears,0.01
3217026,CHAPTER 87,earth,0.01
3217039,CHAPTER 87,east,0.01
3217382,CHAPTER 87,encountered,0.01
3217414,CHAPTER 87,endless,0.01
3217444,CHAPTER 87,engaged,0.01
3217457,CHAPTER 87,english,0.01
3217623,CHAPTER 87,equal,0.01
3217647,CHAPTER 87,ere,0.01
3217729,CHAPTER 87,eternal,0.01
3217840,CHAPTER 87,exceedingly,0.01
3217845,CHAPTER 87,excellent,0.01
3218098,CHAPTER 87,eyeing,0.01
3218102,CHAPTER 87,eyes,0.01
3218117,CHAPTER 87,faces,0.01
3218154,CHAPTER 87,fair,0.01
3218158,CHAPTER 87,fairly,0.01
3218166,CHAPTER 87,fall,0.01
3218208,CHAPTER 87,fancy,0.01
3218222,CHAPTER 87,far,0.01
3218284,CHAPTER 87,fathoms,0.01
3218319,CHAPTER 87,fearful,0.01
3218371,CHAPTER 87,feet,0.01
3218394,CHAPTER 87,felt,0.01
3218476,CHAPTER 87,fierce,0.01
3218481,CHAPTER 87,fiery,0.01
3218516,CHAPTER 87,final,0.01
3218517,CHAPTER 87,finally,0.01
3218541,CHAPTER 87,fins,0.01
3218552,CHAPTER 87,firm,0.01
3218558,CHAPTER 87,firmly,0.01
3218630,CHAPTER 87,flask,0.01
3218661,CHAPTER 87,fleet,0.01
3218670,CHAPTER 87,flesh,0.01
3218675,CHAPTER 87,flew,0.01
3218715,CHAPTER 87,flood,0.01
3218763,CHAPTER 87,flung,0.01
3218943,CHAPTER 87,form,0.01
3218949,CHAPTER 87,formed,0.01
3219055,CHAPTER 87,free,0.01
3219081,CHAPTER 87,frequently,0.01
3219216,CHAPTER 87,furnished,0.01
3219249,CHAPTER 87,gain,0.01
3219363,CHAPTER 87,gave,0.01
3219370,CHAPTER 87,gaze,0.01
3219393,CHAPTER 87,general,0.01
3219398,CHAPTER 87,generally,0.01
3219484,CHAPTER 87,gigantic,0.01
3219640,CHAPTER 87,god,0.01
3219659,CHAPTER 87,gold,0.01
3219909,CHAPTER 87,ground,0.01
3220047,CHAPTER 87,hailed,0.01
3220053,CHAPTER 87,hair,0.01
3220100,CHAPTER 87,hand,0.01
3220119,CHAPTER 87,hands,0.01
3220163,CHAPTER 87,hard,0.01
3220169,CHAPTER 87,hardly,0.01
3220201,CHAPTER 87,harpoons,0.01
3220301,CHAPTER 87,heads,0.01
3220318,CHAPTER 87,hear,0.01
3220355,CHAPTER 87,heave,0.01
3220394,CHAPTER 87,height,0.01
3220405,CHAPTER 87,held,0.01
3220411,CHAPTER 87,helm,0.01
3220512,CHAPTER 87,high,0.01
3220526,CHAPTER 87,hill,0.01
3220552,CHAPTER 87,hinted,0.01
3220577,CHAPTER 87,hit,0.01
3220616,CHAPTER 87,hold,0.01
3220624,CHAPTER 87,hole,0.01
3220775,CHAPTER 87,hours,0.01
3220881,CHAPTER 87,hunted,0.01
3220882,CHAPTER 87,hunter,0.01
3221076,CHAPTER 87,immediately,0.01
3221079,CHAPTER 87,immense,0.01
3221735,CHAPTER 87,inserted,0.01
3221771,CHAPTER 87,instances,0.01
3221777,CHAPTER 87,instantly,0.01
3221778,CHAPTER 87,instead,0.01
3221930,CHAPTER 87,interval,0.01
3221931,CHAPTER 87,intervals,0.01
3222007,CHAPTER 87,invariably,0.01
3222092,CHAPTER 87,iron,0.01
3222148,CHAPTER 87,isles,0.01
3222173,CHAPTER 87,ivory,0.01
3222210,CHAPTER 87,japan,0.01
3222269,CHAPTER 87,jet,0.01
3222367,CHAPTER 87,joy,0.01
3222440,CHAPTER 87,just,0.01
3222462,CHAPTER 87,keen,0.01
3222468,CHAPTER 87,keeping,0.01
3222513,CHAPTER 87,kind,0.01
3222528,CHAPTER 87,king,0.01
3222594,CHAPTER 87,knowing,0.01
3222831,CHAPTER 87,lead,0.01
3222866,CHAPTER 87,learned,0.01
3222876,CHAPTER 87,leaving,0.01
3222898,CHAPTER 87,leeward,0.01
3222900,CHAPTER 87,left,0.01
3222981,CHAPTER 87,level,0.01
3223029,CHAPTER 87,lies,0.01
3223035,CHAPTER 87,life,0.01
3223041,CHAPTER 87,lifted,0.01
3223046,CHAPTER 87,light,0.01
3223073,CHAPTER 87,likewise,0.01
3223103,CHAPTER 87,lines,0.01
3223173,CHAPTER 87,lives,0.01
3223176,CHAPTER 87,living,0.01
3223275,CHAPTER 87,look,0.01
3223276,CHAPTER 87,looked,0.01
3223356,CHAPTER 87,lowered,0.01
3223357,CHAPTER 87,lowering,0.01
3223510,CHAPTER 87,mad,0.01
3223608,CHAPTER 87,make,0.01
3224031,CHAPTER 87,mention,0.01
3224050,CHAPTER 87,mere,0.01
3224226,CHAPTER 87,minutes,0.01
3224497,CHAPTER 87,morning,0.01
3224505,CHAPTER 87,mortal,0.01
3224527,CHAPTER 87,mother,0.01
3224532,CHAPTER 87,motion,0.01
3224556,CHAPTER 87,mountains,0.01
3224558,CHAPTER 87,mounted,0.01
3224580,CHAPTER 87,moved,0.01
3224757,CHAPTER 87,nantucketer,0.01
3224794,CHAPTER 87,nations,0.01
3224798,CHAPTER 87,natural,0.01
3224802,CHAPTER 87,nature,0.01
3224822,CHAPTER 87,nay,0.01
3224869,CHAPTER 87,needs,0.01
3224972,CHAPTER 87,night,0.01
3225032,CHAPTER 87,noon,0.01
3225113,CHAPTER 87,numerous,0.01
3225138,CHAPTER 87,oarsman,0.01
3225157,CHAPTER 87,object,0.01
3225200,CHAPTER 87,observed,0.01
3225249,CHAPTER 87,ocean,0.01
3225251,CHAPTER 87,oceans,0.01
3225323,CHAPTER 87,old,0.01
3225434,CHAPTER 87,order,0.01
3225465,CHAPTER 87,originally,0.01
3225580,CHAPTER 87,overboard,0.01
3225758,CHAPTER 87,palms,0.01
3225925,CHAPTER 87,pass,0.01
3225926,CHAPTER 87,passage,0.01
3225951,CHAPTER 87,past,0.01
3226068,CHAPTER 87,peculiar,0.01
3226182,CHAPTER 87,perceived,0.01
3226463,CHAPTER 87,piled,0.01
3226569,CHAPTER 87,places,0.01
3226582,CHAPTER 87,plain,0.01
3226585,CHAPTER 87,plainly,0.01
3226605,CHAPTER 87,planks,0.01
3226754,CHAPTER 87,pointing,0.01
3226770,CHAPTER 87,pole,0.01
3226819,CHAPTER 87,ponderous,0.01
3226895,CHAPTER 87,position,0.01
3226908,CHAPTER 87,possible,0.01
3226973,CHAPTER 87,power,0.01
3227036,CHAPTER 87,precious,0.01
3227043,CHAPTER 87,precise,0.01
3227130,CHAPTER 87,presented,0.01
3227193,CHAPTER 87,previous,0.01
3227257,CHAPTER 87,probably,0.01
3227554,CHAPTER 87,pull,0.01
3227556,CHAPTER 87,pulling,0.01
3227719,CHAPTER 87,queer,0.01
3227745,CHAPTER 87,quickly,0.01
3227753,CHAPTER 87,quiet,0.01
3227757,CHAPTER 87,quietly,0.01
3227766,CHAPTER 87,quite,0.01
3227930,CHAPTER 87,rate,0.01
3227972,CHAPTER 87,reach,0.01
3227986,CHAPTER 87,ready,0.01
3228043,CHAPTER 87,received,0.01
3228337,CHAPTER 87,remained,0.01
3228429,CHAPTER 87,repeated,0.01
3228575,CHAPTER 87,resolved,0.01
3228651,CHAPTER 87,retained,0.01
3228876,CHAPTER 87,rise,0.01
3228971,CHAPTER 87,room,0.01
3228987,CHAPTER 87,rose,0.01
3229103,CHAPTER 87,run,0.01
3229111,CHAPTER 87,rush,0.01
3229114,CHAPTER 87,rushing,0.01
3229180,CHAPTER 87,said,0.01
3229184,CHAPTER 87,sailed,0.01
3229350,CHAPTER 87,say,0.01
3229353,CHAPTER 87,saying,0.01
3229388,CHAPTER 87,scarce,0.01
3229595,CHAPTER 87,seat,0.01
3229627,CHAPTER 87,secure,0.01
3229650,CHAPTER 87,seek,0.01
3229678,CHAPTER 87,seizing,0.01
3229681,CHAPTER 87,seldom,0.01
3229804,CHAPTER 87,set,0.01
3230063,CHAPTER 87,shortly,0.01
3230082,CHAPTER 87,showed,0.01
3230135,CHAPTER 87,shut,0.01
3230170,CHAPTER 87,sideways,0.01
3230200,CHAPTER 87,significant,0.01
3230228,CHAPTER 87,similar,0.01
3230239,CHAPTER 87,simple,0.01
3230286,CHAPTER 87,sir,0.01
3230314,CHAPTER 87,size,0.01
3230448,CHAPTER 87,slightest,0.01
3230516,CHAPTER 87,small,0.01
3230694,CHAPTER 87,solemn,0.01
3230720,CHAPTER 87,solitary,0.01
3230753,CHAPTER 87,sooner,0.01
3230789,CHAPTER 87,souls,0.01
3230793,CHAPTER 87,sounding,0.01
3230807,CHAPTER 87,south,0.01
3230872,CHAPTER 87,species,0.01
3230909,CHAPTER 87,spell,0.01
3231042,CHAPTER 87,spot,0.01
3231059,CHAPTER 87,sprang,0.01
3231061,CHAPTER 87,spray,0.01
3231101,CHAPTER 87,square,0.01
3231189,CHAPTER 87,starboard,0.01
3231250,CHAPTER 87,stay,0.01
3231318,CHAPTER 87,stern,0.01
3231400,CHAPTER 87,stood,0.01
3231407,CHAPTER 87,stop,0.01
3231463,CHAPTER 87,strange,0.01
3231466,CHAPTER 87,stranger,0.01
3231589,CHAPTER 87,stuff,0.01
3231695,CHAPTER 87,subtle,0.01
3231810,CHAPTER 87,sun,0.01
3232069,CHAPTER 87,sweet,0.01
3232092,CHAPTER 87,swim,0.01
3232204,CHAPTER 87,taking,0.01
3232249,CHAPTER 87,tapering,0.01
3232280,CHAPTER 87,tashtego,0.01
3232355,CHAPTER 87,tell,0.01
3232442,CHAPTER 87,terrific,0.01
3232539,CHAPTER 87,thing,0.01
3232565,CHAPTER 87,thither,0.01
3232577,CHAPTER 87,thought,0.01
3232584,CHAPTER 87,thoughts,0.01
3232639,CHAPTER 87,thrown,0.01
3232676,CHAPTER 87,tide,0.01
3232879,CHAPTER 87,tormented,0.01
3232916,CHAPTER 87,touch,0.01
3233205,CHAPTER 87,troubled,0.01
3233302,CHAPTER 87,turn,0.01
3233685,CHAPTER 87,unearthly,0.01
3234296,CHAPTER 87,upright,0.01
3234307,CHAPTER 87,upwards,0.01
3234322,CHAPTER 87,used,0.01
3234419,CHAPTER 87,various,0.01
3234571,CHAPTER 87,vicinity,0.01
3234644,CHAPTER 87,violent,0.01
3234710,CHAPTER 87,voice,0.01
3234842,CHAPTER 87,walls,0.01
3234876,CHAPTER 87,war,0.01
3234940,CHAPTER 87,watch,0.01
3234948,CHAPTER 87,watching,0.01
3235096,CHAPTER 87,whaler,0.01
3235103,CHAPTER 87,whaling,0.01
3235239,CHAPTER 87,wild,0.01
3235315,CHAPTER 87,wise,0.01
3235364,CHAPTER 87,woe,0.01
3235382,CHAPTER 87,wonderful,0.01
3235399,CHAPTER 87,wood,0.01
3235402,CHAPTER 87,wooden,0.01
3235419,CHAPTER 87,word,0.01
3235606,CHAPTER 87,ye,0.01
3235607,CHAPTER 87,yea,0.01
3235628,CHAPTER 87,yesterday,0.01
