,chapter,term,tfidf
211590,CHAPTER 105,whales,0.27
203175,CHAPTER 105,pliny,0.2
211579,CHAPTER 105,whale,0.16
192230,CHAPTER 105,degenerated,0.14
189823,CHAPTER 105,cattle,0.11
212106,CHAPTER 105,years,0.11
187550,CHAPTER 105,argument,0.1
193699,CHAPTER 105,elephants,0.1
197377,CHAPTER 105,hunting,0.1
194556,CHAPTER 105,extinction,0.09
194863,CHAPTER 105,feet,0.09
197373,CHAPTER 105,hunted,0.09
203619,CHAPTER 105,present,0.09
206314,CHAPTER 105,seventy,0.09
209078,CHAPTER 105,thousands,0.09
187265,CHAPTER 105,animals,0.08
192199,CHAPTER 105,defiance,0.08
195931,CHAPTER 105,geological,0.08
196762,CHAPTER 105,havoc,0.08
197359,CHAPTER 105,humped,0.08
197514,CHAPTER 105,illinois,0.08
200062,CHAPTER 105,magnitude,0.08
201596,CHAPTER 105,number,0.08
202715,CHAPTER 105,period,0.08
203228,CHAPTER 105,pods,0.08
204831,CHAPTER 105,remains,0.08
208943,CHAPTER 105,tertiary,0.08
211567,CHAPTER 105,west,0.08
185654,CHAPTER 105,000,0.07
186930,CHAPTER 105,ago,0.07
188923,CHAPTER 105,bone,0.07
189324,CHAPTER 105,buffalo,0.07
189884,CHAPTER 105,census,0.07
189900,CHAPTER 105,century,0.07
193641,CHAPTER 105,egyptian,0.07
194329,CHAPTER 105,exceed,0.07
195895,CHAPTER 105,generations,0.07
201292,CHAPTER 105,naturalists,0.07
201488,CHAPTER 105,noah,0.07
208481,CHAPTER 105,survive,0.07
208851,CHAPTER 105,tells,0.07
192045,CHAPTER 105,days,0.06
193025,CHAPTER 105,distinct,0.06
195207,CHAPTER 105,flood,0.06
196945,CHAPTER 105,herds,0.06
199224,CHAPTER 105,large,0.06
199480,CHAPTER 105,leviathan,0.06
199483,CHAPTER 105,leviathans,0.06
200430,CHAPTER 105,measure,0.06
200843,CHAPTER 105,modern,0.06
206082,CHAPTER 105,seas,0.06
206810,CHAPTER 105,skeleton,0.06
206870,CHAPTER 105,slain,0.06
208523,CHAPTER 105,swam,0.06
209207,CHAPTER 105,time,0.06
185660,CHAPTER 105,13,0.05
186607,CHAPTER 105,account,0.05
187015,CHAPTER 105,aldrovandus,0.05
187164,CHAPTER 105,americas,0.05
189343,CHAPTER 105,bulk,0.05
189578,CHAPTER 105,canadian,0.05
190290,CHAPTER 105,citadels,0.05
191329,CHAPTER 105,cooke,0.05
193363,CHAPTER 105,droves,0.05
194549,CHAPTER 105,exterminated,0.05
194551,CHAPTER 105,extermination,0.05
194659,CHAPTER 105,fallacious,0.05
194714,CHAPTER 105,far,0.05
194782,CHAPTER 105,fattest,0.05
195641,CHAPTER 105,frothed,0.05
196072,CHAPTER 105,globe,0.05
196120,CHAPTER 105,goa,0.05
196701,CHAPTER 105,harto,0.05
197320,CHAPTER 105,human,0.05
198500,CHAPTER 105,invasion,0.05
198522,CHAPTER 105,investigation,0.05
199099,CHAPTER 105,kremlin,0.05
199757,CHAPTER 105,longer,0.05
200506,CHAPTER 105,men,0.05
200524,CHAPTER 105,mentioned,0.05
200607,CHAPTER 105,metres,0.05
200823,CHAPTER 105,moccasined,0.05
200940,CHAPTER 105,months,0.05
201418,CHAPTER 105,netherlands,0.05
203338,CHAPTER 105,populousness,0.05
204433,CHAPTER 105,rats,0.05
204883,CHAPTER 105,remunerative,0.05
205249,CHAPTER 105,reydan,0.05
205819,CHAPTER 105,savannas,0.05
205982,CHAPTER 105,scowled,0.05
206199,CHAPTER 105,semiramis,0.05
206783,CHAPTER 105,siskur,0.05
206791,CHAPTER 105,sites,0.05
207176,CHAPTER 105,solander,0.05
207364,CHAPTER 105,species,0.05
207411,CHAPTER 105,sperm,0.05
207726,CHAPTER 105,statistically,0.05
208596,CHAPTER 105,swiss,0.05
209780,CHAPTER 105,tunnels,0.05
212084,CHAPTER 105,yards,0.05
212129,CHAPTER 105,yokes,0.05
185693,CHAPTER 105,1825,0.04
186554,CHAPTER 105,academy,0.04
186660,CHAPTER 105,acres,0.04
186689,CHAPTER 105,adamite,0.04
186698,CHAPTER 105,adding,0.04
186791,CHAPTER 105,adult,0.04
186913,CHAPTER 105,aggregated,0.04
186924,CHAPTER 105,agitated,0.04
186986,CHAPTER 105,alabama,0.04
187225,CHAPTER 105,ancestors,0.04
187293,CHAPTER 105,annually,0.04
187582,CHAPTER 105,armies,0.04
187686,CHAPTER 105,asia,0.04
187767,CHAPTER 105,assuredly,0.04
187824,CHAPTER 105,attaining,0.04
188208,CHAPTER 105,barriers,0.04
188249,CHAPTER 105,battalions,0.04
188417,CHAPTER 105,behring,0.04
188446,CHAPTER 105,bellies,0.04
189256,CHAPTER 105,broker,0.04
189285,CHAPTER 105,brows,0.04
189325,CHAPTER 105,buffaloes,0.04
189496,CHAPTER 105,cachalot,0.04
189649,CHAPTER 105,capitals,0.04
189684,CHAPTER 105,caravans,0.04
189784,CHAPTER 105,castle,0.04
189874,CHAPTER 105,cemeteries,0.04
190015,CHAPTER 105,charmed,0.04
190466,CHAPTER 105,clotted,0.04
190512,CHAPTER 105,coast,0.04
190796,CHAPTER 105,comparing,0.04
190797,CHAPTER 105,comparison,0.04
190924,CHAPTER 105,concerning,0.04
191193,CHAPTER 105,contemporary,0.04
191216,CHAPTER 105,continental,0.04
191217,CHAPTER 105,continents,0.04
191632,CHAPTER 105,credit,0.04
191650,CHAPTER 105,crest,0.04
191982,CHAPTER 105,danish,0.04
192040,CHAPTER 105,day,0.04
192112,CHAPTER 105,december,0.04
192145,CHAPTER 105,declining,0.04
192502,CHAPTER 105,despised,0.04
193146,CHAPTER 105,dollar,0.04
193656,CHAPTER 105,elaborate,0.04
193783,CHAPTER 105,embraced,0.04
193785,CHAPTER 105,embracing,0.04
193995,CHAPTER 105,enlivened,0.04
194224,CHAPTER 105,eternities,0.04
194245,CHAPTER 105,europe,0.04
194258,CHAPTER 105,evaporate,0.04
194330,CHAPTER 105,exceeded,0.04
194430,CHAPTER 105,exhumed,0.04
194456,CHAPTER 105,expatiate,0.04
194573,CHAPTER 105,extremely,0.04
194794,CHAPTER 105,favour,0.04
195072,CHAPTER 105,fitly,0.04
195202,CHAPTER 105,floes,0.04
195208,CHAPTER 105,flooded,0.04
195221,CHAPTER 105,floundering,0.04
195347,CHAPTER 105,forbids,0.04
195440,CHAPTER 105,formations,0.04
195464,CHAPTER 105,fortresses,0.04
195475,CHAPTER 105,fossil,0.04
195639,CHAPTER 105,frosty,0.04
196017,CHAPTER 105,glades,0.04
196036,CHAPTER 105,glassy,0.04
196220,CHAPTER 105,gradual,0.04
196309,CHAPTER 105,great,0.04
196627,CHAPTER 105,hannibal,0.04
196688,CHAPTER 105,harpooned,0.04
196752,CHAPTER 105,haunt,0.04
197063,CHAPTER 105,historian,0.04
197181,CHAPTER 105,hoof,0.04
197448,CHAPTER 105,iceland,0.04
197548,CHAPTER 105,imagining,0.04
197702,CHAPTER 105,impregnable,0.04
197960,CHAPTER 105,individuality,0.04
198085,CHAPTER 105,influenced,0.04
198109,CHAPTER 105,inglorious,0.04
198194,CHAPTER 105,inquired,0.04
198971,CHAPTER 105,kentuckian,0.04
199019,CHAPTER 105,kine,0.04
199133,CHAPTER 105,lacépède,0.04
199431,CHAPTER 105,length,0.04
199712,CHAPTER 105,lockers,0.04
199759,CHAPTER 105,longevity,0.04
200141,CHAPTER 105,man,0.04
200158,CHAPTER 105,manes,0.04
200784,CHAPTER 105,missouri,0.04
200893,CHAPTER 105,monarchs,0.04
200961,CHAPTER 105,moot,0.04
201127,CHAPTER 105,mummies,0.04
201291,CHAPTER 105,naturalist,0.04
201479,CHAPTER 105,nineveh,0.04
201800,CHAPTER 105,oftener,0.04
201818,CHAPTER 105,oldest,0.04
201841,CHAPTER 105,omniscient,0.04
202021,CHAPTER 105,outlast,0.04
202128,CHAPTER 105,overspread,0.04
202450,CHAPTER 105,pasture,0.04
202636,CHAPTER 105,penetrating,0.04
202689,CHAPTER 105,peremptorily,0.04
202720,CHAPTER 105,periods,0.04
202722,CHAPTER 105,perishable,0.04
202847,CHAPTER 105,pharaoh,0.04
203336,CHAPTER 105,population,0.04
203337,CHAPTER 105,populous,0.04
203383,CHAPTER 105,porus,0.04
203388,CHAPTER 105,positive,0.04
203484,CHAPTER 105,prairies,0.04
203742,CHAPTER 105,prize,0.04
203868,CHAPTER 105,promontory,0.04
203917,CHAPTER 105,proportions,0.04
204038,CHAPTER 105,puff,0.04
204595,CHAPTER 105,recondite,0.04
204729,CHAPTER 105,region,0.04
204730,CHAPTER 105,regions,0.04
204785,CHAPTER 105,relative,0.04
204875,CHAPTER 105,remoter,0.04
204886,CHAPTER 105,render,0.04
205071,CHAPTER 105,resort,0.04
205166,CHAPTER 105,retreated,0.04
205920,CHAPTER 105,schools,0.04
205925,CHAPTER 105,sciences,0.04
206044,CHAPTER 105,sculptured,0.04
206186,CHAPTER 105,sells,0.04
206271,CHAPTER 105,seriously,0.04
206298,CHAPTER 105,sets,0.04
206503,CHAPTER 105,ships,0.04
206639,CHAPTER 105,siam,0.04
206781,CHAPTER 105,sires,0.04
206790,CHAPTER 105,site,0.04
207034,CHAPTER 105,smithfield,0.04
207145,CHAPTER 105,socks,0.04
207211,CHAPTER 105,solitaries,0.04
207400,CHAPTER 105,speedy,0.04
207651,CHAPTER 105,stall,0.04
207709,CHAPTER 105,stated,0.04
207951,CHAPTER 105,strand,0.04
208320,CHAPTER 105,suns,0.04
208662,CHAPTER 105,tablets,0.04
208738,CHAPTER 105,tape,0.04
208857,CHAPTER 105,temperate,0.04
208906,CHAPTER 105,tens,0.04
208970,CHAPTER 105,thames,0.04
209077,CHAPTER 105,thousand,0.04
209357,CHAPTER 105,topmost,0.04
209556,CHAPTER 105,trappers,0.04
209761,CHAPTER 105,tuileries,0.04
210230,CHAPTER 105,unfamiliar,0.04
210266,CHAPTER 105,unfrequent,0.04
210932,CHAPTER 105,vaults,0.04
211084,CHAPTER 105,views,0.04
211454,CHAPTER 105,waters,0.04
211586,CHAPTER 105,whaleman,0.04
211732,CHAPTER 105,wilderness,0.04
211778,CHAPTER 105,windsor,0.04
211916,CHAPTER 105,work,0.04
212124,CHAPTER 105,yielding,0.04
186501,CHAPTER 105,abounding,0.03
186613,CHAPTER 105,accounts,0.03
186687,CHAPTER 105,adam,0.03
186752,CHAPTER 105,admit,0.03
186886,CHAPTER 105,africa,0.03
186897,CHAPTER 105,age,0.03
187163,CHAPTER 105,americans,0.03
187235,CHAPTER 105,ancient,0.03
187558,CHAPTER 105,aright,0.03
187574,CHAPTER 105,ark,0.03
187914,CHAPTER 105,authority,0.03
188134,CHAPTER 105,banks,0.03
188390,CHAPTER 105,beginning,0.03
188456,CHAPTER 105,belonging,0.03
188592,CHAPTER 105,bid,0.03
188600,CHAPTER 105,big,0.03
188877,CHAPTER 105,bodies,0.03
188895,CHAPTER 105,bold,0.03
189142,CHAPTER 105,bred,0.03
189253,CHAPTER 105,broke,0.03
189409,CHAPTER 105,buried,0.03
189676,CHAPTER 105,capture,0.03
189677,CHAPTER 105,captured,0.03
189833,CHAPTER 105,cause,0.03
190131,CHAPTER 105,children,0.03
190246,CHAPTER 105,circle,0.03
190423,CHAPTER 105,climes,0.03
190514,CHAPTER 105,coasts,0.03
190565,CHAPTER 105,coffins,0.03
190676,CHAPTER 105,combined,0.03
190904,CHAPTER 105,conceit,0.03
190933,CHAPTER 105,conclude,0.03
190934,CHAPTER 105,concluded,0.03
191098,CHAPTER 105,consequence,0.03
191105,CHAPTER 105,consider,0.03
191111,CHAPTER 105,considerations,0.03
191112,CHAPTER 105,considered,0.03
191493,CHAPTER 105,countless,0.03
191623,CHAPTER 105,creation,0.03
192704,CHAPTER 105,diminished,0.03
193097,CHAPTER 105,diving,0.03
193281,CHAPTER 105,drawers,0.03
193288,CHAPTER 105,drawn,0.03
193339,CHAPTER 105,driven,0.03
193506,CHAPTER 105,earlier,0.03
193531,CHAPTER 105,east,0.03
193874,CHAPTER 105,encountered,0.03
193916,CHAPTER 105,endure,0.03
194002,CHAPTER 105,enormous,0.03
194115,CHAPTER 105,equal,0.03
194118,CHAPTER 105,equally,0.03
194122,CHAPTER 105,equatorial,0.03
194221,CHAPTER 105,eternal,0.03
194275,CHAPTER 105,everlasting,0.03
194320,CHAPTER 105,example,0.03
194686,CHAPTER 105,family,0.03
194758,CHAPTER 105,fat,0.03
194837,CHAPTER 105,fed,0.03
194964,CHAPTER 105,fields,0.03
195044,CHAPTER 105,firm,0.03
195562,CHAPTER 105,french,0.03
195708,CHAPTER 105,furnished,0.03
195716,CHAPTER 105,furthermore,0.03
195741,CHAPTER 105,gain,0.03
195920,CHAPTER 105,gentlemen,0.03
196008,CHAPTER 105,gives,0.03
196289,CHAPTER 105,grave,0.03
196404,CHAPTER 105,grounds,0.03
197068,CHAPTER 105,history,0.03
197125,CHAPTER 105,holland,0.03
197214,CHAPTER 105,horn,0.03
197237,CHAPTER 105,horse,0.03
197251,CHAPTER 105,host,0.03
197372,CHAPTER 105,hunt,0.03
197454,CHAPTER 105,icy,0.03
197571,CHAPTER 105,immense,0.03
197581,CHAPTER 105,immortal,0.03
197769,CHAPTER 105,inasmuch,0.03
197797,CHAPTER 105,inch,0.03
197878,CHAPTER 105,incredulous,0.03
198199,CHAPTER 105,inquiry,0.03
198608,CHAPTER 105,irresistible,0.03
198640,CHAPTER 105,isles,0.03
198762,CHAPTER 105,jets,0.03
199174,CHAPTER 105,lances,0.03
199229,CHAPTER 105,largest,0.03
199531,CHAPTER 105,lifetime,0.03
199748,CHAPTER 105,london,0.03
199755,CHAPTER 105,long,0.03
199767,CHAPTER 105,look,0.03
200379,CHAPTER 105,matter,0.03
200431,CHAPTER 105,measured,0.03
200491,CHAPTER 105,member,0.03
201048,CHAPTER 105,mountains,0.03
201050,CHAPTER 105,mounted,0.03
201250,CHAPTER 105,nantucketers,0.03
201351,CHAPTER 105,need,0.03
201564,CHAPTER 105,noticed,0.03
201601,CHAPTER 105,numbers,0.03
201605,CHAPTER 105,numerous,0.03
201848,CHAPTER 105,ones,0.03
201892,CHAPTER 105,opposing,0.03
201955,CHAPTER 105,original,0.03
202046,CHAPTER 105,outs,0.03
202156,CHAPTER 105,owing,0.03
202197,CHAPTER 105,page,0.03
202443,CHAPTER 105,past,0.03
202869,CHAPTER 105,philosophers,0.03
203006,CHAPTER 105,pipe,0.03
203261,CHAPTER 105,polar,0.03
203275,CHAPTER 105,polite,0.03
203502,CHAPTER 105,pre,0.03
203654,CHAPTER 105,presumed,0.03
203725,CHAPTER 105,prior,0.03
203747,CHAPTER 105,probability,0.03
203749,CHAPTER 105,probably,0.03
203850,CHAPTER 105,prolonged,0.03
203973,CHAPTER 105,prove,0.03
204031,CHAPTER 105,published,0.03
204131,CHAPTER 105,pursuit,0.03
204498,CHAPTER 105,rearing,0.03
204541,CHAPTER 105,recently,0.03
204872,CHAPTER 105,remorseless,0.03
204876,CHAPTER 105,remotest,0.03
205368,CHAPTER 105,rise,0.03
205389,CHAPTER 105,river,0.03
205662,CHAPTER 105,safety,0.03
205894,CHAPTER 105,scattered,0.03
206106,CHAPTER 105,secret,0.03
206244,CHAPTER 105,separated,0.03
206301,CHAPTER 105,setting,0.03
206533,CHAPTER 105,shook,0.03
206806,CHAPTER 105,size,0.03
206807,CHAPTER 105,sized,0.03
206823,CHAPTER 105,skies,0.03
207039,CHAPTER 105,smoke,0.03
207354,CHAPTER 105,spear,0.03
207377,CHAPTER 105,spectacle,0.03
207697,CHAPTER 105,startled,0.03
207914,CHAPTER 105,stories,0.03
207950,CHAPTER 105,straits,0.03
208209,CHAPTER 105,successive,0.03
208321,CHAPTER 105,sunset,0.03
208359,CHAPTER 105,superior,0.03
208584,CHAPTER 105,swim,0.03
208972,CHAPTER 105,thank,0.03
209825,CHAPTER 105,twice,0.03
209888,CHAPTER 105,ultimate,0.03
210104,CHAPTER 105,understand,0.03
210878,CHAPTER 105,valleys,0.03
211142,CHAPTER 105,virgin,0.03
211256,CHAPTER 105,voyages,0.03
211324,CHAPTER 105,walks,0.03
211334,CHAPTER 105,walls,0.03
211621,CHAPTER 105,wherefore,0.03
211714,CHAPTER 105,widely,0.03
211870,CHAPTER 105,women,0.03
211927,CHAPTER 105,world,0.03
212008,CHAPTER 105,wrinkled,0.03
186796,CHAPTER 105,advance,0.02
187041,CHAPTER 105,alive,0.02
188432,CHAPTER 105,believe,0.02
188965,CHAPTER 105,born,0.02
189642,CHAPTER 105,cape,0.02
189743,CHAPTER 105,carry,0.02
189908,CHAPTER 105,certain,0.02
189985,CHAPTER 105,chapter,0.02
190032,CHAPTER 105,chase,0.02
190280,CHAPTER 105,circumstance,0.02
190692,CHAPTER 105,comes,0.02
191508,CHAPTER 105,course,0.02
191629,CHAPTER 105,creatures,0.02
192009,CHAPTER 105,darted,0.02
192236,CHAPTER 105,degree,0.02
192663,CHAPTER 105,different,0.02
193129,CHAPTER 105,does,0.02
193219,CHAPTER 105,doubt,0.02
193887,CHAPTER 105,end,0.02
194171,CHAPTER 105,escape,0.02
194606,CHAPTER 105,face,0.02
194617,CHAPTER 105,fact,0.02
195008,CHAPTER 105,final,0.02
195053,CHAPTER 105,fish,0.02
195361,CHAPTER 105,forecastle,0.02
195890,CHAPTER 105,generally,0.02
196132,CHAPTER 105,god,0.02
196693,CHAPTER 105,harpoons,0.02
196793,CHAPTER 105,heads,0.02
196811,CHAPTER 105,heard,0.02
197004,CHAPTER 105,high,0.02
197139,CHAPTER 105,home,0.02
197265,CHAPTER 105,hour,0.02
197376,CHAPTER 105,hunters,0.02
197455,CHAPTER 105,idea,0.02
197917,CHAPTER 105,indian,0.02
198270,CHAPTER 105,instead,0.02
198584,CHAPTER 105,iron,0.02
198932,CHAPTER 105,just,0.02
198996,CHAPTER 105,kill,0.02
199020,CHAPTER 105,king,0.02
199176,CHAPTER 105,land,0.02
199251,CHAPTER 105,late,0.02
199538,CHAPTER 105,light,0.02
199556,CHAPTER 105,like,0.02
199652,CHAPTER 105,live,0.02
199668,CHAPTER 105,living,0.02
200100,CHAPTER 105,make,0.02
200331,CHAPTER 105,mast,0.02
200625,CHAPTER 105,middle,0.02
201290,CHAPTER 105,natural,0.02
201294,CHAPTER 105,nature,0.02
201316,CHAPTER 105,near,0.02
201433,CHAPTER 105,new,0.02
201807,CHAPTER 105,oil,0.02
203077,CHAPTER 105,plainly,0.02
203240,CHAPTER 105,point,0.02
203536,CHAPTER 105,precisely,0.02
203685,CHAPTER 105,previous,0.02
204501,CHAPTER 105,reason,0.02
204827,CHAPTER 105,remain,0.02
205308,CHAPTER 105,right,0.02
205474,CHAPTER 105,rope,0.02
205678,CHAPTER 105,sailing,0.02
205842,CHAPTER 105,say,0.02
206369,CHAPTER 105,shall,0.02
206548,CHAPTER 105,short,0.02
207229,CHAPTER 105,somewhat,0.02
207244,CHAPTER 105,soon,0.02
207539,CHAPTER 105,spout,0.02
208424,CHAPTER 105,sure,0.02
208847,CHAPTER 105,tell,0.02
209033,CHAPTER 105,think,0.02
209144,CHAPTER 105,thunder,0.02
209339,CHAPTER 105,took,0.02
210925,CHAPTER 105,vast,0.02
211587,CHAPTER 105,whalemen,0.02
211713,CHAPTER 105,wide,0.02
211884,CHAPTER 105,wondrous,0.02
189540,CHAPTER 105,called,0.01
190686,CHAPTER 105,come,0.01
196159,CHAPTER 105,good,0.01
196781,CHAPTER 105,head,0.01
199647,CHAPTER 105,little,0.01
201815,CHAPTER 105,old,0.01
206055,CHAPTER 105,sea,0.01
206151,CHAPTER 105,seen,0.01
206493,CHAPTER 105,ship,0.01
207008,CHAPTER 105,small,0.01
209032,CHAPTER 105,things,0.01
211445,CHAPTER 105,water,0.01
