,chapter,term,tfidf
2795143,CHAPTER 72,ginger,0.52
2803366,CHAPTER 72,queequeg,0.25
2800064,CHAPTER 72,monkey,0.18
2806473,CHAPTER 72,spades,0.15
2802479,CHAPTER 72,poor,0.13
2804630,CHAPTER 72,rope,0.13
2805562,CHAPTER 72,sharks,0.13
2806975,CHAPTER 72,steward,0.13
2795845,CHAPTER 72,harpooneer,0.12
2810735,CHAPTER 72,whale,0.12
2797906,CHAPTER 72,jerked,0.11
2786547,CHAPTER 72,apothecary,0.1
2805957,CHAPTER 72,situation,0.1
2790978,CHAPTER 72,cup,0.09
2792382,CHAPTER 72,dough,0.08
2795767,CHAPTER 72,hands,0.08
2798025,CHAPTER 72,jub,0.08
2806838,CHAPTER 72,starbuck,0.08
2787049,CHAPTER 72,aunt,0.07
2796225,CHAPTER 72,hit,0.07
2796265,CHAPTER 72,holder,0.07
2796339,CHAPTER 72,hook,0.07
2805796,CHAPTER 72,siamese,0.07
2787649,CHAPTER 72,benevolent,0.06
2789165,CHAPTER 72,charity,0.06
2790524,CHAPTER 72,cord,0.06
2802408,CHAPTER 72,poison,0.06
2802464,CHAPTER 72,pondering,0.06
2806426,CHAPTER 72,sort,0.06
2807214,CHAPTER 72,stubb,0.06
2808989,CHAPTER 72,twin,0.06
2787723,CHAPTER 72,better,0.05
2787955,CHAPTER 72,blood,0.05
2788195,CHAPTER 72,boy,0.05
2788431,CHAPTER 72,brother,0.05
2788595,CHAPTER 72,business,0.05
2788789,CHAPTER 72,canvas,0.05
2793900,CHAPTER 72,fast,0.05
2795710,CHAPTER 72,half,0.05
2795752,CHAPTER 72,handed,0.05
2798683,CHAPTER 72,life,0.05
2799942,CHAPTER 72,mistake,0.05
2800242,CHAPTER 72,mr,0.05
2800932,CHAPTER 72,offer,0.05
2805934,CHAPTER 72,sir,0.05
2806175,CHAPTER 72,smell,0.05
2806626,CHAPTER 72,spirits,0.05
2808144,CHAPTER 72,theirs,0.05
2809967,CHAPTER 72,usage,0.05
2810514,CHAPTER 72,want,0.05
2810515,CHAPTER 72,wanted,0.05
2810596,CHAPTER 72,watching,0.05
2811254,CHAPTER 72,ye,0.05
2785850,CHAPTER 72,added,0.04
2787287,CHAPTER 72,banker,0.04
2787514,CHAPTER 72,beehive,0.04
2787825,CHAPTER 72,bitters,0.04
2788708,CHAPTER 72,calomel,0.04
2788843,CHAPTER 72,carcass,0.04
2788876,CHAPTER 72,carnivorous,0.04
2788921,CHAPTER 72,cases,0.04
2789726,CHAPTER 72,cognac,0.04
2790280,CHAPTER 72,consolatory,0.04
2791054,CHAPTER 72,cutting,0.04
2791731,CHAPTER 72,devil,0.04
2792632,CHAPTER 72,duty,0.04
2793285,CHAPTER 72,equity,0.04
2794197,CHAPTER 72,firewood,0.04
2794317,CHAPTER 72,flensing,0.04
2794378,CHAPTER 72,flounders,0.04
2795145,CHAPTER 72,gingerly,0.04
2795296,CHAPTER 72,gods,0.04
2796272,CHAPTER 72,hole,0.04
2796884,CHAPTER 72,improvement,0.04
2797096,CHAPTER 72,indiscreet,0.04
2797383,CHAPTER 72,inserted,0.04
2797463,CHAPTER 72,insurances,0.04
2797850,CHAPTER 72,jalap,0.04
2798098,CHAPTER 72,kannakin,0.04
2798677,CHAPTER 72,lies,0.04
2798693,CHAPTER 72,ligature,0.04
2799477,CHAPTER 72,mass,0.04
2799896,CHAPTER 72,miscellaneously,0.04
2800153,CHAPTER 72,mortal,0.04
2800247,CHAPTER 72,muddled,0.04
2801111,CHAPTER 72,original,0.04
2802370,CHAPTER 72,plurality,0.04
2802557,CHAPTER 72,possibly,0.04
2803441,CHAPTER 72,rabid,0.04
2803603,CHAPTER 72,ravenous,0.04
2804317,CHAPTER 72,retrace,0.04
2805001,CHAPTER 72,saying,0.04
2805141,CHAPTER 72,scrabble,0.04
2805559,CHAPTER 72,shark,0.04
2807195,CHAPTER 72,strong,0.04
2807564,CHAPTER 72,suppose,0.04
2808377,CHAPTER 72,tinder,0.04
2809584,CHAPTER 72,unmerited,0.04
2809839,CHAPTER 72,untasted,0.04
2810667,CHAPTER 72,weazel,0.04
2785759,CHAPTER 72,accordingly,0.03
2785908,CHAPTER 72,admit,0.03
2785955,CHAPTER 72,advances,0.03
2785957,CHAPTER 72,advantage,0.03
2786022,CHAPTER 72,afford,0.03
2786238,CHAPTER 72,allured,0.03
2786348,CHAPTER 72,amputating,0.03
2786525,CHAPTER 72,ape,0.03
2786571,CHAPTER 72,appeared,0.03
2786931,CHAPTER 72,astonished,0.03
2786991,CHAPTER 72,attend,0.03
2786996,CHAPTER 72,attending,0.03
2787018,CHAPTER 72,attracted,0.03
2787150,CHAPTER 72,aye,0.03
2787184,CHAPTER 72,backwards,0.03
2787190,CHAPTER 72,bade,0.03
2787517,CHAPTER 72,bees,0.03
2787530,CHAPTER 72,befriend,0.03
2787589,CHAPTER 72,believed,0.03
2787618,CHAPTER 72,belt,0.03
2787619,CHAPTER 72,belted,0.03
2788073,CHAPTER 72,bond,0.03
2788186,CHAPTER 72,bowsman,0.03
2788281,CHAPTER 72,breaks,0.03
2788291,CHAPTER 72,breathes,0.03
2788657,CHAPTER 72,caddy,0.03
2788720,CHAPTER 72,came,0.03
2788994,CHAPTER 72,caution,0.03
2789114,CHAPTER 72,chances,0.03
2789230,CHAPTER 72,cheer,0.03
2789232,CHAPTER 72,cheerful,0.03
2789577,CHAPTER 72,climbs,0.03
2789661,CHAPTER 72,coal,0.03
2790050,CHAPTER 72,comrade,0.03
2790064,CHAPTER 72,conceive,0.03
2790227,CHAPTER 72,connexion,0.03
2790337,CHAPTER 72,contained,0.03
2790602,CHAPTER 72,costume,0.03
2790657,CHAPTER 72,couple,0.03
2790660,CHAPTER 72,courage,0.03
2790817,CHAPTER 72,cried,0.03
2791127,CHAPTER 72,dancing,0.03
2791134,CHAPTER 72,dangerous,0.03
2791209,CHAPTER 72,dead,0.03
2791456,CHAPTER 72,demanded,0.03
2791602,CHAPTER 72,description,0.03
2791802,CHAPTER 72,did,0.03
2791923,CHAPTER 72,disaster,0.03
2792053,CHAPTER 72,disinterested,0.03
2792185,CHAPTER 72,distinctly,0.03
2792492,CHAPTER 72,dripping,0.03
2792527,CHAPTER 72,drug,0.03
2792669,CHAPTER 72,earnestly,0.03
2792876,CHAPTER 72,elongated,0.03
2793051,CHAPTER 72,endeavors,0.03
2793178,CHAPTER 72,entailed,0.03
2793443,CHAPTER 72,evil,0.03
2793498,CHAPTER 72,excepting,0.03
2793570,CHAPTER 72,exhausted,0.03
2793673,CHAPTER 72,exposed,0.03
2793812,CHAPTER 72,faithfulness,0.03
2794019,CHAPTER 72,feet,0.03
2794036,CHAPTER 72,fellow,0.03
2794060,CHAPTER 72,ferocious,0.03
2794143,CHAPTER 72,figured,0.03
2794377,CHAPTER 72,floundering,0.03
2794381,CHAPTER 72,flourished,0.03
2794388,CHAPTER 72,flow,0.03
2794438,CHAPTER 72,foes,0.03
2794628,CHAPTER 72,forward,0.03
2794629,CHAPTER 72,forwards,0.03
2794738,CHAPTER 72,freshly,0.03
2794813,CHAPTER 72,fuel,0.03
2794990,CHAPTER 72,gasp,0.03
2794992,CHAPTER 72,gasping,0.03
2795128,CHAPTER 72,gift,0.03
2795318,CHAPTER 72,goodness,0.03
2795536,CHAPTER 72,grog,0.03
2795551,CHAPTER 72,gross,0.03
2795591,CHAPTER 72,guarantee,0.03
2795637,CHAPTER 72,gunpowder,0.03
2795798,CHAPTER 72,happiness,0.03
2795872,CHAPTER 72,hasty,0.03
2796027,CHAPTER 72,heedfully,0.03
2796083,CHAPTER 72,hempen,0.03
2796163,CHAPTER 72,highland,0.03
2796507,CHAPTER 72,humorously,0.03
2796552,CHAPTER 72,hurt,0.03
2796689,CHAPTER 72,image,0.03
2796723,CHAPTER 72,immediate,0.03
2796798,CHAPTER 72,imperilled,0.03
2796949,CHAPTER 72,incessant,0.03
2797031,CHAPTER 72,incredible,0.03
2797034,CHAPTER 72,incredulous,0.03
2797116,CHAPTER 72,individuality,0.03
2797307,CHAPTER 72,injustice,0.03
2797332,CHAPTER 72,innocent,0.03
2797380,CHAPTER 72,inseparable,0.03
2797561,CHAPTER 72,interregnum,0.03
2797621,CHAPTER 72,introduced,0.03
2797813,CHAPTER 72,italian,0.03
2797852,CHAPTER 72,jam,0.03
2797856,CHAPTER 72,jamming,0.03
2797903,CHAPTER 72,jeopardy,0.03
2797905,CHAPTER 72,jerk,0.03
2797971,CHAPTER 72,joint,0.03
2798088,CHAPTER 72,just,0.03
2798113,CHAPTER 72,keenly,0.03
2798165,CHAPTER 72,kindle,0.03
2798520,CHAPTER 72,leather,0.03
2798647,CHAPTER 72,liabilities,0.03
2798868,CHAPTER 72,lockers,0.03
2799026,CHAPTER 72,lucifer,0.03
2799297,CHAPTER 72,man,0.03
2799304,CHAPTER 72,management,0.03
2799480,CHAPTER 72,massacre,0.03
2799511,CHAPTER 72,matches,0.03
2799548,CHAPTER 72,maw,0.03
2799611,CHAPTER 72,medicine,0.03
2799701,CHAPTER 72,merged,0.03
2799745,CHAPTER 72,metaphysically,0.03
2799916,CHAPTER 72,misfortune,0.03
2800186,CHAPTER 72,motions,0.03
2800229,CHAPTER 72,movement,0.03
2800274,CHAPTER 72,multitudinous,0.03
2800289,CHAPTER 72,murder,0.03
2800472,CHAPTER 72,near,0.03
2800847,CHAPTER 72,observe,0.03
2800875,CHAPTER 72,occasion,0.03
2801027,CHAPTER 72,operated,0.03
2801030,CHAPTER 72,operation,0.03
2801094,CHAPTER 72,organ,0.03
2801719,CHAPTER 72,peculiarly,0.03
2801753,CHAPTER 72,peering,0.03
2801817,CHAPTER 72,pent,0.03
2801829,CHAPTER 72,perceive,0.03
2802069,CHAPTER 72,pickle,0.03
2802082,CHAPTER 72,pie,0.03
2802130,CHAPTER 72,pills,0.03
2802365,CHAPTER 72,plunge,0.03
2802653,CHAPTER 72,prayed,0.03
2802913,CHAPTER 72,procedure,0.03
2802919,CHAPTER 72,proceeds,0.03
2803111,CHAPTER 72,protection,0.03
2803136,CHAPTER 72,provided,0.03
2803137,CHAPTER 72,providence,0.03
2803203,CHAPTER 72,pulled,0.03
2803567,CHAPTER 72,rascal,0.03
2803652,CHAPTER 72,reappeared,0.03
2803825,CHAPTER 72,referred,0.03
2804105,CHAPTER 72,replied,0.03
2804163,CHAPTER 72,require,0.03
2804397,CHAPTER 72,revolves,0.03
2804436,CHAPTER 72,rid,0.03
2804806,CHAPTER 72,sad,0.03
2804971,CHAPTER 72,savage,0.03
2804990,CHAPTER 72,saw,0.03
2804998,CHAPTER 72,say,0.03
2805144,CHAPTER 72,scramble,0.03
2805211,CHAPTER 72,sea,0.03
2805255,CHAPTER 72,second,0.03
2805361,CHAPTER 72,sends,0.03
2805649,CHAPTER 72,ship,0.03
2805669,CHAPTER 72,shirt,0.03
2805673,CHAPTER 72,shivering,0.03
2806022,CHAPTER 72,slacked,0.03
2806048,CHAPTER 72,slaughtered,0.03
2806091,CHAPTER 72,sliding,0.03
2806223,CHAPTER 72,snap,0.03
2806240,CHAPTER 72,sneaking,0.03
2806297,CHAPTER 72,society,0.03
2806301,CHAPTER 72,socks,0.03
2806786,CHAPTER 72,stages,0.03
2806900,CHAPTER 72,staying,0.03
2806933,CHAPTER 72,steep,0.03
2807024,CHAPTER 72,stock,0.03
2807062,CHAPTER 72,store,0.03
2807102,CHAPTER 72,straining,0.03
2807171,CHAPTER 72,strip,0.03
2807177,CHAPTER 72,stripping,0.03
2807197,CHAPTER 72,strongest,0.03
2807292,CHAPTER 72,submerged,0.03
2807659,CHAPTER 72,suspiciously,0.03
2807688,CHAPTER 72,swarmed,0.03
2807701,CHAPTER 72,swaying,0.03
2807728,CHAPTER 72,swell,0.03
2807965,CHAPTER 72,tea,0.03
2807966,CHAPTER 72,teach,0.03
2807985,CHAPTER 72,technically,0.03
2808012,CHAPTER 72,temperance,0.03
2808071,CHAPTER 72,tepid,0.03
2808248,CHAPTER 72,threaten,0.03
2808734,CHAPTER 72,tread,0.03
2808760,CHAPTER 72,trembling,0.03
2808886,CHAPTER 72,trust,0.03
2808928,CHAPTER 72,tumultuous,0.03
2809082,CHAPTER 72,unappalled,0.03
2809517,CHAPTER 72,united,0.03
2809792,CHAPTER 72,unsounded,0.03
2810241,CHAPTER 72,vigilance,0.03
2810478,CHAPTER 72,walked,0.03
2810516,CHAPTER 72,wantest,0.03
2810601,CHAPTER 72,water,0.03
2810627,CHAPTER 72,way,0.03
2810672,CHAPTER 72,wedded,0.03
2810701,CHAPTER 72,weighty,0.03
2810745,CHAPTER 72,whalers,0.03
2810783,CHAPTER 72,wherewith,0.03
2811181,CHAPTER 72,wrong,0.03
2811282,CHAPTER 72,yojo,0.03
2811308,CHAPTER 72,zeal,0.03
2786277,CHAPTER 72,altogether,0.02
2786628,CHAPTER 72,approaching,0.02
2786845,CHAPTER 72,aside,0.02
2786846,CHAPTER 72,ask,0.02
2786848,CHAPTER 72,asked,0.02
2786970,CHAPTER 72,attached,0.02
2787534,CHAPTER 72,began,0.02
2787635,CHAPTER 72,beneath,0.02
2787691,CHAPTER 72,best,0.02
2787975,CHAPTER 72,blows,0.02
2787976,CHAPTER 72,blubber,0.02
2787980,CHAPTER 72,blue,0.02
2788004,CHAPTER 72,board,0.02
2788170,CHAPTER 72,bow,0.02
2788200,CHAPTER 72,boys,0.02
2788280,CHAPTER 72,breaking,0.02
2788392,CHAPTER 72,broad,0.02
2788435,CHAPTER 72,brought,0.02
2788696,CHAPTER 72,called,0.02
2788705,CHAPTER 72,calmly,0.02
2788758,CHAPTER 72,cannibal,0.02
2789085,CHAPTER 72,chains,0.02
2789111,CHAPTER 72,chance,0.02
2789436,CHAPTER 72,circumstance,0.02
2789438,CHAPTER 72,circumstances,0.02
2789604,CHAPTER 72,close,0.02
2789647,CHAPTER 72,clumsy,0.02
2789842,CHAPTER 72,come,0.02
2789863,CHAPTER 72,coming,0.02
2789946,CHAPTER 72,company,0.02
2790090,CHAPTER 72,concluded,0.02
2790378,CHAPTER 72,continually,0.02
2790627,CHAPTER 72,countenance,0.02
2790785,CHAPTER 72,creatures,0.02
2791044,CHAPTER 72,cut,0.02
2791085,CHAPTER 72,daggoo,0.02
2791152,CHAPTER 72,dark,0.02
2791225,CHAPTER 72,dear,0.02
2791324,CHAPTER 72,deemed,0.02
2791590,CHAPTER 72,descend,0.02
2791806,CHAPTER 72,die,0.02
2792332,CHAPTER 72,don,0.02
2792409,CHAPTER 72,drag,0.02
2792476,CHAPTER 72,drew,0.02
2792521,CHAPTER 72,drowned,0.02
2793068,CHAPTER 72,ends,0.02
2793209,CHAPTER 72,entirely,0.02
2793327,CHAPTER 72,escape,0.02
2793487,CHAPTER 72,exceeding,0.02
2793750,CHAPTER 72,eyes,0.02
2793814,CHAPTER 72,fall,0.02
2794177,CHAPTER 72,finger,0.02
2794216,CHAPTER 72,fishery,0.02
2794237,CHAPTER 72,fixed,0.02
2794278,CHAPTER 72,flask,0.02
2794570,CHAPTER 72,forget,0.02
2794703,CHAPTER 72,free,0.02
2794708,CHAPTER 72,freely,0.02
2794746,CHAPTER 72,friend,0.02
2794750,CHAPTER 72,friends,0.02
2795011,CHAPTER 72,gave,0.02
2795162,CHAPTER 72,given,0.02
2795180,CHAPTER 72,glance,0.02
2795343,CHAPTER 72,got,0.02
2795557,CHAPTER 72,ground,0.02
2795762,CHAPTER 72,handle,0.02
2795846,CHAPTER 72,harpooneers,0.02
2796147,CHAPTER 72,hidden,0.02
2796200,CHAPTER 72,hinted,0.02
2796269,CHAPTER 72,holding,0.02
2796319,CHAPTER 72,honor,0.02
2796352,CHAPTER 72,hope,0.02
2796414,CHAPTER 72,hot,0.02
2797420,CHAPTER 72,instant,0.02
2797426,CHAPTER 72,instead,0.02
2797718,CHAPTER 72,involuntarily,0.02
2798110,CHAPTER 72,keen,0.02
2798290,CHAPTER 72,lad,0.02
2798549,CHAPTER 72,leg,0.02
2798629,CHAPTER 72,level,0.02
2798712,CHAPTER 72,like,0.02
2798774,CHAPTER 72,lips,0.02
2798821,CHAPTER 72,lives,0.02
2798829,CHAPTER 72,ll,0.02
2798923,CHAPTER 72,look,0.02
2799514,CHAPTER 72,mate,0.02
2799522,CHAPTER 72,mates,0.02
2799536,CHAPTER 72,matters,0.02
2799584,CHAPTER 72,meant,0.02
2799680,CHAPTER 72,mentioned,0.02
2800083,CHAPTER 72,monster,0.02
2800158,CHAPTER 72,mortals,0.02
2800427,CHAPTER 72,narrow,0.02
2800474,CHAPTER 72,nearer,0.02
2800784,CHAPTER 72,oar,0.02
2800848,CHAPTER 72,observed,0.02
2800877,CHAPTER 72,occasionally,0.02
2800897,CHAPTER 72,ocean,0.02
2801082,CHAPTER 72,order,0.02
2801086,CHAPTER 72,orders,0.02
2801228,CHAPTER 72,overboard,0.02
2801554,CHAPTER 72,particular,0.02
2801569,CHAPTER 72,parts,0.02
2801866,CHAPTER 72,peril,0.02
2801867,CHAPTER 72,perilous,0.02
2801929,CHAPTER 72,person,0.02
2802377,CHAPTER 72,pocket,0.02
2802556,CHAPTER 72,possible,0.02
2802684,CHAPTER 72,precious,0.02
2802691,CHAPTER 72,precise,0.02
2802782,CHAPTER 72,presently,0.02
2802843,CHAPTER 72,prey,0.02
2802915,CHAPTER 72,proceed,0.02
2803270,CHAPTER 72,purpose,0.02
2803292,CHAPTER 72,pushed,0.02
2803379,CHAPTER 72,question,0.02
2803620,CHAPTER 72,reach,0.02
2803691,CHAPTER 72,received,0.02
2803983,CHAPTER 72,remain,0.02
2804524,CHAPTER 72,rise,0.02
2804598,CHAPTER 72,rolling,0.02
2804656,CHAPTER 72,round,0.02
2804751,CHAPTER 72,run,0.02
2804754,CHAPTER 72,running,0.02
2804828,CHAPTER 72,said,0.02
2805053,CHAPTER 72,scene,0.02
2805307,CHAPTER 72,seen,0.02
2805329,CHAPTER 72,seldom,0.02
2805525,CHAPTER 72,shall,0.02
2805563,CHAPTER 72,sharp,0.02
2805713,CHAPTER 72,shot,0.02
2805919,CHAPTER 72,sink,0.02
2806141,CHAPTER 72,slowly,0.02
2806514,CHAPTER 72,special,0.02
2806831,CHAPTER 72,stands,0.02
2807199,CHAPTER 72,strongly,0.02
2807237,CHAPTER 72,stuff,0.02
2807379,CHAPTER 72,suddenly,0.02
2807580,CHAPTER 72,sure,0.02
2807650,CHAPTER 72,suspended,0.02
2807839,CHAPTER 72,tail,0.02
2807852,CHAPTER 72,taking,0.02
2807928,CHAPTER 72,tashtego,0.02
2808312,CHAPTER 72,thyself,0.02
2808333,CHAPTER 72,tied,0.02
2808363,CHAPTER 72,time,0.02
2808564,CHAPTER 72,touch,0.02
2809181,CHAPTER 72,uncommon,0.02
2809969,CHAPTER 72,use,0.02
2810081,CHAPTER 72,vast,0.02
2810219,CHAPTER 72,vicinity,0.02
2810305,CHAPTER 72,virtue,0.02
2810452,CHAPTER 72,waist,0.02
2810467,CHAPTER 72,wake,0.02
2810618,CHAPTER 72,waves,0.02
2810963,CHAPTER 72,wise,0.02
2811095,CHAPTER 72,worse,0.02
2811114,CHAPTER 72,wound,0.02
2811275,CHAPTER 72,yes,0.02
2788015,CHAPTER 72,boat,0.01
2788824,CHAPTER 72,captain,0.01
2790812,CHAPTER 72,crew,0.01
2791229,CHAPTER 72,death,0.01
2791286,CHAPTER 72,deck,0.01
2793043,CHAPTER 72,end,0.01
2793762,CHAPTER 72,face,0.01
2795315,CHAPTER 72,good,0.01
2795465,CHAPTER 72,great,0.01
2795748,CHAPTER 72,hand,0.01
2795811,CHAPTER 72,hard,0.01
2795937,CHAPTER 72,head,0.01
2796264,CHAPTER 72,hold,0.01
2797740,CHAPTER 72,iron,0.01
2798803,CHAPTER 72,little,0.01
2798911,CHAPTER 72,long,0.01
2799662,CHAPTER 72,men,0.01
2800620,CHAPTER 72,night,0.01
2800961,CHAPTER 72,oh,0.01
2801826,CHAPTER 72,pequod,0.01
2802212,CHAPTER 72,place,0.01
2804464,CHAPTER 72,right,0.01
2806829,CHAPTER 72,standing,0.01
2808003,CHAPTER 72,tell,0.01
2808187,CHAPTER 72,thing,0.01
2808224,CHAPTER 72,thou,0.01
2808225,CHAPTER 72,thought,0.01
2808353,CHAPTER 72,till,0.01
2808367,CHAPTER 72,times,0.01
2808870,CHAPTER 72,true,0.01
2810751,CHAPTER 72,whaling,0.01
2811083,CHAPTER 72,world,0.01
