,chapter,term,tfidf
2151487,CHAPTER 50,boat,0.24
2149580,CHAPTER 50,ahab,0.15
2161675,CHAPTER 50,knee,0.15
2165474,CHAPTER 50,phantoms,0.15
2153016,CHAPTER 50,cleat,0.12
2150176,CHAPTER 50,argued,0.11
2153741,CHAPTER 50,considering,0.11
2157190,CHAPTER 50,extra,0.11
2160000,CHAPTER 50,hunt,0.11
2162275,CHAPTER 50,little,0.11
2170772,CHAPTER 50,subordinate,0.11
2174210,CHAPTER 50,whaleboats,0.11
2154284,CHAPTER 50,crew,0.1
2152296,CHAPTER 50,captain,0.09
2152660,CHAPTER 50,chase,0.09
2155653,CHAPTER 50,distinct,0.09
2157466,CHAPTER 50,fedallah,0.09
2161684,CHAPTER 50,knew,0.09
2162769,CHAPTER 50,man,0.09
2164788,CHAPTER 50,owners,0.09
2169872,CHAPTER 50,soon,0.09
2156919,CHAPTER 50,evinced,0.08
2164320,CHAPTER 50,observed,0.08
2172533,CHAPTER 50,unaccountable,0.08
2174435,CHAPTER 50,wise,0.08
2149124,CHAPTER 50,aboriginalness,0.07
2150079,CHAPTER 50,apportioned,0.07
2151166,CHAPTER 50,bestirring,0.07
2153400,CHAPTER 50,communities,0.07
2155378,CHAPTER 50,disable,0.07
2157750,CHAPTER 50,flask,0.07
2158528,CHAPTER 50,genesis,0.07
2158820,CHAPTER 50,gouged,0.07
2159014,CHAPTER 50,groove,0.07
2159672,CHAPTER 50,hinted,0.07
2162821,CHAPTER 50,mannerly,0.07
2165401,CHAPTER 50,person,0.07
2167457,CHAPTER 50,remained,0.07
2169060,CHAPTER 50,sheathing,0.07
2169450,CHAPTER 50,skewers,0.07
2169822,CHAPTER 50,solicited,0.07
2171349,CHAPTER 50,tamerlane,0.07
2171687,CHAPTER 50,thole,0.07
2172610,CHAPTER 50,uncanonical,0.07
2173004,CHAPTER 50,unknowing,0.07
2149806,CHAPTER 50,amours,0.06
2150987,CHAPTER 50,beelzebub,0.06
2151642,CHAPTER 50,bow,0.06
2152108,CHAPTER 50,cabaco,0.06
2152789,CHAPTER 50,chisel,0.06
2153755,CHAPTER 50,consorted,0.06
2154247,CHAPTER 50,create,0.06
2155033,CHAPTER 50,depression,0.06
2155064,CHAPTER 50,descendants,0.06
2155295,CHAPTER 50,difficulties,0.06
2155804,CHAPTER 50,don,0.06
2156146,CHAPTER 50,earth,0.06
2157705,CHAPTER 50,fitting,0.06
2158016,CHAPTER 50,foreseen,0.06
2158099,CHAPTER 50,fortunes,0.06
2158681,CHAPTER 50,glide,0.06
2159500,CHAPTER 50,heedfulness,0.06
2159719,CHAPTER 50,hobbling,0.06
2160611,CHAPTER 50,indulged,0.06
2160923,CHAPTER 50,insulated,0.06
2161372,CHAPTER 50,jeopardize,0.06
2161551,CHAPTER 50,junks,0.06
2161677,CHAPTER 50,kneel,0.06
2162021,CHAPTER 50,leg,0.06
2162155,CHAPTER 50,life,0.06
2162706,CHAPTER 50,maimed,0.06
2163134,CHAPTER 50,men,0.06
2163757,CHAPTER 50,mundane,0.06
2164651,CHAPTER 50,outlaws,0.06
2164959,CHAPTER 50,paramount,0.06
2165292,CHAPTER 50,people,0.06
2165623,CHAPTER 50,pinned,0.06
2165626,CHAPTER 50,pins,0.06
2166224,CHAPTER 50,preparative,0.06
2166276,CHAPTER 50,pressure,0.06
2166908,CHAPTER 50,rabbins,0.06
2167215,CHAPTER 50,recollection,0.06
2169026,CHAPTER 50,shaping,0.06
2169826,CHAPTER 50,solicitously,0.06
2169827,CHAPTER 50,solicitude,0.06
2171133,CHAPTER 50,sustain,0.06
2171697,CHAPTER 50,thought,0.06
2171804,CHAPTER 50,tie,0.06
2171916,CHAPTER 50,toe,0.06
2172626,CHAPTER 50,unchanging,0.06
2173284,CHAPTER 50,unsubduable,0.06
2173981,CHAPTER 50,wane,0.06
2173982,CHAPTER 50,waned,0.06
2149296,CHAPTER 50,action,0.05
2149299,CHAPTER 50,active,0.05
2149321,CHAPTER 50,add,0.05
2149880,CHAPTER 50,angels,0.05
2149987,CHAPTER 50,anxiety,0.05
2150307,CHAPTER 50,ash,0.05
2150315,CHAPTER 50,asiatic,0.05
2150367,CHAPTER 50,assigned,0.05
2150387,CHAPTER 50,assumed,0.05
2150542,CHAPTER 50,authority,0.05
2150592,CHAPTER 50,awakened,0.05
2151446,CHAPTER 50,blown,0.05
2151679,CHAPTER 50,bracing,0.05
2152243,CHAPTER 50,canoes,0.05
2152405,CHAPTER 50,castaway,0.05
2152536,CHAPTER 50,certain,0.05
2152676,CHAPTER 50,chat,0.05
2152881,CHAPTER 50,circular,0.05
2153046,CHAPTER 50,climb,0.05
2153421,CHAPTER 50,comparatively,0.05
2153512,CHAPTER 50,comprises,0.05
2153534,CHAPTER 50,conceits,0.05
2153843,CHAPTER 50,continent,0.05
2154122,CHAPTER 50,countries,0.05
2154248,CHAPTER 50,created,0.05
2154605,CHAPTER 50,danger,0.05
2154657,CHAPTER 50,daughters,0.05
2155104,CHAPTER 50,desires,0.05
2155932,CHAPTER 50,dreams,0.05
2156656,CHAPTER 50,enter,0.05
2156658,CHAPTER 50,entering,0.05
2156906,CHAPTER 50,everybody,0.05
2156986,CHAPTER 50,excitement,0.05
2157196,CHAPTER 50,extraordinary,0.05
2158523,CHAPTER 50,generations,0.05
2158526,CHAPTER 50,generous,0.05
2158588,CHAPTER 50,ghostly,0.05
2159239,CHAPTER 50,hands,0.05
2159306,CHAPTER 50,harmless,0.05
2159422,CHAPTER 50,headsman,0.05
2159677,CHAPTER 50,hip,0.05
2160197,CHAPTER 50,immemorial,0.05
2160305,CHAPTER 50,importance,0.05
2160967,CHAPTER 50,intention,0.05
2161123,CHAPTER 50,invaluable,0.05
2161193,CHAPTER 50,involve,0.05
2161331,CHAPTER 50,japanese,0.05
2161443,CHAPTER 50,joint,0.05
2162197,CHAPTER 50,limb,0.05
2162234,CHAPTER 50,linked,0.05
2163007,CHAPTER 50,matter,0.05
2163023,CHAPTER 50,maybe,0.05
2163063,CHAPTER 50,measures,0.05
2163132,CHAPTER 50,memory,0.05
2163479,CHAPTER 50,modified,0.05
2163577,CHAPTER 50,moon,0.05
2164151,CHAPTER 50,nooks,0.05
2164381,CHAPTER 50,odds,0.05
2164624,CHAPTER 50,ought,0.05
2165027,CHAPTER 50,particularly,0.05
2165298,CHAPTER 50,pequod,0.05
2165537,CHAPTER 50,pick,0.05
2165818,CHAPTER 50,plug,0.05
2166259,CHAPTER 50,preserve,0.05
2166330,CHAPTER 50,primal,0.05
2166659,CHAPTER 50,published,0.05
2168819,CHAPTER 50,semi,0.05
2168915,CHAPTER 50,service,0.05
2169810,CHAPTER 50,soldiers,0.05
2170248,CHAPTER 50,stabbing,0.05
2170566,CHAPTER 50,straightened,0.05
2170583,CHAPTER 50,strange,0.05
2170832,CHAPTER 50,success,0.05
2171040,CHAPTER 50,supposition,0.05
2171128,CHAPTER 50,suspicion,0.05
2171451,CHAPTER 50,tears,0.05
2171485,CHAPTER 50,temperate,0.05
2171648,CHAPTER 50,thickest,0.05
2171654,CHAPTER 50,thigh,0.05
2171832,CHAPTER 50,timber,0.05
2172411,CHAPTER 50,turbaned,0.05
2172516,CHAPTER 50,ultimate,0.05
2172546,CHAPTER 50,unalterable,0.05
2173696,CHAPTER 50,vicissitudes,0.05
2174207,CHAPTER 50,whale,0.05
2174355,CHAPTER 50,wight,0.05
2174511,CHAPTER 50,wonders,0.05
2174796,CHAPTER 50,zone,0.05
2149306,CHAPTER 50,actually,0.04
2150320,CHAPTER 50,asked,0.04
2151291,CHAPTER 50,bits,0.04
2152192,CHAPTER 50,came,0.04
2152350,CHAPTER 50,carpenter,0.04
2152431,CHAPTER 50,catch,0.04
2152938,CHAPTER 50,civilized,0.04
2153119,CHAPTER 50,clumsy,0.04
2153143,CHAPTER 50,coat,0.04
2153562,CHAPTER 50,concluded,0.04
2154473,CHAPTER 50,curiosity,0.04
2154512,CHAPTER 50,customary,0.04
2154638,CHAPTER 50,darting,0.04
2155206,CHAPTER 50,devils,0.04
2155291,CHAPTER 50,different,0.04
2155336,CHAPTER 50,dimly,0.04
2155458,CHAPTER 50,discovery,0.04
2155788,CHAPTER 50,domestic,0.04
2156159,CHAPTER 50,east,0.04
2156540,CHAPTER 50,ends,0.04
2156657,CHAPTER 50,entered,0.04
2156936,CHAPTER 50,exactly,0.04
2157217,CHAPTER 50,eyed,0.04
2157609,CHAPTER 50,fight,0.04
2157824,CHAPTER 50,floating,0.04
2158222,CHAPTER 50,friends,0.04
2158637,CHAPTER 50,giving,0.04
2159173,CHAPTER 50,hair,0.04
2159745,CHAPTER 50,holes,0.04
2159840,CHAPTER 50,horizontal,0.04
2160554,CHAPTER 50,indifferent,0.04
2160584,CHAPTER 50,individual,0.04
2160712,CHAPTER 50,influence,0.04
2161268,CHAPTER 50,isles,0.04
2161712,CHAPTER 50,know,0.04
2162049,CHAPTER 50,legs,0.04
2163471,CHAPTER 50,modern,0.04
2163724,CHAPTER 50,muffled,0.04
2163841,CHAPTER 50,mystery,0.04
2163914,CHAPTER 50,nations,0.04
2163942,CHAPTER 50,nay,0.04
2164257,CHAPTER 50,oars,0.04
2164558,CHAPTER 50,orders,0.04
2164578,CHAPTER 50,oriental,0.04
2165338,CHAPTER 50,peril,0.04
2165342,CHAPTER 50,perils,0.04
2165555,CHAPTER 50,piece,0.04
2165978,CHAPTER 50,port,0.04
2166361,CHAPTER 50,private,0.04
2166759,CHAPTER 50,pursuit,0.04
2166851,CHAPTER 50,question,0.04
2167107,CHAPTER 50,real,0.04
2167365,CHAPTER 50,regular,0.04
2167504,CHAPTER 50,remotest,0.04
2167810,CHAPTER 50,revealed,0.04
2168318,CHAPTER 50,sake,0.04
2168525,CHAPTER 50,scene,0.04
2169840,CHAPTER 50,solitary,0.04
2169898,CHAPTER 50,sort,0.04
2169959,CHAPTER 50,spare,0.04
2170424,CHAPTER 50,step,0.04
2170527,CHAPTER 50,stop,0.04
2171027,CHAPTER 50,supplied,0.04
2171037,CHAPTER 50,supposed,0.04
2171659,CHAPTER 50,thing,0.04
2171661,CHAPTER 50,think,0.04
2172026,CHAPTER 50,tossing,0.04
2174216,CHAPTER 50,whaler,0.04
2174217,CHAPTER 50,whalers,0.04
2174466,CHAPTER 50,withstand,0.04
2174502,CHAPTER 50,wonderful,0.04
2174611,CHAPTER 50,wreck,0.04
2149230,CHAPTER 50,according,0.03
2149235,CHAPTER 50,account,0.03
2150326,CHAPTER 50,aspect,0.03
2151195,CHAPTER 50,better,0.03
2151476,CHAPTER 50,board,0.03
2151492,CHAPTER 50,boats,0.03
2152067,CHAPTER 50,business,0.03
2152113,CHAPTER 50,cabin,0.03
2152360,CHAPTER 50,carried,0.03
2152910,CHAPTER 50,circumstances,0.03
2153552,CHAPTER 50,concerning,0.03
2154256,CHAPTER 50,creature,0.03
2154257,CHAPTER 50,creatures,0.03
2154289,CHAPTER 50,cried,0.03
2154526,CHAPTER 50,cutting,0.03
2154673,CHAPTER 50,days,0.03
2155264,CHAPTER 50,dick,0.03
2156809,CHAPTER 50,especially,0.03
2157709,CHAPTER 50,fixed,0.03
2157989,CHAPTER 50,forecastle,0.03
2159389,CHAPTER 50,having,0.03
2159421,CHAPTER 50,heads,0.03
2159477,CHAPTER 50,heaven,0.03
2159744,CHAPTER 50,hole,0.03
2159767,CHAPTER 50,home,0.03
2161293,CHAPTER 50,ivory,0.03
2161719,CHAPTER 50,knows,0.03
2162020,CHAPTER 50,left,0.03
2162184,CHAPTER 50,like,0.03
2162216,CHAPTER 50,line,0.03
2162734,CHAPTER 50,making,0.03
2163055,CHAPTER 50,means,0.03
2163449,CHAPTER 50,moby,0.03
2163511,CHAPTER 50,moment,0.03
2163555,CHAPTER 50,monster,0.03
2163625,CHAPTER 50,mortal,0.03
2163944,CHAPTER 50,near,0.03
2164489,CHAPTER 50,open,0.03
2165026,CHAPTER 50,particular,0.03
2165188,CHAPTER 50,peculiar,0.03
2165705,CHAPTER 50,plainly,0.03
2165725,CHAPTER 50,planks,0.03
2165870,CHAPTER 50,pointed,0.03
2166839,CHAPTER 50,queer,0.03
2168226,CHAPTER 50,running,0.03
2168312,CHAPTER 50,sailors,0.03
2169131,CHAPTER 50,ships,0.03
2170520,CHAPTER 50,stood,0.03
2170686,CHAPTER 50,stubb,0.03
2170930,CHAPTER 50,sun,0.03
2171052,CHAPTER 50,sure,0.03
2171322,CHAPTER 50,taken,0.03
2171835,CHAPTER 50,time,0.03
2172040,CHAPTER 50,touching,0.03
2173007,CHAPTER 50,unknown,0.03
2173015,CHAPTER 50,unless,0.03
2173709,CHAPTER 50,view,0.03
2174500,CHAPTER 50,wonder,0.03
2174522,CHAPTER 50,wooden,0.03
2149597,CHAPTER 50,air,0.02
2150598,CHAPTER 50,away,0.02
2152168,CHAPTER 50,called,0.02
2153314,CHAPTER 50,come,0.02
2155274,CHAPTER 50,did,0.02
2156515,CHAPTER 50,end,0.02
2157222,CHAPTER 50,eyes,0.02
2157342,CHAPTER 50,far,0.02
2158513,CHAPTER 50,general,0.02
2158787,CHAPTER 50,good,0.02
2158937,CHAPTER 50,great,0.02
2159182,CHAPTER 50,half,0.02
2159409,CHAPTER 50,head,0.02
2162728,CHAPTER 50,make,0.02
2164433,CHAPTER 50,oh,0.02
2164443,CHAPTER 50,old,0.02
2165684,CHAPTER 50,place,0.02
2167936,CHAPTER 50,right,0.02
2168300,CHAPTER 50,said,0.02
2168462,CHAPTER 50,saw,0.02
2168470,CHAPTER 50,say,0.02
2168683,CHAPTER 50,sea,0.02
2169636,CHAPTER 50,small,0.02
2171660,CHAPTER 50,things,0.02
2171839,CHAPTER 50,times,0.02
2173880,CHAPTER 50,voyage,0.02
2174099,CHAPTER 50,way,0.02
2174218,CHAPTER 50,whales,0.02
2174223,CHAPTER 50,whaling,0.02
2174555,CHAPTER 50,world,0.02
