,chapter,term,tfidf
1551807,CHAPTER 3,landlord,0.36
1549311,CHAPTER 3,harpooneer,0.31
1540953,CHAPTER 3,bed,0.27
1558085,CHAPTER 3,room,0.2
1559526,CHAPTER 3,sleep,0.12
1554086,CHAPTER 3,night,0.1
1558294,CHAPTER 3,said,0.1
1561691,CHAPTER 3,thought,0.1
1561934,CHAPTER 3,tomahawk,0.1
1545811,CHAPTER 3,door,0.09
1546695,CHAPTER 3,entry,0.09
1549415,CHAPTER 3,heads,0.09
1542224,CHAPTER 3,cannibal,0.08
1549403,CHAPTER 3,head,0.08
1552160,CHAPTER 3,light,0.08
1552269,CHAPTER 3,little,0.08
1552295,CHAPTER 3,ll,0.08
1541092,CHAPTER 3,bench,0.07
1548781,CHAPTER 3,good,0.07
1551554,CHAPTER 3,just,0.07
1552763,CHAPTER 3,man,0.07
1555193,CHAPTER 3,peddling,0.07
1558252,CHAPTER 3,sabbee,0.07
1558805,CHAPTER 3,sell,0.07
1560217,CHAPTER 3,squares,0.07
1541000,CHAPTER 3,began,0.06
1546052,CHAPTER 3,dumplings,0.06
1552178,CHAPTER 3,like,0.06
1552395,CHAPTER 3,looking,0.06
1554437,CHAPTER 3,old,0.06
1559044,CHAPTER 3,shavings,0.06
1559892,CHAPTER 3,sort,0.06
1560521,CHAPTER 3,stop,0.06
1560580,CHAPTER 3,stranger,0.06
1561469,CHAPTER 3,tell,0.06
1561961,CHAPTER 3,took,0.06
1539505,CHAPTER 3,afraid,0.05
1540665,CHAPTER 3,bag,0.05
1540776,CHAPTER 3,bar,0.05
1541968,CHAPTER 3,bulkington,0.05
1542729,CHAPTER 3,chest,0.05
1543218,CHAPTER 3,cold,0.05
1543308,CHAPTER 3,come,0.05
1544618,CHAPTER 3,dark,0.05
1547228,CHAPTER 3,face,0.05
1548958,CHAPTER 3,grego,0.05
1550077,CHAPTER 3,idea,0.05
1550101,CHAPTER 3,idol,0.05
1551873,CHAPTER 3,late,0.05
1552377,CHAPTER 3,long,0.05
1552972,CHAPTER 3,mat,0.05
1555542,CHAPTER 3,picture,0.05
1556733,CHAPTER 3,purplish,0.05
1558313,CHAPTER 3,sal,0.05
1559531,CHAPTER 3,sleeping,0.05
1560514,CHAPTER 3,stood,0.05
1560928,CHAPTER 3,sunday,0.05
1561008,CHAPTER 3,supper,0.05
1561278,CHAPTER 3,table,0.05
1561472,CHAPTER 3,telling,0.05
1562053,CHAPTER 3,town,0.05
1563947,CHAPTER 3,wall,0.05
1564393,CHAPTER 3,window,0.05
1564720,CHAPTER 3,ye,0.05
1541189,CHAPTER 3,better,0.04
1541338,CHAPTER 3,blanket,0.04
1542216,CHAPTER 3,candle,0.04
1544009,CHAPTER 3,corner,0.04
1544083,CHAPTER 3,couldn,0.04
1544563,CHAPTER 3,dam,0.04
1544685,CHAPTER 3,deal,0.04
1545798,CHAPTER 3,don,0.04
1547322,CHAPTER 3,fancy,0.04
1547480,CHAPTER 3,feeling,0.04
1547833,CHAPTER 3,floor,0.04
1548656,CHAPTER 3,glass,0.04
1548768,CHAPTER 3,goin,0.04
1548809,CHAPTER 3,got,0.04
1548987,CHAPTER 3,grinning,0.04
1549167,CHAPTER 3,hair,0.04
1549176,CHAPTER 3,half,0.04
1549890,CHAPTER 3,house,0.04
1550155,CHAPTER 3,image,0.04
1551456,CHAPTER 3,jonah,0.04
1551846,CHAPTER 3,large,0.04
1552468,CHAPTER 3,low,0.04
1552722,CHAPTER 3,make,0.04
1553247,CHAPTER 3,middle,0.04
1554055,CHAPTER 3,new,0.04
1555678,CHAPTER 3,place,0.04
1555711,CHAPTER 3,plane,0.04
1558122,CHAPTER 3,round,0.04
1559076,CHAPTER 3,shelf,0.04
1559454,CHAPTER 3,skin,0.04
1559752,CHAPTER 3,sober,0.04
1559921,CHAPTER 3,south,0.04
1560027,CHAPTER 3,spend,0.04
1561926,CHAPTER 3,told,0.04
1563925,CHAPTER 3,wait,0.04
1564184,CHAPTER 3,went,0.04
1564775,CHAPTER 3,zealand,0.04
1538964,CHAPTER 3,_this_,0.03
1539045,CHAPTER 3,_you_,0.03
1539111,CHAPTER 3,abominable,0.03
1539501,CHAPTER 3,afore,0.03
1539598,CHAPTER 3,airley,0.03
1539600,CHAPTER 3,airth,0.03
1539932,CHAPTER 3,answer,0.03
1540243,CHAPTER 3,arrive,0.03
1540279,CHAPTER 3,artist,0.03
1540592,CHAPTER 3,away,0.03
1540628,CHAPTER 3,baby,0.03
1540962,CHAPTER 3,bedfellow,0.03
1541078,CHAPTER 3,belonging,0.03
1541277,CHAPTER 3,bit,0.03
1541294,CHAPTER 3,black,0.03
1541439,CHAPTER 3,blowing,0.03
1541525,CHAPTER 3,bolted,0.03
1541574,CHAPTER 3,boots,0.03
1541904,CHAPTER 3,brown,0.03
1542061,CHAPTER 3,business,0.03
1542186,CHAPTER 3,came,0.03
1542264,CHAPTER 3,cape,0.03
1542516,CHAPTER 3,centre,0.03
1542552,CHAPTER 3,chair,0.03
1542598,CHAPTER 3,chap,0.03
1542764,CHAPTER 3,chimney,0.03
1542822,CHAPTER 3,christian,0.03
1542995,CHAPTER 3,clean,0.03
1543061,CHAPTER 3,clock,0.03
1543137,CHAPTER 3,coat,0.03
1543342,CHAPTER 3,commenced,0.03
1543460,CHAPTER 3,completely,0.03
1543466,CHAPTER 3,complexioned,0.03
1543499,CHAPTER 3,comprehension,0.03
1543559,CHAPTER 3,conclusion,0.03
1543642,CHAPTER 3,confounded,0.03
1543664,CHAPTER 3,congo,0.03
1544736,CHAPTER 3,decent,0.03
1544841,CHAPTER 3,deformed,0.03
1544921,CHAPTER 3,demand,0.03
1544993,CHAPTER 3,depend,0.03
1545086,CHAPTER 3,design,0.03
1545197,CHAPTER 3,devil,0.03
1545268,CHAPTER 3,did,0.03
1545270,CHAPTER 3,didn,0.03
1545751,CHAPTER 3,does,0.03
1546165,CHAPTER 3,eats,0.03
1546227,CHAPTER 3,ee,0.03
1546651,CHAPTER 3,entered,0.03
1547948,CHAPTER 3,foot,0.03
1548466,CHAPTER 3,gathered,0.03
1548575,CHAPTER 3,getting,0.03
1548769,CHAPTER 3,going,0.03
1548931,CHAPTER 3,great,0.03
1548942,CHAPTER 3,green,0.03
1549117,CHAPTER 3,guttural,0.03
1549474,CHAPTER 3,heavens,0.03
1549519,CHAPTER 3,held,0.03
1549942,CHAPTER 3,human,0.03
1549986,CHAPTER 3,hunch,0.03
1549989,CHAPTER 3,hung,0.03
1550670,CHAPTER 3,infernal,0.03
1551618,CHAPTER 3,kill,0.03
1551700,CHAPTER 3,knot,0.03
1551701,CHAPTER 3,knots,0.03
1551739,CHAPTER 3,labrador,0.03
1551799,CHAPTER 3,landed,0.03
1552192,CHAPTER 3,limber,0.03
1552216,CHAPTER 3,linen,0.03
1553005,CHAPTER 3,mattress,0.03
1553041,CHAPTER 3,mean,0.03
1553505,CHAPTER 3,moment,0.03
1553551,CHAPTER 3,monstrous,0.03
1554275,CHAPTER 3,objections,0.03
1554418,CHAPTER 3,offing,0.03
1554933,CHAPTER 3,papered,0.03
1554956,CHAPTER 3,parcel,0.03
1555191,CHAPTER 3,peddler,0.03
1555275,CHAPTER 3,penny,0.03
1555687,CHAPTER 3,placing,0.03
1555716,CHAPTER 3,planing,0.03
1555980,CHAPTER 3,portentous,0.03
1556022,CHAPTER 3,possible,0.03
1556248,CHAPTER 3,presently,0.03
1556407,CHAPTER 3,produced,0.03
1556832,CHAPTER 3,queequeg,0.03
1557108,CHAPTER 3,really,0.03
1557123,CHAPTER 3,reason,0.03
1557468,CHAPTER 3,remembering,0.03
1558062,CHAPTER 3,rolled,0.03
1558171,CHAPTER 3,rude,0.03
1558350,CHAPTER 3,sam,0.03
1558417,CHAPTER 3,satisfactory,0.03
1558425,CHAPTER 3,saturday,0.03
1558437,CHAPTER 3,savage,0.03
1558467,CHAPTER 3,saying,0.03
1558677,CHAPTER 3,sea,0.03
1558704,CHAPTER 3,seas,0.03
1558763,CHAPTER 3,seeing,0.03
1558807,CHAPTER 3,selling,0.03
1558892,CHAPTER 3,series,0.03
1558924,CHAPTER 3,settle,0.03
1558980,CHAPTER 3,shaggy,0.03
1559188,CHAPTER 3,shouted,0.03
1559543,CHAPTER 3,slept,0.03
1559866,CHAPTER 3,soon,0.03
1559971,CHAPTER 3,speak,0.03
1560448,CHAPTER 3,sticking,0.03
1560544,CHAPTER 3,story,0.03
1560632,CHAPTER 3,string,0.03
1560700,CHAPTER 3,study,0.03
1561046,CHAPTER 3,sure,0.03
1561355,CHAPTER 3,tanning,0.03
1561660,CHAPTER 3,thinking,0.03
1561752,CHAPTER 3,throwing,0.03
1561819,CHAPTER 3,till,0.03
1561829,CHAPTER 3,time,0.03
1561900,CHAPTER 3,tobacco,0.03
1562362,CHAPTER 3,trying,0.03
1562417,CHAPTER 3,turned,0.03
1562527,CHAPTER 3,unaccountable,0.03
1563067,CHAPTER 3,unnatural,0.03
1563556,CHAPTER 3,ve,0.03
1564093,CHAPTER 3,way,0.03
1564319,CHAPTER 3,whittling,0.03
1564529,CHAPTER 3,woollen,0.03
1564578,CHAPTER 3,wouldn,0.03
1564728,CHAPTER 3,years,0.03
1564759,CHAPTER 3,young,0.03
1538454,CHAPTER 3,_broke_,0.02
1538457,CHAPTER 3,_brown_,0.02
1538522,CHAPTER 3,_do_,0.02
1538894,CHAPTER 3,_skrimshander_,0.02
1539037,CHAPTER 3,_won,0.02
1539113,CHAPTER 3,abominated,0.02
1539205,CHAPTER 3,accommodated,0.02
1539316,CHAPTER 3,added,0.02
1539403,CHAPTER 3,adorning,0.02
1539589,CHAPTER 3,ain,0.02
1539670,CHAPTER 3,alleghanian,0.02
1539719,CHAPTER 3,aloof,0.02
1539743,CHAPTER 3,altogether,0.02
1539860,CHAPTER 3,andirons,0.02
1539958,CHAPTER 3,antics,0.02
1539991,CHAPTER 3,ape,0.02
1540068,CHAPTER 3,applying,0.02
1540096,CHAPTER 3,appropriate,0.02
1540138,CHAPTER 3,arched,0.02
1540234,CHAPTER 3,arrantest,0.02
1540258,CHAPTER 3,arter,0.02
1540305,CHAPTER 3,ashes,0.02
1540655,CHAPTER 3,bad,0.02
1540669,CHAPTER 3,bagged,0.02
1540670,CHAPTER 3,bagging,0.02
1540719,CHAPTER 3,balmed,0.02
1540725,CHAPTER 3,bamboozingly,0.02
1540954,CHAPTER 3,bedarned,0.02
1540963,CHAPTER 3,bedfellows,0.02
1540973,CHAPTER 3,bedwards,0.02
1541146,CHAPTER 3,besmoked,0.02
1541202,CHAPTER 3,bewitched,0.02
1541222,CHAPTER 3,big,0.02
1541263,CHAPTER 3,bird,0.02
1541271,CHAPTER 3,biscuit,0.02
1541303,CHAPTER 3,blackish,0.02
1541330,CHAPTER 3,blanco,0.02
1541507,CHAPTER 3,boggy,0.02
1541545,CHAPTER 3,bone,0.02
1541610,CHAPTER 3,bought,0.02
1541741,CHAPTER 3,break,0.02
1541746,CHAPTER 3,breaking,0.02
1541791,CHAPTER 3,bricks,0.02
1541833,CHAPTER 3,brimmers,0.02
1541875,CHAPTER 3,broke,0.02
1541876,CHAPTER 3,broken,0.02
1541982,CHAPTER 3,bump,0.02
1542065,CHAPTER 3,bustles,0.02
1542266,CHAPTER 3,capering,0.02
1542423,CHAPTER 3,catarrhs,0.02
1542427,CHAPTER 3,catches,0.02
1542690,CHAPTER 3,checkered,0.02
1542721,CHAPTER 3,cherishing,0.02
1542843,CHAPTER 3,chuckle,0.02
1542844,CHAPTER 3,chuckled,0.02
1543106,CHAPTER 3,clubs,0.02
1543151,CHAPTER 3,cobs,0.02
1543161,CHAPTER 3,cockpits,0.02
1543184,CHAPTER 3,coffer,0.02
1543185,CHAPTER 3,coffin,0.02
1543222,CHAPTER 3,colds,0.02
1543275,CHAPTER 3,colour,0.02
1543313,CHAPTER 3,comely,0.02
1543329,CHAPTER 3,coming,0.02
1543347,CHAPTER 3,commended,0.02
1543450,CHAPTER 3,complained,0.02
1543546,CHAPTER 3,concerning,0.02
1543556,CHAPTER 3,concluded,0.02
1543665,CHAPTER 3,congratulate,0.02
1543681,CHAPTER 3,conjured,0.02
1544003,CHAPTER 3,corkscrew,0.02
1544152,CHAPTER 3,covered,0.02
1544192,CHAPTER 3,craft,0.02
1544199,CHAPTER 3,crammed,0.02
1544291,CHAPTER 3,criminal,0.02
1544322,CHAPTER 3,crockery,0.02
1544342,CHAPTER 3,crosslights,0.02
1544465,CHAPTER 3,curios,0.02
1544510,CHAPTER 3,cut,0.02
1544527,CHAPTER 3,cylinders,0.02
1544600,CHAPTER 3,dangerous,0.02
1544675,CHAPTER 3,dead,0.02
1544706,CHAPTER 3,debel,0.02
1544727,CHAPTER 3,deceitfully,0.02
1544744,CHAPTER 3,decidedly,0.02
1544803,CHAPTER 3,defaced,0.02
1544878,CHAPTER 3,deliberating,0.02
1544896,CHAPTER 3,delineate,0.02
1544903,CHAPTER 3,deliriums,0.02
1545102,CHAPTER 3,desirous,0.02
1545212,CHAPTER 3,devotee,0.02
1545236,CHAPTER 3,diabolically,0.02
1545322,CHAPTER 3,dim,0.02
1545550,CHAPTER 3,dismissed,0.02
1545834,CHAPTER 3,double,0.02
1545917,CHAPTER 3,dreadnaught,0.02
1545960,CHAPTER 3,drive,0.02
1546083,CHAPTER 3,duskier,0.02
1546088,CHAPTER 3,dusting,0.02
1546160,CHAPTER 3,easy,0.02
1546267,CHAPTER 3,eider,0.02
1546358,CHAPTER 3,em,0.02
1546558,CHAPTER 3,engaged,0.02
1546652,CHAPTER 3,entering,0.02
1546787,CHAPTER 3,eruption,0.02
1546803,CHAPTER 3,especially,0.02
1546941,CHAPTER 3,examining,0.02
1547181,CHAPTER 3,extinguishing,0.02
1547239,CHAPTER 3,fact,0.02
1547339,CHAPTER 3,fare,0.02
1547350,CHAPTER 3,farrago,0.02
1547431,CHAPTER 3,fear,0.02
1547475,CHAPTER 3,feegees,0.02
1547478,CHAPTER 3,feel,0.02
1547645,CHAPTER 3,fingers,0.02
1547656,CHAPTER 3,fireboard,0.02
1547659,CHAPTER 3,fireplaces,0.02
1547745,CHAPTER 3,flasks,0.02
1547851,CHAPTER 3,flourishing,0.02
1547852,CHAPTER 3,flourishings,0.02
1547874,CHAPTER 3,flukes,0.02
1547877,CHAPTER 3,flung,0.02
1547942,CHAPTER 3,fooling,0.02
1547951,CHAPTER 3,footfall,0.02
1547957,CHAPTER 3,footpads,0.02
1547993,CHAPTER 3,forehead,0.02
1548110,CHAPTER 3,foundered,0.02
1548244,CHAPTER 3,frogs,0.02
1548267,CHAPTER 3,froze,0.02
1548294,CHAPTER 3,fumbled,0.02
1548347,CHAPTER 3,fuss,0.02
1548512,CHAPTER 3,generally,0.02
1548573,CHAPTER 3,gettee,0.02
1548681,CHAPTER 3,glim,0.02
1548767,CHAPTER 3,goggling,0.02
1548854,CHAPTER 3,grampus,0.02
1549054,CHAPTER 3,grunt,0.02
1549055,CHAPTER 3,grunted,0.02
1549072,CHAPTER 3,guess,0.02
1549094,CHAPTER 3,gulp,0.02
1549143,CHAPTER 3,hacking,0.02
1549157,CHAPTER 3,hags,0.02
1549166,CHAPTER 3,haint,0.02
1549204,CHAPTER 3,hammock,0.02
1549214,CHAPTER 3,hand,0.02
1549228,CHAPTER 3,handle,0.02
1549309,CHAPTER 3,harpoon,0.02
1549328,CHAPTER 3,harvesting,0.02
1549336,CHAPTER 3,hastier,0.02
1549339,CHAPTER 3,hat,0.02
1549433,CHAPTER 3,heard,0.02
1549464,CHAPTER 3,heath,0.02
1549471,CHAPTER 3,heaven,0.02
1549481,CHAPTER 3,heavy,0.02
1549484,CHAPTER 3,hecla,0.02
1549508,CHAPTER 3,height,0.02
1549531,CHAPTER 3,help,0.02
1549639,CHAPTER 3,hilarity,0.02
1549735,CHAPTER 3,holding,0.02
1549738,CHAPTER 3,hole,0.02
1549761,CHAPTER 3,home,0.02
1549838,CHAPTER 3,horner,0.02
1549856,CHAPTER 3,horrifying,0.02
1549880,CHAPTER 3,hot,0.02
1550068,CHAPTER 3,icebound,0.02
1550103,CHAPTER 3,idolators,0.02
1550128,CHAPTER 3,ill,0.02
1550757,CHAPTER 3,inions,0.02
1550776,CHAPTER 3,inkling,0.02
1550791,CHAPTER 3,inn,0.02
1550853,CHAPTER 3,inside,0.02
1550931,CHAPTER 3,insured,0.02
1551044,CHAPTER 3,interval,0.02
1551233,CHAPTER 3,irresolute,0.02
1551319,CHAPTER 3,jambs,0.02
1551339,CHAPTER 3,javan,0.02
1551405,CHAPTER 3,jiffy,0.02
1551430,CHAPTER 3,johnny,0.02
1551595,CHAPTER 3,kept,0.02
1551627,CHAPTER 3,kind,0.02
1551648,CHAPTER 3,kink,0.02
1551678,CHAPTER 3,knew,0.02
1551698,CHAPTER 3,knockings,0.02
1551706,CHAPTER 3,know,0.02
1551791,CHAPTER 3,lamp,0.02
1551840,CHAPTER 3,lar,0.02
1552043,CHAPTER 3,legs,0.02
1552161,CHAPTER 3,lighted,0.02
1552240,CHAPTER 3,lips,0.02
1552243,CHAPTER 3,liquor,0.02
1552389,CHAPTER 3,look,0.02
1552392,CHAPTER 3,looker,0.02
1552728,CHAPTER 3,making,0.02
1552799,CHAPTER 3,manikin,0.02
1552814,CHAPTER 3,manner,0.02
1553052,CHAPTER 3,measure,0.02
1553138,CHAPTER 3,mended,0.02
1553202,CHAPTER 3,met,0.02
1553252,CHAPTER 3,midnight,0.02
1553267,CHAPTER 3,mightily,0.02
1553278,CHAPTER 3,mildewed,0.02
1553313,CHAPTER 3,mind,0.02
1553394,CHAPTER 3,missed,0.02
1553428,CHAPTER 3,mixed,0.02
1553444,CHAPTER 3,moccasin,0.02
1553530,CHAPTER 3,monkey,0.02
1553611,CHAPTER 3,morning,0.02
1553648,CHAPTER 3,motioning,0.02
1553668,CHAPTER 3,mountaineers,0.02
1553672,CHAPTER 3,mounted,0.02
1553686,CHAPTER 3,mouth,0.02
1553703,CHAPTER 3,mower,0.02
1553705,CHAPTER 3,mown,0.02
1553711,CHAPTER 3,mt,0.02
1553736,CHAPTER 3,multiply,0.02
1553848,CHAPTER 3,mystifying,0.02
1553903,CHAPTER 3,nathan,0.02
1554084,CHAPTER 3,nigh,0.02
1554127,CHAPTER 3,noise,0.02
1554142,CHAPTER 3,nonplussed,0.02
1554179,CHAPTER 3,notches,0.02
1554274,CHAPTER 3,objectionable,0.02
1554328,CHAPTER 3,obstreperously,0.02
1554358,CHAPTER 3,occurred,0.02
1554413,CHAPTER 3,officiating,0.02
1554431,CHAPTER 3,oilpainting,0.02
1554544,CHAPTER 3,ordained,0.02
1554753,CHAPTER 3,overstocked,0.02
1554939,CHAPTER 3,parade,0.02
1554968,CHAPTER 3,parent,0.02
1555178,CHAPTER 3,pecked,0.02
1555192,CHAPTER 3,peddlin,0.02
1555390,CHAPTER 3,persist,0.02
1555628,CHAPTER 3,pipe,0.02
1555679,CHAPTER 3,placed,0.02
1555696,CHAPTER 3,plain,0.02
1555710,CHAPTER 3,plan,0.02
1555712,CHAPTER 3,planed,0.02
1555731,CHAPTER 3,plasters,0.02
1555788,CHAPTER 3,plenty,0.02
1555843,CHAPTER 3,pocket,0.02
1555926,CHAPTER 3,ponchos,0.02
1555931,CHAPTER 3,ponderings,0.02
1555951,CHAPTER 3,popped,0.02
1555963,CHAPTER 3,porcupine,0.02
1556006,CHAPTER 3,pose,0.02
1556045,CHAPTER 3,potatoes,0.02
1556054,CHAPTER 3,potion,0.02
1556080,CHAPTER 3,pours,0.02
1556189,CHAPTER 3,prefers,0.02
1556641,CHAPTER 3,psalmody,0.02
1556661,CHAPTER 3,puffed,0.02
1556741,CHAPTER 3,purposing,0.02
1556756,CHAPTER 3,purty,0.02
1556796,CHAPTER 3,quaked,0.02
1556867,CHAPTER 3,quiet,0.02
1556880,CHAPTER 3,quite,0.02
1556954,CHAPTER 3,rainy,0.02
1557031,CHAPTER 3,rarities,0.02
1557081,CHAPTER 3,rayther,0.02
1557100,CHAPTER 3,ready,0.02
1557328,CHAPTER 3,reg,0.02
1557474,CHAPTER 3,reminding,0.02
1557594,CHAPTER 3,represents,0.02
1557689,CHAPTER 3,resolved,0.02
1557724,CHAPTER 3,responses,0.02
1557730,CHAPTER 3,rest,0.02
1557901,CHAPTER 3,rickety,0.02
1557930,CHAPTER 3,right,0.02
1557971,CHAPTER 3,rioting,0.02
1557988,CHAPTER 3,rips,0.02
1558207,CHAPTER 3,ruminating,0.02
1558269,CHAPTER 3,sacrificial,0.02
1558312,CHAPTER 3,sake,0.02
1558376,CHAPTER 3,sang,0.02
1558394,CHAPTER 3,sarmon,0.02
1558395,CHAPTER 3,sartain,0.02
1558396,CHAPTER 3,sartainty,0.02
1558403,CHAPTER 3,sat,0.02
1558442,CHAPTER 3,save,0.02
1558456,CHAPTER 3,saw,0.02
1558460,CHAPTER 3,saws,0.02
1558464,CHAPTER 3,say,0.02
1558480,CHAPTER 3,scalp,0.02
1558659,CHAPTER 3,scrutiny,0.02
1558689,CHAPTER 3,seamen,0.02
1558784,CHAPTER 3,segment,0.02
1558806,CHAPTER 3,sellin,0.02
1558918,CHAPTER 3,set,0.02
1558973,CHAPTER 3,shadows,0.02
1559085,CHAPTER 3,shelves,0.02
1559101,CHAPTER 3,shilling,0.02
1559115,CHAPTER 3,ship,0.02
1559121,CHAPTER 3,shipmates,0.02
1559135,CHAPTER 3,shirt,0.02
1559196,CHAPTER 3,showed,0.02
1559273,CHAPTER 3,sickle,0.02
1559342,CHAPTER 3,similar,0.02
1559375,CHAPTER 3,singing,0.02
1559471,CHAPTER 3,skrimshander,0.02
1559495,CHAPTER 3,slanderin,0.02
1559527,CHAPTER 3,sleepe,0.02
1559630,CHAPTER 3,small,0.02
1559665,CHAPTER 3,smoking,0.02
1559786,CHAPTER 3,soggy,0.02
1559792,CHAPTER 3,sojourning,0.02
1559924,CHAPTER 3,southerner,0.02
1559933,CHAPTER 3,space,0.02
1560113,CHAPTER 3,spliced,0.02
1560152,CHAPTER 3,sportsman,0.02
1560171,CHAPTER 3,spraining,0.02
1560174,CHAPTER 3,sprawling,0.02
1560237,CHAPTER 3,squitchy,0.02
1560279,CHAPTER 3,stammering,0.02
1560295,CHAPTER 3,standing,0.02
1560297,CHAPTER 3,stands,0.02
1560381,CHAPTER 3,steaks,0.02
1560557,CHAPTER 3,straggling,0.02
1560577,CHAPTER 3,strange,0.02
1560606,CHAPTER 3,streets,0.02
1560688,CHAPTER 3,stuck,0.02
1560756,CHAPTER 3,sublimity,0.02
1560989,CHAPTER 3,supernaturally,0.02
1561138,CHAPTER 3,swain,0.02
1561275,CHAPTER 3,t_,0.02
1561280,CHAPTER 3,tablecloth,0.02
1561300,CHAPTER 3,tags,0.02
1561332,CHAPTER 3,tall,0.02
1561362,CHAPTER 3,tapered,0.02
1561415,CHAPTER 3,tattooings,0.02
1561461,CHAPTER 3,teeth,0.02
1561471,CHAPTER 3,tellin,0.02
1561527,CHAPTER 3,tenpin,0.02
1561655,CHAPTER 3,think,0.02
1561662,CHAPTER 3,thinks,0.02
1561793,CHAPTER 3,tidiest,0.02
1561968,CHAPTER 3,toothpick,0.02
1561971,CHAPTER 3,topers,0.02
1562098,CHAPTER 3,tramping,0.02
1562361,CHAPTER 3,try,0.02
1562389,CHAPTER 3,tumblers,0.02
1562416,CHAPTER 3,turn,0.02
1562470,CHAPTER 3,twitch,0.02
1562612,CHAPTER 3,unceremoniously,0.02
1562645,CHAPTER 3,uncomfortableness,0.02
1562783,CHAPTER 3,undress,0.02
1562785,CHAPTER 3,undressing,0.02
1562821,CHAPTER 3,unequal,0.02
1563001,CHAPTER 3,unknown,0.02
1563003,CHAPTER 3,unlacing,0.02
1563009,CHAPTER 3,unless,0.02
1563082,CHAPTER 3,unoccupied,0.02
1563210,CHAPTER 3,unsay,0.02
1563436,CHAPTER 3,used,0.02
1563731,CHAPTER 3,villanous,0.02
1563887,CHAPTER 3,vum,0.02
1563917,CHAPTER 3,wainscots,0.02
1563937,CHAPTER 3,wakened,0.02
1563967,CHAPTER 3,wander,0.02
1563980,CHAPTER 3,want,0.02
1564054,CHAPTER 3,watch,0.02
1564201,CHAPTER 3,whale,0.02
1564208,CHAPTER 3,whaleman,0.02
1564216,CHAPTER 3,whalin,0.02
1564284,CHAPTER 3,whirlwinds,0.02
1564306,CHAPTER 3,white,0.02
1564335,CHAPTER 3,wide,0.02
1564353,CHAPTER 3,wild,0.02
1564450,CHAPTER 3,withdrawals,0.02
1564493,CHAPTER 3,won,0.02
1564514,CHAPTER 3,woodcock,0.02
1564516,CHAPTER 3,wooden,0.02
1564544,CHAPTER 3,working,0.02
1564549,CHAPTER 3,world,0.02
1564590,CHAPTER 3,wrapall,0.02
1564630,CHAPTER 3,wrinkled,0.02
1564734,CHAPTER 3,yellow,0.02
1564752,CHAPTER 3,yoking,0.02
1538950,CHAPTER 3,_that_,0.01
1539104,CHAPTER 3,aboard,0.01
1539127,CHAPTER 3,abreast,0.01
1539210,CHAPTER 3,accompanied,0.01
1539218,CHAPTER 3,accomplished,0.01
1539229,CHAPTER 3,account,0.01
1539286,CHAPTER 3,act,0.01
1539300,CHAPTER 3,actually,0.01
1539326,CHAPTER 3,address,0.01
1539327,CHAPTER 3,addressed,0.01
1539345,CHAPTER 3,adjoining,0.01
1539388,CHAPTER 3,ado,0.01
1539427,CHAPTER 3,adventure,0.01
1539488,CHAPTER 3,afford,0.01
1539520,CHAPTER 3,aged,0.01
1539535,CHAPTER 3,aggregated,0.01
1539552,CHAPTER 3,ago,0.01
1539590,CHAPTER 3,aint,0.01
1539591,CHAPTER 3,air,0.01
1539619,CHAPTER 3,alas,0.01
1539715,CHAPTER 3,almighty,0.01
1539771,CHAPTER 3,ambitious,0.01
1539784,CHAPTER 3,american,0.01
1539852,CHAPTER 3,anchor,0.01
1539854,CHAPTER 3,anchored,0.01
1539874,CHAPTER 3,angels,0.01
1539877,CHAPTER 3,angle,0.01
1539905,CHAPTER 3,announced,0.01
1539927,CHAPTER 3,anon,0.01
1539933,CHAPTER 3,answered,0.01
1539984,CHAPTER 3,anybody,0.01
1539989,CHAPTER 3,apartment,0.01
1540196,CHAPTER 3,ark,0.01
1540199,CHAPTER 3,arm,0.01
1540203,CHAPTER 3,armed,0.01
1540212,CHAPTER 3,arms,0.01
1540236,CHAPTER 3,array,0.01
1540244,CHAPTER 3,arrived,0.01
1540306,CHAPTER 3,ashore,0.01
1540400,CHAPTER 3,astonishment,0.01
1540445,CHAPTER 3,attained,0.01
1540453,CHAPTER 3,attempt,0.01
1540464,CHAPTER 3,attention,0.01
1540554,CHAPTER 3,avast,0.01
1540571,CHAPTER 3,averted,0.01
1540600,CHAPTER 3,awhile,0.01
1540635,CHAPTER 3,bachelor,0.01
1540640,CHAPTER 3,backed,0.01
1540661,CHAPTER 3,badly,0.01
1540691,CHAPTER 3,bald,0.01
1540839,CHAPTER 3,based,0.01
1540878,CHAPTER 3,battery,0.01
1540912,CHAPTER 3,beams,0.01
1540913,CHAPTER 3,bear,0.01
1540918,CHAPTER 3,beards,0.01
1540924,CHAPTER 3,bears,0.01
1540944,CHAPTER 3,beaver,0.01
1540971,CHAPTER 3,bedstead,0.01
1541002,CHAPTER 3,beget,0.01
1541012,CHAPTER 3,beginning,0.01
1541080,CHAPTER 3,belongs,0.01
1541101,CHAPTER 3,beneath,0.01
1541286,CHAPTER 3,bitter,0.01
1541351,CHAPTER 3,blasted,0.01
1541354,CHAPTER 3,blaze,0.01
1541381,CHAPTER 3,blessed,0.01
1541446,CHAPTER 3,blue,0.01
1541470,CHAPTER 3,board,0.01
1541473,CHAPTER 3,boarders,0.01
1541481,CHAPTER 3,boat,0.01
1541504,CHAPTER 3,body,0.01
1541524,CHAPTER 3,bolt,0.01
1541601,CHAPTER 3,bottles,0.01
1541614,CHAPTER 3,bound,0.01
1541657,CHAPTER 3,box,0.01
1541661,CHAPTER 3,boy,0.01
1541666,CHAPTER 3,boys,0.01
1541723,CHAPTER 3,brawn,0.01
1541754,CHAPTER 3,breath,0.01
1541819,CHAPTER 3,bright,0.01
1541897,CHAPTER 3,brother,0.01
1541900,CHAPTER 3,brothers,0.01
1541980,CHAPTER 3,bulwarks,0.01
1542044,CHAPTER 3,burnt,0.01
1542084,CHAPTER 3,button,0.01
1542162,CHAPTER 3,called,0.01
1542171,CHAPTER 3,calmly,0.01
1542218,CHAPTER 3,candles,0.01
1542228,CHAPTER 3,cannibals,0.01
1542315,CHAPTER 3,care,0.01
1542320,CHAPTER 3,careful,0.01
1542321,CHAPTER 3,carefully,0.01
1542324,CHAPTER 3,carelessly,0.01
1542344,CHAPTER 3,carpenter,0.01
1542377,CHAPTER 3,carved,0.01
1542383,CHAPTER 3,case,0.01
1542387,CHAPTER 3,cases,0.01
1542449,CHAPTER 3,caught,0.01
1542455,CHAPTER 3,cause,0.01
1542512,CHAPTER 3,central,0.01
1542530,CHAPTER 3,certain,0.01
1542531,CHAPTER 3,certainly,0.01
1542577,CHAPTER 3,chance,0.01
1542578,CHAPTER 3,chanced,0.01
1542586,CHAPTER 3,changed,0.01
1542596,CHAPTER 3,chaos,0.01
1542600,CHAPTER 3,chapel,0.01
1542618,CHAPTER 3,charge,0.01
1542627,CHAPTER 3,charitable,0.01
1542686,CHAPTER 3,cheating,0.01
1542695,CHAPTER 3,cheeks,0.01
1542849,CHAPTER 3,churches,0.01
1542924,CHAPTER 3,civil,0.01
1542939,CHAPTER 3,clam,0.01
1543002,CHAPTER 3,clear,0.01
1543003,CHAPTER 3,cleared,0.01
1543070,CHAPTER 3,close,0.01
1543084,CHAPTER 3,clothes,0.01
1543094,CHAPTER 3,clouds,0.01
1543124,CHAPTER 3,coach,0.01
1543134,CHAPTER 3,coast,0.01
1543140,CHAPTER 3,coats,0.01
1543290,CHAPTER 3,combat,0.01
1543314,CHAPTER 3,comes,0.01
1543319,CHAPTER 3,comfortable,0.01
1543324,CHAPTER 3,comforters,0.01
1543408,CHAPTER 3,companions,0.01
1543412,CHAPTER 3,company,0.01
1543416,CHAPTER 3,compare,0.01
1543465,CHAPTER 3,complexion,0.01
1543471,CHAPTER 3,complied,0.01
1543495,CHAPTER 3,comprehended,0.01
1543516,CHAPTER 3,comrade,0.01
1543545,CHAPTER 3,concerned,0.01
1543558,CHAPTER 3,concluding,0.01
1543573,CHAPTER 3,condemned,0.01
1543605,CHAPTER 3,confess,0.01
1543617,CHAPTER 3,confidential,0.01
1543693,CHAPTER 3,connexion,0.01
1543734,CHAPTER 3,considered,0.01
1543804,CHAPTER 3,containing,0.01
1543810,CHAPTER 3,contemplation,0.01
1543849,CHAPTER 3,continued,0.01
1543874,CHAPTER 3,contrast,0.01
1543920,CHAPTER 3,conversed,0.01
1543940,CHAPTER 3,convinced,0.01
1543958,CHAPTER 3,cool,0.01
1543997,CHAPTER 3,cords,0.01
1544008,CHAPTER 3,corn,0.01
1544106,CHAPTER 3,counterpane,0.01
1544117,CHAPTER 3,country,0.01
1544130,CHAPTER 3,course,0.01
1544151,CHAPTER 3,cover,0.01
1544160,CHAPTER 3,coward,0.01
1544179,CHAPTER 3,cracked,0.01
1544234,CHAPTER 3,crazy,0.01
1544278,CHAPTER 3,crew,0.01
1544283,CHAPTER 3,cried,0.01
1544340,CHAPTER 3,crossing,0.01
1544450,CHAPTER 3,cups,0.01
1544459,CHAPTER 3,cure,0.01
1544468,CHAPTER 3,curious,0.01
1544477,CHAPTER 3,current,0.01
1544481,CHAPTER 3,cursed,0.01
1544578,CHAPTER 3,damp,0.01
1544630,CHAPTER 3,dart,0.01
1544631,CHAPTER 3,darted,0.01
1544662,CHAPTER 3,day,0.01
1544667,CHAPTER 3,days,0.01
1544672,CHAPTER 3,dazzling,0.01
1544693,CHAPTER 3,dearly,0.01
1544695,CHAPTER 3,death,0.01
1544715,CHAPTER 3,decanters,0.01
1544740,CHAPTER 3,deceptive,0.01
1544793,CHAPTER 3,deep,0.01
1544799,CHAPTER 3,deeply,0.01
1544858,CHAPTER 3,degree,0.01
1544869,CHAPTER 3,delay,0.01
1544949,CHAPTER 3,den,0.01
1545068,CHAPTER 3,description,0.01
1545097,CHAPTER 3,desired,0.01
1545148,CHAPTER 3,destruction,0.01
1545290,CHAPTER 3,difficulty,0.01
1545317,CHAPTER 3,diligent,0.01
1545318,CHAPTER 3,diligently,0.01
1545342,CHAPTER 3,dinner,0.01
1545346,CHAPTER 3,dint,0.01
1545361,CHAPTER 3,directly,0.01
1545364,CHAPTER 3,direful,0.01
1545381,CHAPTER 3,disappeared,0.01
1545533,CHAPTER 3,dismal,0.01
1545536,CHAPTER 3,dismantled,0.01
1545636,CHAPTER 3,distant,0.01
1545659,CHAPTER 3,distracted,0.01
1545695,CHAPTER 3,divers,0.01
1545841,CHAPTER 3,doubt,0.01
1545863,CHAPTER 3,downwards,0.01
1545865,CHAPTER 3,doze,0.01
1545896,CHAPTER 3,draught,0.01
1545904,CHAPTER 3,drawing,0.01
1545914,CHAPTER 3,dreadful,0.01
1545915,CHAPTER 3,dreadfully,0.01
1545924,CHAPTER 3,dreaming,0.01
1545977,CHAPTER 3,dropping,0.01
1546008,CHAPTER 3,drunken,0.01
1546011,CHAPTER 3,dry,0.01
1546084,CHAPTER 3,dusky,0.01
1546090,CHAPTER 3,dusty,0.01
1546098,CHAPTER 3,duty,0.01
1546122,CHAPTER 3,eagerness,0.01
1546131,CHAPTER 3,early,0.01
1546134,CHAPTER 3,earnest,0.01
1546142,CHAPTER 3,earthly,0.01
1546147,CHAPTER 3,ease,0.01
1546177,CHAPTER 3,ebony,0.01
1546208,CHAPTER 3,edges,0.01
1546236,CHAPTER 3,effects,0.01
1546293,CHAPTER 3,elbowed,0.01
1546312,CHAPTER 3,elegant,0.01
1546317,CHAPTER 3,elements,0.01
1546364,CHAPTER 3,embalmed,0.01
1546448,CHAPTER 3,employed,0.01
1546509,CHAPTER 3,end,0.01
1546515,CHAPTER 3,endeavored,0.01
1546522,CHAPTER 3,ended,0.01
1546569,CHAPTER 3,england,0.01
1546624,CHAPTER 3,enormous,0.01
1546650,CHAPTER 3,enter,0.01
1546684,CHAPTER 3,entrance,0.01
1546703,CHAPTER 3,enveloped,0.01
1546761,CHAPTER 3,ere,0.01
1546794,CHAPTER 3,escaped,0.01
1546885,CHAPTER 3,evening,0.01
1546905,CHAPTER 3,evidence,0.01
1546930,CHAPTER 3,exactly,0.01
1546940,CHAPTER 3,examined,0.01
1546945,CHAPTER 3,exasperated,0.01
1546946,CHAPTER 3,exasperating,0.01
1546985,CHAPTER 3,exclaimed,0.01
1547042,CHAPTER 3,exhibiting,0.01
1547180,CHAPTER 3,extinguished,0.01
1547190,CHAPTER 3,extraordinary,0.01
1547212,CHAPTER 3,eyeing,0.01
1547216,CHAPTER 3,eyes,0.01
1547260,CHAPTER 3,fain,0.01
1547261,CHAPTER 3,faint,0.01
1547268,CHAPTER 3,fair,0.01
1547272,CHAPTER 3,fairly,0.01
1547283,CHAPTER 3,falling,0.01
1547319,CHAPTER 3,fancies,0.01
1547356,CHAPTER 3,fascinated,0.01
1547363,CHAPTER 3,fashioned,0.01
1547382,CHAPTER 3,fatal,0.01
1547420,CHAPTER 3,favourite,0.01
1547485,CHAPTER 3,feet,0.01
1547502,CHAPTER 3,fellow,0.01
1547508,CHAPTER 3,felt,0.01
1547548,CHAPTER 3,fetch,0.01
1547552,CHAPTER 3,fetching,0.01
1547603,CHAPTER 3,fight,0.01
1547622,CHAPTER 3,filled,0.01
1547630,CHAPTER 3,final,0.01
1547637,CHAPTER 3,fine,0.01
1547642,CHAPTER 3,finest,0.01
1547675,CHAPTER 3,fish,0.01
1547727,CHAPTER 3,flame,0.01
1547789,CHAPTER 3,flew,0.01
1547817,CHAPTER 3,floated,0.01
1547818,CHAPTER 3,floating,0.01
1547892,CHAPTER 3,flying,0.01
1547919,CHAPTER 3,folding,0.01
1547927,CHAPTER 3,folks,0.01
1547929,CHAPTER 3,follow,0.01
1548063,CHAPTER 3,formed,0.01
1548196,CHAPTER 3,fresh,0.01
1548268,CHAPTER 3,frozen,0.01
1548295,CHAPTER 3,fumbling,0.01
1548314,CHAPTER 3,funny,0.01
1548319,CHAPTER 3,furiously,0.01
1548330,CHAPTER 3,furnished,0.01
1548333,CHAPTER 3,furniture,0.01
1548352,CHAPTER 3,gable,0.01
1548374,CHAPTER 3,gale,0.01
1548409,CHAPTER 3,game,0.01
1548468,CHAPTER 3,gathering,0.01
1548477,CHAPTER 3,gave,0.01
1548485,CHAPTER 3,gazed,0.01
1548578,CHAPTER 3,ghastly,0.01
1548598,CHAPTER 3,gigantic,0.01
1548608,CHAPTER 3,gin,0.01
1548631,CHAPTER 3,giving,0.01
1548647,CHAPTER 3,glanced,0.01
1548657,CHAPTER 3,glasses,0.01
1548682,CHAPTER 3,glimmer,0.01
1548686,CHAPTER 3,glistened,0.01
1548689,CHAPTER 3,glittering,0.01
1548753,CHAPTER 3,goblets,0.01
1548754,CHAPTER 3,god,0.01
1548762,CHAPTER 3,gods,0.01
1548763,CHAPTER 3,goes,0.01
1548779,CHAPTER 3,gone,0.01
1548891,CHAPTER 3,grass,0.01
1548982,CHAPTER 3,grin,0.01
1549038,CHAPTER 3,growled,0.01
1549086,CHAPTER 3,guise,0.01
1549207,CHAPTER 3,hamper,0.01
1549221,CHAPTER 3,handful,0.01
1549226,CHAPTER 3,handkerchief,0.01
1549277,CHAPTER 3,hard,0.01
1549297,CHAPTER 3,harm,0.01
1549312,CHAPTER 3,harpooneers,0.01
1549315,CHAPTER 3,harpoons,0.01
1549338,CHAPTER 3,hasty,0.01
1549383,CHAPTER 3,having,0.01
1549419,CHAPTER 3,headway,0.01
1549440,CHAPTER 3,hears,0.01
1549462,CHAPTER 3,heat,0.01
1549465,CHAPTER 3,heathen,0.01
1549466,CHAPTER 3,heathenish,0.01
1549613,CHAPTER 3,hidden,0.01
1549626,CHAPTER 3,high,0.01
1549627,CHAPTER 3,higher,0.01
1549628,CHAPTER 3,highest,0.01
1549730,CHAPTER 3,hold,0.01
1549758,CHAPTER 3,holy,0.01
1549776,CHAPTER 3,honest,0.01
1549808,CHAPTER 3,hooks,0.01
1549836,CHAPTER 3,horn,0.01
1549853,CHAPTER 3,horrid,0.01
1549889,CHAPTER 3,hours,0.01
1549906,CHAPTER 3,hovering,0.01
1549914,CHAPTER 3,howling,0.01
1549930,CHAPTER 3,huge,0.01
1549978,CHAPTER 3,hump,0.01
1550009,CHAPTER 3,hurrah,0.01
1550011,CHAPTER 3,hurricane,0.01
1550016,CHAPTER 3,hurry,0.01
1550046,CHAPTER 3,hyperborean,0.01
1550065,CHAPTER 3,ice,0.01
1550070,CHAPTER 3,iceland,0.01
1550073,CHAPTER 3,icicles,0.01
1550082,CHAPTER 3,ideas,0.01
1550083,CHAPTER 3,identical,0.01
1550117,CHAPTER 3,ignorance,0.01
1550174,CHAPTER 3,imbedded,0.01
1550189,CHAPTER 3,immediate,0.01
1550226,CHAPTER 3,impaling,0.01
1550284,CHAPTER 3,implement,0.01
1550420,CHAPTER 3,inches,0.01
1550495,CHAPTER 3,increased,0.01
1550522,CHAPTER 3,indefinite,0.01
1550523,CHAPTER 3,indefinitely,0.01
1550529,CHAPTER 3,independent,0.01
1550532,CHAPTER 3,indestructible,0.01
1550539,CHAPTER 3,indian,0.01
1550597,CHAPTER 3,induce,0.01
1550637,CHAPTER 3,inexplicable,0.01
1550821,CHAPTER 3,inquiry,0.01
1550886,CHAPTER 3,instant,0.01
1550978,CHAPTER 3,interested,0.01
1551059,CHAPTER 3,intimate,0.01
1551184,CHAPTER 3,involuntarily,0.01
1551206,CHAPTER 3,iron,0.01
1551258,CHAPTER 3,island,0.01
1551287,CHAPTER 3,ivory,0.01
1551292,CHAPTER 3,jack,0.01
1551297,CHAPTER 3,jacket,0.01
1551300,CHAPTER 3,jackets,0.01
1551343,CHAPTER 3,jaw,0.01
1551345,CHAPTER 3,jaws,0.01
1551453,CHAPTER 3,jolly,0.01
1551481,CHAPTER 3,joy,0.01
1551533,CHAPTER 3,jump,0.01
1551534,CHAPTER 3,jumped,0.01
1551535,CHAPTER 3,jumping,0.01
1551583,CHAPTER 3,keeps,0.01
1551606,CHAPTER 3,kick,0.01
1551632,CHAPTER 3,kindled,0.01
1551647,CHAPTER 3,kings,0.01
1551680,CHAPTER 3,knife,0.01
1551693,CHAPTER 3,knock,0.01
1551702,CHAPTER 3,knotted,0.01
1551708,CHAPTER 3,knowing,0.01
1551709,CHAPTER 3,knowingly,0.01
1551793,CHAPTER 3,lance,0.01
1551796,CHAPTER 3,lances,0.01
1551798,CHAPTER 3,land,0.01
1551857,CHAPTER 3,lashed,0.01
1551882,CHAPTER 3,latest,0.01
1551928,CHAPTER 3,lay,0.01
1551934,CHAPTER 3,laying,0.01
1551945,CHAPTER 3,lead,0.01
1551965,CHAPTER 3,lean,0.01
1551975,CHAPTER 3,leaping,0.01
1551990,CHAPTER 3,leaving,0.01
1552014,CHAPTER 3,left,0.01
1552015,CHAPTER 3,leg,0.01
1552053,CHAPTER 3,length,0.01
1552058,CHAPTER 3,lengthwise,0.01
1552079,CHAPTER 3,let,0.01
1552102,CHAPTER 3,leviathan,0.01
1552115,CHAPTER 3,liable,0.01
1552145,CHAPTER 3,lieu,0.01
1552149,CHAPTER 3,life,0.01
1552170,CHAPTER 3,lightning,0.01
1552179,CHAPTER 3,liked,0.01
1552186,CHAPTER 3,likes,0.01
1552187,CHAPTER 3,likewise,0.01
1552217,CHAPTER 3,lines,0.01
1552274,CHAPTER 3,live,0.01
1552390,CHAPTER 3,looked,0.01
1552418,CHAPTER 3,lord,0.01
1552434,CHAPTER 3,lot,0.01
1552593,CHAPTER 3,lying,0.01
1552624,CHAPTER 3,mad,0.01
1552637,CHAPTER 3,madman,0.01
1552856,CHAPTER 3,march,0.01
1552872,CHAPTER 3,mariners,0.01
1552877,CHAPTER 3,mark,0.01
1552878,CHAPTER 3,marked,0.01
1552880,CHAPTER 3,market,0.01
1552929,CHAPTER 3,marvellous,0.01
1552943,CHAPTER 3,mass,0.01
1552948,CHAPTER 3,masses,0.01
1552953,CHAPTER 3,mast,0.01
1552971,CHAPTER 3,masts,0.01
1553001,CHAPTER 3,matter,0.01
1553037,CHAPTER 3,meal,0.01
1553045,CHAPTER 3,meaning,0.01
1553050,CHAPTER 3,meant,0.01
1553051,CHAPTER 3,meantime,0.01
1553059,CHAPTER 3,meat,0.01
1553171,CHAPTER 3,meridians,0.01
1553258,CHAPTER 3,midst,0.01
1553340,CHAPTER 3,minutes,0.01
1553489,CHAPTER 3,molasses,0.01
1553521,CHAPTER 3,money,0.01
1553616,CHAPTER 3,morrow,0.01
1553647,CHAPTER 3,motioned,0.01
1553694,CHAPTER 3,moved,0.01
1553718,CHAPTER 3,muffled,0.01
1553831,CHAPTER 3,mysterious,0.01
1553835,CHAPTER 3,mystery,0.01
1553863,CHAPTER 3,nameless,0.01
1553891,CHAPTER 3,narrative,0.01
1553893,CHAPTER 3,narrow,0.01
1553938,CHAPTER 3,near,0.01
1553943,CHAPTER 3,nearly,0.01
1553964,CHAPTER 3,neck,0.01
1553978,CHAPTER 3,needle,0.01
1553996,CHAPTER 3,negro,0.01
1554004,CHAPTER 3,neighbors,0.01
1554023,CHAPTER 3,nervous,0.01
1554060,CHAPTER 3,newly,0.01
1554062,CHAPTER 3,news,0.01
1554071,CHAPTER 3,nice,0.01
1554090,CHAPTER 3,nightmare,0.01
1554113,CHAPTER 3,noble,0.01
1554121,CHAPTER 3,nod,0.01
1554131,CHAPTER 3,noises,0.01
1554145,CHAPTER 3,nooks,0.01
1554186,CHAPTER 3,noticed,0.01
1554218,CHAPTER 3,number,0.01
1554256,CHAPTER 3,oath,0.01
1554314,CHAPTER 3,observed,0.01
1554398,CHAPTER 3,offer,0.01
1554400,CHAPTER 3,offering,0.01
1554421,CHAPTER 3,oft,0.01
1554427,CHAPTER 3,oh,0.01
1554470,CHAPTER 3,ones,0.01
1554483,CHAPTER 3,open,0.01
1554484,CHAPTER 3,opened,0.01
1554497,CHAPTER 3,operations,0.01
1554506,CHAPTER 3,opinions,0.01
1554515,CHAPTER 3,opposite,0.01
1554570,CHAPTER 3,orgies,0.01
1554577,CHAPTER 3,original,0.01
1554592,CHAPTER 3,ornamented,0.01
1554618,CHAPTER 3,ought,0.01
1554641,CHAPTER 3,outlandish,0.01
1554670,CHAPTER 3,outside,0.01
1554817,CHAPTER 3,pagan,0.01
1554840,CHAPTER 3,painting,0.01
1554872,CHAPTER 3,palms,0.01
1554916,CHAPTER 3,pantaloons,0.01
1554947,CHAPTER 3,parallel,0.01
1555028,CHAPTER 3,partly,0.01
1555029,CHAPTER 3,partner,0.01
1555035,CHAPTER 3,parts,0.01
1555040,CHAPTER 3,passage,0.01
1555044,CHAPTER 3,passed,0.01
1555052,CHAPTER 3,passing,0.01
1555054,CHAPTER 3,passion,0.01
1555150,CHAPTER 3,pays,0.01
1555286,CHAPTER 3,people,0.01
1555321,CHAPTER 3,perfectly,0.01
1555364,CHAPTER 3,perpendicular,0.01
1555395,CHAPTER 3,person,0.01
1555402,CHAPTER 3,persons,0.01
1555443,CHAPTER 3,peter,0.01
1555606,CHAPTER 3,pine,0.01
1555648,CHAPTER 3,pitch,0.01
1555649,CHAPTER 3,pitched,0.01
1555683,CHAPTER 3,places,0.01
1555692,CHAPTER 3,plaguy,0.01
1555699,CHAPTER 3,plainly,0.01
1555718,CHAPTER 3,plank,0.01
1555719,CHAPTER 3,planks,0.01
1555730,CHAPTER 3,plaster,0.01
1555846,CHAPTER 3,pockets,0.01
1555874,CHAPTER 3,poison,0.01
1555893,CHAPTER 3,polished,0.01
1555897,CHAPTER 3,polite,0.01
1555898,CHAPTER 3,politely,0.01
1555929,CHAPTER 3,pondered,0.01
1555933,CHAPTER 3,ponderous,0.01
1556077,CHAPTER 3,poured,0.01
1556122,CHAPTER 3,praying,0.01
1556158,CHAPTER 3,precisely,0.01
1556196,CHAPTER 3,prejudices,0.01
1556254,CHAPTER 3,preserved,0.01
1556275,CHAPTER 3,presume,0.01
1556283,CHAPTER 3,pretend,0.01
1556297,CHAPTER 3,pretty,0.01
1556307,CHAPTER 3,previous,0.01
1556308,CHAPTER 3,previously,0.01
1556324,CHAPTER 3,primal,0.01
1556355,CHAPTER 3,private,0.01
1556384,CHAPTER 3,proceedings,0.01
1556398,CHAPTER 3,procured,0.01
1556402,CHAPTER 3,prodigious,0.01
1556467,CHAPTER 3,projecting,0.01
1556520,CHAPTER 3,properly,0.01
1556562,CHAPTER 3,prosecution,0.01
1556596,CHAPTER 3,proved,0.01
1556647,CHAPTER 3,public,0.01
1556662,CHAPTER 3,puffing,0.01
1556669,CHAPTER 3,pulled,0.01
1556731,CHAPTER 3,purple,0.01
1556736,CHAPTER 3,purpose,0.01
1556753,CHAPTER 3,pursuit,0.01
1556768,CHAPTER 3,puzzled,0.01
1556833,CHAPTER 3,queer,0.01
1556857,CHAPTER 3,quicker,0.01
1556875,CHAPTER 3,quills,0.01
1556879,CHAPTER 3,quit,0.01
1556932,CHAPTER 3,rage,0.01
1556934,CHAPTER 3,ragged,0.01
1556956,CHAPTER 3,raised,0.01
1556994,CHAPTER 3,ran,0.01
1557002,CHAPTER 3,ranged,0.01
1557026,CHAPTER 3,rare,0.01
1557033,CHAPTER 3,rascal,0.01
1557044,CHAPTER 3,rate,0.01
1557101,CHAPTER 3,real,0.01
1557157,CHAPTER 3,received,0.01
1557313,CHAPTER 3,refrained,0.01
1557397,CHAPTER 3,rejoinder,0.01
1557465,CHAPTER 3,remembered,0.01
1557477,CHAPTER 3,reminiscences,0.01
1557498,CHAPTER 3,remotest,0.01
1557504,CHAPTER 3,removing,0.01
1557508,CHAPTER 3,render,0.01
1557543,CHAPTER 3,repeated,0.01
1557576,CHAPTER 3,reported,0.01
1557593,CHAPTER 3,representing,0.01
1557645,CHAPTER 3,resemblance,0.01
1557650,CHAPTER 3,resembling,0.01
1557712,CHAPTER 3,respects,0.01
1557734,CHAPTER 3,restless,0.01
1557815,CHAPTER 3,revelry,0.01
1557911,CHAPTER 3,ridge,0.01
1557990,CHAPTER 3,rise,0.01
1558045,CHAPTER 3,rocked,0.01
1558064,CHAPTER 3,rolling,0.01
1558119,CHAPTER 3,rough,0.01
1558172,CHAPTER 3,rudely,0.01
1558217,CHAPTER 3,run,0.01
1558220,CHAPTER 3,running,0.01
1558244,CHAPTER 3,rusty,0.01
1558251,CHAPTER 3,sabbath,0.01
1558281,CHAPTER 3,safe,0.01
1558296,CHAPTER 3,sail,0.01
1558304,CHAPTER 3,sailor,0.01
1558306,CHAPTER 3,sailors,0.01
1558418,CHAPTER 3,satisfied,0.01
1558469,CHAPTER 3,says,0.01
1558474,CHAPTER 3,scalding,0.01
1558516,CHAPTER 3,scattered,0.01
1558519,CHAPTER 3,scene,0.01
1558567,CHAPTER 3,scorching,0.01
1558633,CHAPTER 3,screwed,0.01
1558680,CHAPTER 3,seal,0.01
1558686,CHAPTER 3,seaman,0.01
1558709,CHAPTER 3,seat,0.01
1558721,CHAPTER 3,second,0.01
1558760,CHAPTER 3,seed,0.01
1558773,CHAPTER 3,seen,0.01
1558795,CHAPTER 3,seldom,0.01
1558808,CHAPTER 3,sells,0.01
1558920,CHAPTER 3,sets,0.01
1558958,CHAPTER 3,shabby,0.01
1558963,CHAPTER 3,shades,0.01
1558991,CHAPTER 3,shall,0.01
1559012,CHAPTER 3,shan,0.01
1559017,CHAPTER 3,shaped,0.01
1559024,CHAPTER 3,sharing,0.01
1559070,CHAPTER 3,sheet,0.01
1559120,CHAPTER 3,shipmate,0.01
1559122,CHAPTER 3,shipped,0.01
1559170,CHAPTER 3,short,0.01
1559184,CHAPTER 3,shoulders,0.01
1559219,CHAPTER 3,shrine,0.01
1559239,CHAPTER 3,shuddered,0.01
1559240,CHAPTER 3,shuddering,0.01
1559297,CHAPTER 3,sight,0.01
1559301,CHAPTER 3,sign,0.01
1559329,CHAPTER 3,silk,0.01
1559332,CHAPTER 3,sill,0.01
1559373,CHAPTER 3,sing,0.01
1559400,CHAPTER 3,sir,0.01
1559420,CHAPTER 3,sitting,0.01
1559476,CHAPTER 3,skull,0.01
1559492,CHAPTER 3,slain,0.01
1559538,CHAPTER 3,sleeves,0.01
1559552,CHAPTER 3,slid,0.01
1559575,CHAPTER 3,slipped,0.01
1559583,CHAPTER 3,slipping,0.01
1559586,CHAPTER 3,slit,0.01
1559646,CHAPTER 3,smelt,0.01
1559661,CHAPTER 3,smoke,0.01
1559702,CHAPTER 3,snatches,0.01
1559723,CHAPTER 3,snow,0.01
1559732,CHAPTER 3,snug,0.01
1559774,CHAPTER 3,soft,0.01
1559800,CHAPTER 3,sold,0.01
1559851,CHAPTER 3,somewhat,0.01
1559857,CHAPTER 3,song,0.01
1559875,CHAPTER 3,sooty,0.01
1559891,CHAPTER 3,sorry,0.01
1559899,CHAPTER 3,sought,0.01
1559927,CHAPTER 3,sovereign,0.01
1559953,CHAPTER 3,spare,0.01
1559979,CHAPTER 3,spears,0.01
1559991,CHAPTER 3,specimens,0.01
1560023,CHAPTER 3,spell,0.01
1560028,CHAPTER 3,spending,0.01
1560032,CHAPTER 3,spent,0.01
1560068,CHAPTER 3,spinning,0.01
1560121,CHAPTER 3,spoil,0.01
1560126,CHAPTER 3,spoke,0.01
1560127,CHAPTER 3,spoken,0.01
1560156,CHAPTER 3,spot,0.01
1560163,CHAPTER 3,spouter,0.01
1560173,CHAPTER 3,sprang,0.01
1560181,CHAPTER 3,spring,0.01
1560262,CHAPTER 3,stained,0.01
1560263,CHAPTER 3,stains,0.01
1560265,CHAPTER 3,stairs,0.01
1560289,CHAPTER 3,stand,0.01
1560310,CHAPTER 3,stark,0.01
1560318,CHAPTER 3,starting,0.01
1560329,CHAPTER 3,stash,0.01
1560355,CHAPTER 3,stature,0.01
1560365,CHAPTER 3,stayed,0.01
1560382,CHAPTER 3,steal,0.01
1560445,CHAPTER 3,stick,0.01
1560451,CHAPTER 3,stiff,0.01
1560518,CHAPTER 3,stooped,0.01
1560519,CHAPTER 3,stooping,0.01
1560522,CHAPTER 3,stopped,0.01
1560535,CHAPTER 3,storied,0.01
1560536,CHAPTER 3,stories,0.01
1560538,CHAPTER 3,storm,0.01
1560548,CHAPTER 3,stove,0.01
1560558,CHAPTER 3,straight,0.01
1560599,CHAPTER 3,stream,0.01
1560630,CHAPTER 3,striking,0.01
1560661,CHAPTER 3,strong,0.01
1560675,CHAPTER 3,strung,0.01
1560705,CHAPTER 3,stuffed,0.01
1560748,CHAPTER 3,subject,0.01
1560787,CHAPTER 3,substantial,0.01
1560823,CHAPTER 3,succeeded,0.01
1560844,CHAPTER 3,sudden,0.01
1560851,CHAPTER 3,sufferable,0.01
1560886,CHAPTER 3,suit,0.01
1560915,CHAPTER 3,summoned,0.01
1560924,CHAPTER 3,sun,0.01
1560941,CHAPTER 3,sunrise,0.01
1560943,CHAPTER 3,sunset,0.01
1561030,CHAPTER 3,suppose,0.01
1561055,CHAPTER 3,surgeon,0.01
1561081,CHAPTER 3,surprise,0.01
1561090,CHAPTER 3,surround,0.01
1561124,CHAPTER 3,suspicious,0.01
1561180,CHAPTER 3,sweeping,0.01
1561201,CHAPTER 3,swift,0.01
1561234,CHAPTER 3,swore,0.01
1561263,CHAPTER 3,symptoms,0.01
1561268,CHAPTER 3,systematic,0.01
1561305,CHAPTER 3,tail,0.01
1561317,CHAPTER 3,takes,0.01
1561318,CHAPTER 3,taking,0.01
1561337,CHAPTER 3,tallow,0.01
1561368,CHAPTER 3,tapping,0.01
1561369,CHAPTER 3,tar,0.01
1561413,CHAPTER 3,tattooed,0.01
1561414,CHAPTER 3,tattooing,0.01
1561431,CHAPTER 3,tea,0.01
1561512,CHAPTER 3,tending,0.01
1561552,CHAPTER 3,terrible,0.01
1561594,CHAPTER 3,thank,0.01
1561625,CHAPTER 3,theory,0.01
1561644,CHAPTER 3,thickly,0.01
1561653,CHAPTER 3,thing,0.01
1561654,CHAPTER 3,things,0.01
1561676,CHAPTER 3,thirty,0.01
1561689,CHAPTER 3,thoroughly,0.01
1561698,CHAPTER 3,thoughts,0.01
1561719,CHAPTER 3,threes,0.01
1561753,CHAPTER 3,thrown,0.01
1561785,CHAPTER 3,tickled,0.01
1561833,CHAPTER 3,times,0.01
1561860,CHAPTER 3,tinkling,0.01
1561928,CHAPTER 3,tolerably,0.01
1561990,CHAPTER 3,tore,0.01
1562030,CHAPTER 3,touch,0.01
1562050,CHAPTER 3,towering,0.01
1562187,CHAPTER 3,travelled,0.01
1562266,CHAPTER 3,tried,0.01
1562300,CHAPTER 3,trod,0.01
1562315,CHAPTER 3,tropical,0.01
1562336,CHAPTER 3,true,0.01
1562339,CHAPTER 3,truly,0.01
1562349,CHAPTER 3,trunk,0.01
1562351,CHAPTER 3,trunks,0.01
1562356,CHAPTER 3,truth,0.01
1562378,CHAPTER 3,tufted,0.01
1562386,CHAPTER 3,tumble,0.01
1562387,CHAPTER 3,tumbled,0.01
1562418,CHAPTER 3,turning,0.01
1562466,CHAPTER 3,twisted,0.01
1562471,CHAPTER 3,twitched,0.01
1562479,CHAPTER 3,twos,0.01
1562644,CHAPTER 3,uncomfortable,0.01
1562648,CHAPTER 3,uncommonly,0.01
1562726,CHAPTER 3,understand,0.01
1562729,CHAPTER 3,understanding,0.01
1562784,CHAPTER 3,undressed,0.01
1562799,CHAPTER 3,unearthly,0.01
1562948,CHAPTER 3,unimaginable,0.01
1563077,CHAPTER 3,unobserved,0.01
1563354,CHAPTER 3,unwarrantable,0.01
1563356,CHAPTER 3,unwarranted,0.01
1563444,CHAPTER 3,ushered,0.01
1563547,CHAPTER 3,vast,0.01
1563597,CHAPTER 3,venture,0.01
1563685,CHAPTER 3,vicinity,0.01
1563704,CHAPTER 3,viewed,0.01
1563712,CHAPTER 3,vigorously,0.01
1563717,CHAPTER 3,vile,0.01
1563758,CHAPTER 3,violent,0.01
1563765,CHAPTER 3,virginia,0.01
1563780,CHAPTER 3,visible,0.01
1563795,CHAPTER 3,visits,0.01
1563824,CHAPTER 3,voice,0.01
1563874,CHAPTER 3,voyage,0.01
1563878,CHAPTER 3,voyages,0.01
1563933,CHAPTER 3,wake,0.01
1563951,CHAPTER 3,wallet,0.01
1563956,CHAPTER 3,walls,0.01
1563981,CHAPTER 3,wanted,0.01
1563990,CHAPTER 3,war,0.01
1564000,CHAPTER 3,wardrobe,0.01
1564040,CHAPTER 3,wash,0.01
1564110,CHAPTER 3,weapons,0.01
1564119,CHAPTER 3,wearing,0.01
1564125,CHAPTER 3,weather,0.01
1564161,CHAPTER 3,weighed,0.01
1564181,CHAPTER 3,weltering,0.01
1564212,CHAPTER 3,whales,0.01
1564217,CHAPTER 3,whaling,0.01
1564222,CHAPTER 3,whatsoever,0.01
1564294,CHAPTER 3,whispered,0.01
1564357,CHAPTER 3,wildly,0.01
1564389,CHAPTER 3,winding,0.01
1564416,CHAPTER 3,winter,0.01
1564455,CHAPTER 3,withered,0.01
1564494,CHAPTER 3,wonder,0.01
1564495,CHAPTER 3,wondered,0.01
1564533,CHAPTER 3,word,0.01
1564552,CHAPTER 3,worm,0.01
1564633,CHAPTER 3,wrist,0.01
1564710,CHAPTER 3,yarn,0.01
1564729,CHAPTER 3,yeast,0.01
1564741,CHAPTER 3,yes,0.01
1564744,CHAPTER 3,yielded,0.01
1564754,CHAPTER 3,yon,0.01
