,chapter,term,tfidf
3624274,filler_text,pierre,0.73
3619969,filler_text,isabel,0.19
3621214,filler_text,lucy,0.15
3632706,filler_text,war,0.11
3621479,filler_text,man,0.1
3622357,filler_text,mother,0.08
3617388,filler_text,glendinning,0.07
3621844,filler_text,men,0.07
3622650,filler_text,navy,0.07
3627010,filler_text,said,0.07
3630324,filler_text,thee,0.07
3630406,filler_text,thou,0.07
3611006,filler_text,captain,0.06
3612086,filler_text,commodore,0.06
3616935,filler_text,frigate,0.06
3620894,filler_text,like,0.06
3621170,filler_text,love,0.06
3623123,filler_text,officers,0.06
3623153,filler_text,old,0.06
3626801,filler_text,room,0.06
3630545,filler_text,time,0.06
3610613,filler_text,brother,0.05
3613468,filler_text,deck,0.05
3616108,filler_text,father,0.05
3617815,filler_text,gun,0.05
3618606,filler_text,house,0.05
3620008,filler_text,jack,0.05
3620013,filler_text,jacket,0.05
3620985,filler_text,little,0.05
3621093,filler_text,long,0.05
3622767,filler_text,neversink,0.05
3627707,filler_text,shall,0.05
3630493,filler_text,thy,0.05
3633265,filler_text,world,0.05
3612024,filler_text,come,0.04
3613378,filler_text,day,0.04
3613627,filler_text,delly,0.04
3613984,filler_text,did,0.04
3615944,filler_text,face,0.04
3617385,filler_text,glen,0.04
3617497,filler_text,good,0.04
3617930,filler_text,hand,0.04
3618073,filler_text,hath,0.04
3618161,filler_text,heart,0.04
3620633,filler_text,law,0.04
3620795,filler_text,let,0.04
3620863,filler_text,lieutenant,0.04
3620865,filler_text,life,0.04
3621672,filler_text,master,0.04
3621906,filler_text,mess,0.04
3622425,filler_text,mrs,0.04
3622802,filler_text,night,0.04
3623120,filler_text,officer,0.04
3624712,filler_text,portrait,0.04
3625461,filler_text,purser,0.04
3627831,filler_text,ship,0.04
3628116,filler_text,sir,0.04
3628122,filler_text,sister,0.04
3628616,filler_text,soul,0.04
3630369,filler_text,thing,0.04
3630370,filler_text,things,0.04
3633475,filler_text,young,0.04
3608500,filler_text,american,0.03
3608928,filler_text,arms,0.03
3609231,filler_text,aunt,0.03
3609308,filler_text,away,0.03
3609330,filler_text,ay,0.03
3610186,filler_text,board,0.03
3610204,filler_text,boatswain,0.03
3610273,filler_text,book,0.03
3610902,filler_text,came,0.03
3611280,filler_text,chamber,0.03
3611323,filler_text,chapter,0.03
3611683,filler_text,claret,0.03
3612861,filler_text,cousin,0.03
3612999,filler_text,cried,0.03
3613227,filler_text,cuticle,0.03
3613407,filler_text,dear,0.03
3614527,filler_text,door,0.03
3615391,filler_text,entirely,0.03
3615932,filler_text,eyes,0.03
3616052,filler_text,far,0.03
3616224,filler_text,felt,0.03
3616353,filler_text,fine,0.03
3617223,filler_text,general,0.03
3617258,filler_text,gentlemen,0.03
3617338,filler_text,girl,0.03
3617470,filler_text,god,0.03
3617647,filler_text,great,0.03
3617803,filler_text,guitar,0.03
3617820,filler_text,guns,0.03
3617949,filler_text,hands,0.03
3620270,filler_text,just,0.03
3620422,filler_text,know,0.03
3620480,filler_text,lady,0.03
3620800,filler_text,letter,0.03
3621418,filler_text,main,0.03
3622029,filler_text,mind,0.03
3622327,filler_text,morning,0.03
3623143,filler_text,oh,0.03
3624957,filler_text,present,0.03
3625534,filler_text,quarter,0.03
3626838,filler_text,round,0.03
3627020,filler_text,sailor,0.03
3627022,filler_text,sailors,0.03
3627180,filler_text,say,0.03
3627393,filler_text,sea,0.03
3629771,filler_text,surgeon,0.03
3629899,filler_text,sweet,0.03
3630102,filler_text,tartan,0.03
3630407,filler_text,thought,0.03
3632809,filler_text,way,0.03
3633022,filler_text,white,0.03
3608289,filler_text,ah,0.02
3608307,filler_text,air,0.02
3608725,filler_text,apostles,0.02
3608972,filler_text,art,0.02
3608982,filler_text,articles,0.02
3609022,filler_text,ashore,0.02
3609595,filler_text,battle,0.02
3609604,filler_text,bay,0.02
3609630,filler_text,beard,0.02
3609655,filler_text,beautiful,0.02
3609659,filler_text,beauty,0.02
3609669,filler_text,bed,0.02
3609779,filler_text,bell,0.02
3609873,filler_text,best,0.02
3609905,filler_text,better,0.02
3610162,filler_text,blue,0.02
3610220,filler_text,body,0.02
3610377,filler_text,boy,0.02
3610878,filler_text,called,0.02
3610980,filler_text,cape,0.02
3611099,filler_text,case,0.02
3611171,filler_text,cause,0.02
3611246,filler_text,certain,0.02
3611409,filler_text,cheek,0.02
3611462,filler_text,child,0.02
3611639,filler_text,city,0.02
3612088,filler_text,common,0.02
3612262,filler_text,concerning,0.02
3612833,filler_text,country,0.02
3612994,filler_text,crew,0.02
3613334,filler_text,dark,0.02
3613361,filler_text,dates,0.02
3613383,filler_text,days,0.02
3613411,filler_text,death,0.02
3614467,filler_text,does,0.02
3614514,filler_text,don,0.02
3614814,filler_text,duty,0.02
3614847,filler_text,early,0.02
3614856,filler_text,earth,0.02
3615225,filler_text,end,0.02
3615287,filler_text,english,0.02
3615367,filler_text,entered,0.02
3615601,filler_text,evening,0.02
3615924,filler_text,eye,0.02
3616006,filler_text,falsgrave,0.02
3616104,filler_text,fate,0.02
3616194,filler_text,feel,0.02
3616196,filler_text,feeling,0.02
3616693,filler_text,fore,0.02
3616740,filler_text,forever,0.02
3616794,filler_text,forth,0.02
3617137,filler_text,gangway,0.02
3617252,filler_text,gentleman,0.02
3617344,filler_text,given,0.02
3617424,filler_text,glorious,0.02
3617485,filler_text,going,0.02
3617495,filler_text,gone,0.02
3617572,filler_text,grand,0.02
3617658,filler_text,green,0.02
3617685,filler_text,grief,0.02
3617816,filler_text,gunner,0.02
3617892,filler_text,half,0.02
3617989,filler_text,harbour,0.02
3618099,filler_text,having,0.02
3618119,filler_text,head,0.02
3618149,filler_text,heard,0.02
3618187,filler_text,heaven,0.02
3618235,filler_text,held,0.02
3618342,filler_text,high,0.02
3618446,filler_text,hold,0.02
3618477,filler_text,home,0.02
3618509,filler_text,honour,0.02
3618603,filler_text,hour,0.02
3618605,filler_text,hours,0.02
3618658,filler_text,human,0.02
3620311,filler_text,kept,0.02
3620394,filler_text,knew,0.02
3620428,filler_text,known,0.02
3620562,filler_text,large,0.02
3620704,filler_text,leave,0.02
3620730,filler_text,left,0.02
3620864,filler_text,lieutenants,0.02
3620876,filler_text,light,0.02
3621105,filler_text,look,0.02
3621106,filler_text,looked,0.02
3621111,filler_text,looking,0.02
3621438,filler_text,make,0.02
3621444,filler_text,making,0.02
3621530,filler_text,manner,0.02
3621585,filler_text,marine,0.02
3621633,filler_text,martial,0.02
3621669,filler_text,mast,0.02
3621696,filler_text,mate,0.02
3621704,filler_text,mates,0.02
3621717,filler_text,matter,0.02
3621749,filler_text,meadows,0.02
3621842,filler_text,memory,0.02
3621880,filler_text,mere,0.02
3621972,filler_text,midshipmen,0.02
3622020,filler_text,millthorpe,0.02
3622109,filler_text,miss,0.02
3622221,filler_text,moment,0.02
3622424,filler_text,mr,0.02
3622551,filler_text,mystery,0.02
3622641,filler_text,naval,0.02
3622771,filler_text,new,0.02
3622829,filler_text,noble,0.02
3623199,filler_text,open,0.02
3623264,filler_text,order,0.02
3623648,filler_text,paper,0.02
3623736,filler_text,particular,0.02
3623760,filler_text,passed,0.02
3623781,filler_text,past,0.02
3623868,filler_text,peace,0.02
3624002,filler_text,people,0.02
3624053,filler_text,period,0.02
3624111,filler_text,person,0.02
3624394,filler_text,place,0.02
3624661,filler_text,poor,0.02
3624688,filler_text,port,0.02
3624738,filler_text,possible,0.02
3625034,filler_text,pride,0.02
3625363,filler_text,public,0.02
3625420,filler_text,punishment,0.02
3625537,filler_text,quarters,0.02
3625689,filler_text,ralph,0.02
3625808,filler_text,read,0.02
3626646,filler_text,right,0.02
3626685,filler_text,rio,0.02
3626993,filler_text,saddle,0.02
3627012,filler_text,sail,0.02
3627119,filler_text,sat,0.02
3627172,filler_text,saw,0.02
3627402,filler_text,seaman,0.02
3627405,filler_text,seamen,0.02
3627444,filler_text,secret,0.02
3627517,filler_text,self,0.02
3627625,filler_text,service,0.02
3627634,filler_text,set,0.02
3627895,filler_text,shot,0.02
3627985,filler_text,sick,0.02
3628013,filler_text,sight,0.02
3628346,filler_text,small,0.02
3628572,filler_text,son,0.02
3628582,filler_text,soon,0.02
3628687,filler_text,speak,0.02
3629005,filler_text,stand,0.02
3629046,filler_text,state,0.02
3629080,filler_text,stay,0.02
3629223,filler_text,stone,0.02
3629230,filler_text,stood,0.02
3629260,filler_text,story,0.02
3629293,filler_text,strange,0.02
3629561,filler_text,suddenly,0.02
3630185,filler_text,tell,0.02
3630371,filler_text,think,0.02
3630414,filler_text,thoughts,0.02
3630535,filler_text,till,0.02
3630549,filler_text,times,0.02
3631052,filler_text,true,0.02
3631072,filler_text,truth,0.02
3631133,filler_text,turned,0.02
3632711,filler_text,ward,0.02
3632770,filler_text,watch,0.02
3632783,filler_text,water,0.02
3632900,filler_text,went,0.02
3633038,filler_text,wholly,0.02
3633051,filler_text,wide,0.02
3633203,filler_text,woman,0.02
3633212,filler_text,wonderful,0.02
3633249,filler_text,word,0.02
3633251,filler_text,words,0.02
3633254,filler_text,work,0.02
3633420,filler_text,yard,0.02
3633436,filler_text,ye,0.02
3633444,filler_text,years,0.02
3633457,filler_text,yes,0.02
3633483,filler_text,youth,0.02
3607666,filler_text,_that_,0.01
3607667,filler_text,_the,0.01
3607761,filler_text,_you_,0.01
3607770,filler_text,abandoned,0.01
3607817,filler_text,able,0.01
3607847,filler_text,abroad,0.01
3607856,filler_text,absolute,0.01
3607857,filler_text,absolutely,0.01
3607940,filler_text,according,0.01
3607941,filler_text,accordingly,0.01
3607945,filler_text,account,0.01
3607982,filler_text,acquaintance,0.01
3608002,filler_text,act,0.01
3608006,filler_text,action,0.01
3608007,filler_text,actions,0.01
3608014,filler_text,acts,0.01
3608032,filler_text,added,0.01
3608039,filler_text,additional,0.01
3608043,filler_text,addressed,0.01
3608079,filler_text,admiral,0.01
3608083,filler_text,admiration,0.01
3608085,filler_text,admired,0.01
3608090,filler_text,admit,0.01
3608134,filler_text,advance,0.01
3608135,filler_text,advanced,0.01
3608175,filler_text,affairs,0.01
3608215,filler_text,afloat,0.01
3608227,filler_text,aft,0.01
3608230,filler_text,afternoon,0.01
3608232,filler_text,afterward,0.01
3608235,filler_text,age,0.01
3608236,filler_text,aged,0.01
3608268,filler_text,ago,0.01
3608281,filler_text,agreeable,0.01
3608335,filler_text,alas,0.01
3608379,filler_text,alive,0.01
3608411,filler_text,allowed,0.01
3608433,filler_text,aloft,0.01
3608459,filler_text,altogether,0.01
3608470,filler_text,amazed,0.01
3608499,filler_text,america,0.01
3608531,filler_text,amputation,0.01
3608568,filler_text,anchor,0.01
3608573,filler_text,ancient,0.01
3608582,filler_text,angel,0.01
3608586,filler_text,angelical,0.01
3608597,filler_text,anguish,0.01
3608622,filler_text,announcement,0.01
3608648,filler_text,answer,0.01
3608649,filler_text,answered,0.01
3608741,filler_text,apparent,0.01
3608742,filler_text,apparently,0.01
3608750,filler_text,appear,0.01
3608751,filler_text,appearance,0.01
3608828,filler_text,apt,0.01
3608875,filler_text,ardent,0.01
3608915,filler_text,arm,0.01
3608919,filler_text,armed,0.01
3608930,filler_text,army,0.01
3608958,filler_text,arrival,0.01
3608960,filler_text,arrived,0.01
3608981,filler_text,article,0.01
3609028,filler_text,ask,0.01
3609030,filler_text,asked,0.01
3609036,filler_text,aspect,0.01
3609064,filler_text,assembled,0.01
3609077,filler_text,assigned,0.01
3609104,filler_text,assured,0.01
3609140,filler_text,atmosphere,0.01
3609169,filler_text,attempt,0.01
3609177,filler_text,attended,0.01
3609180,filler_text,attention,0.01
3609211,filler_text,auction,0.01
3609212,filler_text,auctioneer,0.01
3609219,filler_text,audible,0.01
3609244,filler_text,author,0.01
3609252,filler_text,authority,0.01
3609291,filler_text,avoid,0.01
3609307,filler_text,aware,0.01
3609371,filler_text,bad,0.01
3609381,filler_text,bag,0.01
3609387,filler_text,bags,0.01
3609409,filler_text,baldy,0.01
3609418,filler_text,ball,0.01
3609430,filler_text,balls,0.01
3609445,filler_text,band,0.01
3609505,filler_text,barber,0.01
3609506,filler_text,barbers,0.01
3609519,filler_text,barge,0.01
3609549,filler_text,bars,0.01
3609554,filler_text,base,0.01
3609592,filler_text,batteries,0.01
3609629,filler_text,bear,0.01
3609634,filler_text,beards,0.01
3609644,filler_text,beat,0.01
3609694,filler_text,beef,0.01
3609716,filler_text,began,0.01
3609726,filler_text,begin,0.01
3609745,filler_text,beheld,0.01
3609748,filler_text,behold,0.01
3609770,filler_text,believe,0.01
3609817,filler_text,beneath,0.01
3609828,filler_text,benefit,0.01
3609840,filler_text,bent,0.01
3609853,filler_text,berth,0.01
3609925,filler_text,bible,0.01
3609993,filler_text,bit,0.01
3610002,filler_text,bitter,0.01
3610010,filler_text,black,0.01
3610066,filler_text,blast,0.01
3610096,filler_text,bless,0.01
3610097,filler_text,blessed,0.01
3610137,filler_text,blood,0.01
3610145,filler_text,bloody,0.01
3610146,filler_text,bloom,0.01
3610154,filler_text,blow,0.01
3610197,filler_text,boat,0.01
3610275,filler_text,books,0.01
3610286,filler_text,boot,0.01
3610290,filler_text,boots,0.01
3610297,filler_text,bore,0.01
3610303,filler_text,born,0.01
3610310,filler_text,bosom,0.01
3610330,filler_text,bound,0.01
3610373,filler_text,box,0.01
3610382,filler_text,boys,0.01
3610426,filler_text,brass,0.01
3610453,filler_text,bread,0.01
3610457,filler_text,break,0.01
3610459,filler_text,breakfast,0.01
3610464,filler_text,breast,0.01
3610470,filler_text,breath,0.01
3610487,filler_text,breeze,0.01
3610529,filler_text,brig,0.01
3610535,filler_text,bright,0.01
3610554,filler_text,bring,0.01
3610570,filler_text,british,0.01
3610574,filler_text,broad,0.01
3610592,filler_text,broken,0.01
3610617,filler_text,brought,0.01
3610618,filler_text,brow,0.01
3610620,filler_text,brown,0.01
3610630,filler_text,brush,0.01
3610632,filler_text,brushes,0.01
3610673,filler_text,building,0.01
3610747,filler_text,buried,0.01
3610756,filler_text,burning,0.01
3610764,filler_text,burst,0.01
3610777,filler_text,business,0.01
3610823,filler_text,cabin,0.01
3610828,filler_text,cable,0.01
3610880,filler_text,calling,0.01
3610885,filler_text,calm,0.01
3610908,filler_text,camp,0.01
3610936,filler_text,cane,0.01
3610947,filler_text,cannon,0.01
3610971,filler_text,canvas,0.01
3610974,filler_text,cap,0.01
3611003,filler_text,capstan,0.01
3611008,filler_text,captains,0.01
3611031,filler_text,care,0.01
3611037,filler_text,carefully,0.01
3611070,filler_text,carried,0.01
3611081,filler_text,carry,0.01
3611101,filler_text,casement,0.01
3611103,filler_text,cases,0.01
3611114,filler_text,cast,0.01
3611131,filler_text,cat,0.01
3611141,filler_text,catch,0.01
3611165,filler_text,caught,0.01
3611172,filler_text,caused,0.01
3611238,filler_text,century,0.01
3611247,filler_text,certainly,0.01
3611268,filler_text,chair,0.01
3611284,filler_text,chambers,0.01
3611293,filler_text,chance,0.01
3611301,filler_text,change,0.01
3611302,filler_text,changed,0.01
3611319,filler_text,chaplain,0.01
3611325,filler_text,character,0.01
3611334,filler_text,charge,0.01
3611335,filler_text,charged,0.01
3611349,filler_text,charles,0.01
3611370,filler_text,chase,0.01
3611435,filler_text,cherished,0.01
3611445,filler_text,chest,0.01
3611458,filler_text,chief,0.01
3611469,filler_text,children,0.01
3611483,filler_text,china,0.01
3611509,filler_text,choice,0.01
3611538,filler_text,christian,0.01
3611555,filler_text,chronometrical,0.01
3611564,filler_text,church,0.01
3611618,filler_text,circumstance,0.01
3611620,filler_text,circumstances,0.01
3611711,filler_text,clean,0.01
3611718,filler_text,clear,0.01
3611738,filler_text,clergyman,0.01
3611740,filler_text,clerk,0.01
3611777,filler_text,clock,0.01
3611786,filler_text,close,0.01
3611787,filler_text,closed,0.01
3611793,filler_text,closet,0.01
3611797,filler_text,cloth,0.01
3611800,filler_text,clothes,0.01
3611819,filler_text,club,0.01
3611840,filler_text,coach,0.01
3611853,filler_text,coat,0.01
3611879,filler_text,cockswain,0.01
3611886,filler_text,code,0.01
3611898,filler_text,coffee,0.01
3611934,filler_text,cold,0.01
3611970,filler_text,collingwood,0.01
3612014,filler_text,combined,0.01
3612030,filler_text,comes,0.01
3612045,filler_text,coming,0.01
3612047,filler_text,command,0.01
3612048,filler_text,commanded,0.01
3612081,filler_text,committed,0.01
3612087,filler_text,commodores,0.01
3612124,filler_text,companions,0.01
3612128,filler_text,company,0.01
3612174,filler_text,complete,0.01
3612176,filler_text,completely,0.01
3612202,filler_text,composed,0.01
3612210,filler_text,comprehend,0.01
3612235,filler_text,concealed,0.01
3612242,filler_text,conceit,0.01
3612261,filler_text,concerned,0.01
3612272,filler_text,concluded,0.01
3612302,filler_text,condition,0.01
3612307,filler_text,conduct,0.01
3612387,filler_text,congress,0.01
3612425,filler_text,conscious,0.01
3612427,filler_text,consciousness,0.01
3612443,filler_text,consider,0.01
3612449,filler_text,considerations,0.01
3612450,filler_text,considered,0.01
3612548,filler_text,contents,0.01
3612559,filler_text,continual,0.01
3612560,filler_text,continually,0.01
3612565,filler_text,continued,0.01
3612665,filler_text,cook,0.01
3612672,filler_text,cooks,0.01
3612725,filler_text,corner,0.01
3612726,filler_text,corners,0.01
3612733,filler_text,corporal,0.01
3612734,filler_text,corporals,0.01
3612762,filler_text,corridor,0.01
3612787,filler_text,cot,0.01
3612790,filler_text,cottage,0.01
3612809,filler_text,countenance,0.01
3612846,filler_text,course,0.01
3612849,filler_text,court,0.01
3612868,filler_text,covered,0.01
3613052,filler_text,cross,0.01
3613070,filler_text,crowd,0.01
3613071,filler_text,crowded,0.01
3613087,filler_text,cruel,0.01
3613096,filler_text,cruise,0.01
3613183,filler_text,curiosity,0.01
3613184,filler_text,curious,0.01
3613204,filler_text,curtain,0.01
3613221,filler_text,custom,0.01
3613226,filler_text,cut,0.01
3613234,filler_text,cutter,0.01
3613270,filler_text,daily,0.01
3613321,filler_text,dante,0.01
3613364,filler_text,daughter,0.01
3613391,filler_text,dead,0.01
3613408,filler_text,dearest,0.01
3613472,filler_text,decks,0.01
3613504,filler_text,deeds,0.01
3613506,filler_text,deemed,0.01
3613509,filler_text,deep,0.01
3613513,filler_text,deeper,0.01
3613514,filler_text,deepest,0.01
3613515,filler_text,deeply,0.01
3613574,filler_text,degree,0.01
3613599,filler_text,delicate,0.01
3613605,filler_text,delight,0.01
3613700,filler_text,deny,0.01
3613702,filler_text,depart,0.01
3613703,filler_text,departed,0.01
3613705,filler_text,department,0.01
3613775,filler_text,descended,0.01
3613794,filler_text,deserted,0.01
3613812,filler_text,desire,0.01
3613821,filler_text,desk,0.01
3613925,filler_text,devoted,0.01
3613987,filler_text,didst,0.01
3613988,filler_text,die,0.01
3614001,filler_text,different,0.01
3614024,filler_text,dignity,0.01
3614038,filler_text,dim,0.01
3614052,filler_text,dine,0.01
3614057,filler_text,dining,0.01
3614058,filler_text,dinner,0.01
3614072,filler_text,direct,0.01
3614129,filler_text,discipline,0.01
3614205,filler_text,disgrace,0.01
3614350,filler_text,distance,0.01
3614352,filler_text,distant,0.01
3614429,filler_text,divine,0.01
3614448,filler_text,docile,0.01
3614470,filler_text,dog,0.01
3614479,filler_text,doing,0.01
3614485,filler_text,dollars,0.01
3614498,filler_text,domestic,0.01
3614536,filler_text,dorothea,0.01
3614541,filler_text,dost,0.01
3614544,filler_text,doth,0.01
3614550,filler_text,double,0.01
3614557,filler_text,doubt,0.01
3614561,filler_text,doubtless,0.01
3614574,filler_text,downright,0.01
3614583,filler_text,dozen,0.01
3614592,filler_text,dragged,0.01
3614615,filler_text,draw,0.01
3614620,filler_text,drawing,0.01
3614626,filler_text,drawn,0.01
3614634,filler_text,dream,0.01
3614652,filler_text,dress,0.01
3614658,filler_text,drew,0.01
3614669,filler_text,drink,0.01
3614676,filler_text,drive,0.01
3614677,filler_text,driven,0.01
3614678,filler_text,driver,0.01
3614691,filler_text,drop,0.01
3614692,filler_text,dropped,0.01
3614695,filler_text,drops,0.01
3614700,filler_text,drove,0.01
3614717,filler_text,drum,0.01
3614727,filler_text,dry,0.01
3614760,filler_text,dumb,0.01
3614811,filler_text,duties,0.01
3614841,filler_text,ear,0.01
3614850,filler_text,earnest,0.01
3614858,filler_text,earthly,0.01
3614864,filler_text,easel,0.01
3614876,filler_text,easy,0.01
3614877,filler_text,eat,0.01
3614949,filler_text,effect,0.01
3614952,filler_text,effects,0.01
3615074,filler_text,em,0.01
3615120,filler_text,embrace,0.01
3615149,filler_text,emotion,0.01
3615151,filler_text,emotions,0.01
3615153,filler_text,emperor,0.01
3615164,filler_text,employed,0.01
3615197,filler_text,enceladus,0.01
3615244,filler_text,endless,0.01
3615261,filler_text,enemy,0.01
3615274,filler_text,engaged,0.01
3615285,filler_text,england,0.01
3615366,filler_text,enter,0.01
3615368,filler_text,entering,0.01
3615381,filler_text,enthusiasm,0.01
3615384,filler_text,enthusiastic,0.01
3615390,filler_text,entire,0.01
3615456,filler_text,equally,0.01
3615477,filler_text,ere,0.01
3615509,filler_text,escape,0.01
3615519,filler_text,especially,0.01
3615559,filler_text,eternal,0.01
3615560,filler_text,eternally,0.01
3615604,filler_text,event,0.01
3615606,filler_text,events,0.01
3615625,filler_text,evil,0.01
3615658,filler_text,example,0.01
3615670,filler_text,exceedingly,0.01
3615675,filler_text,excellent,0.01
3615701,filler_text,exclaimed,0.01
3615738,filler_text,exercise,0.01
3615774,filler_text,existence,0.01
3615818,filler_text,experience,0.01
3615855,filler_text,exposed,0.01
3615866,filler_text,express,0.01
3615870,filler_text,expression,0.01
3615906,filler_text,extraordinary,0.01
3615927,filler_text,eyed,0.01
3615934,filler_text,eying,0.01
3615947,filler_text,faces,0.01
3615955,filler_text,fact,0.01
3615984,filler_text,fair,0.01
3615988,filler_text,fairly,0.01
3615991,filler_text,faith,0.01
3615996,filler_text,fall,0.01
3616002,filler_text,false,0.01
3616018,filler_text,familiar,0.01
3616023,filler_text,families,0.01
3616024,filler_text,family,0.01
3616033,filler_text,fancied,0.01
3616038,filler_text,fancy,0.01
3616061,filler_text,farm,0.01
3616062,filler_text,farmer,0.01
3616082,filler_text,fast,0.01
3616098,filler_text,fatal,0.01
3616136,filler_text,favourite,0.01
3616147,filler_text,fear,0.01
3616149,filler_text,fearful,0.01
3616171,filler_text,features,0.01
3616198,filler_text,feelings,0.01
3616199,filler_text,feels,0.01
3616201,filler_text,feet,0.01
3616214,filler_text,fell,0.01
3616218,filler_text,fellow,0.01
3616220,filler_text,fellows,0.01
3616319,filler_text,fight,0.01
3616320,filler_text,fighting,0.01
3616338,filler_text,filled,0.01
3616346,filler_text,final,0.01
3616347,filler_text,finally,0.01
3616351,filler_text,finding,0.01
3616358,filler_text,finest,0.01
3616359,filler_text,finger,0.01
3616361,filler_text,fingers,0.01
3616407,filler_text,fit,0.01
3616419,filler_text,fixed,0.01
3616425,filler_text,flag,0.01
3616491,filler_text,fleet,0.01
3616497,filler_text,fleets,0.01
3616542,filler_text,flogged,0.01
3616543,filler_text,flogging,0.01
3616549,filler_text,floor,0.01
3616572,filler_text,flower,0.01
3616606,filler_text,fly,0.01
3616608,filler_text,flying,0.01
3616619,filler_text,foe,0.01
3616645,filler_text,follow,0.01
3616646,filler_text,followed,0.01
3616649,filler_text,following,0.01
3616651,filler_text,folly,0.01
3616652,filler_text,fond,0.01
3616657,filler_text,fool,0.01
3616659,filler_text,foolish,0.01
3616664,filler_text,foot,0.01
3616688,filler_text,force,0.01
3616689,filler_text,forced,0.01
3616699,filler_text,forecastle,0.01
3616711,filler_text,foreign,0.01
3616720,filler_text,foremost,0.01
3616773,filler_text,form,0.01
3616781,filler_text,forming,0.01
3616808,filler_text,fortune,0.01
3616810,filler_text,forward,0.01
3616836,filler_text,fourth,0.01
3616861,filler_text,frank,0.01
3616883,filler_text,frederic,0.01
3616885,filler_text,free,0.01
3616900,filler_text,french,0.01
3616911,filler_text,frequently,0.01
3616912,filler_text,fresh,0.01
3616928,filler_text,friend,0.01
3616932,filler_text,friends,0.01
3616936,filler_text,frigates,0.01
3617006,filler_text,fully,0.01
3617046,filler_text,furnished,0.01
3617064,filler_text,future,0.01
3617080,filler_text,gained,0.01
3617090,filler_text,gale,0.01
3617094,filler_text,gallant,0.01
3617101,filler_text,galley,0.01
3617134,filler_text,gang,0.01
3617156,filler_text,garment,0.01
3617193,filler_text,gave,0.01
3617194,filler_text,gay,0.01
3617201,filler_text,gazed,0.01
3617208,filler_text,gazing,0.01
3617228,filler_text,generally,0.01
3617236,filler_text,generous,0.01
3617242,filler_text,genius,0.01
3617251,filler_text,gentle,0.01
3617257,filler_text,gentlemanly,0.01
3617291,filler_text,getting,0.01
3617341,filler_text,girls,0.01
3617353,filler_text,glad,0.01
3617362,filler_text,glance,0.01
3617365,filler_text,glancing,0.01
3617372,filler_text,glass,0.01
3617400,filler_text,glimpse,0.01
3617414,filler_text,gloom,0.01
3617427,filler_text,glory,0.01
3617478,filler_text,gods,0.01
3617479,filler_text,goes,0.01
3617489,filler_text,gold,0.01
3617525,filler_text,got,0.01
3617538,filler_text,government,0.01
3617579,filler_text,grandfather,0.01
3617622,filler_text,gratings,0.01
3617627,filler_text,grave,0.01
3617638,filler_text,gray,0.01
3617648,filler_text,greater,0.01
3617649,filler_text,greatest,0.01
3617668,filler_text,greenwich,0.01
3617718,filler_text,grog,0.01
3617739,filler_text,ground,0.01
3617750,filler_text,grow,0.01
3617776,filler_text,guard,0.01
3617799,filler_text,guilty,0.01
3617817,filler_text,gunners,0.01
3617883,filler_text,hair,0.01
3617894,filler_text,hall,0.01
3617910,filler_text,halyards,0.01
3617913,filler_text,hamlet,0.01
3617920,filler_text,hammock,0.01
3617921,filler_text,hammocks,0.01
3617942,filler_text,handkerchief,0.01
3617950,filler_text,handsome,0.01
3617957,filler_text,hang,0.01
3617961,filler_text,hanging,0.01
3617973,filler_text,happened,0.01
3617981,filler_text,happy,0.01
3617993,filler_text,hard,0.01
3617999,filler_text,hardly,0.01
3618048,filler_text,hast,0.01
3618055,filler_text,hat,0.01
3618064,filler_text,hatchway,0.01
3618065,filler_text,hatchways,0.01
3618066,filler_text,hate,0.01
3618083,filler_text,haughty,0.01
3618131,filler_text,heads,0.01
3618140,filler_text,health,0.01
3618148,filler_text,hear,0.01
3618162,filler_text,hearted,0.01
3618172,filler_text,heartless,0.01
3618175,filler_text,hearts,0.01
3618189,filler_text,heavenly,0.01
3618197,filler_text,heavy,0.01
3618238,filler_text,hell,0.01
3618247,filler_text,help,0.01
3618269,filler_text,henceforth,0.01
3618288,filler_text,hereditary,0.01
3618298,filler_text,hero,0.01
3618329,filler_text,hidden,0.01
3618330,filler_text,hide,0.01
3618344,filler_text,highest,0.01
3618347,filler_text,highly,0.01
3618359,filler_text,hills,0.01
3618381,filler_text,hint,0.01
3618406,filler_text,history,0.01
3618413,filler_text,hitherto,0.01
3618451,filler_text,holding,0.01
3618453,filler_text,holds,0.01
3618454,filler_text,hole,0.01
3618455,filler_text,holes,0.01
3618474,filler_text,holy,0.01
3618476,filler_text,homage,0.01
3618485,filler_text,homeward,0.01
3618534,filler_text,hope,0.01
3618552,filler_text,horn,0.01
3618565,filler_text,horrible,0.01
3618579,filler_text,horses,0.01
3618596,filler_text,hot,0.01
3618664,filler_text,humanity,0.01
3618705,filler_text,hung,0.01
3618729,filler_text,hurried,0.01
3618732,filler_text,hurry,0.01
3618738,filler_text,husband,0.01
3618793,filler_text,idea,0.01
3618798,filler_text,ideas,0.01
3618811,filler_text,idle,0.01
3618834,filler_text,ignorant,0.01
3618841,filler_text,ii,0.01
3618842,filler_text,iii,0.01
3618844,filler_text,ill,0.01
3618871,filler_text,image,0.01
3618884,filler_text,imagined,0.01
3618905,filler_text,immediate,0.01
3618906,filler_text,immediately,0.01
3618909,filler_text,immense,0.01
3618919,filler_text,immortal,0.01
3618955,filler_text,impatient,0.01
3619028,filler_text,impossible,0.01
3619163,filler_text,including,0.01
3619277,filler_text,indirectly,0.01
3619282,filler_text,indispensable,0.01
3619314,filler_text,induced,0.01
3619345,filler_text,inevitable,0.01
3619353,filler_text,inexplicable,0.01
3619367,filler_text,infant,0.01
3619383,filler_text,inferior,0.01
3619388,filler_text,inferno,0.01
3619397,filler_text,infinite,0.01
3619418,filler_text,inflicted,0.01
3619490,filler_text,ink,0.01
3619506,filler_text,inmost,0.01
3619573,filler_text,insight,0.01
3619601,filler_text,instances,0.01
3619602,filler_text,instant,0.01
3619607,filler_text,instantly,0.01
3619608,filler_text,instead,0.01
3619666,filler_text,intended,0.01
3619668,filler_text,intense,0.01
3619695,filler_text,interesting,0.01
3619705,filler_text,interior,0.01
3619760,filler_text,interval,0.01
3619767,filler_text,interview,0.01
3619837,filler_text,invariably,0.01
3619882,filler_text,invisible,0.01
3619904,filler_text,involved,0.01
3619922,filler_text,iron,0.01
3620002,filler_text,iv,0.01
3620016,filler_text,jackets,0.01
3620197,filler_text,joy,0.01
3620223,filler_text,judgment,0.01
3620255,filler_text,june,0.01
3620271,filler_text,justice,0.01
3620298,filler_text,keeping,0.01
3620316,filler_text,key,0.01
3620343,filler_text,kind,0.01
3620358,filler_text,king,0.01
3620370,filler_text,kissed,0.01
3620396,filler_text,knife,0.01
3620409,filler_text,knock,0.01
3620424,filler_text,knowing,0.01
3620426,filler_text,knowledge,0.01
3620429,filler_text,knows,0.01
3620472,filler_text,lad,0.01
3620474,filler_text,ladders,0.01
3620476,filler_text,ladies,0.01
3620486,filler_text,laid,0.01
3620514,filler_text,land,0.01
3620528,filler_text,landsmen,0.01
3620533,filler_text,language,0.01
3620566,filler_text,larger,0.01
3620572,filler_text,lash,0.01
3620574,filler_text,lashes,0.01
3620589,filler_text,late,0.01
3620609,filler_text,laugh,0.01
3620611,filler_text,laughed,0.01
3620641,filler_text,laws,0.01
3620644,filler_text,lay,0.01
3620661,filler_text,lead,0.01
3620667,filler_text,leading,0.01
3620695,filler_text,learn,0.01
3620706,filler_text,leaving,0.01
3620709,filler_text,lecture,0.01
3620714,filler_text,led,0.01
3620765,filler_text,lemsford,0.01
3620769,filler_text,length,0.01
3620803,filler_text,letters,0.01
3620843,filler_text,liberty,0.01
3620856,filler_text,lie,0.01
3620859,filler_text,lies,0.01
3620871,filler_text,lifted,0.01
3620877,filler_text,lighted,0.01
3620903,filler_text,likewise,0.01
3620907,filler_text,limb,0.01
3620926,filler_text,line,0.01
3620933,filler_text,lines,0.01
3620956,filler_text,lips,0.01
3620965,filler_text,listen,0.01
3620978,filler_text,literary,0.01
3620990,filler_text,live,0.01
3620991,filler_text,lived,0.01
3621003,filler_text,lives,0.01
3621006,filler_text,living,0.01
3621011,filler_text,ll,0.01
3621053,filler_text,locks,0.01
3621070,filler_text,lofty,0.01
3621095,filler_text,longer,0.01
3621134,filler_text,lord,0.01
3621148,filler_text,loss,0.01
3621149,filler_text,lost,0.01
3621171,filler_text,loved,0.01
3621176,filler_text,lover,0.01
3621181,filler_text,loving,0.01
3621184,filler_text,low,0.01
3621309,filler_text,lying,0.01
3621326,filler_text,macedonian,0.01
3621340,filler_text,mad,0.01
3621341,filler_text,madam,0.01
3621361,filler_text,magazine,0.01
3621392,filler_text,magnificent,0.01
3621434,filler_text,majesty,0.01
3621439,filler_text,maker,0.01
3621441,filler_text,makes,0.01
3621522,filler_text,mankind,0.01
3621526,filler_text,manly,0.01
3621540,filler_text,manorial,0.01
3621543,filler_text,mansion,0.01
3621568,filler_text,marble,0.01
3621589,filler_text,marines,0.01
3621593,filler_text,mark,0.01
3621612,filler_text,marriage,0.01
3621614,filler_text,married,0.01
3621631,filler_text,martha,0.01
3621647,filler_text,marvelous,0.01
3621649,filler_text,mary,0.01
3621678,filler_text,masters,0.01
3621687,filler_text,masts,0.01
3621690,filler_text,match,0.01
3621718,filler_text,matters,0.01
3621731,filler_text,maxim,0.01
3621732,filler_text,maxims,0.01
3621754,filler_text,meals,0.01
3621757,filler_text,mean,0.01
3621765,filler_text,means,0.01
3621810,filler_text,meet,0.01
3621814,filler_text,melancholy,0.01
3621830,filler_text,members,0.01
3621859,filler_text,mental,0.01
3621861,filler_text,mention,0.01
3621870,filler_text,merchant,0.01
3621881,filler_text,merely,0.01
3621882,filler_text,merest,0.01
3621903,filler_text,merry,0.01
3621918,filler_text,met,0.01
3621963,filler_text,middle,0.01
3621968,filler_text,midnight,0.01
3621971,filler_text,midshipman,0.01
3621974,filler_text,midst,0.01
3621985,filler_text,mighty,0.01
3621992,filler_text,mild,0.01
3622015,filler_text,million,0.01
3622030,filler_text,minded,0.01
3622033,filler_text,minds,0.01
3622052,filler_text,minute,0.01
3622092,filler_text,miserable,0.01
3622097,filler_text,misery,0.01
3622132,filler_text,mistress,0.01
3622149,filler_text,mizzen,0.01
3622237,filler_text,money,0.01
3622276,filler_text,month,0.01
3622278,filler_text,months,0.01
3622282,filler_text,mood,0.01
3622304,filler_text,moral,0.01
3622328,filler_text,mornings,0.01
3622332,filler_text,morrow,0.01
3622335,filler_text,mortal,0.01
3622369,filler_text,motive,0.01
3622382,filler_text,mount,0.01
3622394,filler_text,mournful,0.01
3622396,filler_text,mournfulness,0.01
3622402,filler_text,mouth,0.01
3622410,filler_text,moved,0.01
3622482,filler_text,murmured,0.01
3622494,filler_text,music,0.01
3622546,filler_text,mysteries,0.01
3622547,filler_text,mysterious,0.01
3622552,filler_text,mystic,0.01
3622553,filler_text,mystical,0.01
3622579,filler_text,nameless,0.01
3622582,filler_text,names,0.01
3622609,filler_text,narrow,0.01
3622621,filler_text,national,0.01
3622624,filler_text,nations,0.01
3622628,filler_text,natural,0.01
3622631,filler_text,naturally,0.01
3622632,filler_text,nature,0.01
3622652,filler_text,nay,0.01
3622654,filler_text,near,0.01
3622656,filler_text,nearer,0.01
3622659,filler_text,nearly,0.01
3622679,filler_text,necessity,0.01
3622689,filler_text,need,0.01
3622699,filler_text,needs,0.01
3622800,filler_text,nigh,0.01
3622807,filler_text,nights,0.01
3622854,filler_text,non,0.01
3622882,filler_text,nose,0.01
3622896,filler_text,note,0.01
3622910,filler_text,notwithstanding,0.01
3622934,filler_text,number,0.01
3622943,filler_text,numerous,0.01
3622987,filler_text,object,0.01
3622992,filler_text,objects,0.01
3622998,filler_text,obliged,0.01
3623030,filler_text,observed,0.01
3623057,filler_text,occasion,0.01
3623058,filler_text,occasional,0.01
3623062,filler_text,occasions,0.01
3623074,filler_text,occurred,0.01
3623079,filler_text,ocean,0.01
3623114,filler_text,offer,0.01
3623115,filler_text,offered,0.01
3623119,filler_text,office,0.01
3623186,filler_text,ones,0.01
3623200,filler_text,opened,0.01
3623212,filler_text,operation,0.01
3623221,filler_text,opinion,0.01
3623231,filler_text,opposite,0.01
3623265,filler_text,ordered,0.01
3623268,filler_text,orders,0.01
3623273,filler_text,ordinary,0.01
3623293,filler_text,original,0.01
3623334,filler_text,ought,0.01
3623410,filler_text,overboard,0.01
3623494,filler_text,owing,0.01
3623540,filler_text,paid,0.01
3623544,filler_text,pain,0.01
3623552,filler_text,paint,0.01
3623553,filler_text,painted,0.01
3623556,filler_text,painting,0.01
3623559,filler_text,pair,0.01
3623568,filler_text,pale,0.01
3623603,filler_text,pamphlet,0.01
3623622,filler_text,pang,0.01
3623679,filler_text,pardon,0.01
3623752,filler_text,party,0.01
3623755,filler_text,pass,0.01
3623768,filler_text,passing,0.01
3623770,filler_text,passion,0.01
3623808,filler_text,patient,0.01
3623849,filler_text,paused,0.01
3623864,filler_text,pay,0.01
3623898,filler_text,peculiar,0.01
3623901,filler_text,peculiarly,0.01
3623958,filler_text,pen,0.01
3623961,filler_text,penalty,0.01
3623985,filler_text,pennies,0.01
3624003,filler_text,people_,0.01
3624032,filler_text,perfect,0.01
3624037,filler_text,perfectly,0.01
3624073,filler_text,permit,0.01
3624075,filler_text,permitted,0.01
3624113,filler_text,personal,0.01
3624118,filler_text,persons,0.01
3624132,filler_text,pert,0.01
3624213,filler_text,philosophy,0.01
3624258,filler_text,picture,0.01
3624265,filler_text,piece,0.01
3624322,filler_text,pine,0.01
3624386,filler_text,pity,0.01
3624395,filler_text,placed,0.01
3624399,filler_text,places,0.01
3624412,filler_text,plain,0.01
3624415,filler_text,plainly,0.01
3624467,filler_text,play,0.01
3624474,filler_text,playing,0.01
3624484,filler_text,pleasant,0.01
3624491,filler_text,pleasure,0.01
3624512,filler_text,plinlimmon,0.01
3624518,filler_text,plotinus,0.01
3624562,filler_text,pockets,0.01
3624570,filler_text,poet,0.01
3624578,filler_text,point,0.01
3624586,filler_text,points,0.01
3624609,filler_text,polished,0.01
3624613,filler_text,polite,0.01
3624617,filler_text,political,0.01
3624659,filler_text,poop,0.01
3624706,filler_text,portion,0.01
3624720,filler_text,portuguese,0.01
3624725,filler_text,position,0.01
3624726,filler_text,positive,0.01
3624730,filler_text,possessed,0.01
3624733,filler_text,possession,0.01
3624739,filler_text,possibly,0.01
3624740,filler_text,post,0.01
3624785,filler_text,pound,0.01
3624789,filler_text,pounders,0.01
3624800,filler_text,powder,0.01
3624803,filler_text,power,0.01
3624804,filler_text,powerful,0.01
3624813,filler_text,practical,0.01
3624815,filler_text,practice,0.01
3624833,filler_text,pray,0.01
3624836,filler_text,prayer,0.01
3624866,filler_text,precious,0.01
3624873,filler_text,precise,0.01
3624874,filler_text,precisely,0.01
3624956,filler_text,presence,0.01
3624960,filler_text,presented,0.01
3624961,filler_text,presentiment,0.01
3624978,filler_text,president,0.01
3624982,filler_text,press,0.01
3625013,filler_text,pretty,0.01
3625023,filler_text,previous,0.01
3625024,filler_text,previously,0.01
3625046,filler_text,priming,0.01
3625056,filler_text,principle,0.01
3625059,filler_text,printed,0.01
3625071,filler_text,private,0.01
3625087,filler_text,probably,0.01
3625098,filler_text,proceeded,0.01
3625131,filler_text,productions,0.01
3625141,filler_text,profession,0.01
3625145,filler_text,professor,0.01
3625162,filler_text,profound,0.01
3625164,filler_text,profoundest,0.01
3625165,filler_text,profoundly,0.01
3625227,filler_text,proof,0.01
3625268,filler_text,propriety,0.01
3625307,filler_text,proud,0.01
3625311,filler_text,prove,0.01
3625312,filler_text,proved,0.01
3625369,filler_text,published,0.01
3625433,filler_text,pure,0.01
3625452,filler_text,purpose,0.01
3625480,filler_text,puts,0.01
3625482,filler_text,putting,0.01
3625561,filler_text,question,0.01
3625568,filler_text,quick,0.01
3625575,filler_text,quickly,0.01
3625583,filler_text,quiet,0.01
3625595,filler_text,quit,0.01
3625596,filler_text,quite,0.01
3625612,filler_text,quoin,0.01
3625624,filler_text,race,0.01
3625646,filler_text,rag,0.01
3625710,filler_text,ran,0.01
3625721,filler_text,rank,0.01
3625742,filler_text,rare,0.01
3625813,filler_text,reading,0.01
3625816,filler_text,ready,0.01
3625817,filler_text,real,0.01
3625820,filler_text,reality,0.01
3625824,filler_text,really,0.01
3625839,filler_text,reason,0.01
3625861,filler_text,recall,0.01
3625872,filler_text,receive,0.01
3625873,filler_text,received,0.01
3625876,filler_text,receiving,0.01
3625900,filler_text,reckless,0.01
3625957,filler_text,red,0.01
3626006,filler_text,reference,0.01
3626054,filler_text,regard,0.01
3626055,filler_text,regarded,0.01
3626075,filler_text,regular,0.01
3626083,filler_text,regulations,0.01
3626117,filler_text,related,0.01
3626165,filler_text,remain,0.01
3626167,filler_text,remained,0.01
3626171,filler_text,remarkable,0.01
3626179,filler_text,remember,0.01
3626218,filler_text,removed,0.01
3626226,filler_text,rendered,0.01
3626241,filler_text,rent,0.01
3626259,filler_text,repeated,0.01
3626287,filler_text,replied,0.01
3626289,filler_text,reply,0.01
3626292,filler_text,reported,0.01
3626318,filler_text,reproach,0.01
3626402,filler_text,resolution,0.01
3626405,filler_text,resolved,0.01
3626418,filler_text,respect,0.01
3626446,filler_text,rest,0.01
3626503,filler_text,retreat,0.01
3626512,filler_text,return,0.01
3626513,filler_text,returned,0.01
3626514,filler_text,returning,0.01
3626519,filler_text,reveal,0.01
3626520,filler_text,revealed,0.01
3626540,filler_text,reverence,0.01
3626644,filler_text,rigging,0.01
3626669,filler_text,ring,0.01
3626680,filler_text,ringrope,0.01
3626727,filler_text,river,0.01
3626734,filler_text,road,0.01
3626777,filler_text,roll,0.01
3626778,filler_text,rolled,0.01
3626780,filler_text,rolling,0.01
3626792,filler_text,romeo,0.01
3626803,filler_text,rooms,0.01
3626812,filler_text,rope,0.01
3626813,filler_text,ropes,0.01
3626817,filler_text,rose,0.01
3626867,filler_text,royal,0.01
3626933,filler_text,run,0.01
3626936,filler_text,running,0.01
3626980,filler_text,sacred,0.01
3626988,filler_text,sad,0.01
3626996,filler_text,sadness,0.01
3627016,filler_text,sailing,0.01
3627023,filler_text,sails,0.01
3627158,filler_text,save,0.01
3627183,filler_text,saying,0.01
3627185,filler_text,says,0.01
3627218,filler_text,scarce,0.01
3627235,filler_text,scene,0.01
3627237,filler_text,scenes,0.01
3627254,filler_text,school,0.01
3627289,filler_text,scorn,0.01
3627311,filler_text,scourge,0.01
3627314,filler_text,scourging,0.01
3627426,filler_text,seated,0.01
3627437,filler_text,second,0.01
3627450,filler_text,secretly,0.01
3627479,filler_text,seeing,0.01
3627480,filler_text,seek,0.01
3627482,filler_text,seeking,0.01
3627489,filler_text,seen,0.01
3627506,filler_text,seized,0.01
3627511,filler_text,seldom,0.01
3627525,filler_text,selvagee,0.01
3627541,filler_text,send,0.01
3627546,filler_text,senior,0.01
3627553,filler_text,sense,0.01
3627558,filler_text,sensible,0.01
3627564,filler_text,sent,0.01
3627565,filler_text,sentence,0.01
3627578,filler_text,sentries,0.01
3627579,filler_text,sentry,0.01
3627620,filler_text,servant,0.01
3627621,filler_text,servants,0.01
3627622,filler_text,serve,0.01
3627623,filler_text,served,0.01
3627628,filler_text,services,0.01
3627653,filler_text,severe,0.01
3627665,filler_text,sewing,0.01
3627683,filler_text,shadow,0.01
3627716,filler_text,shalt,0.01
3627721,filler_text,shame,0.01
3627786,filler_text,sheet,0.01
3627803,filler_text,shenly,0.01
3627837,filler_text,shipmates,0.01
3627841,filler_text,ships,0.01
3627851,filler_text,shirt,0.01
3627880,filler_text,shore,0.01
3627886,filler_text,short,0.01
3627893,filler_text,shortly,0.01
3627912,filler_text,showed,0.01
3627928,filler_text,shriek,0.01
3627935,filler_text,shrine,0.01
3627996,filler_text,sides,0.01
3628010,filler_text,sighed,0.01
3628018,filler_text,signal,0.01
3628040,filler_text,silence,0.01
3628043,filler_text,silent,0.01
3628044,filler_text,silently,0.01
3628052,filler_text,silly,0.01
3628054,filler_text,silver,0.01
3628058,filler_text,similar,0.01
3628079,filler_text,sin,0.01
3628093,filler_text,single,0.01
3628095,filler_text,singular,0.01
3628127,filler_text,sit,0.01
3628130,filler_text,sits,0.01
3628195,filler_text,sky,0.01
3628232,filler_text,slave,0.01
3628242,filler_text,sleep,0.01
3628276,filler_text,slight,0.01
3628278,filler_text,slightest,0.01
3628279,filler_text,slightly,0.01
3628323,filler_text,slowly,0.01
3628363,filler_text,smile,0.01
3628367,filler_text,smiling,0.01
3628377,filler_text,smoke,0.01
3628439,filler_text,snow,0.01
3628476,filler_text,social,0.01
3628479,filler_text,society,0.01
3628490,filler_text,soft,0.01
3628520,filler_text,soldiers,0.01
3628550,filler_text,solitary,0.01
3628567,filler_text,somewhat,0.01
3628608,filler_text,sort,0.01
3628612,filler_text,sorts,0.01
3628615,filler_text,sought,0.01
3628619,filler_text,souls,0.01
3628620,filler_text,sound,0.01
3628628,filler_text,sounds,0.01
3628649,filler_text,space,0.01
3628668,filler_text,spar,0.01
3628690,filler_text,speaking,0.01
3628696,filler_text,special,0.01
3628748,filler_text,spent,0.01
3628805,filler_text,spirit,0.01
3628808,filler_text,spirits,0.01
3628815,filler_text,spite,0.01
3628825,filler_text,splendid,0.01
3628842,filler_text,spoke,0.01
3628851,filler_text,spontaneous,0.01
3628872,filler_text,spot,0.01
3628892,filler_text,spread,0.01
3628923,filler_text,squadron,0.01
3628954,filler_text,st,0.01
3628967,filler_text,stage,0.01
3628981,filler_text,stairs,0.01
3629011,filler_text,standing,0.01
3629013,filler_text,stands,0.01
3629014,filler_text,stanly,0.01
3629019,filler_text,starboard,0.01
3629031,filler_text,stars,0.01
3629033,filler_text,started,0.01
3629054,filler_text,states,0.01
3629057,filler_text,station,0.01
3629059,filler_text,stationed,0.01
3629061,filler_text,stations,0.01
3629094,filler_text,steady,0.01
3629099,filler_text,stealing,0.01
3629134,filler_text,step,0.01
3629140,filler_text,steps,0.01
3629157,filler_text,steward,0.01
3629217,filler_text,stole,0.01
3629225,filler_text,stones,0.01
3629237,filler_text,stop,0.01
3629244,filler_text,store,0.01
3629252,filler_text,stories,0.01
3629254,filler_text,storm,0.01
3629274,filler_text,straight,0.01
3629294,filler_text,strangely,0.01
3629296,filler_text,stranger,0.01
3629297,filler_text,strangers,0.01
3629315,filler_text,stream,0.01
3629321,filler_text,street,0.01
3629344,filler_text,strike,0.01
3629351,filler_text,strings,0.01
3629377,filler_text,strong,0.01
3629383,filler_text,struck,0.01
3629449,filler_text,style,0.01
3629464,filler_text,subject,0.01
3629560,filler_text,sudden,0.01
3629566,filler_text,suffer,0.01
3629591,filler_text,suggested,0.01
3629625,filler_text,summer,0.01
3629631,filler_text,summoned,0.01
3629633,filler_text,summons,0.01
3629640,filler_text,sun,0.01
3629650,filler_text,sung,0.01
3629697,filler_text,superior,0.01
3629742,filler_text,support,0.01
3629746,filler_text,suppose,0.01
3629747,filler_text,supposed,0.01
3629762,filler_text,sure,0.01
3629763,filler_text,surely,0.01
3629772,filler_text,surgeons,0.01
3629800,filler_text,surprising,0.01
3629827,filler_text,suspected,0.01
3629886,filler_text,swear,0.01
3629902,filler_text,sweetest,0.01
3629914,filler_text,swept,0.01
3629917,filler_text,swift,0.01
3629919,filler_text,swiftly,0.01
3629946,filler_text,sword,0.01
3629977,filler_text,sympathy,0.01
3629994,filler_text,table,0.01
3630005,filler_text,tack,0.01
3630032,filler_text,taken,0.01
3630034,filler_text,taking,0.01
3630043,filler_text,talk,0.01
3630048,filler_text,tall,0.01
3630085,filler_text,tar,0.01
3630099,filler_text,tars,0.01
3630117,filler_text,taste,0.01
3630132,filler_text,taught,0.01
3630142,filler_text,tawney,0.01
3630147,filler_text,tea,0.01
3630154,filler_text,tear,0.01
3630161,filler_text,tears,0.01
3630191,filler_text,temper,0.01
3630200,filler_text,tempest,0.01
3630254,filler_text,term,0.01
3630260,filler_text,terms,0.01
3630268,filler_text,terrible,0.01
3630310,filler_text,thank,0.01
3630368,filler_text,thine,0.01
3630376,filler_text,thinking,0.01
3630392,filler_text,thirty,0.01
3630405,filler_text,thoroughly,0.01
3630415,filler_text,thousand,0.01
3630439,filler_text,threw,0.01
3630468,filler_text,throwing,0.01
3630469,filler_text,thrown,0.01
3630471,filler_text,thrummings,0.01
3630494,filler_text,thyself,0.01
3630557,filler_text,tin,0.01
3630590,filler_text,tis,0.01
3630603,filler_text,title,0.01
3630640,filler_text,token,0.01
3630642,filler_text,told,0.01
3630665,filler_text,tone,0.01
3630670,filler_text,tongue,0.01
3630677,filler_text,took,0.01
3630700,filler_text,tops,0.01
3630746,filler_text,touch,0.01
3630747,filler_text,touched,0.01
3630750,filler_text,touching,0.01
3630765,filler_text,tower,0.01
3630769,filler_text,town,0.01
3630775,filler_text,trace,0.01
3630935,filler_text,tree,0.01
3630936,filler_text,trees,0.01
3630940,filler_text,trembled,0.01
3630982,filler_text,tried,0.01
3631045,filler_text,trowsers,0.01
3631055,filler_text,truly,0.01
3631058,filler_text,trumpet,0.01
3631067,filler_text,trunks,0.01
3631132,filler_text,turn,0.01
3631134,filler_text,turning,0.01
3631163,filler_text,twice,0.01
3631168,filler_text,twilight,0.01
3631211,filler_text,tyranny,0.01
3631231,filler_text,ulver,0.01
3631389,filler_text,unconsciously,0.01
3631442,filler_text,understand,0.01
3631699,filler_text,united,0.01
3631703,filler_text,universal,0.01
3631717,filler_text,unknown,0.01
3631725,filler_text,unless,0.01
3632123,filler_text,upper,0.01
3632135,filler_text,upward,0.01
3632151,filler_text,use,0.01
3632152,filler_text,used,0.01
3632158,filler_text,ushant,0.01
3632163,filler_text,usual,0.01
3632174,filler_text,utmost,0.01
3632175,filler_text,utter,0.01
3632181,filler_text,utterly,0.01
3632182,filler_text,uttermost,0.01
3632201,filler_text,vague,0.01
3632202,filler_text,vaguely,0.01
3632206,filler_text,vain,0.01
3632233,filler_text,vanity,0.01
3632249,filler_text,various,0.01
3632263,filler_text,vast,0.01
3632295,filler_text,venerable,0.01
3632363,filler_text,vessel,0.01
3632364,filler_text,vessels,0.01
3632396,filler_text,vice,0.01
3632419,filler_text,view,0.01
3632433,filler_text,vile,0.01
3632439,filler_text,village,0.01
3632441,filler_text,villain,0.01
3632487,filler_text,virtue,0.01
3632496,filler_text,visible,0.01
3632540,filler_text,voice,0.01
3632561,filler_text,voluntarily,0.01
3632617,filler_text,wages,0.01
3632634,filler_text,waist,0.01
3632641,filler_text,wait,0.01
3632645,filler_text,waiting,0.01
3632659,filler_text,walk,0.01
3632663,filler_text,wall,0.01
3632672,filler_text,walls,0.01
3632688,filler_text,wandering,0.01
3632696,filler_text,want,0.01
3632697,filler_text,wanted,0.01
3632725,filler_text,warm,0.01
3632744,filler_text,warrant,0.01
3632774,filler_text,watches,0.01
3632827,filler_text,wear,0.01
3632835,filler_text,wearing,0.01
3632841,filler_text,weather,0.01
3632857,filler_text,wedge,0.01
3632865,filler_text,week,0.01
3632868,filler_text,weeks,0.01
3632886,filler_text,welcome,0.01
3633010,filler_text,whispered,0.01
3633063,filler_text,wife,0.01
3633069,filler_text,wild,0.01
3633095,filler_text,wilt,0.01
3633102,filler_text,wind,0.01
3633105,filler_text,winding,0.01
3633109,filler_text,window,0.01
3633112,filler_text,windows,0.01
3633119,filler_text,wine,0.01
3633132,filler_text,winter,0.01
3633144,filler_text,wisdom,0.01
3633145,filler_text,wise,0.01
3633180,filler_text,witness,0.01
3633194,filler_text,woe,0.01
3633208,filler_text,women,0.01
3633210,filler_text,wonder,0.01
3633227,filler_text,wonted,0.01
3633237,filler_text,woods,0.01
3633253,filler_text,wore,0.01
3633266,filler_text,worldly,0.01
3633267,filler_text,worlds,0.01
3633272,filler_text,worn,0.01
3633277,filler_text,worse,0.01
3633287,filler_text,worst,0.01
3633295,filler_text,wouldst,0.01
3633296,filler_text,wound,0.01
3633297,filler_text,wounded,0.01
3633353,filler_text,write,0.01
3633360,filler_text,writing,0.01
3633362,filler_text,written,0.01
3633363,filler_text,wrong,0.01
3633367,filler_text,wrote,0.01
3633418,filler_text,yankee,0.01
3633422,filler_text,yards,0.01
3633438,filler_text,year,0.01
3633484,filler_text,youthful,0.01
3633486,filler_text,youths,0.01
