,chapter,term,tfidf
308248,CHAPTER 109,owners,0.25
293040,CHAPTER 109,ahab,0.24
313770,CHAPTER 109,starbuck,0.22
295519,CHAPTER 109,burtons,0.21
295861,CHAPTER 109,casks,0.2
312866,CHAPTER 109,sir,0.2
294661,CHAPTER 109,beware,0.17
305424,CHAPTER 109,leak,0.14
305429,CHAPTER 109,leaky,0.14
295573,CHAPTER 109,cabin,0.13
307895,CHAPTER 109,oil,0.13
315156,CHAPTER 109,thou,0.11
294481,CHAPTER 109,begone,0.1
295207,CHAPTER 109,break,0.1
295756,CHAPTER 109,captain,0.1
305428,CHAPTER 109,leaks,0.1
307252,CHAPTER 109,musket,0.1
309278,CHAPTER 109,plug,0.1
298218,CHAPTER 109,deck,0.09
310379,CHAPTER 109,rack,0.09
297171,CHAPTER 109,conscience,0.08
303196,CHAPTER 109,hold,0.08
305766,CHAPTER 109,loaded,0.08
306446,CHAPTER 109,mate,0.08
312581,CHAPTER 109,ship,0.08
298077,CHAPTER 109,dare,0.07
306229,CHAPTER 109,man,0.07
311760,CHAPTER 109,said,0.07
313028,CHAPTER 109,slightest,0.07
313440,CHAPTER 109,speaking,0.07
293105,CHAPTER 109,aleak,0.06
293722,CHAPTER 109,art,0.06
295368,CHAPTER 109,brow,0.06
299277,CHAPTER 109,door,0.06
299398,CHAPTER 109,drench,0.06
301425,CHAPTER 109,footstep,0.06
301533,CHAPTER 109,formosa,0.06
303192,CHAPTER 109,hoisted,0.06
305425,CHAPTER 109,leakage,0.06
305545,CHAPTER 109,let,0.06
306168,CHAPTER 109,main,0.06
306465,CHAPTER 109,matsmai,0.06
307571,CHAPTER 109,niphon,0.06
307903,CHAPTER 109,old,0.06
308151,CHAPTER 109,outyell,0.06
308758,CHAPTER 109,pequod,0.06
309175,CHAPTER 109,plaits,0.06
309582,CHAPTER 109,prating,0.06
312789,CHAPTER 109,sikoke,0.06
313387,CHAPTER 109,south,0.06
316325,CHAPTER 109,unfavourable,0.06
317557,CHAPTER 109,waxes,0.06
318098,CHAPTER 109,wrinkling,0.06
292753,CHAPTER 109,acted,0.05
294311,CHAPTER 109,bashee,0.05
294655,CHAPTER 109,better,0.05
294820,CHAPTER 109,blaze,0.05
295136,CHAPTER 109,braced,0.05
295183,CHAPTER 109,bravery,0.05
295518,CHAPTER 109,burton,0.05
295792,CHAPTER 109,cares,0.05
295797,CHAPTER 109,cargo,0.05
295927,CHAPTER 109,cautious,0.05
296112,CHAPTER 109,chart,0.05
297598,CHAPTER 109,courses,0.05
297779,CHAPTER 109,critically,0.05
298048,CHAPTER 109,damply,0.05
298626,CHAPTER 109,detect,0.05
298842,CHAPTER 109,disaffection,0.05
299144,CHAPTER 109,distrustful,0.05
299622,CHAPTER 109,eastern,0.05
300154,CHAPTER 109,entreat,0.05
300470,CHAPTER 109,executed,0.05
301428,CHAPTER 109,forbade,0.05
301431,CHAPTER 109,forbearing,0.05
301787,CHAPTER 109,furl,0.05
302727,CHAPTER 109,happier,0.05
303244,CHAPTER 109,honesty,0.05
303331,CHAPTER 109,hose,0.05
303732,CHAPTER 109,imperiously,0.05
303942,CHAPTER 109,inconsiderable,0.05
304352,CHAPTER 109,instant,0.05
304385,CHAPTER 109,insulted,0.05
305427,CHAPTER 109,leaking,0.05
305481,CHAPTER 109,leg,0.05
305884,CHAPTER 109,lord,0.05
306259,CHAPTER 109,manifestation,0.05
306424,CHAPTER 109,mastering,0.05
306846,CHAPTER 109,miserly,0.05
306877,CHAPTER 109,mistakes,0.05
307408,CHAPTER 109,nearing,0.05
307734,CHAPTER 109,obeys,0.05
308114,CHAPTER 109,outlets,0.05
308125,CHAPTER 109,outraged,0.05
308422,CHAPTER 109,parcel,0.05
310097,CHAPTER 109,prudential,0.05
310100,CHAPTER 109,pruning,0.05
310149,CHAPTER 109,pumping,0.05
310150,CHAPTER 109,pumps,0.05
310349,CHAPTER 109,quitted,0.05
310425,CHAPTER 109,raising,0.05
310710,CHAPTER 109,reddening,0.05
310734,CHAPTER 109,reef,0.05
310879,CHAPTER 109,relaxed,0.05
311117,CHAPTER 109,resent,0.05
311173,CHAPTER 109,respectful,0.05
311175,CHAPTER 109,respecting,0.05
311773,CHAPTER 109,sails,0.05
311912,CHAPTER 109,saving,0.05
314530,CHAPTER 109,surmise,0.05
314728,CHAPTER 109,symptom,0.05
315074,CHAPTER 109,thee,0.05
315322,CHAPTER 109,tinker,0.05
315531,CHAPTER 109,tracing,0.05
315612,CHAPTER 109,transient,0.05
315781,CHAPTER 109,tropical,0.05
315950,CHAPTER 109,typhoons,0.05
317008,CHAPTER 109,varying,0.05
317515,CHAPTER 109,waste,0.05
317533,CHAPTER 109,water,0.05
317617,CHAPTER 109,weekly,0.05
317918,CHAPTER 109,withdrawn,0.05
318045,CHAPTER 109,wouldst,0.05
318226,CHAPTER 109,younger,0.05
293613,CHAPTER 109,archipelagoes,0.04
293778,CHAPTER 109,ask,0.04
294041,CHAPTER 109,avoid,0.04
294082,CHAPTER 109,aye,0.04
294121,CHAPTER 109,bad,0.04
294362,CHAPTER 109,beach,0.04
295180,CHAPTER 109,brave,0.04
295637,CHAPTER 109,calmly,0.04
295786,CHAPTER 109,careful,0.04
296052,CHAPTER 109,changed,0.04
296075,CHAPTER 109,character,0.04
296161,CHAPTER 109,cheeks,0.04
296233,CHAPTER 109,china,0.04
296602,CHAPTER 109,coasts,0.04
296799,CHAPTER 109,commander,0.04
297010,CHAPTER 109,concern,0.04
297057,CHAPTER 109,conduct,0.04
298083,CHAPTER 109,daring,0.04
299291,CHAPTER 109,dost,0.04
299899,CHAPTER 109,emotion,0.04
300451,CHAPTER 109,exclaimed,0.04
301205,CHAPTER 109,flash,0.04
301208,CHAPTER 109,flashing,0.04
301531,CHAPTER 109,forming,0.04
301704,CHAPTER 109,fro,0.04
301799,CHAPTER 109,furniture,0.04
301844,CHAPTER 109,gallant,0.04
301887,CHAPTER 109,gangway,0.04
302247,CHAPTER 109,good,0.04
302565,CHAPTER 109,gun,0.04
302642,CHAPTER 109,half,0.04
302759,CHAPTER 109,hark,0.04
302903,CHAPTER 109,hearing,0.04
302935,CHAPTER 109,heave,0.04
303163,CHAPTER 109,hitherto,0.04
303271,CHAPTER 109,hook,0.04
303277,CHAPTER 109,hoops,0.04
303380,CHAPTER 109,howling,0.04
303766,CHAPTER 109,important,0.04
304726,CHAPTER 109,islands,0.04
304758,CHAPTER 109,jack,0.04
304790,CHAPTER 109,japan,0.04
304791,CHAPTER 109,japanese,0.04
305564,CHAPTER 109,levelled,0.04
305946,CHAPTER 109,lowly,0.04
307166,CHAPTER 109,moving,0.04
307232,CHAPTER 109,murmured,0.04
307870,CHAPTER 109,officer,0.04
308038,CHAPTER 109,oriental,0.04
308146,CHAPTER 109,outward,0.04
308247,CHAPTER 109,owner,0.04
308260,CHAPTER 109,paced,0.04
308599,CHAPTER 109,paused,0.04
309260,CHAPTER 109,plight,0.04
309357,CHAPTER 109,policy,0.04
309616,CHAPTER 109,precious,0.04
310273,CHAPTER 109,quantity,0.04
310561,CHAPTER 109,readily,0.04
310968,CHAPTER 109,removed,0.04
311041,CHAPTER 109,report,0.04
311059,CHAPTER 109,representing,0.04
311264,CHAPTER 109,returning,0.04
312099,CHAPTER 109,screwed,0.04
312232,CHAPTER 109,seeking,0.04
312279,CHAPTER 109,semi,0.04
312670,CHAPTER 109,shown,0.04
313365,CHAPTER 109,sought,0.04
313657,CHAPTER 109,sprung,0.04
313715,CHAPTER 109,staff,0.04
315275,CHAPTER 109,tight,0.04
315834,CHAPTER 109,tube,0.04
316139,CHAPTER 109,unconsciously,0.04
316192,CHAPTER 109,understand,0.04
316899,CHAPTER 109,usage,0.04
316912,CHAPTER 109,using,0.04
317615,CHAPTER 109,week,0.04
317650,CHAPTER 109,went,0.04
317655,CHAPTER 109,west,0.04
318039,CHAPTER 109,worth,0.04
318186,CHAPTER 109,ye,0.04
292690,CHAPTER 109,according,0.03
292924,CHAPTER 109,affair,0.03
292977,CHAPTER 109,aft,0.03
296208,CHAPTER 109,chief,0.03
296368,CHAPTER 109,circumstance,0.03
297194,CHAPTER 109,considerable,0.03
298666,CHAPTER 109,devils,0.03
298847,CHAPTER 109,disappeared,0.03
299370,CHAPTER 109,drawing,0.03
299564,CHAPTER 109,duty,0.03
299606,CHAPTER 109,earth,0.03
300396,CHAPTER 109,exactly,0.03
300968,CHAPTER 109,fellow,0.03
301061,CHAPTER 109,fiery,0.03
301443,CHAPTER 109,fore,0.03
301459,CHAPTER 109,forehead,0.03
301840,CHAPTER 109,gale,0.03
302798,CHAPTER 109,hast,0.03
303284,CHAPTER 109,hope,0.03
303405,CHAPTER 109,hull,0.03
304511,CHAPTER 109,intervals,0.03
304728,CHAPTER 109,isles,0.03
304753,CHAPTER 109,ivory,0.03
305038,CHAPTER 109,keel,0.03
305061,CHAPTER 109,kept,0.03
305146,CHAPTER 109,knife,0.03
305359,CHAPTER 109,laugh,0.03
305609,CHAPTER 109,lies,0.03
305764,CHAPTER 109,lo,0.03
305843,CHAPTER 109,long,0.03
306338,CHAPTER 109,mariners,0.03
306630,CHAPTER 109,mere,0.03
306748,CHAPTER 109,miles,0.03
307402,CHAPTER 109,nay,0.03
307550,CHAPTER 109,nigh,0.03
308018,CHAPTER 109,orders,0.03
308262,CHAPTER 109,pacific,0.03
308505,CHAPTER 109,pass,0.03
309334,CHAPTER 109,pointing,0.03
309714,CHAPTER 109,presently,0.03
310325,CHAPTER 109,quickly,0.03
310567,CHAPTER 109,real,0.03
310574,CHAPTER 109,really,0.03
310623,CHAPTER 109,received,0.03
310825,CHAPTER 109,regular,0.03
311567,CHAPTER 109,rose,0.03
312143,CHAPTER 109,sea,0.03
312256,CHAPTER 109,seized,0.03
312331,CHAPTER 109,separate,0.03
313189,CHAPTER 109,snow,0.03
313642,CHAPTER 109,spread,0.03
313987,CHAPTER 109,stop,0.03
314044,CHAPTER 109,strangely,0.03
314744,CHAPTER 109,table,0.03
315126,CHAPTER 109,thinking,0.03
315165,CHAPTER 109,thousand,0.03
315244,CHAPTER 109,thyself,0.03
315884,CHAPTER 109,turning,0.03
316956,CHAPTER 109,vain,0.03
317290,CHAPTER 109,voice,0.03
317972,CHAPTER 109,wondrous,0.03
318027,CHAPTER 109,worse,0.03
318170,CHAPTER 109,yard,0.03
318188,CHAPTER 109,year,0.03
294936,CHAPTER 109,board,0.02
295652,CHAPTER 109,came,0.02
296536,CHAPTER 109,close,0.02
296774,CHAPTER 109,come,0.02
297744,CHAPTER 109,crew,0.02
298128,CHAPTER 109,day,0.02
298259,CHAPTER 109,deep,0.02
299264,CHAPTER 109,don,0.02
300682,CHAPTER 109,eyes,0.02
300802,CHAPTER 109,far,0.02
301973,CHAPTER 109,general,0.02
302220,CHAPTER 109,god,0.02
302680,CHAPTER 109,hand,0.02
304672,CHAPTER 109,iron,0.02
305615,CHAPTER 109,life,0.02
305735,CHAPTER 109,little,0.02
305761,CHAPTER 109,ll,0.02
305855,CHAPTER 109,look,0.02
306188,CHAPTER 109,make,0.02
306594,CHAPTER 109,men,0.02
307077,CHAPTER 109,morning,0.02
307336,CHAPTER 109,nantucket,0.02
307521,CHAPTER 109,new,0.02
307949,CHAPTER 109,open,0.02
311930,CHAPTER 109,say,0.02
312457,CHAPTER 109,shall,0.02
313499,CHAPTER 109,sperm,0.02
313755,CHAPTER 109,stand,0.02
315121,CHAPTER 109,think,0.02
315157,CHAPTER 109,thought,0.02
317542,CHAPTER 109,waters,0.02
317675,CHAPTER 109,whalemen,0.02
317772,CHAPTER 109,white,0.02
311588,CHAPTER 109,round,0.01
317559,CHAPTER 109,way,0.01
