,chapter,term,tfidf
56765,CHAPTER 100,bunger,0.38
57058,CHAPTER 100,captain,0.24
54967,CHAPTER 100,arm,0.23
54342,CHAPTER 100,ahab,0.19
56249,CHAPTER 100,boat,0.14
59051,CHAPTER 100,cried,0.13
68443,CHAPTER 100,mounttop,0.12
78969,CHAPTER 100,whale,0.12
66783,CHAPTER 100,leg,0.11
66978,CHAPTER 100,line,0.11
79074,CHAPTER 100,white,0.11
61340,CHAPTER 100,englishman,0.1
66055,CHAPTER 100,ivory,0.1
73705,CHAPTER 100,severe,0.1
56332,CHAPTER 100,boomer,0.09
60038,CHAPTER 100,didn,0.09
66474,CHAPTER 100,know,0.09
74168,CHAPTER 100,sir,0.09
75823,CHAPTER 100,surgeon,0.09
66946,CHAPTER 100,like,0.08
73883,CHAPTER 100,ship,0.08
79348,CHAPTER 100,wound,0.08
55384,CHAPTER 100,aye,0.07
61339,CHAPTER 100,english,0.07
64177,CHAPTER 100,heading,0.07
64746,CHAPTER 100,hump,0.07
67531,CHAPTER 100,man,0.07
79488,CHAPTER 100,ye,0.07
54971,CHAPTER 100,armed,0.06
56748,CHAPTER 100,bulwarks,0.06
60036,CHAPTER 100,did,0.06
60522,CHAPTER 100,dog,0.06
63549,CHAPTER 100,good,0.06
63699,CHAPTER 100,great,0.06
63874,CHAPTER 100,gunwale,0.06
64287,CHAPTER 100,held,0.06
66060,CHAPTER 100,jack,0.06
66847,CHAPTER 100,let,0.06
67656,CHAPTER 100,marlingspike,0.06
68066,CHAPTER 100,milling,0.06
68706,CHAPTER 100,near,0.06
69195,CHAPTER 100,oh,0.06
73062,CHAPTER 100,said,0.06
73119,CHAPTER 100,sammy,0.06
75282,CHAPTER 100,stood,0.06
76060,CHAPTER 100,tackle,0.06
78861,CHAPTER 100,way,0.06
54486,CHAPTER 100,alongside,0.05
55371,CHAPTER 100,awkwardness,0.05
55545,CHAPTER 100,barb,0.05
60045,CHAPTER 100,diet,0.05
60064,CHAPTER 100,digest,0.05
60638,CHAPTER 100,dr,0.05
61292,CHAPTER 100,enderby,0.05
62001,CHAPTER 100,facetious,0.05
63631,CHAPTER 100,grandfather,0.05
63782,CHAPTER 100,groping,0.05
65801,CHAPTER 100,interrupted,0.05
67238,CHAPTER 100,lowered,0.05
69205,CHAPTER 100,old,0.05
69860,CHAPTER 100,patient,0.05
70616,CHAPTER 100,pod,0.05
73124,CHAPTER 100,samuel,0.05
74829,CHAPTER 100,spin,0.05
75216,CHAPTER 100,sticking,0.05
75348,CHAPTER 100,stranger,0.05
76086,CHAPTER 100,taking,0.05
76428,CHAPTER 100,thinking,0.05
76597,CHAPTER 100,time,0.05
77028,CHAPTER 100,trick,0.05
79509,CHAPTER 100,yes,0.05
55322,CHAPTER 100,avast,0.04
55925,CHAPTER 100,best,0.04
56281,CHAPTER 100,boiling,0.04
56349,CHAPTER 100,bore,0.04
56411,CHAPTER 100,bowing,0.04
56429,CHAPTER 100,boy,0.04
56954,CHAPTER 100,came,0.04
57055,CHAPTER 100,capstan,0.04
57217,CHAPTER 100,caught,0.04
59288,CHAPTER 100,cutting,0.04
60566,CHAPTER 100,don,0.04
60705,CHAPTER 100,dressed,0.04
62134,CHAPTER 100,fast,0.04
62228,CHAPTER 100,fedallah,0.04
62443,CHAPTER 100,fish,0.04
62871,CHAPTER 100,foul,0.04
63304,CHAPTER 100,gentleman,0.04
63310,CHAPTER 100,gentlemen,0.04
63982,CHAPTER 100,hand,0.04
64573,CHAPTER 100,hook,0.04
66302,CHAPTER 100,jumped,0.04
66959,CHAPTER 100,limb,0.04
68104,CHAPTER 100,minute,0.04
68273,CHAPTER 100,moment,0.04
69019,CHAPTER 100,oars,0.04
69087,CHAPTER 100,observing,0.04
70132,CHAPTER 100,perpendicular,0.04
70918,CHAPTER 100,precious,0.04
71534,CHAPTER 100,putting,0.04
71801,CHAPTER 100,rascal,0.04
73224,CHAPTER 100,saw,0.04
73232,CHAPTER 100,say,0.04
73445,CHAPTER 100,sea,0.04
73949,CHAPTER 100,shoulder,0.04
74320,CHAPTER 100,slid,0.04
74867,CHAPTER 100,spite,0.04
75006,CHAPTER 100,st,0.04
75910,CHAPTER 100,swallow,0.04
75983,CHAPTER 100,swinging,0.04
76362,CHAPTER 100,thank,0.04
78203,CHAPTER 100,use,0.04
78938,CHAPTER 100,welcome,0.04
78952,CHAPTER 100,went,0.04
79478,CHAPTER 100,yarn,0.04
53516,CHAPTER 100,_my_,0.03
53866,CHAPTER 100,abjectly,0.03
53926,CHAPTER 100,abstinence,0.03
54268,CHAPTER 100,afoam,0.03
54431,CHAPTER 100,alive,0.03
54474,CHAPTER 100,allures,0.03
55211,CHAPTER 100,attain,0.03
55445,CHAPTER 100,bait,0.03
55500,CHAPTER 100,bandages,0.03
55530,CHAPTER 100,bannisters,0.03
55630,CHAPTER 100,bat,0.03
55726,CHAPTER 100,bedeadened,0.03
55762,CHAPTER 100,befogged,0.03
55768,CHAPTER 100,began,0.03
55993,CHAPTER 100,biggest,0.03
56214,CHAPTER 100,blue,0.03
56379,CHAPTER 100,bounce,0.03
56381,CHAPTER 100,bouncing,0.03
56503,CHAPTER 100,breaches,0.03
56639,CHAPTER 100,broidered,0.03
56686,CHAPTER 100,brushing,0.03
56804,CHAPTER 100,burly,0.03
57239,CHAPTER 100,cavity,0.03
57312,CHAPTER 100,ceylon,0.03
57345,CHAPTER 100,chance,0.03
57356,CHAPTER 100,changeful,0.03
57528,CHAPTER 100,chimed,0.03
57676,CHAPTER 100,circus,0.03
57708,CHAPTER 100,clamber,0.03
57782,CHAPTER 100,cleets,0.03
57789,CHAPTER 100,clergy,0.03
57795,CHAPTER 100,clever,0.03
58264,CHAPTER 100,comprehending,0.03
58546,CHAPTER 100,constructed,0.03
58657,CHAPTER 100,contrivance,0.03
59046,CHAPTER 100,crew,0.03
59132,CHAPTER 100,crows,0.03
59150,CHAPTER 100,cruised,0.03
59261,CHAPTER 100,curve,0.03
59731,CHAPTER 100,denote,0.03
59742,CHAPTER 100,dent,0.03
59799,CHAPTER 100,deprived,0.03
60003,CHAPTER 100,diabolical,0.03
60026,CHAPTER 100,dick,0.03
60040,CHAPTER 100,die,0.03
60047,CHAPTER 100,dietetically,0.03
60068,CHAPTER 100,digestive,0.03
60520,CHAPTER 100,doesn,0.03
60724,CHAPTER 100,drinks,0.03
60743,CHAPTER 100,drop,0.03
60921,CHAPTER 100,east,0.03
61187,CHAPTER 100,emetic,0.03
61233,CHAPTER 100,en,0.03
61341,CHAPTER 100,englishmen,0.03
61909,CHAPTER 100,exposing,0.03
61975,CHAPTER 100,exultingly,0.03
62257,CHAPTER 100,feints,0.03
62315,CHAPTER 100,festoons,0.03
62489,CHAPTER 100,flailings,0.03
62574,CHAPTER 100,flint,0.03
62643,CHAPTER 100,fluking,0.03
63195,CHAPTER 100,gaping,0.03
63309,CHAPTER 100,gentlemanly,0.03
63399,CHAPTER 100,giving,0.03
63414,CHAPTER 100,glance,0.03
63682,CHAPTER 100,gravely,0.03
63944,CHAPTER 100,half,0.03
64020,CHAPTER 100,hap,0.03
64077,CHAPTER 100,harpoon,0.03
64100,CHAPTER 100,hast,0.03
64171,CHAPTER 100,head,0.03
64434,CHAPTER 100,hinted,0.03
64648,CHAPTER 100,hot,0.03
64656,CHAPTER 100,hourly,0.03
64738,CHAPTER 100,humoredly,0.03
64799,CHAPTER 100,hussar,0.03
64808,CHAPTER 100,hydrophobia,0.03
65040,CHAPTER 100,imperturbable,0.03
65255,CHAPTER 100,incorporate,0.03
65495,CHAPTER 100,ingenious,0.03
65606,CHAPTER 100,inscrutably,0.03
65654,CHAPTER 100,instant,0.03
65656,CHAPTER 100,instantaneously,0.03
65803,CHAPTER 100,interruption,0.03
65857,CHAPTER 100,introduction,0.03
65896,CHAPTER 100,invention,0.03
66018,CHAPTER 100,irritated,0.03
66166,CHAPTER 100,jewels,0.03
66172,CHAPTER 100,jiff,0.03
66363,CHAPTER 100,kept,0.03
66446,CHAPTER 100,knew,0.03
66481,CHAPTER 100,knows,0.03
66565,CHAPTER 100,lancet,0.03
66635,CHAPTER 100,lasted,0.03
67169,CHAPTER 100,looming,0.03
67237,CHAPTER 100,lower,0.03
67520,CHAPTER 100,mallet,0.03
67759,CHAPTER 100,mathematically,0.03
67769,CHAPTER 100,matter,0.03
68013,CHAPTER 100,midday,0.03
68156,CHAPTER 100,mishap,0.03
68211,CHAPTER 100,moby,0.03
69360,CHAPTER 100,ornamented,0.03
69811,CHAPTER 100,passant,0.03
69827,CHAPTER 100,passions,0.03
69913,CHAPTER 100,pawn,0.03
70060,CHAPTER 100,pequod,0.03
70353,CHAPTER 100,pill,0.03
70636,CHAPTER 100,pointing,0.03
71773,CHAPTER 100,rank,0.03
71962,CHAPTER 100,reclining,0.03
72032,CHAPTER 100,reduced,0.03
72472,CHAPTER 100,respected,0.03
72757,CHAPTER 100,ript,0.03
72824,CHAPTER 100,rogue,0.03
72890,CHAPTER 100,round,0.03
72891,CHAPTER 100,roundabout,0.03
72945,CHAPTER 100,rueful,0.03
72969,CHAPTER 100,rum,0.03
73171,CHAPTER 100,sat,0.03
73280,CHAPTER 100,scarry,0.03
73489,CHAPTER 100,second,0.03
73531,CHAPTER 100,seeing,0.03
73989,CHAPTER 100,shrink,0.03
74188,CHAPTER 100,sitting,0.03
74703,CHAPTER 100,spacious,0.03
74839,CHAPTER 100,spins,0.03
75063,CHAPTER 100,standing,0.03
75170,CHAPTER 100,steeple,0.03
75200,CHAPTER 100,stern,0.03
75202,CHAPTER 100,sterning,0.03
75205,CHAPTER 100,sterns,0.03
75288,CHAPTER 100,stoopingly,0.03
75345,CHAPTER 100,strange,0.03
75613,CHAPTER 100,suddenly,0.03
75813,CHAPTER 100,surcoat,0.03
76062,CHAPTER 100,tacks,0.03
76073,CHAPTER 100,tail,0.03
76118,CHAPTER 100,tangled,0.03
76122,CHAPTER 100,tanned,0.03
76171,CHAPTER 100,tastefully,0.03
76236,CHAPTER 100,telescope,0.03
76326,CHAPTER 100,terrify,0.03
76395,CHAPTER 100,thereabouts,0.03
76402,CHAPTER 100,thermometer,0.03
76458,CHAPTER 100,thou,0.03
76587,CHAPTER 100,till,0.03
76671,CHAPTER 100,toddies,0.03
76792,CHAPTER 100,total,0.03
77041,CHAPTER 100,trim,0.03
77211,CHAPTER 100,twelvemonth,0.03
78057,CHAPTER 100,unsupplied,0.03
78415,CHAPTER 100,vessel,0.03
78727,CHAPTER 100,walrus,0.03
78824,CHAPTER 100,watcher,0.03
78835,CHAPTER 100,water,0.03
79329,CHAPTER 100,worse,0.03
54012,CHAPTER 100,accursed,0.02
54097,CHAPTER 100,addressing,0.02
54187,CHAPTER 100,advanced,0.02
54209,CHAPTER 100,advice,0.02
54227,CHAPTER 100,affairs,0.02
54293,CHAPTER 100,ages,0.02
54347,CHAPTER 100,ahead,0.02
54348,CHAPTER 100,ahoy,0.02
54357,CHAPTER 100,ain,0.02
54503,CHAPTER 100,altering,0.02
54511,CHAPTER 100,altogether,0.02
54620,CHAPTER 100,anchor,0.02
54752,CHAPTER 100,anybody,0.02
54823,CHAPTER 100,apple,0.02
54880,CHAPTER 100,apt,0.02
55079,CHAPTER 100,aside,0.02
55082,CHAPTER 100,asked,0.02
55204,CHAPTER 100,attached,0.02
55232,CHAPTER 100,attention,0.02
55408,CHAPTER 100,backed,0.02
55423,CHAPTER 100,bad,0.02
55690,CHAPTER 100,bearing,0.02
55696,CHAPTER 100,beat,0.02
55760,CHAPTER 100,befell,0.02
55822,CHAPTER 100,believe,0.02
55943,CHAPTER 100,bethink,0.02
55986,CHAPTER 100,bidding,0.02
56047,CHAPTER 100,bite,0.02
56051,CHAPTER 100,biting,0.02
56062,CHAPTER 100,black,0.02
56087,CHAPTER 100,blades,0.02
56125,CHAPTER 100,blazing,0.02
56148,CHAPTER 100,bless,0.02
56161,CHAPTER 100,blind,0.02
56165,CHAPTER 100,blinding,0.02
56210,CHAPTER 100,blubber,0.02
56238,CHAPTER 100,board,0.02
56269,CHAPTER 100,bodily,0.02
56406,CHAPTER 100,bowed,0.02
56413,CHAPTER 100,bowl,0.02
56425,CHAPTER 100,box,0.02
56434,CHAPTER 100,boys,0.02
56462,CHAPTER 100,brains,0.02
56522,CHAPTER 100,breath,0.02
56606,CHAPTER 100,bring,0.02
56797,CHAPTER 100,burial,0.02
57060,CHAPTER 100,captains,0.02
57066,CHAPTER 100,capture,0.02
57089,CHAPTER 100,carefully,0.02
57092,CHAPTER 100,carelessly,0.02
57112,CHAPTER 100,carpenter,0.02
57173,CHAPTER 100,casting,0.02
57223,CHAPTER 100,cause,0.02
57545,CHAPTER 100,chips,0.02
57670,CHAPTER 100,circumstance,0.02
57729,CHAPTER 100,clapping,0.02
57763,CHAPTER 100,clean,0.02
57829,CHAPTER 100,clock,0.02
57849,CHAPTER 100,cloth,0.02
57871,CHAPTER 100,club,0.02
57881,CHAPTER 100,clumsy,0.02
57882,CHAPTER 100,clung,0.02
58047,CHAPTER 100,colours,0.02
58068,CHAPTER 100,combing,0.02
58100,CHAPTER 100,commanded,0.02
58101,CHAPTER 100,commander,0.02
58617,CHAPTER 100,continued,0.02
58732,CHAPTER 100,coolly,0.02
58851,CHAPTER 100,couldn,0.02
59002,CHAPTER 100,crazy,0.02
59070,CHAPTER 100,cripple,0.02
59071,CHAPTER 100,crippled,0.02
59080,CHAPTER 100,critical,0.02
59104,CHAPTER 100,cross,0.02
59108,CHAPTER 100,crossing,0.02
59112,CHAPTER 100,crotch,0.02
59128,CHAPTER 100,crown,0.02
59248,CHAPTER 100,curse,0.02
59249,CHAPTER 100,cursed,0.02
59262,CHAPTER 100,curved,0.02
59393,CHAPTER 100,darkly,0.02
59398,CHAPTER 100,dart,0.02
59405,CHAPTER 100,dashed,0.02
59407,CHAPTER 100,dashing,0.02
59430,CHAPTER 100,day,0.02
59504,CHAPTER 100,decent,0.02
60058,CHAPTER 100,difficulty,0.02
60269,CHAPTER 100,dish,0.02
60480,CHAPTER 100,dividing,0.02
60481,CHAPTER 100,divine,0.02
60667,CHAPTER 100,draw,0.02
60721,CHAPTER 100,drink,0.02
60723,CHAPTER 100,drinking,0.02
60744,CHAPTER 100,dropped,0.02
60779,CHAPTER 100,dry,0.02
60902,CHAPTER 100,earnest,0.02
61277,CHAPTER 100,end,0.02
61285,CHAPTER 100,endeavors,0.02
61561,CHAPTER 100,escape,0.02
61698,CHAPTER 100,exactly,0.02
61713,CHAPTER 100,exasperated,0.02
61722,CHAPTER 100,exceedingly,0.02
61748,CHAPTER 100,excitement,0.02
61980,CHAPTER 100,eyeing,0.02
61996,CHAPTER 100,face,0.02
62014,CHAPTER 100,faded,0.02
62074,CHAPTER 100,familiarly,0.02
62104,CHAPTER 100,far,0.02
62136,CHAPTER 100,fasten,0.02
62137,CHAPTER 100,fastened,0.02
62253,CHAPTER 100,feet,0.02
62355,CHAPTER 100,fiend,0.02
62397,CHAPTER 100,fin,0.02
62411,CHAPTER 100,finger,0.02
62465,CHAPTER 100,fits,0.02
62496,CHAPTER 100,flames,0.02
62507,CHAPTER 100,flash,0.02
62552,CHAPTER 100,flesh,0.02
62565,CHAPTER 100,flies,0.02
62585,CHAPTER 100,floated,0.02
62641,CHAPTER 100,fluke,0.02
62642,CHAPTER 100,flukes,0.02
62663,CHAPTER 100,foam,0.02
62688,CHAPTER 100,folds,0.02
62816,CHAPTER 100,forgotten,0.02
62863,CHAPTER 100,forwards,0.02
62918,CHAPTER 100,frankly,0.02
62952,CHAPTER 100,french,0.02
63008,CHAPTER 100,frock,0.02
63058,CHAPTER 100,fully,0.02
63087,CHAPTER 100,furiously,0.02
63116,CHAPTER 100,future,0.02
63314,CHAPTER 100,gently,0.02
63343,CHAPTER 100,getting,0.02
63417,CHAPTER 100,glancing,0.02
63479,CHAPTER 100,glory,0.02
63522,CHAPTER 100,god,0.02
63529,CHAPTER 100,godly,0.02
63730,CHAPTER 100,grew,0.02
63929,CHAPTER 100,hailed,0.02
63930,CHAPTER 100,hailing,0.02
63935,CHAPTER 100,hair,0.02
63968,CHAPTER 100,hammer,0.02
64008,CHAPTER 100,handy,0.02
64051,CHAPTER 100,hardly,0.02
64061,CHAPTER 100,hark,0.02
64083,CHAPTER 100,harpoons,0.02
64165,CHAPTER 100,hazard,0.02
64227,CHAPTER 100,hearts,0.02
64229,CHAPTER 100,hearty,0.02
64237,CHAPTER 100,heave,0.02
64238,CHAPTER 100,heaved,0.02
64248,CHAPTER 100,heaving,0.02
64276,CHAPTER 100,height,0.02
64278,CHAPTER 100,heightened,0.02
64290,CHAPTER 100,hell,0.02
64300,CHAPTER 100,helped,0.02
64381,CHAPTER 100,hidden,0.02
64394,CHAPTER 100,high,0.02
64493,CHAPTER 100,hoist,0.02
64494,CHAPTER 100,hoisted,0.02
64592,CHAPTER 100,hopelessly,0.02
64627,CHAPTER 100,horse,0.02
64757,CHAPTER 100,hung,0.02
64763,CHAPTER 100,hunted,0.02
64886,CHAPTER 100,ignorant,0.02
65008,CHAPTER 100,impatiently,0.02
65044,CHAPTER 100,impetuously,0.02
65080,CHAPTER 100,impossible,0.02
65188,CHAPTER 100,inches,0.02
65329,CHAPTER 100,indirectly,0.02
65621,CHAPTER 100,inside,0.02
65652,CHAPTER 100,instance,0.02
65660,CHAPTER 100,instead,0.02
65889,CHAPTER 100,invariably,0.02
65974,CHAPTER 100,iron,0.02
65978,CHAPTER 100,irons,0.02
66065,CHAPTER 100,jacket,0.02
66221,CHAPTER 100,jolly,0.02
66288,CHAPTER 100,juggling,0.02
66301,CHAPTER 100,jump,0.02
66322,CHAPTER 100,just,0.02
66356,CHAPTER 100,kelson,0.02
66387,CHAPTER 100,killed,0.02
66390,CHAPTER 100,killing,0.02
66404,CHAPTER 100,kindly,0.02
66448,CHAPTER 100,knife,0.02
66456,CHAPTER 100,knives,0.02
66461,CHAPTER 100,knock,0.02
66524,CHAPTER 100,lad,0.02
66525,CHAPTER 100,ladder,0.02
66567,CHAPTER 100,landed,0.02
66579,CHAPTER 100,landsman,0.02
66641,CHAPTER 100,late,0.02
66661,CHAPTER 100,laugh,0.02
66713,CHAPTER 100,lead,0.02
66796,CHAPTER 100,legged,0.02
66856,CHAPTER 100,letting,0.02
66917,CHAPTER 100,life,0.02
66922,CHAPTER 100,lift,0.02
66958,CHAPTER 100,lima,0.02
66962,CHAPTER 100,limbs,0.02
67005,CHAPTER 100,lip,0.02
67021,CHAPTER 100,listening,0.02
67037,CHAPTER 100,little,0.02
67067,CHAPTER 100,load,0.02
67138,CHAPTER 100,london,0.02
67145,CHAPTER 100,long,0.02
67163,CHAPTER 100,looking,0.02
67174,CHAPTER 100,loose,0.02
67200,CHAPTER 100,loss,0.02
67262,CHAPTER 100,luck,0.02
67264,CHAPTER 100,luckless,0.02
67434,CHAPTER 100,magnet,0.02
67511,CHAPTER 100,malice,0.02
67568,CHAPTER 100,manilla,0.02
67620,CHAPTER 100,marble,0.02
67719,CHAPTER 100,massive,0.02
67770,CHAPTER 100,matters,0.02
67821,CHAPTER 100,measured,0.02
67830,CHAPTER 100,mechanical,0.02
67865,CHAPTER 100,meets,0.02
68060,CHAPTER 100,milky,0.02
68409,CHAPTER 100,mother,0.02
68622,CHAPTER 100,nailed,0.02
68685,CHAPTER 100,natured,0.02
68859,CHAPTER 100,nights,0.02
68886,CHAPTER 100,noblest,0.02
68929,CHAPTER 100,northward,0.02
69018,CHAPTER 100,oar,0.02
69111,CHAPTER 100,occasionally,0.02
69175,CHAPTER 100,officers,0.02
69317,CHAPTER 100,ordered,0.02
69336,CHAPTER 100,organs,0.02
69386,CHAPTER 100,ought,0.02
69402,CHAPTER 100,outer,0.02
69611,CHAPTER 100,pair,0.02
69846,CHAPTER 100,patched,0.02
70064,CHAPTER 100,perceived,0.02
70303,CHAPTER 100,pickle,0.02
70365,CHAPTER 100,pilot,0.02
70519,CHAPTER 100,play,0.02
70593,CHAPTER 100,plump,0.02
70611,CHAPTER 100,pocket,0.02
70632,CHAPTER 100,pointed,0.02
70652,CHAPTER 100,pole,0.02
70666,CHAPTER 100,politely,0.02
70790,CHAPTER 100,possible,0.02
71012,CHAPTER 100,presented,0.02
71016,CHAPTER 100,presently,0.02
71022,CHAPTER 100,preserved,0.02
71129,CHAPTER 100,privilege,0.02
71194,CHAPTER 100,professional,0.02
71371,CHAPTER 100,providence,0.02
71436,CHAPTER 100,pull,0.02
71437,CHAPTER 100,pulled,0.02
71438,CHAPTER 100,pulling,0.02
71445,CHAPTER 100,pulse,0.02
71613,CHAPTER 100,question,0.02
71627,CHAPTER 100,quickly,0.02
71652,CHAPTER 100,quitting,0.02
71700,CHAPTER 100,rage,0.02
72127,CHAPTER 100,regular,0.02
72222,CHAPTER 100,remark,0.02
72272,CHAPTER 100,removing,0.02
72457,CHAPTER 100,resolved,0.02
72501,CHAPTER 100,resting,0.02
72572,CHAPTER 100,revealed,0.02
72594,CHAPTER 100,reverend,0.02
72693,CHAPTER 100,rigged,0.02
72794,CHAPTER 100,roared,0.02
72865,CHAPTER 100,ropes,0.02
72963,CHAPTER 100,rule,0.02
72989,CHAPTER 100,runs,0.02
73080,CHAPTER 100,sake,0.02
73186,CHAPTER 100,satisfied,0.02
73473,CHAPTER 100,season,0.02
73541,CHAPTER 100,seen,0.02
73558,CHAPTER 100,seized,0.02
73594,CHAPTER 100,sending,0.02
73675,CHAPTER 100,served,0.02
73709,CHAPTER 100,severest,0.02
73750,CHAPTER 100,shake,0.02
73890,CHAPTER 100,shipped,0.02
73891,CHAPTER 100,shipping,0.02
73903,CHAPTER 100,shirt,0.02
73915,CHAPTER 100,shocking,0.02
73945,CHAPTER 100,shortly,0.02
73970,CHAPTER 100,showing,0.02
74065,CHAPTER 100,sight,0.02
74244,CHAPTER 100,skull,0.02
74325,CHAPTER 100,sliding,0.02
74330,CHAPTER 100,slightest,0.02
74331,CHAPTER 100,slightly,0.02
74460,CHAPTER 100,snapping,0.02
74472,CHAPTER 100,snatching,0.02
74498,CHAPTER 100,snuffing,0.02
74520,CHAPTER 100,sober,0.02
74576,CHAPTER 100,solemn,0.02
74602,CHAPTER 100,solitary,0.02
74634,CHAPTER 100,soon,0.02
74660,CHAPTER 100,sort,0.02
74671,CHAPTER 100,souls,0.02
74673,CHAPTER 100,sounded,0.02
74755,CHAPTER 100,specific,0.02
74801,CHAPTER 100,sperm,0.02
74885,CHAPTER 100,splinters,0.02
74941,CHAPTER 100,sprang,0.02
74950,CHAPTER 100,springing,0.02
75057,CHAPTER 100,stand,0.02
75071,CHAPTER 100,starboard,0.02
75083,CHAPTER 100,stars,0.02
75133,CHAPTER 100,stayed,0.02
75180,CHAPTER 100,steering,0.02
75189,CHAPTER 100,stepped,0.02
75312,CHAPTER 100,story,0.02
75332,CHAPTER 100,straightway,0.02
75368,CHAPTER 100,streamed,0.02
75389,CHAPTER 100,strict,0.02
75598,CHAPTER 100,succession,0.02
75607,CHAPTER 100,sucking,0.02
75749,CHAPTER 100,superior,0.02
75798,CHAPTER 100,suppose,0.02
75884,CHAPTER 100,suspended,0.02
75912,CHAPTER 100,swallows,0.02
75965,CHAPTER 100,swells,0.02
75982,CHAPTER 100,swing,0.02
75998,CHAPTER 100,sword,0.02
76005,CHAPTER 100,swung,0.02
76061,CHAPTER 100,tackles,0.02
76237,CHAPTER 100,tell,0.02
76309,CHAPTER 100,terminating,0.02
76320,CHAPTER 100,terrible,0.02
76416,CHAPTER 100,thigh,0.02
76421,CHAPTER 100,thing,0.02
76423,CHAPTER 100,think,0.02
76430,CHAPTER 100,thinks,0.02
76483,CHAPTER 100,threatened,0.02
76522,CHAPTER 100,throws,0.02
76524,CHAPTER 100,thrust,0.02
76692,CHAPTER 100,token,0.02
76732,CHAPTER 100,tooth,0.02
76785,CHAPTER 100,toss,0.02
76788,CHAPTER 100,tossing,0.02
76817,CHAPTER 100,tower,0.02
76820,CHAPTER 100,towing,0.02
76827,CHAPTER 100,trace,0.02
76987,CHAPTER 100,tree,0.02
77034,CHAPTER 100,tried,0.02
77097,CHAPTER 100,trowsers,0.02
77110,CHAPTER 100,trumpet,0.02
77215,CHAPTER 100,twice,0.02
77274,CHAPTER 100,ugly,0.02
77381,CHAPTER 100,uncertain,0.02
78092,CHAPTER 100,untoward,0.02
78178,CHAPTER 100,upright,0.02
78324,CHAPTER 100,ve,0.02
78713,CHAPTER 100,walking,0.02
78748,CHAPTER 100,want,0.02
78749,CHAPTER 100,wanted,0.02
78788,CHAPTER 100,warning,0.02
78847,CHAPTER 100,watery,0.02
78932,CHAPTER 100,weight,0.02
78980,CHAPTER 100,whales,0.02
79063,CHAPTER 100,whispering,0.02
79169,CHAPTER 100,windward,0.02
79219,CHAPTER 100,withdrawing,0.02
79284,CHAPTER 100,wooden,0.02
79297,CHAPTER 100,woollen,0.02
79373,CHAPTER 100,wreck,0.02
79399,CHAPTER 100,wrinkles,0.02
79401,CHAPTER 100,wrist,0.02
54320,CHAPTER 100,ago,0.01
54359,CHAPTER 100,air,0.01
54485,CHAPTER 100,aloft,0.01
55721,CHAPTER 100,bed,0.01
56189,CHAPTER 100,blood,0.01
56313,CHAPTER 100,bone,0.01
56316,CHAPTER 100,bones,0.01
56355,CHAPTER 100,born,0.01
56404,CHAPTER 100,bow,0.01
57151,CHAPTER 100,case,0.01
57770,CHAPTER 100,clear,0.01
58082,CHAPTER 100,comes,0.01
58097,CHAPTER 100,coming,0.01
58228,CHAPTER 100,completely,0.01
58898,CHAPTER 100,course,0.01
58960,CHAPTER 100,craft,0.01
59236,CHAPTER 100,curious,0.01
59965,CHAPTER 100,devil,0.01
60672,CHAPTER 100,drawing,0.01
60928,CHAPTER 100,easy,0.01
61529,CHAPTER 100,ere,0.01
61984,CHAPTER 100,eyes,0.01
62007,CHAPTER 100,fact,0.01
62270,CHAPTER 100,fellow,0.01
62405,CHAPTER 100,fine,0.01
62846,CHAPTER 100,forth,0.01
62937,CHAPTER 100,free,0.01
62964,CHAPTER 100,fresh,0.01
63245,CHAPTER 100,gave,0.01
63275,CHAPTER 100,general,0.01
63531,CHAPTER 100,goes,0.01
63577,CHAPTER 100,got,0.01
64107,CHAPTER 100,hat,0.01
64151,CHAPTER 100,having,0.01
64201,CHAPTER 100,heard,0.01
64299,CHAPTER 100,help,0.01
64498,CHAPTER 100,hold,0.01
64586,CHAPTER 100,hope,0.01
66737,CHAPTER 100,leaning,0.01
66758,CHAPTER 100,leaving,0.01
66782,CHAPTER 100,left,0.01
66821,CHAPTER 100,length,0.01
67157,CHAPTER 100,look,0.01
67186,CHAPTER 100,lord,0.01
67490,CHAPTER 100,make,0.01
67493,CHAPTER 100,makes,0.01
67496,CHAPTER 100,making,0.01
67748,CHAPTER 100,mate,0.01
67817,CHAPTER 100,means,0.01
67896,CHAPTER 100,men,0.01
68081,CHAPTER 100,mind,0.01
68379,CHAPTER 100,morning,0.01
68454,CHAPTER 100,mouth,0.01
68476,CHAPTER 100,mr,0.01
68638,CHAPTER 100,nantucket,0.01
68852,CHAPTER 100,nigh,0.01
68854,CHAPTER 100,night,0.01
68881,CHAPTER 100,noble,0.01
69251,CHAPTER 100,open,0.01
69462,CHAPTER 100,overboard,0.01
69803,CHAPTER 100,parts,0.01
69950,CHAPTER 100,peculiar,0.01
70467,CHAPTER 100,plainly,0.01
70487,CHAPTER 100,planks,0.01
70630,CHAPTER 100,point,0.01
71009,CHAPTER 100,present,0.01
71075,CHAPTER 100,previous,0.01
71586,CHAPTER 100,quarter,0.01
71620,CHAPTER 100,quick,0.01
71648,CHAPTER 100,quite,0.01
72498,CHAPTER 100,rest,0.01
72698,CHAPTER 100,right,0.01
72985,CHAPTER 100,run,0.01
72988,CHAPTER 100,running,0.01
73074,CHAPTER 100,sailors,0.01
73235,CHAPTER 100,saying,0.01
73472,CHAPTER 100,seas,0.01
73686,CHAPTER 100,set,0.01
73938,CHAPTER 100,short,0.01
74145,CHAPTER 100,single,0.01
74398,CHAPTER 100,small,0.01
74668,CHAPTER 100,soul,0.01
75326,CHAPTER 100,straight,0.01
75346,CHAPTER 100,strangely,0.01
75435,CHAPTER 100,struck,0.01
75612,CHAPTER 100,sudden,0.01
75692,CHAPTER 100,sun,0.01
76229,CHAPTER 100,teeth,0.01
76422,CHAPTER 100,things,0.01
76601,CHAPTER 100,times,0.01
76729,CHAPTER 100,took,0.01
77124,CHAPTER 100,truth,0.01
77129,CHAPTER 100,try,0.01
78204,CHAPTER 100,used,0.01
78258,CHAPTER 100,vain,0.01
78548,CHAPTER 100,visible,0.01
78592,CHAPTER 100,voice,0.01
78701,CHAPTER 100,wake,0.01
78893,CHAPTER 100,weather,0.01
78977,CHAPTER 100,whalemen,0.01
79301,CHAPTER 100,word,0.01
79306,CHAPTER 100,work,0.01
79317,CHAPTER 100,world,0.01
