,chapter,term,tfidf
3369780,CHAPTER 92,ambergris,0.41
3369778,CHAPTER 92,amber,0.2
3388467,CHAPTER 92,savor,0.16
3378151,CHAPTER 92,fragrant,0.15
3380511,CHAPTER 92,incorruption,0.12
3384447,CHAPTER 92,oil,0.11
3376135,CHAPTER 92,dyspepsia,0.1
3378965,CHAPTER 92,greenland,0.1
3383802,CHAPTER 92,musk,0.1
3394219,CHAPTER 92,whale,0.1
3393741,CHAPTER 92,village,0.09
3372636,CHAPTER 92,charge,0.08
3377398,CHAPTER 92,fat,0.08
3393454,CHAPTER 92,used,0.08
3371460,CHAPTER 92,blubber,0.07
3376109,CHAPTER 92,dutch,0.07
3379295,CHAPTER 92,hard,0.07
3380146,CHAPTER 92,ill,0.07
3381998,CHAPTER 92,learned,0.07
3385568,CHAPTER 92,pieces,0.07
3390766,CHAPTER 92,subject,0.07
3394227,CHAPTER 92,whalemen,0.07
3368320,CHAPTER 92,1791,0.06
3370341,CHAPTER 92,aspersion,0.06
3371224,CHAPTER 92,biased,0.06
3371721,CHAPTER 92,brandreth,0.06
3372383,CHAPTER 92,carry,0.06
3373152,CHAPTER 92,coast,0.06
3374018,CHAPTER 92,corinthians,0.06
3375596,CHAPTER 92,dispenses,0.06
3375620,CHAPTER 92,disproved,0.06
3377927,CHAPTER 92,fogo,0.06
3378165,CHAPTER 92,frankincense,0.06
3382200,CHAPTER 92,liken,0.06
3382205,CHAPTER 92,likewise,0.06
3383847,CHAPTER 92,myrrh,0.06
3384401,CHAPTER 92,odorless,0.06
3384956,CHAPTER 92,paracelsus,0.06
3385086,CHAPTER 92,pastiles,0.06
3385348,CHAPTER 92,perfumery,0.06
3385936,CHAPTER 92,pomatum,0.06
3386898,CHAPTER 92,quite,0.06
3387162,CHAPTER 92,rebut,0.06
3388485,CHAPTER 92,saying,0.06
3388543,CHAPTER 92,scentless,0.06
3388551,CHAPTER 92,schmerenburgh,0.06
3388695,CHAPTER 92,sea,0.06
3389078,CHAPTER 92,sheds,0.06
3389196,CHAPTER 92,shortness,0.06
3389514,CHAPTER 92,slanderous,0.06
3389530,CHAPTER 92,slatternly,0.06
3389658,CHAPTER 92,smeerenberg,0.06
3390051,CHAPTER 92,sperm,0.06
3390256,CHAPTER 92,st,0.06
3390803,CHAPTER 92,substance,0.06
3393036,CHAPTER 92,unloading,0.06
3393873,CHAPTER 92,von,0.06
3394110,CHAPTER 92,waxy,0.06
3394230,CHAPTER 92,whales,0.06
3369187,CHAPTER 92,abundance,0.05
3369376,CHAPTER 92,administering,0.05
3369662,CHAPTER 92,alexander,0.05
3369999,CHAPTER 92,anxiety,0.05
3370047,CHAPTER 92,appeal,0.05
3370204,CHAPTER 92,arising,0.05
3370260,CHAPTER 92,arrival,0.05
3370283,CHAPTER 92,article,0.05
3370921,CHAPTER 92,beads,0.05
3371149,CHAPTER 92,berg,0.05
3371370,CHAPTER 92,blasting,0.05
3371875,CHAPTER 92,brittle,0.05
3372014,CHAPTER 92,bung,0.05
3372079,CHAPTER 92,business,0.05
3372105,CHAPTER 92,buttons,0.05
3372411,CHAPTER 92,casked,0.05
3372514,CHAPTER 92,cemeteries,0.05
3372985,CHAPTER 92,claret,0.05
3373260,CHAPTER 92,collection,0.05
3373398,CHAPTER 92,commons,0.05
3373510,CHAPTER 92,compound,0.05
3373806,CHAPTER 92,consume,0.05
3373972,CHAPTER 92,cooking,0.05
3374076,CHAPTER 92,corruption,0.05
3374477,CHAPTER 92,cure,0.05
3374739,CHAPTER 92,decay,0.05
3374755,CHAPTER 92,decently,0.05
3375178,CHAPTER 92,detect,0.05
3375527,CHAPTER 92,dishonor,0.05
3375753,CHAPTER 92,dock,0.05
3375954,CHAPTER 92,dress,0.05
3376053,CHAPTER 92,dug,0.05
3376620,CHAPTER 92,enjoys,0.05
3376835,CHAPTER 92,essence,0.05
3376855,CHAPTER 92,estimation,0.05
3376958,CHAPTER 92,examined,0.05
3376967,CHAPTER 92,excavating,0.05
3377040,CHAPTER 92,exercise,0.05
3377775,CHAPTER 92,flavor,0.05
3377986,CHAPTER 92,forbidding,0.05
3378096,CHAPTER 92,forth,0.05
3378125,CHAPTER 92,foundations,0.05
3378150,CHAPTER 92,fragrance,0.05
3378203,CHAPTER 92,frenchman,0.05
3378346,CHAPTER 92,furnaces,0.05
3378870,CHAPTER 92,grains,0.05
3379779,CHAPTER 92,home,0.05
3379887,CHAPTER 92,hospital,0.05
3380323,CHAPTER 92,imports,0.05
3380389,CHAPTER 92,imputed,0.05
3380749,CHAPTER 92,inglorious,0.05
3381408,CHAPTER 92,jew,0.05
3381412,CHAPTER 92,jewelled,0.05
3381617,CHAPTER 92,kettles,0.05
3382322,CHAPTER 92,loads,0.05
3382745,CHAPTER 92,maketh,0.05
3382832,CHAPTER 92,manner,0.05
3382856,CHAPTER 92,manufacturing,0.05
3383078,CHAPTER 92,mecca,0.05
3383175,CHAPTER 92,merchants,0.05
3384398,CHAPTER 92,odious,0.05
3384399,CHAPTER 92,odor,0.05
3384521,CHAPTER 92,opine,0.05
3384594,CHAPTER 92,origin,0.05
3384599,CHAPTER 92,originate,0.05
3384611,CHAPTER 92,ornaments,0.05
3385144,CHAPTER 92,paul,0.05
3385346,CHAPTER 92,perfume,0.05
3385614,CHAPTER 92,pills,0.05
3386104,CHAPTER 92,powders,0.05
3386754,CHAPTER 92,purpose,0.05
3387272,CHAPTER 92,redolent,0.05
3387351,CHAPTER 92,regale,0.05
3387564,CHAPTER 92,repel,0.05
3388192,CHAPTER 92,rudimental,0.05
3388258,CHAPTER 92,rustles,0.05
3388482,CHAPTER 92,say,0.05
3388542,CHAPTER 92,scented,0.05
3389143,CHAPTER 92,ships,0.05
3389505,CHAPTER 92,slack,0.05
3389657,CHAPTER 92,smeer,0.05
3389807,CHAPTER 92,soils,0.05
3389950,CHAPTER 92,sown,0.05
3390066,CHAPTER 92,spicy,0.05
3390250,CHAPTER 92,squid,0.05
3390270,CHAPTER 92,stages,0.05
3390480,CHAPTER 92,stigma,0.05
3390804,CHAPTER 92,substances,0.05
3390808,CHAPTER 92,substantiated,0.05
3391082,CHAPTER 92,surmise,0.05
3391607,CHAPTER 92,text,0.05
3392078,CHAPTER 92,traceable,0.05
3392432,CHAPTER 92,turks,0.05
3392448,CHAPTER 92,tusks,0.05
3393333,CHAPTER 92,untidy,0.05
3394589,CHAPTER 92,worst,0.05
3369480,CHAPTER 92,affected,0.04
3369506,CHAPTER 92,afford,0.04
3369543,CHAPTER 92,ages,0.04
3370673,CHAPTER 92,bad,0.04
3370794,CHAPTER 92,bar,0.04
3371193,CHAPTER 92,bethink,0.04
3371303,CHAPTER 92,bits,0.04
3371531,CHAPTER 92,boiling,0.04
3371572,CHAPTER 92,bony,0.04
3371657,CHAPTER 92,bowels,0.04
3371764,CHAPTER 92,breaking,0.04
3372236,CHAPTER 92,candles,0.04
3372413,CHAPTER 92,casks,0.04
3372538,CHAPTER 92,centuries,0.04
3372548,CHAPTER 92,certain,0.04
3372941,CHAPTER 92,city,0.04
3373278,CHAPTER 92,cologne,0.04
3373372,CHAPTER 92,commerce,0.04
3373433,CHAPTER 92,comparatively,0.04
3373573,CHAPTER 92,conclude,0.04
3373738,CHAPTER 92,consequence,0.04
3373752,CHAPTER 92,considered,0.04
3375665,CHAPTER 92,distinct,0.04
3375832,CHAPTER 92,doors,0.04
3376251,CHAPTER 92,effect,0.04
3376336,CHAPTER 92,elephant,0.04
3376382,CHAPTER 92,embalmed,0.04
3377076,CHAPTER 92,existence,0.04
3377157,CHAPTER 92,exposed,0.04
3377641,CHAPTER 92,filling,0.04
3377793,CHAPTER 92,fleet,0.04
3378054,CHAPTER 92,forget,0.04
3378066,CHAPTER 92,forgotten,0.04
3378126,CHAPTER 92,founded,0.04
3378202,CHAPTER 92,french,0.04
3378560,CHAPTER 92,gentlemen,0.04
3378729,CHAPTER 92,glory,0.04
3379315,CHAPTER 92,harm,0.04
3379442,CHAPTER 92,health,0.04
3379649,CHAPTER 92,highly,0.04
3379748,CHAPTER 92,hold,0.04
3379757,CHAPTER 92,holes,0.04
3379765,CHAPTER 92,holland,0.04
3380094,CHAPTER 92,icy,0.04
3380318,CHAPTER 92,important,0.04
3380579,CHAPTER 92,indirectly,0.04
3380798,CHAPTER 92,inland,0.04
3381749,CHAPTER 92,laborers,0.04
3381778,CHAPTER 92,ladies,0.04
3381782,CHAPTER 92,lady,0.04
3381866,CHAPTER 92,largely,0.04
3382016,CHAPTER 92,led,0.04
3382388,CHAPTER 92,london,0.04
3382702,CHAPTER 92,magnitude,0.04
3383335,CHAPTER 92,minds,0.04
3383664,CHAPTER 92,motion,0.04
3384184,CHAPTER 92,nose,0.04
3384514,CHAPTER 92,operation,0.04
3385002,CHAPTER 92,parlor,0.04
3385046,CHAPTER 92,partly,0.04
3385461,CHAPTER 92,peter,0.04
3385648,CHAPTER 92,pipes,0.04
3385754,CHAPTER 92,plates,0.04
3385786,CHAPTER 92,pleasant,0.04
3386168,CHAPTER 92,precious,0.04
3386394,CHAPTER 92,problem,0.04
3387216,CHAPTER 92,recognised,0.04
3388067,CHAPTER 92,rocks,0.04
3388093,CHAPTER 92,rome,0.04
3388723,CHAPTER 92,season,0.04
3389287,CHAPTER 92,sick,0.04
3389659,CHAPTER 92,smell,0.04
3389663,CHAPTER 92,smells,0.04
3389941,CHAPTER 92,southern,0.04
3390560,CHAPTER 92,storms,0.04
3391049,CHAPTER 92,supposed,0.04
3391774,CHAPTER 92,thrust,0.04
3391851,CHAPTER 92,times,0.04
3392182,CHAPTER 92,transparent,0.04
3392228,CHAPTER 92,treated,0.04
3392284,CHAPTER 92,tried,0.04
3392347,CHAPTER 92,trowsers,0.04
3393776,CHAPTER 92,violent,0.04
3393838,CHAPTER 92,vocation,0.04
3393859,CHAPTER 92,volume,0.04
3394085,CHAPTER 92,water,0.04
3394229,CHAPTER 92,whalers,0.04
3394235,CHAPTER 92,whaling,0.04
3394347,CHAPTER 92,wicked,0.04
3394421,CHAPTER 92,wine,0.04
3394566,CHAPTER 92,works,0.04
3369570,CHAPTER 92,ago,0.03
3371566,CHAPTER 92,bones,0.03
3371575,CHAPTER 92,book,0.03
3371605,CHAPTER 92,born,0.03
3372372,CHAPTER 92,carried,0.03
3372473,CHAPTER 92,cause,0.03
3372549,CHAPTER 92,certainly,0.03
3372625,CHAPTER 92,chapter,0.03
3373203,CHAPTER 92,coffin,0.03
3373430,CHAPTER 92,company,0.03
3373478,CHAPTER 92,completely,0.03
3373753,CHAPTER 92,considering,0.03
3374148,CHAPTER 92,course,0.03
3374269,CHAPTER 92,creatures,0.03
3374486,CHAPTER 92,curious,0.03
3374538,CHAPTER 92,cutting,0.03
3375286,CHAPTER 92,did,0.03
3375303,CHAPTER 92,different,0.03
3375993,CHAPTER 92,drop,0.03
3376589,CHAPTER 92,english,0.03
3377257,CHAPTER 92,fact,0.03
3377331,CHAPTER 92,famous,0.03
3377655,CHAPTER 92,fine,0.03
3377892,CHAPTER 92,flukes,0.03
3378214,CHAPTER 92,fresh,0.03
3378495,CHAPTER 92,gave,0.03
3378646,CHAPTER 92,given,0.03
3378929,CHAPTER 92,grave,0.03
3378949,CHAPTER 92,great,0.03
3378981,CHAPTER 92,grey,0.03
3379185,CHAPTER 92,hair,0.03
3379683,CHAPTER 92,hint,0.03
3379803,CHAPTER 92,honor,0.03
3379908,CHAPTER 92,house,0.03
3380557,CHAPTER 92,indian,0.03
3381891,CHAPTER 92,late,0.03
3382611,CHAPTER 92,lying,0.03
3383067,CHAPTER 92,means,0.03
3383265,CHAPTER 92,middle,0.03
3383704,CHAPTER 92,mouth,0.03
3383961,CHAPTER 92,nearly,0.03
3384566,CHAPTER 92,order,0.03
3384796,CHAPTER 92,owing,0.03
3385304,CHAPTER 92,people,0.03
3385717,CHAPTER 92,plainly,0.03
3386041,CHAPTER 92,possibly,0.03
3386175,CHAPTER 92,precise,0.03
3386974,CHAPTER 92,raised,0.03
3387469,CHAPTER 92,remained,0.03
3388238,CHAPTER 92,running,0.03
3388813,CHAPTER 92,seldom,0.03
3389360,CHAPTER 92,similar,0.03
3389648,CHAPTER 92,small,0.03
3389792,CHAPTER 92,soft,0.03
3389869,CHAPTER 92,somewhat,0.03
3389939,CHAPTER 92,south,0.03
3390004,CHAPTER 92,species,0.03
3390348,CHAPTER 92,state,0.03
3390862,CHAPTER 92,sudden,0.03
3391334,CHAPTER 92,taken,0.03
3391671,CHAPTER 92,thing,0.03
3392071,CHAPTER 92,town,0.03
3392374,CHAPTER 92,truth,0.03
3392379,CHAPTER 92,try,0.03
3393027,CHAPTER 92,unless,0.03
3393453,CHAPTER 92,use,0.03
3394027,CHAPTER 92,warm,0.03
3394228,CHAPTER 92,whaler,0.03
3394556,CHAPTER 92,work,0.03
3394722,CHAPTER 92,yard,0.03
3369609,CHAPTER 92,air,0.02
3371175,CHAPTER 92,best,0.02
3371499,CHAPTER 92,boat,0.02
3372180,CHAPTER 92,called,0.02
3372308,CHAPTER 92,captain,0.02
3374680,CHAPTER 92,day,0.02
3374685,CHAPTER 92,days,0.02
3374693,CHAPTER 92,dead,0.02
3375769,CHAPTER 92,does,0.02
3377354,CHAPTER 92,far,0.02
3378525,CHAPTER 92,general,0.02
3379463,CHAPTER 92,heart,0.02
3379644,CHAPTER 92,high,0.02
3381864,CHAPTER 92,large,0.02
3382196,CHAPTER 92,like,0.02
3382308,CHAPTER 92,living,0.02
3383331,CHAPTER 92,mind,0.02
3383888,CHAPTER 92,nantucket,0.02
3384501,CHAPTER 92,open,0.02
3385696,CHAPTER 92,place,0.02
3388140,CHAPTER 92,round,0.02
3388312,CHAPTER 92,said,0.02
3388324,CHAPTER 92,sailors,0.02
3388722,CHAPTER 92,seas,0.02
3389009,CHAPTER 92,shall,0.02
3390595,CHAPTER 92,strange,0.02
3390698,CHAPTER 92,stubb,0.02
3391336,CHAPTER 92,taking,0.02
3391626,CHAPTER 92,thee,0.02
3391672,CHAPTER 92,things,0.02
3391673,CHAPTER 92,think,0.02
3391709,CHAPTER 92,thought,0.02
3392354,CHAPTER 92,true,0.02
3392435,CHAPTER 92,turned,0.02
3393892,CHAPTER 92,voyage,0.02
3394551,CHAPTER 92,word,0.02
3394746,CHAPTER 92,years,0.02
3384455,CHAPTER 92,old,0.01
3391847,CHAPTER 92,time,0.01
3394111,CHAPTER 92,way,0.01
