,chapter,term,tfidf
3026922,CHAPTER 80,brain,0.33
3045294,CHAPTER 80,spinal,0.32
3044708,CHAPTER 80,skull,0.26
3048872,CHAPTER 80,vertebræ,0.22
3045298,CHAPTER 80,spine,0.18
3027434,CHAPTER 80,canal,0.17
3042877,CHAPTER 80,resemblance,0.17
3027703,CHAPTER 80,cavity,0.14
3028646,CHAPTER 80,comparative,0.13
3044710,CHAPTER 80,skulls,0.13
3045265,CHAPTER 80,sperm,0.13
3029222,CHAPTER 80,cord,0.12
3040744,CHAPTER 80,phrenologists,0.11
3035210,CHAPTER 80,hump,0.1
3049433,CHAPTER 80,whale,0.1
3029448,CHAPTER 80,crater,0.09
3040742,CHAPTER 80,phrenologically,0.09
3044655,CHAPTER 80,situation,0.09
3048871,CHAPTER 80,vertebra,0.09
3035671,CHAPTER 80,inclined,0.08
3040943,CHAPTER 80,plane,0.08
3041751,CHAPTER 80,proper,0.08
3037916,CHAPTER 80,magnitude,0.07
3038284,CHAPTER 80,measure,0.07
3042570,CHAPTER 80,regard,0.07
3048935,CHAPTER 80,view,0.07
3026070,CHAPTER 80,base,0.06
3031741,CHAPTER 80,end,0.06
3032854,CHAPTER 80,filled,0.06
3035309,CHAPTER 80,idea,0.06
3035652,CHAPTER 80,inches,0.06
3042351,CHAPTER 80,rear,0.06
3042685,CHAPTER 80,remains,0.06
3049728,CHAPTER 80,wonderful,0.06
3024707,CHAPTER 80,affirmative,0.05
3025039,CHAPTER 80,amplified,0.05
3025115,CHAPTER 80,angularly,0.05
3025299,CHAPTER 80,apply,0.05
3025314,CHAPTER 80,apprehensions,0.05
3025870,CHAPTER 80,backbone,0.05
3026090,CHAPTER 80,basso,0.05
3026137,CHAPTER 80,beaked,0.05
3027755,CHAPTER 80,cerebellum,0.05
3027880,CHAPTER 80,charted,0.05
3028143,CHAPTER 80,citadel,0.05
3028618,CHAPTER 80,communicates,0.05
3028665,CHAPTER 80,compensated,0.05
3028774,CHAPTER 80,conception,0.05
3028873,CHAPTER 80,confound,0.05
3029160,CHAPTER 80,convex,0.05
3029176,CHAPTER 80,convolutions,0.05
3029435,CHAPTER 80,cranial,0.05
3029482,CHAPTER 80,creature,0.05
3030150,CHAPTER 80,delusion,0.05
3030260,CHAPTER 80,depressions,0.05
3031334,CHAPTER 80,dwarfed,0.05
3031650,CHAPTER 80,emerging,0.05
3032280,CHAPTER 80,exhilarating,0.05
3032710,CHAPTER 80,feel,0.05
3032717,CHAPTER 80,feet,0.05
3032802,CHAPTER 80,fibrous,0.05
3033313,CHAPTER 80,fortifications,0.05
3033787,CHAPTER 80,geometrical,0.05
3034858,CHAPTER 80,high,0.05
3035174,CHAPTER 80,human,0.05
3035826,CHAPTER 80,indomitable,0.05
3035827,CHAPTER 80,indomitableness,0.05
3036015,CHAPTER 80,inlaying,0.05
3036166,CHAPTER 80,intact,0.05
3036377,CHAPTER 80,investigations,0.05
3036673,CHAPTER 80,joist,0.05
3037877,CHAPTER 80,magazine,0.05
3038175,CHAPTER 80,mass,0.05
3038695,CHAPTER 80,moderately,0.05
3038781,CHAPTER 80,monster,0.05
3039200,CHAPTER 80,necklace,0.05
3039217,CHAPTER 80,negations,0.05
3039724,CHAPTER 80,operate,0.05
3039916,CHAPTER 80,outworks,0.05
3040281,CHAPTER 80,passes,0.05
3040741,CHAPTER 80,phrenological,0.05
3040743,CHAPTER 80,phrenologist,0.05
3040745,CHAPTER 80,phrenology,0.05
3040755,CHAPTER 80,physiognomically,0.05
3042017,CHAPTER 80,quadruped,0.05
3042059,CHAPTER 80,quebec,0.05
3042625,CHAPTER 80,rejoice,0.05
3042639,CHAPTER 80,relative,0.05
3042665,CHAPTER 80,relievo,0.05
3042691,CHAPTER 80,remarking,0.05
3042814,CHAPTER 80,reposes,0.05
3043406,CHAPTER 80,rudimental,0.05
3043708,CHAPTER 80,scaled,0.05
3043964,CHAPTER 80,secreted,0.05
3044044,CHAPTER 80,semblance,0.05
3044865,CHAPTER 80,smallness,0.05
3045267,CHAPTER 80,spermy,0.05
3045271,CHAPTER 80,sphinx,0.05
3045448,CHAPTER 80,squared,0.05
3045899,CHAPTER 80,struck,0.05
3045907,CHAPTER 80,strung,0.05
3046207,CHAPTER 80,superincumbent,0.05
3046330,CHAPTER 80,survey,0.05
3047570,CHAPTER 80,truest,0.05
3047935,CHAPTER 80,undecreasing,0.05
3047984,CHAPTER 80,undeveloped,0.05
3048162,CHAPTER 80,unhinge,0.05
3048248,CHAPTER 80,unload,0.05
3048378,CHAPTER 80,unreasonable,0.05
3048630,CHAPTER 80,upheld,0.05
3048815,CHAPTER 80,veneration,0.05
3024373,CHAPTER 80,absolutely,0.04
3024565,CHAPTER 80,adequately,0.04
3025257,CHAPTER 80,apparent,0.04
3025612,CHAPTER 80,assume,0.04
3025699,CHAPTER 80,attentively,0.04
3025731,CHAPTER 80,audacious,0.04
3025746,CHAPTER 80,august,0.04
3026413,CHAPTER 80,betokened,0.04
3026930,CHAPTER 80,branch,0.04
3027468,CHAPTER 80,canoe,0.04
3027495,CHAPTER 80,capacity,0.04
3027626,CHAPTER 80,casket,0.04
3028025,CHAPTER 80,choice,0.04
3029084,CHAPTER 80,continuous,0.04
3029364,CHAPTER 80,courses,0.04
3029651,CHAPTER 80,cubic,0.04
3030021,CHAPTER 80,deem,0.04
3030216,CHAPTER 80,deny,0.04
3030265,CHAPTER 80,depth,0.04
3030556,CHAPTER 80,dimensions,0.04
3032061,CHAPTER 80,esteem,0.04
3032169,CHAPTER 80,exalted,0.04
3032518,CHAPTER 80,false,0.04
3032905,CHAPTER 80,firmness,0.04
3033034,CHAPTER 80,fling,0.04
3033152,CHAPTER 80,folds,0.04
3033227,CHAPTER 80,foreign,0.04
3033300,CHAPTER 80,forms,0.04
3033792,CHAPTER 80,german,0.04
3033794,CHAPTER 80,germans,0.04
3033859,CHAPTER 80,girth,0.04
3034453,CHAPTER 80,handful,0.04
3034663,CHAPTER 80,heaps,0.04
3035632,CHAPTER 80,incapable,0.04
3035775,CHAPTER 80,indications,0.04
3036026,CHAPTER 80,innermost,0.04
3036175,CHAPTER 80,intelligence,0.04
3036776,CHAPTER 80,junk,0.04
3037082,CHAPTER 80,larger,0.04
3037285,CHAPTER 80,length,0.04
3038078,CHAPTER 80,map,0.04
3038640,CHAPTER 80,mistake,0.04
3038890,CHAPTER 80,mould,0.04
3039690,CHAPTER 80,omitted,0.04
3039792,CHAPTER 80,organ,0.04
3040107,CHAPTER 80,palpable,0.04
3040527,CHAPTER 80,perceive,0.04
3040543,CHAPTER 80,peremptorily,0.04
3040737,CHAPTER 80,phrase,0.04
3040966,CHAPTER 80,plate,0.04
3041279,CHAPTER 80,potency,0.04
3041992,CHAPTER 80,pushing,0.04
3043068,CHAPTER 80,reversed,0.04
3043224,CHAPTER 80,rises,0.04
3045481,CHAPTER 80,staff,0.04
3046144,CHAPTER 80,summit,0.04
3046596,CHAPTER 80,tapers,0.04
3046857,CHAPTER 80,theory,0.04
3047479,CHAPTER 80,triangular,0.04
3048936,CHAPTER 80,viewed,0.04
3049354,CHAPTER 80,wears,0.04
3026154,CHAPTER 80,bearing,0.03
3026185,CHAPTER 80,bed,0.03
3026261,CHAPTER 80,beheld,0.03
3026286,CHAPTER 80,believe,0.03
3027134,CHAPTER 80,brow,0.03
3027197,CHAPTER 80,bulk,0.03
3027841,CHAPTER 80,character,0.03
3028100,CHAPTER 80,circle,0.03
3028136,CHAPTER 80,circumstances,0.03
3028758,CHAPTER 80,conceit,0.03
3028959,CHAPTER 80,consider,0.03
3028960,CHAPTER 80,considerable,0.03
3028966,CHAPTER 80,considered,0.03
3030593,CHAPTER 80,directly,0.03
3030866,CHAPTER 80,distance,0.03
3031095,CHAPTER 80,downwards,0.03
3031856,CHAPTER 80,enormous,0.03
3031969,CHAPTER 80,equal,0.03
3032185,CHAPTER 80,exceeding,0.03
3032406,CHAPTER 80,external,0.03
3032840,CHAPTER 80,figure,0.03
3032898,CHAPTER 80,firm,0.03
3032941,CHAPTER 80,flag,0.03
3033065,CHAPTER 80,floor,0.03
3033135,CHAPTER 80,foe,0.03
3033225,CHAPTER 80,forehead,0.03
3033295,CHAPTER 80,formed,0.03
3033444,CHAPTER 80,friend,0.03
3034274,CHAPTER 80,grown,0.03
3034740,CHAPTER 80,height,0.03
3034845,CHAPTER 80,hidden,0.03
3034897,CHAPTER 80,hint,0.03
3035532,CHAPTER 80,important,0.03
3035544,CHAPTER 80,impossible,0.03
3036416,CHAPTER 80,involuntarily,0.03
3036575,CHAPTER 80,jaw,0.03
3036814,CHAPTER 80,keeping,0.03
3037327,CHAPTER 80,level,0.03
3037381,CHAPTER 80,life,0.03
3037410,CHAPTER 80,like,0.03
3037825,CHAPTER 80,lying,0.03
3038360,CHAPTER 80,men,0.03
3038397,CHAPTER 80,merely,0.03
3039068,CHAPTER 80,mystic,0.03
3039196,CHAPTER 80,neck,0.03
3039866,CHAPTER 80,outer,0.03
3040928,CHAPTER 80,plain,0.03
3041096,CHAPTER 80,pointed,0.03
3041319,CHAPTER 80,power,0.03
3041634,CHAPTER 80,prodigious,0.03
3041857,CHAPTER 80,prow,0.03
3042522,CHAPTER 80,reference,0.03
3042684,CHAPTER 80,remaining,0.03
3042965,CHAPTER 80,resting,0.03
3043941,CHAPTER 80,seat,0.03
3044027,CHAPTER 80,seldom,0.03
3044033,CHAPTER 80,self,0.03
3044660,CHAPTER 80,size,0.03
3044664,CHAPTER 80,skeleton,0.03
3044724,CHAPTER 80,slain,0.03
3045124,CHAPTER 80,sort,0.03
3045447,CHAPTER 80,square,0.03
3045562,CHAPTER 80,state,0.03
3045810,CHAPTER 80,strangely,0.03
3046017,CHAPTER 80,substance,0.03
3049781,CHAPTER 80,world,0.03
3049938,CHAPTER 80,yards,0.03
3025824,CHAPTER 80,away,0.02
3026389,CHAPTER 80,best,0.02
3028604,CHAPTER 80,common,0.02
3029362,CHAPTER 80,course,0.02
3029700,CHAPTER 80,curious,0.02
3031906,CHAPTER 80,entire,0.02
3032471,CHAPTER 80,fact,0.02
3033289,CHAPTER 80,form,0.02
3033739,CHAPTER 80,general,0.02
3034408,CHAPTER 80,half,0.02
3036938,CHAPTER 80,know,0.02
3036944,CHAPTER 80,known,0.02
3037078,CHAPTER 80,large,0.02
3037222,CHAPTER 80,leaving,0.02
3037334,CHAPTER 80,leviathan,0.02
3037392,CHAPTER 80,light,0.02
3037522,CHAPTER 80,living,0.02
3037701,CHAPTER 80,lower,0.02
3037995,CHAPTER 80,man,0.02
3038396,CHAPTER 80,mere,0.02
3038501,CHAPTER 80,mighty,0.02
3038737,CHAPTER 80,moment,0.02
3039345,CHAPTER 80,noble,0.02
3040910,CHAPTER 80,place,0.02
3041094,CHAPTER 80,point,0.02
3042355,CHAPTER 80,reason,0.02
3044005,CHAPTER 80,seen,0.02
3045132,CHAPTER 80,soul,0.02
3045809,CHAPTER 80,strange,0.02
3046886,CHAPTER 80,things,0.02
3047568,CHAPTER 80,true,0.02
3048779,CHAPTER 80,vast,0.02
3049441,CHAPTER 80,whalemen,0.02
3034163,CHAPTER 80,great,0.01
3034635,CHAPTER 80,head,0.01
3037609,CHAPTER 80,long,0.01
3043696,CHAPTER 80,say,0.01
3046885,CHAPTER 80,thing,0.01
