,chapter,term,tfidf
2068050,CHAPTER 47,weaving,0.25
2065630,CHAPTER 47,threads,0.24
2063173,CHAPTER 47,shuttle,0.22
2065148,CHAPTER 47,sword,0.21
2067942,CHAPTER 47,warp,0.21
2057881,CHAPTER 47,necessity,0.2
2065312,CHAPTER 47,tashtego,0.16
2045359,CHAPTER 47,blows,0.15
2052087,CHAPTER 47,free,0.15
2067592,CHAPTER 47,vibration,0.15
2068443,CHAPTER 47,woof,0.14
2059758,CHAPTER 47,ply,0.12
2046495,CHAPTER 47,chance,0.11
2060750,CHAPTER 47,queequeg,0.1
2050039,CHAPTER 47,eagerly,0.09
2053132,CHAPTER 47,hand,0.09
2056890,CHAPTER 47,mat,0.09
2063822,CHAPTER 47,sound,0.09
2043509,CHAPTER 47,air,0.08
2054466,CHAPTER 47,indifferent,0.08
2044510,CHAPTER 47,away,0.07
2045356,CHAPTER 47,blow,0.07
2048204,CHAPTER 47,cries,0.07
2043492,CHAPTER 47,ahab,0.06
2048248,CHAPTER 47,crookedly,0.06
2049894,CHAPTER 47,dropped,0.06
2051374,CHAPTER 47,featuring,0.06
2051621,CHAPTER 47,fixed,0.06
2052410,CHAPTER 47,gazing,0.06
2052468,CHAPTER 47,genus,0.06
2053544,CHAPTER 47,high,0.06
2054973,CHAPTER 47,interweavingly,0.06
2056804,CHAPTER 47,marline,0.06
2057698,CHAPTER 47,musically,0.06
2061456,CHAPTER 47,repassing,0.06
2062270,CHAPTER 47,samphire,0.06
2063036,CHAPTER 47,shipkeepers,0.06
2063202,CHAPTER 47,sideways,0.06
2065118,CHAPTER 47,swerved,0.06
2065609,CHAPTER 47,thought,0.06
2065706,CHAPTER 47,ticks,0.06
2065747,CHAPTER 47,time,0.06
2068021,CHAPTER 47,weakly,0.06
2043656,CHAPTER 47,alternating,0.05
2043988,CHAPTER 47,appointed,0.05
2044377,CHAPTER 47,attendant,0.05
2044774,CHAPTER 47,baskets,0.05
2044827,CHAPTER 47,beam,0.05
2045404,CHAPTER 47,boats,0.05
2046043,CHAPTER 47,cadence,0.05
2046242,CHAPTER 47,carelessly,0.05
2046953,CHAPTER 47,cliffs,0.05
2047013,CHAPTER 47,cloudy,0.05
2047032,CHAPTER 47,clung,0.05
2047437,CHAPTER 47,concealed,0.05
2047538,CHAPTER 47,confidently,0.05
2048120,CHAPTER 47,cranes,0.05
2048261,CHAPTER 47,crosswise,0.05
2048646,CHAPTER 47,deceitfulness,0.05
2049058,CHAPTER 47,destiny,0.05
2049570,CHAPTER 47,distinguish,0.05
2049841,CHAPTER 47,dreaminess,0.05
2049902,CHAPTER 47,drove,0.05
2050463,CHAPTER 47,enemy,0.05
2050905,CHAPTER 47,exclamation,0.05
2051001,CHAPTER 47,expectantly,0.05
2051142,CHAPTER 47,fabric,0.05
2051283,CHAPTER 47,fashions,0.05
2051309,CHAPTER 47,fates,0.05
2052570,CHAPTER 47,glared,0.05
2053327,CHAPTER 47,heading,0.05
2053617,CHAPTER 47,hitting,0.05
2054018,CHAPTER 47,idly,0.05
2054281,CHAPTER 47,impulsive,0.05
2054316,CHAPTER 47,incantation,0.05
2054380,CHAPTER 47,incompatible,0.05
2054457,CHAPTER 47,indian,0.05
2054884,CHAPTER 47,interblending,0.05
2054925,CHAPTER 47,intermitting,0.05
2055513,CHAPTER 47,kept,0.05
2055857,CHAPTER 47,lazily,0.05
2056317,CHAPTER 47,loom,0.05
2056630,CHAPTER 47,mainyard,0.05
2057221,CHAPTER 47,mills,0.05
2057351,CHAPTER 47,mizzen,0.05
2058128,CHAPTER 47,nowise,0.05
2059790,CHAPTER 47,poised,0.05
2060120,CHAPTER 47,preluding,0.05
2060153,CHAPTER 47,prescribed,0.05
2061290,CHAPTER 47,reign,0.05
2061494,CHAPTER 47,reported,0.05
2061496,CHAPTER 47,reporting,0.05
2061663,CHAPTER 47,restrained,0.05
2061750,CHAPTER 47,reverie,0.05
2062117,CHAPTER 47,rules,0.05
2062456,CHAPTER 47,school,0.05
2062692,CHAPTER 47,seer,0.05
2062715,CHAPTER 47,selected,0.05
2062937,CHAPTER 47,shapes,0.05
2063033,CHAPTER 47,ship,0.05
2063419,CHAPTER 47,slantingly,0.05
2064432,CHAPTER 47,stood,0.05
2064664,CHAPTER 47,subdued,0.05
2064762,CHAPTER 47,sudden,0.05
2064822,CHAPTER 47,sultry,0.05
2065127,CHAPTER 47,swims,0.05
2065430,CHAPTER 47,tending,0.05
2066168,CHAPTER 47,tribes,0.05
2066458,CHAPTER 47,unalterable,0.05
2066538,CHAPTER 47,unchanging,0.05
2066862,CHAPTER 47,uniformity,0.05
2067230,CHAPTER 47,unthinkingly,0.05
2067391,CHAPTER 47,vacantly,0.05
2067884,CHAPTER 47,wand,0.05
2068047,CHAPTER 47,weave,0.05
2068127,CHAPTER 47,whalemen,0.05
2068271,CHAPTER 47,wild,0.05
2068630,CHAPTER 47,yarns,0.05
2043167,CHAPTER 47,accustomed,0.04
2043208,CHAPTER 47,action,0.04
2043241,CHAPTER 47,additional,0.04
2043292,CHAPTER 47,admit,0.04
2043432,CHAPTER 47,afternoon,0.04
2043532,CHAPTER 47,alarmed,0.04
2043827,CHAPTER 47,announcing,0.04
2043845,CHAPTER 47,anon,0.04
2044558,CHAPTER 47,backed,0.04
2044620,CHAPTER 47,ball,0.04
2044954,CHAPTER 47,beholding,0.04
2045726,CHAPTER 47,brief,0.04
2045986,CHAPTER 47,busy,0.04
2046979,CHAPTER 47,clock,0.04
2047012,CHAPTER 47,clouds,0.04
2047194,CHAPTER 47,coloured,0.04
2047299,CHAPTER 47,commotion,0.04
2047377,CHAPTER 47,completed,0.04
2047476,CHAPTER 47,concluding,0.04
2047767,CHAPTER 47,continued,0.04
2047792,CHAPTER 47,contrast,0.04
2047961,CHAPTER 47,corresponding,0.04
2048197,CHAPTER 47,crews,0.04
2048230,CHAPTER 47,critical,0.04
2048970,CHAPTER 47,derived,0.04
2049275,CHAPTER 47,directed,0.04
2049277,CHAPTER 47,direction,0.04
2049766,CHAPTER 47,dough,0.04
2049959,CHAPTER 47,dull,0.04
2050002,CHAPTER 47,dusky,0.04
2050038,CHAPTER 47,eager,0.04
2050366,CHAPTER 47,employed,0.04
2050808,CHAPTER 47,events,0.04
2050844,CHAPTER 47,exact,0.04
2051306,CHAPTER 47,fate,0.04
2051541,CHAPTER 47,filling,0.04
2051593,CHAPTER 47,fish,0.04
2052464,CHAPTER 47,gently,0.04
2052565,CHAPTER 47,glanced,0.04
2053024,CHAPTER 47,gunwale,0.04
2053324,CHAPTER 47,header,0.04
2053351,CHAPTER 47,heard,0.04
2053750,CHAPTER 47,horizon,0.04
2053824,CHAPTER 47,hovering,0.04
2053905,CHAPTER 47,hundreds,0.04
2053931,CHAPTER 47,hurried,0.04
2055084,CHAPTER 47,invisible,0.04
2055777,CHAPTER 47,lashing,0.04
2056096,CHAPTER 47,like,0.04
2056128,CHAPTER 47,line,0.04
2056295,CHAPTER 47,long,0.04
2056369,CHAPTER 47,lounging,0.04
2056446,CHAPTER 47,lungs,0.04
2056458,CHAPTER 47,lurked,0.04
2056847,CHAPTER 47,marvellous,0.04
2056981,CHAPTER 47,mechanically,0.04
2057197,CHAPTER 47,mildly,0.04
2057254,CHAPTER 47,minute,0.04
2057570,CHAPTER 47,motions,0.04
2058165,CHAPTER 47,oaken,0.04
2058586,CHAPTER 47,outs,0.04
2058588,CHAPTER 47,outside,0.04
2058737,CHAPTER 47,page,0.04
2059137,CHAPTER 47,peering,0.04
2059223,CHAPTER 47,perched,0.04
2059386,CHAPTER 47,phantoms,0.04
2060329,CHAPTER 47,producing,0.04
2060446,CHAPTER 47,prophet,0.04
2060855,CHAPTER 47,rail,0.04
2061007,CHAPTER 47,reaching,0.04
2061340,CHAPTER 47,reliable,0.04
2061348,CHAPTER 47,relieved,0.04
2061607,CHAPTER 47,resolved,0.04
2061716,CHAPTER 47,returning,0.04
2062891,CHAPTER 47,shadows,0.04
2063297,CHAPTER 47,singular,0.04
2063470,CHAPTER 47,slid,0.04
2063825,CHAPTER 47,sounding,0.04
2063951,CHAPTER 47,sperm,0.04
2064359,CHAPTER 47,steward,0.04
2064495,CHAPTER 47,strange,0.04
2064532,CHAPTER 47,stretched,0.04
2064583,CHAPTER 47,strongly,0.04
2065009,CHAPTER 47,surrounded,0.04
2065121,CHAPTER 47,swiftly,0.04
2065668,CHAPTER 47,throw,0.04
2065674,CHAPTER 47,thrust,0.04
2066138,CHAPTER 47,trees,0.04
2066288,CHAPTER 47,tubs,0.04
2066428,CHAPTER 47,ultimate,0.04
2066671,CHAPTER 47,undeviating,0.04
2066717,CHAPTER 47,unearthly,0.04
2067364,CHAPTER 47,using,0.04
2068119,CHAPTER 47,whale,0.04
2068130,CHAPTER 47,whales,0.04
2068275,CHAPTER 47,wildly,0.04
2068323,CHAPTER 47,wing,0.04
2068462,CHAPTER 47,working,0.04
2068628,CHAPTER 47,yarn,0.04
2043336,CHAPTER 47,advance,0.03
2043635,CHAPTER 47,aloft,0.03
2044238,CHAPTER 47,aspect,0.03
2045569,CHAPTER 47,bows,0.03
2045579,CHAPTER 47,boy,0.03
2045794,CHAPTER 47,broken,0.03
2045898,CHAPTER 47,bulwarks,0.03
2048048,CHAPTER 47,course,0.03
2048110,CHAPTER 47,craft,0.03
2048254,CHAPTER 47,cross,0.03
2048536,CHAPTER 47,dark,0.03
2048674,CHAPTER 47,decks,0.03
2049201,CHAPTER 47,difference,0.03
2049279,CHAPTER 47,directly,0.03
2049299,CHAPTER 47,disappeared,0.03
2049828,CHAPTER 47,drawn,0.03
2050078,CHAPTER 47,easy,0.03
2050831,CHAPTER 47,evinced,0.03
2051548,CHAPTER 47,final,0.03
2051549,CHAPTER 47,finally,0.03
2051792,CHAPTER 47,flukes,0.03
2051866,CHAPTER 47,foot,0.03
2051895,CHAPTER 47,fore,0.03
2051981,CHAPTER 47,formed,0.03
2052012,CHAPTER 47,forward,0.03
2052114,CHAPTER 47,fresh,0.03
2052396,CHAPTER 47,gay,0.03
2052546,CHAPTER 47,given,0.03
2053321,CHAPTER 47,head,0.03
2053399,CHAPTER 47,heavy,0.03
2053679,CHAPTER 47,home,0.03
2054804,CHAPTER 47,instant,0.03
2054809,CHAPTER 47,instantly,0.03
2054963,CHAPTER 47,intervals,0.03
2055596,CHAPTER 47,knew,0.03
2055846,CHAPTER 47,lay,0.03
2055863,CHAPTER 47,lead,0.03
2055921,CHAPTER 47,lee,0.03
2055930,CHAPTER 47,leeward,0.03
2056135,CHAPTER 47,lines,0.03
2056307,CHAPTER 47,look,0.03
2056308,CHAPTER 47,looked,0.03
2056542,CHAPTER 47,mad,0.03
2056620,CHAPTER 47,main,0.03
2056969,CHAPTER 47,meantime,0.03
2057046,CHAPTER 47,men,0.03
2057083,CHAPTER 47,merely,0.03
2057200,CHAPTER 47,miles,0.03
2058433,CHAPTER 47,opposite,0.03
2058970,CHAPTER 47,passing,0.03
2059601,CHAPTER 47,places,0.03
2059669,CHAPTER 47,play,0.03
2060736,CHAPTER 47,quarter,0.03
2060770,CHAPTER 47,quick,0.03
2061041,CHAPTER 47,reason,0.03
2061982,CHAPTER 47,rolling,0.03
2062222,CHAPTER 47,sailor,0.03
2062355,CHAPTER 47,savage,0.03
2062437,CHAPTER 47,scene,0.03
2062595,CHAPTER 47,sea,0.03
2062607,CHAPTER 47,seamen,0.03
2062719,CHAPTER 47,self,0.03
2063245,CHAPTER 47,silent,0.03
2063295,CHAPTER 47,single,0.03
2064234,CHAPTER 47,start,0.03
2064235,CHAPTER 47,started,0.03
2064476,CHAPTER 47,straight,0.03
2064666,CHAPTER 47,subject,0.03
2064948,CHAPTER 47,suppose,0.03
2064964,CHAPTER 47,sure,0.03
2064969,CHAPTER 47,surface,0.03
2065034,CHAPTER 47,suspended,0.03
2065155,CHAPTER 47,swung,0.03
2065879,CHAPTER 47,took,0.03
2066340,CHAPTER 47,turns,0.03
2067603,CHAPTER 47,vicinity,0.03
2067742,CHAPTER 47,voice,0.03
2067908,CHAPTER 47,war,0.03
2067972,CHAPTER 47,watch,0.03
2068304,CHAPTER 47,wind,0.03
2044534,CHAPTER 47,aye,0.02
2045019,CHAPTER 47,beneath,0.02
2045388,CHAPTER 47,board,0.02
2045399,CHAPTER 47,boat,0.02
2045422,CHAPTER 47,body,0.02
2046080,CHAPTER 47,called,0.02
2046301,CHAPTER 47,case,0.02
2047226,CHAPTER 47,come,0.02
2047247,CHAPTER 47,coming,0.02
2048201,CHAPTER 47,cried,0.02
2049186,CHAPTER 47,did,0.02
2051126,CHAPTER 47,eye,0.02
2052697,CHAPTER 47,gone,0.02
2053094,CHAPTER 47,half,0.02
2056313,CHAPTER 47,looking,0.02
2056871,CHAPTER 47,mast,0.02
2057423,CHAPTER 47,moment,0.02
2061848,CHAPTER 47,right,0.02
2062224,CHAPTER 47,sailors,0.02
2062382,CHAPTER 47,say,0.02
2062622,CHAPTER 47,seas,0.02
2062691,CHAPTER 47,seen,0.02
2064213,CHAPTER 47,standing,0.02
2065751,CHAPTER 47,times,0.02
2067985,CHAPTER 47,water,0.02
2067994,CHAPTER 47,waters,0.02
2068102,CHAPTER 47,went,0.02
2056681,CHAPTER 47,man,0.01
2058355,CHAPTER 47,old,0.01
2062040,CHAPTER 47,round,0.01
2068011,CHAPTER 47,way,0.01
