,chapter,term,tfidf
2359872,CHAPTER 57,whales,0.23
2356372,CHAPTER 57,stump,0.21
2354097,CHAPTER 57,savage,0.2
2345046,CHAPTER 57,hawaiian,0.12
2338036,CHAPTER 57,carve,0.11
2355974,CHAPTER 57,starry,0.11
2340491,CHAPTER 57,defined,0.1
2350751,CHAPTER 57,patience,0.1
2359650,CHAPTER 57,war,0.1
2355105,CHAPTER 57,skies,0.09
2357624,CHAPTER 57,tooth,0.09
2359861,CHAPTER 57,whale,0.09
2345134,CHAPTER 57,heavens,0.08
2346952,CHAPTER 57,jack,0.08
2336937,CHAPTER 57,bit,0.07
2337146,CHAPTER 57,boats,0.07
2351522,CHAPTER 57,point,0.07
2354685,CHAPTER 57,shark,0.07
2356038,CHAPTER 57,steady,0.07
2334267,CHAPTER 57,_hands,0.06
2334329,CHAPTER 57,_kedger_,0.06
2334917,CHAPTER 57,achilles,0.06
2335285,CHAPTER 57,albert,0.06
2335332,CHAPTER 57,allegiance,0.06
2335462,CHAPTER 57,amphitheatrical,0.06
2335475,CHAPTER 57,amputation,0.06
2335827,CHAPTER 57,argo,0.06
2337205,CHAPTER 57,bone,0.06
2337465,CHAPTER 57,bridle,0.06
2337536,CHAPTER 57,broken,0.06
2337722,CHAPTER 57,busks,0.06
2338203,CHAPTER 57,cetus,0.06
2338591,CHAPTER 57,civilization,0.06
2338667,CHAPTER 57,clearings,0.06
2339469,CHAPTER 57,contemplating,0.06
2339724,CHAPTER 57,cost,0.06
2340638,CHAPTER 57,dentistical,0.06
2341516,CHAPTER 57,downcast,0.06
2341740,CHAPTER 57,durer,0.06
2341940,CHAPTER 57,elaborately,0.06
2341941,CHAPTER 57,elaboration,0.06
2342138,CHAPTER 57,encamped,0.06
2342714,CHAPTER 57,exile,0.06
2342731,CHAPTER 57,expandingly,0.06
2342993,CHAPTER 57,fantastic,0.06
2343015,CHAPTER 57,fasces,0.06
2343266,CHAPTER 57,figuera,0.06
2343645,CHAPTER 57,forecastles,0.06
2344575,CHAPTER 57,graven,0.06
2344689,CHAPTER 57,groupings,0.06
2345172,CHAPTER 57,heights,0.06
2345549,CHAPTER 57,hours,0.06
2345701,CHAPTER 57,hydrus,0.06
2346109,CHAPTER 57,incognita,0.06
2346271,CHAPTER 57,industry,0.06
2346597,CHAPTER 57,integrity,0.06
2346624,CHAPTER 57,intents,0.06
2346698,CHAPTER 57,intersecting,0.06
2346741,CHAPTER 57,intricacy,0.06
2346873,CHAPTER 57,iroquois,0.06
2347216,CHAPTER 57,justification,0.06
2347356,CHAPTER 57,knockers,0.06
2347386,CHAPTER 57,labelled,0.06
2347675,CHAPTER 57,leg,0.06
2347762,CHAPTER 57,leviathan,0.06
2347800,CHAPTER 57,lie,0.06
2348687,CHAPTER 57,maziness,0.06
2348797,CHAPTER 57,mendanna,0.06
2349393,CHAPTER 57,multiplicity,0.06
2349593,CHAPTER 57,navis,0.06
2350097,CHAPTER 57,old,0.06
2351044,CHAPTER 57,perseverance,0.06
2351339,CHAPTER 57,placed,0.06
2351644,CHAPTER 57,porter,0.06
2352099,CHAPTER 57,profiles,0.06
2352792,CHAPTER 57,rebel,0.06
2353402,CHAPTER 57,restores,0.06
2353518,CHAPTER 57,revolutions,0.06
2353551,CHAPTER 57,ribby,0.06
2353743,CHAPTER 57,roofed,0.06
2353839,CHAPTER 57,ruffed,0.06
2353964,CHAPTER 57,sailor,0.06
2354099,CHAPTER 57,savagery,0.06
2354754,CHAPTER 57,shield,0.06
2355131,CHAPTER 57,skrimshander,0.06
2355132,CHAPTER 57,skrimshandering,0.06
2355498,CHAPTER 57,soloma,0.06
2355862,CHAPTER 57,spurs,0.06
2356541,CHAPTER 57,suggestiveness,0.06
2356719,CHAPTER 57,surges,0.06
2357622,CHAPTER 57,tool,0.06
2359649,CHAPTER 57,wapping,0.06
2359868,CHAPTER 57,whaleman,0.06
2360062,CHAPTER 57,windy,0.06
2360176,CHAPTER 57,wooden,0.06
2360206,CHAPTER 57,workmanlike,0.06
2334308,CHAPTER 57,_i,0.05
2334901,CHAPTER 57,accuracy,0.05
2334915,CHAPTER 57,achieved,0.05
2335515,CHAPTER 57,anchors,0.05
2335600,CHAPTER 57,antarctic,0.05
2335637,CHAPTER 57,anvil,0.05
2335723,CHAPTER 57,application,0.05
2335864,CHAPTER 57,armies,0.05
2335926,CHAPTER 57,articles,0.05
2336624,CHAPTER 57,bedford,0.05
2336665,CHAPTER 57,beggar,0.05
2336952,CHAPTER 57,bitts,0.05
2337131,CHAPTER 57,boarded,0.05
2337214,CHAPTER 57,bony,0.05
2337319,CHAPTER 57,boxes,0.05
2337370,CHAPTER 57,brass,0.05
2337407,CHAPTER 57,breaks,0.05
2338039,CHAPTER 57,carving,0.05
2338273,CHAPTER 57,characteristics,0.05
2338478,CHAPTER 57,christendom,0.05
2338492,CHAPTER 57,chronicled,0.05
2338509,CHAPTER 57,churches,0.05
2338695,CHAPTER 57,cliffs,0.05
2338763,CHAPTER 57,club,0.05
2338822,CHAPTER 57,cocks,0.05
2339246,CHAPTER 57,condition,0.05
2339462,CHAPTER 57,contain,0.05
2339775,CHAPTER 57,countless,0.05
2339776,CHAPTER 57,countries,0.05
2339963,CHAPTER 57,crippled,0.05
2340054,CHAPTER 57,crunched,0.05
2340402,CHAPTER 57,decide,0.05
2340746,CHAPTER 57,design,0.05
2341104,CHAPTER 57,discover,0.05
2341397,CHAPTER 57,docks,0.05
2341816,CHAPTER 57,eastern,0.05
2341912,CHAPTER 57,effulgent,0.05
2342476,CHAPTER 57,essays,0.05
2342599,CHAPTER 57,examine,0.05
2342701,CHAPTER 57,exhibited,0.05
2342882,CHAPTER 57,fabled,0.05
2343879,CHAPTER 57,frigate,0.05
2344012,CHAPTER 57,gable,0.05
2344278,CHAPTER 57,girdled,0.05
2344345,CHAPTER 57,glimpses,0.05
2344600,CHAPTER 57,greek,0.05
2345819,CHAPTER 57,images,0.05
2345945,CHAPTER 57,implements,0.05
2346160,CHAPTER 57,incredulous,0.05
2346291,CHAPTER 57,inevitably,0.05
2346387,CHAPTER 57,ingenious,0.05
2347093,CHAPTER 57,joined,0.05
2347357,CHAPTER 57,knocking,0.05
2347393,CHAPTER 57,laborious,0.05
2347547,CHAPTER 57,latin,0.05
2347705,CHAPTER 57,leisure,0.05
2347770,CHAPTER 57,lexicon,0.05
2348045,CHAPTER 57,longitude,0.05
2348827,CHAPTER 57,merged,0.05
2348832,CHAPTER 57,merit,0.05
2349005,CHAPTER 57,miraculous,0.05
2349329,CHAPTER 57,mountainous,0.05
2349698,CHAPTER 57,net,0.05
2349970,CHAPTER 57,observations,0.05
2350120,CHAPTER 57,omnipotent,0.05
2350444,CHAPTER 57,owning,0.05
2350463,CHAPTER 57,packed,0.05
2350471,CHAPTER 57,paddle,0.05
2351112,CHAPTER 57,petrified,0.05
2351605,CHAPTER 57,poor,0.05
2352006,CHAPTER 57,prints,0.05
2352098,CHAPTER 57,profile,0.05
2352400,CHAPTER 57,purposes,0.05
2353012,CHAPTER 57,regions,0.05
2353289,CHAPTER 57,require,0.05
2353572,CHAPTER 57,ridges,0.05
2353678,CHAPTER 57,road,0.05
2353779,CHAPTER 57,rough,0.05
2353838,CHAPTER 57,ruefully,0.05
2353945,CHAPTER 57,sag,0.05
2354325,CHAPTER 57,sculpture,0.05
2354730,CHAPTER 57,sheet,0.05
2354737,CHAPTER 57,shell,0.05
2355100,CHAPTER 57,sketches,0.05
2355146,CHAPTER 57,slabs,0.05
2355676,CHAPTER 57,speech,0.05
2355748,CHAPTER 57,spires,0.05
2356278,CHAPTER 57,strewn,0.05
2356710,CHAPTER 57,surf,0.05
2357195,CHAPTER 57,tents,0.05
2357345,CHAPTER 57,thorough,0.05
2357639,CHAPTER 57,topmost,0.05
2357719,CHAPTER 57,trace,0.05
2357743,CHAPTER 57,tragic,0.05
2357960,CHAPTER 57,trod,0.05
2357973,CHAPTER 57,trophy,0.05
2358450,CHAPTER 57,undulating,0.05
2358789,CHAPTER 57,unquestionable,0.05
2359852,CHAPTER 57,western,0.05
2360312,CHAPTER 57,wrought,0.05
2360388,CHAPTER 57,years,0.05
2336441,CHAPTER 57,barbaric,0.04
2336498,CHAPTER 57,base,0.04
2337888,CHAPTER 57,cannibals,0.04
2338085,CHAPTER 57,catch,0.04
2338315,CHAPTER 57,chased,0.04
2338732,CHAPTER 57,closely,0.04
2338754,CHAPTER 57,clouds,0.04
2338968,CHAPTER 57,come,0.04
2339504,CHAPTER 57,continually,0.04
2339550,CHAPTER 57,contrivances,0.04
2339777,CHAPTER 57,country,0.04
2341112,CHAPTER 57,discovery,0.04
2341442,CHAPTER 57,domestic,0.04
2341751,CHAPTER 57,dutch,0.04
2341984,CHAPTER 57,elevated,0.04
2342586,CHAPTER 57,exact,0.04
2342914,CHAPTER 57,fail,0.04
2342936,CHAPTER 57,faithful,0.04
2343023,CHAPTER 57,fashioned,0.04
2343282,CHAPTER 57,filled,0.04
2343340,CHAPTER 57,fishermen,0.04
2343664,CHAPTER 57,foremost,0.04
2343728,CHAPTER 57,forms,0.04
2343855,CHAPTER 57,frequently,0.04
2344551,CHAPTER 57,grass,0.04
2344928,CHAPTER 57,harbor,0.04
2345065,CHAPTER 57,headed,0.04
2345286,CHAPTER 57,high,0.04
2345300,CHAPTER 57,hill,0.04
2345303,CHAPTER 57,hills,0.04
2345559,CHAPTER 57,houses,0.04
2345656,CHAPTER 57,hunter,0.04
2346610,CHAPTER 57,intended,0.04
2346920,CHAPTER 57,islands,0.04
2347348,CHAPTER 57,knives,0.04
2347420,CHAPTER 57,ladies,0.04
2347549,CHAPTER 57,latitude,0.04
2347632,CHAPTER 57,leap,0.04
2347815,CHAPTER 57,lifted,0.04
2347838,CHAPTER 57,like,0.04
2347929,CHAPTER 57,little,0.04
2347941,CHAPTER 57,lively,0.04
2347992,CHAPTER 57,locked,0.04
2348030,CHAPTER 57,london,0.04
2348157,CHAPTER 57,lucky,0.04
2348531,CHAPTER 57,mariner,0.04
2348589,CHAPTER 57,marvellous,0.04
2348608,CHAPTER 57,masses,0.04
2348642,CHAPTER 57,material,0.04
2348862,CHAPTER 57,met,0.04
2349058,CHAPTER 57,missing,0.04
2349326,CHAPTER 57,mount,0.04
2349330,CHAPTER 57,mountains,0.04
2349332,CHAPTER 57,mounted,0.04
2349568,CHAPTER 57,nations,0.04
2349816,CHAPTER 57,north,0.04
2349887,CHAPTER 57,numerous,0.04
2350237,CHAPTER 57,original,0.04
2350497,CHAPTER 57,painted,0.04
2350688,CHAPTER 57,partly,0.04
2351202,CHAPTER 57,picture,0.04
2351530,CHAPTER 57,points,0.04
2351817,CHAPTER 57,precise,0.04
2351936,CHAPTER 57,presumed,0.04
2352313,CHAPTER 57,published,0.04
2352704,CHAPTER 57,rate,0.04
2353115,CHAPTER 57,remarkable,0.04
2353253,CHAPTER 57,representing,0.04
2353456,CHAPTER 57,return,0.04
2353703,CHAPTER 57,rock,0.04
2354181,CHAPTER 57,scenes,0.04
2354957,CHAPTER 57,sight,0.04
2354960,CHAPTER 57,sights,0.04
2355195,CHAPTER 57,sleepy,0.04
2355636,CHAPTER 57,spear,0.04
2355643,CHAPTER 57,specially,0.04
2355749,CHAPTER 57,spirit,0.04
2355949,CHAPTER 57,stand,0.04
2355975,CHAPTER 57,stars,0.04
2356167,CHAPTER 57,stone,0.04
2356272,CHAPTER 57,stretch,0.04
2356408,CHAPTER 57,subject,0.04
2357576,CHAPTER 57,toil,0.04
2357709,CHAPTER 57,tower,0.04
2357848,CHAPTER 57,traveller,0.04
2359118,CHAPTER 57,utmost,0.04
2359871,CHAPTER 57,whalers,0.04
2360094,CHAPTER 57,wish,0.04
2335444,CHAPTER 57,american,0.03
2335517,CHAPTER 57,ancient,0.03
2336539,CHAPTER 57,battle,0.03
2337479,CHAPTER 57,bright,0.03
2337721,CHAPTER 57,business,0.03
2338237,CHAPTER 57,chance,0.03
2338314,CHAPTER 57,chase,0.03
2338730,CHAPTER 57,close,0.03
2340170,CHAPTER 57,cut,0.03
2340278,CHAPTER 57,dark,0.03
2341471,CHAPTER 57,door,0.03
2341800,CHAPTER 57,earth,0.03
2342982,CHAPTER 57,fancy,0.03
2343297,CHAPTER 57,fine,0.03
2343552,CHAPTER 57,flying,0.03
2344591,CHAPTER 57,great,0.03
2344602,CHAPTER 57,green,0.03
2344975,CHAPTER 57,harpoons,0.03
2345179,CHAPTER 57,held,0.03
2345395,CHAPTER 57,holding,0.03
2345602,CHAPTER 57,human,0.03
2345649,CHAPTER 57,hung,0.03
2347005,CHAPTER 57,jaws,0.03
2347302,CHAPTER 57,king,0.03
2347340,CHAPTER 57,knife,0.03
2348037,CHAPTER 57,long,0.03
2348093,CHAPTER 57,lost,0.03
2348423,CHAPTER 57,man,0.03
2349279,CHAPTER 57,mortal,0.03
2349773,CHAPTER 57,noble,0.03
2350023,CHAPTER 57,ocean,0.03
2350456,CHAPTER 57,pacific,0.03
2350712,CHAPTER 57,passing,0.03
2350842,CHAPTER 57,peculiar,0.03
2351356,CHAPTER 57,plain,0.03
2351544,CHAPTER 57,pole,0.03
2351967,CHAPTER 57,previous,0.03
2352413,CHAPTER 57,pursuit,0.03
2352540,CHAPTER 57,quite,0.03
2352760,CHAPTER 57,ready,0.03
2352768,CHAPTER 57,really,0.03
2353109,CHAPTER 57,remain,0.03
2353782,CHAPTER 57,round,0.03
2353966,CHAPTER 57,sailors,0.03
2354179,CHAPTER 57,scene,0.03
2354337,CHAPTER 57,sea,0.03
2354455,CHAPTER 57,seldom,0.03
2355037,CHAPTER 57,single,0.03
2355581,CHAPTER 57,south,0.03
2355957,CHAPTER 57,stands,0.03
2356706,CHAPTER 57,sure,0.03
2356965,CHAPTER 57,tail,0.03
2357121,CHAPTER 57,teeth,0.03
2357358,CHAPTER 57,thoughts,0.03
2357489,CHAPTER 57,time,0.03
2358076,CHAPTER 57,turn,0.03
2359363,CHAPTER 57,view,0.03
2359785,CHAPTER 57,weather,0.03
2360156,CHAPTER 57,wonderful,0.03
2360173,CHAPTER 57,wood,0.03
2360198,CHAPTER 57,work,0.03
2336761,CHAPTER 57,beneath,0.02
2336817,CHAPTER 57,best,0.02
2337130,CHAPTER 57,board,0.02
2337822,CHAPTER 57,called,0.02
2340322,CHAPTER 57,day,0.02
2341411,CHAPTER 57,does,0.02
2342876,CHAPTER 57,eyes,0.02
2342996,CHAPTER 57,far,0.02
2343335,CHAPTER 57,fish,0.02
2344167,CHAPTER 57,general,0.02
2344414,CHAPTER 57,god,0.02
2344441,CHAPTER 57,good,0.02
2346866,CHAPTER 57,iron,0.02
2348055,CHAPTER 57,looking,0.02
2348382,CHAPTER 57,make,0.02
2349165,CHAPTER 57,moment,0.02
2349530,CHAPTER 57,nantucket,0.02
2349715,CHAPTER 57,new,0.02
2353590,CHAPTER 57,right,0.02
2354116,CHAPTER 57,saw,0.02
2354124,CHAPTER 57,say,0.02
2354433,CHAPTER 57,seen,0.02
2355290,CHAPTER 57,small,0.02
2355693,CHAPTER 57,sperm,0.02
2357129,CHAPTER 57,tell,0.02
2357996,CHAPTER 57,true,0.02
2359753,CHAPTER 57,way,0.02
2359869,CHAPTER 57,whalemen,0.02
2359877,CHAPTER 57,whaling,0.02
2359966,CHAPTER 57,white,0.02
2360209,CHAPTER 57,world,0.02
