,chapter,term,tfidf
2890301,CHAPTER 75,whale,0.26
2867500,CHAPTER 75,blinds,0.24
2884030,CHAPTER 75,right,0.19
2867645,CHAPTER 75,bone,0.15
2878337,CHAPTER 75,lip,0.15
2882181,CHAPTER 75,pout,0.15
2886993,CHAPTER 75,sulk,0.15
2888054,CHAPTER 75,tongue,0.15
2886133,CHAPTER 75,sperm,0.14
2870460,CHAPTER 75,crown,0.13
2875503,CHAPTER 75,head,0.12
2879786,CHAPTER 75,mouth,0.12
2890389,CHAPTER 75,whiskers,0.12
2873254,CHAPTER 75,expression,0.11
2878569,CHAPTER 75,lower,0.11
2867649,CHAPTER 75,bonnet,0.1
2875822,CHAPTER 75,hogs,0.1
2890843,CHAPTER 75,yield,0.1
2865619,CHAPTER 75,age,0.09
2867947,CHAPTER 75,bristles,0.09
2875271,CHAPTER 75,hairy,0.09
2876953,CHAPTER 75,inside,0.09
2889976,CHAPTER 75,voyager,0.09
2876030,CHAPTER 75,huge,0.08
2878489,CHAPTER 75,look,0.08
2880346,CHAPTER 75,oak,0.08
2880660,CHAPTER 75,organ,0.08
2885250,CHAPTER 75,shoe,0.08
2889507,CHAPTER 75,upper,0.08
2873755,CHAPTER 75,fins,0.07
2875031,CHAPTER 75,great,0.07
2877443,CHAPTER 75,jaw,0.07
2885116,CHAPTER 75,shape,0.07
2885117,CHAPTER 75,shaped,0.07
2871385,CHAPTER 75,different,0.06
2872724,CHAPTER 75,enormous,0.06
2874033,CHAPTER 75,following,0.06
2874746,CHAPTER 75,glance,0.06
2878477,CHAPTER 75,long,0.06
2883144,CHAPTER 75,rate,0.06
2864458,CHAPTER 75,500,0.05
2864581,CHAPTER 75,_chop_,0.05
2865928,CHAPTER 75,analogical,0.05
2865999,CHAPTER 75,anne,0.05
2866094,CHAPTER 75,apertures,0.05
2866922,CHAPTER 75,barreler,0.05
2866957,CHAPTER 75,bass,0.05
2867916,CHAPTER 75,brigandish,0.05
2867962,CHAPTER 75,broadly,0.05
2867983,CHAPTER 75,brood,0.05
2868162,CHAPTER 75,busks,0.05
2868246,CHAPTER 75,calculate,0.05
2870410,CHAPTER 75,criterion,0.05
2870585,CHAPTER 75,cursorily,0.05
2870595,CHAPTER 75,curves,0.05
2871042,CHAPTER 75,demonstrable,0.05
2871098,CHAPTER 75,depending,0.05
2871338,CHAPTER 75,diadem,0.05
2871339,CHAPTER 75,diademed,0.05
2872244,CHAPTER 75,earthquakes,0.05
2873454,CHAPTER 75,farthingale,0.05
2873585,CHAPTER 75,feet,0.05
2873787,CHAPTER 75,fissure,0.05
2873802,CHAPTER 75,fix,0.05
2873806,CHAPTER 75,fixing,0.05
2874332,CHAPTER 75,fringed,0.05
2874462,CHAPTER 75,gaily,0.05
2874489,CHAPTER 75,galliot,0.05
2874524,CHAPTER 75,gape,0.05
2875042,CHAPTER 75,green,0.05
2875048,CHAPTER 75,greenlanders,0.05
2875225,CHAPTER 75,haarlem,0.05
2875244,CHAPTER 75,hackluyt,0.05
2876601,CHAPTER 75,incrustation,0.05
2877445,CHAPTER 75,jaws,0.05
2877742,CHAPTER 75,king,0.05
2878719,CHAPTER 75,mackinaw,0.05
2878877,CHAPTER 75,mandible,0.05
2879155,CHAPTER 75,measurement,0.05
2879784,CHAPTER 75,moustache,0.05
2880132,CHAPTER 75,nestle,0.05
2880529,CHAPTER 75,oil,0.05
2880537,CHAPTER 75,old,0.05
2880587,CHAPTER 75,openmouthed,0.05
2881120,CHAPTER 75,particular,0.05
2881841,CHAPTER 75,platonian,0.05
2882811,CHAPTER 75,purchas,0.05
2883867,CHAPTER 75,retains,0.05
2884286,CHAPTER 75,rug,0.05
2884549,CHAPTER 75,savor,0.05
2884650,CHAPTER 75,scimetar,0.05
2885252,CHAPTER 75,shoemaker,0.05
2885611,CHAPTER 75,slats,0.05
2885880,CHAPTER 75,softest,0.05
2886113,CHAPTER 75,speculative,0.05
2886169,CHAPTER 75,spinoza,0.05
2886175,CHAPTER 75,spiracles,0.05
2886265,CHAPTER 75,spoutholes,0.05
2886554,CHAPTER 75,stiffening,0.05
2886596,CHAPTER 75,stoic,0.05
2886670,CHAPTER 75,strains,0.05
2887797,CHAPTER 75,thoughtlessness,0.05
2888479,CHAPTER 75,tufts,0.05
2888511,CHAPTER 75,turkey,0.05
2889851,CHAPTER 75,viol,0.05
2890385,CHAPTER 75,whisker,0.05
2890606,CHAPTER 75,wondrous,0.05
2865298,CHAPTER 75,accident,0.04
2865606,CHAPTER 75,afresh,0.04
2865857,CHAPTER 75,amazing,0.04
2865977,CHAPTER 75,angle,0.04
2866212,CHAPTER 75,apt,0.04
2866231,CHAPTER 75,arch,0.04
2866421,CHAPTER 75,aspects,0.04
2866480,CHAPTER 75,assume,0.04
2866911,CHAPTER 75,barnacled,0.04
2867263,CHAPTER 75,bestowed,0.04
2867951,CHAPTER 75,brit,0.04
2867958,CHAPTER 75,broad,0.04
2868447,CHAPTER 75,carpet,0.04
2868633,CHAPTER 75,certainty,0.04
2868725,CHAPTER 75,chariot,0.04
2868975,CHAPTER 75,circular,0.04
2869367,CHAPTER 75,colonnades,0.04
2869389,CHAPTER 75,comb,0.04
2869421,CHAPTER 75,comfortably,0.04
2869517,CHAPTER 75,compared,0.04
2869843,CHAPTER 75,consisting,0.04
2869990,CHAPTER 75,contrivances,0.04
2870277,CHAPTER 75,crabs,0.04
2870373,CHAPTER 75,crested,0.04
2870444,CHAPTER 75,crotch,0.04
2870568,CHAPTER 75,curious,0.04
2870670,CHAPTER 75,dames,0.04
2870795,CHAPTER 75,death,0.04
2870864,CHAPTER 75,decline,0.04
2871021,CHAPTER 75,demand,0.04
2872308,CHAPTER 75,edges,0.04
2872412,CHAPTER 75,elegant,0.04
2872504,CHAPTER 75,embrace,0.04
2873338,CHAPTER 75,facing,0.04
2873346,CHAPTER 75,faded,0.04
2873419,CHAPTER 75,fancies,0.04
2873571,CHAPTER 75,feeding,0.04
2873669,CHAPTER 75,fibres,0.04
2873781,CHAPTER 75,fishers,0.04
2874494,CHAPTER 75,gallons,0.04
2874827,CHAPTER 75,glued,0.04
2874929,CHAPTER 75,grace,0.04
2874974,CHAPTER 75,grant,0.04
2875135,CHAPTER 75,growing,0.04
2875270,CHAPTER 75,hairs,0.04
2875389,CHAPTER 75,hare,0.04
2875515,CHAPTER 75,heads,0.04
2875855,CHAPTER 75,hollows,0.04
2875900,CHAPTER 75,hooded,0.04
2876328,CHAPTER 75,impart,0.04
2876647,CHAPTER 75,indifference,0.04
2876723,CHAPTER 75,inelegant,0.04
2877180,CHAPTER 75,intricacies,0.04
2877556,CHAPTER 75,jonah,0.04
2877917,CHAPTER 75,language,0.04
2878278,CHAPTER 75,like,0.04
2878283,CHAPTER 75,likened,0.04
2878339,CHAPTER 75,lipped,0.04
2878442,CHAPTER 75,lodged,0.04
2879321,CHAPTER 75,methodically,0.04
2880129,CHAPTER 75,nest,0.04
2880308,CHAPTER 75,nowadays,0.04
2880333,CHAPTER 75,nursery,0.04
2880457,CHAPTER 75,occur,0.04
2881528,CHAPTER 75,peruvian,0.04
2881730,CHAPTER 75,pipes,0.04
2881785,CHAPTER 75,placidity,0.04
2882205,CHAPTER 75,prairie,0.04
2882399,CHAPTER 75,prevailed,0.04
2882469,CHAPTER 75,probability,0.04
2882556,CHAPTER 75,progeny,0.04
2882677,CHAPTER 75,protection,0.04
2882929,CHAPTER 75,queen,0.04
2883102,CHAPTER 75,ranged,0.04
2883224,CHAPTER 75,reasonable,0.04
2883575,CHAPTER 75,reminds,0.04
2883745,CHAPTER 75,resemblance,0.04
2883786,CHAPTER 75,resolution,0.04
2883987,CHAPTER 75,ribbed,0.04
2884011,CHAPTER 75,ridge,0.04
2884012,CHAPTER 75,ridges,0.04
2884065,CHAPTER 75,rings,0.04
2884118,CHAPTER 75,road,0.04
2884182,CHAPTER 75,roof,0.04
2884224,CHAPTER 75,rounded,0.04
2884321,CHAPTER 75,runs,0.04
2884564,CHAPTER 75,say,0.04
2884603,CHAPTER 75,scarcely,0.04
2885297,CHAPTER 75,shower,0.04
2885642,CHAPTER 75,slender,0.04
2885682,CHAPTER 75,slippery,0.04
2885907,CHAPTER 75,solely,0.04
2886389,CHAPTER 75,stand,0.04
2886996,CHAPTER 75,sulky,0.04
2887005,CHAPTER 75,sum,0.04
2887012,CHAPTER 75,summit,0.04
2887255,CHAPTER 75,swarming,0.04
2887421,CHAPTER 75,tale,0.04
2887538,CHAPTER 75,tear,0.04
2887549,CHAPTER 75,technical,0.04
2887606,CHAPTER 75,tender,0.04
2887630,CHAPTER 75,tent,0.04
2887822,CHAPTER 75,threshold,0.04
2888011,CHAPTER 75,toed,0.04
2888620,CHAPTER 75,umbrella,0.04
2888982,CHAPTER 75,unfortunate,0.04
2889253,CHAPTER 75,unrecorded,0.04
2889541,CHAPTER 75,uses,0.04
2889684,CHAPTER 75,venetian,0.04
2889741,CHAPTER 75,vertical,0.04
2889803,CHAPTER 75,view,0.04
2890305,CHAPTER 75,whalebone,0.04
2890451,CHAPTER 75,wigwam,0.04
2890828,CHAPTER 75,years,0.04
2865324,CHAPTER 75,according,0.03
2865400,CHAPTER 75,actually,0.03
2865957,CHAPTER 75,ancient,0.03
2866238,CHAPTER 75,arched,0.03
2866996,CHAPTER 75,beach,0.03
2867024,CHAPTER 75,bears,0.03
2867114,CHAPTER 75,begins,0.03
2867363,CHAPTER 75,bird,0.03
2867687,CHAPTER 75,born,0.03
2868002,CHAPTER 75,brow,0.03
2868268,CHAPTER 75,calls,0.03
2868444,CHAPTER 75,carpenter,0.03
2868525,CHAPTER 75,catch,0.03
2868556,CHAPTER 75,caused,0.03
2868612,CHAPTER 75,central,0.03
2870193,CHAPTER 75,countenance,0.03
2870350,CHAPTER 75,creature,0.03
2870440,CHAPTER 75,crossing,0.03
2870852,CHAPTER 75,deck,0.03
2871373,CHAPTER 75,died,0.03
2872191,CHAPTER 75,dutch,0.03
2872775,CHAPTER 75,entirely,0.03
2873274,CHAPTER 75,external,0.03
2873422,CHAPTER 75,fancy,0.03
2873436,CHAPTER 75,far,0.03
2873459,CHAPTER 75,fashion,0.03
2873480,CHAPTER 75,fat,0.03
2873772,CHAPTER 75,firmly,0.03
2873933,CHAPTER 75,floor,0.03
2873990,CHAPTER 75,fly,0.03
2874048,CHAPTER 75,foot,0.03
2874093,CHAPTER 75,forehead,0.03
2874136,CHAPTER 75,forget,0.03
2874429,CHAPTER 75,furnish,0.03
2874592,CHAPTER 75,gazing,0.03
2874636,CHAPTER 75,gentleman,0.03
2874698,CHAPTER 75,gigantic,0.03
2874811,CHAPTER 75,glory,0.03
2874881,CHAPTER 75,good,0.03
2875032,CHAPTER 75,greater,0.03
2875345,CHAPTER 75,hanging,0.03
2875828,CHAPTER 75,hoisting,0.03
2875839,CHAPTER 75,holes,0.03
2876177,CHAPTER 75,idea,0.03
2876400,CHAPTER 75,important,0.03
2877144,CHAPTER 75,interval,0.03
2877813,CHAPTER 75,knows,0.03
2877860,CHAPTER 75,ladies,0.03
2878240,CHAPTER 75,lie,0.03
2878479,CHAPTER 75,longer,0.03
2878983,CHAPTER 75,marks,0.03
2879029,CHAPTER 75,marvellous,0.03
2879043,CHAPTER 75,mass,0.03
2879246,CHAPTER 75,mentioned,0.03
2879741,CHAPTER 75,mother,0.03
2879794,CHAPTER 75,moved,0.03
2880012,CHAPTER 75,natural,0.03
2880040,CHAPTER 75,nearer,0.03
2880734,CHAPTER 75,outer,0.03
2881152,CHAPTER 75,passing,0.03
2881650,CHAPTER 75,pieces,0.03
2881770,CHAPTER 75,pity,0.03
2881984,CHAPTER 75,pole,0.03
2882197,CHAPTER 75,practical,0.03
2882367,CHAPTER 75,pressed,0.03
2882397,CHAPTER 75,pretty,0.03
2882471,CHAPTER 75,probably,0.03
2883208,CHAPTER 75,really,0.03
2883459,CHAPTER 75,regular,0.03
2884169,CHAPTER 75,roman,0.03
2884400,CHAPTER 75,sailing,0.03
2884616,CHAPTER 75,scattered,0.03
2884777,CHAPTER 75,sea,0.03
2884863,CHAPTER 75,seeing,0.03
2885380,CHAPTER 75,sides,0.03
2885485,CHAPTER 75,sink,0.03
2885654,CHAPTER 75,slide,0.03
2885908,CHAPTER 75,solemn,0.03
2886007,CHAPTER 75,sounding,0.03
2886023,CHAPTER 75,southern,0.03
2886261,CHAPTER 75,spout,0.03
2886276,CHAPTER 75,spread,0.03
2886417,CHAPTER 75,started,0.03
2887638,CHAPTER 75,term,0.03
2887755,CHAPTER 75,think,0.03
2887760,CHAPTER 75,thinking,0.03
2887929,CHAPTER 75,time,0.03
2888449,CHAPTER 75,trunk,0.03
2888456,CHAPTER 75,truth,0.03
2889109,CHAPTER 75,unless,0.03
2889679,CHAPTER 75,venerable,0.03
2890090,CHAPTER 75,war,0.03
2890587,CHAPTER 75,woman,0.03
2890731,CHAPTER 75,wrinkles,0.03
2865652,CHAPTER 75,ago,0.02
2867570,CHAPTER 75,board,0.02
2867648,CHAPTER 75,bones,0.02
2868483,CHAPTER 75,case,0.02
2868630,CHAPTER 75,certain,0.02
2869234,CHAPTER 75,coast,0.02
2869408,CHAPTER 75,come,0.02
2869646,CHAPTER 75,concerning,0.02
2870893,CHAPTER 75,deep,0.02
2871851,CHAPTER 75,does,0.02
2872609,CHAPTER 75,end,0.02
2872861,CHAPTER 75,ere,0.02
2872903,CHAPTER 75,especially,0.02
2873308,CHAPTER 75,eye,0.02
2873316,CHAPTER 75,eyes,0.02
2873602,CHAPTER 75,fellow,0.02
2873775,CHAPTER 75,fish,0.02
2873803,CHAPTER 75,fixed,0.02
2874157,CHAPTER 75,form,0.02
2874607,CHAPTER 75,general,0.02
2874863,CHAPTER 75,goes,0.02
2875276,CHAPTER 75,half,0.02
2875726,CHAPTER 75,high,0.02
2876639,CHAPTER 75,indian,0.02
2877387,CHAPTER 75,ivory,0.02
2878179,CHAPTER 75,let,0.02
2878374,CHAPTER 75,live,0.02
2878495,CHAPTER 75,looking,0.02
2878518,CHAPTER 75,lord,0.02
2878914,CHAPTER 75,manner,0.02
2878977,CHAPTER 75,mark,0.02
2879369,CHAPTER 75,mighty,0.02
2879605,CHAPTER 75,moment,0.02
2879649,CHAPTER 75,monster,0.02
2880213,CHAPTER 75,noble,0.02
2880648,CHAPTER 75,order,0.02
2881799,CHAPTER 75,plainly,0.02
2881962,CHAPTER 75,point,0.02
2882341,CHAPTER 75,present,0.02
2884804,CHAPTER 75,seas,0.02
2884873,CHAPTER 75,seen,0.02
2885129,CHAPTER 75,sharp,0.02
2885730,CHAPTER 75,small,0.02
2885966,CHAPTER 75,soon,0.02
2885992,CHAPTER 75,sort,0.02
2886071,CHAPTER 75,speak,0.02
2886395,CHAPTER 75,standing,0.02
2886677,CHAPTER 75,strange,0.02
2887146,CHAPTER 75,sure,0.02
2887416,CHAPTER 75,taken,0.02
2887561,CHAPTER 75,teeth,0.02
2887799,CHAPTER 75,thousand,0.02
2887933,CHAPTER 75,times,0.02
2889747,CHAPTER 75,vessel,0.02
2890154,CHAPTER 75,watch,0.02
2890167,CHAPTER 75,water,0.02
2890284,CHAPTER 75,went,0.02
2890309,CHAPTER 75,whalemen,0.02
2890406,CHAPTER 75,white,0.02
2890633,CHAPTER 75,word,0.02
2866692,CHAPTER 75,away,0.01
2887753,CHAPTER 75,thing,0.01
