,chapter,term,tfidf
3462894,CHAPTER 95,mincer,0.31
3459685,CHAPTER 95,idol,0.26
3464820,CHAPTER 95,pelt,0.25
3450793,CHAPTER 95,bible,0.17
3454833,CHAPTER 95,diameter,0.15
3461573,CHAPTER 95,leaves,0.15
3461642,CHAPTER 95,lengthwise,0.12
3463987,CHAPTER 95,office,0.12
3459443,CHAPTER 95,horse,0.1
3465134,CHAPTER 95,pieces,0.1
3447872,CHAPTER 95,15th,0.08
3448698,CHAPTER 95,abomination,0.08
3448765,CHAPTER 95,accelerated,0.08
3449721,CHAPTER 95,archbishopric,0.08
3449871,CHAPTER 95,asa,0.08
3451052,CHAPTER 95,boa,0.08
3451824,CHAPTER 95,canonicals,0.08
3452493,CHAPTER 95,cistern,0.08
3453180,CHAPTER 95,cone,0.08
3454112,CHAPTER 95,cylindrically,0.08
3454597,CHAPTER 95,depose,0.08
3456180,CHAPTER 95,enjoins,0.08
3458450,CHAPTER 95,grandissimus,0.08
3461084,CHAPTER 95,judea,0.08
3461154,CHAPTER 95,kedron,0.08
3461177,CHAPTER 95,kentuckian,0.08
3462184,CHAPTER 95,maachah,0.08
3462893,CHAPTER 95,minced,0.08
3463211,CHAPTER 95,mortemizing,0.08
3463668,CHAPTER 95,nigh,0.08
3463940,CHAPTER 95,occupying,0.08
3464119,CHAPTER 95,orator,0.08
3464499,CHAPTER 95,pantaloon,0.08
3468078,CHAPTER 95,scanned,0.08
3468253,CHAPTER 95,scuppers,0.08
3469133,CHAPTER 95,slices,0.08
3469171,CHAPTER 95,slits,0.08
3469841,CHAPTER 95,staggers,0.08
3470242,CHAPTER 95,strolled,0.08
3449093,CHAPTER 95,african,0.07
3449271,CHAPTER 95,allies,0.07
3449821,CHAPTER 95,arrayed,0.07
3449952,CHAPTER 95,assisted,0.07
3450878,CHAPTER 95,black,0.07
3451472,CHAPTER 95,brook,0.07
3451795,CHAPTER 95,candidate,0.07
3451846,CHAPTER 95,capacious,0.07
3453176,CHAPTER 95,conducted,0.07
3454209,CHAPTER 95,darkly,0.07
3454689,CHAPTER 95,desk,0.07
3455761,CHAPTER 95,ebony,0.07
3456127,CHAPTER 95,endwise,0.07
3456175,CHAPTER 95,enigmatical,0.07
3457886,CHAPTER 95,functions,0.07
3458544,CHAPTER 95,grenadier,0.07
3459937,CHAPTER 95,improving,0.07
3460703,CHAPTER 95,invariable,0.07
3460733,CHAPTER 95,investiture,0.07
3461122,CHAPTER 95,juncture,0.07
3462895,CHAPTER 95,mincing,0.07
3462927,CHAPTER 95,miracle,0.07
3465534,CHAPTER 95,pope,0.07
3465988,CHAPTER 95,prodigy,0.07
3466157,CHAPTER 95,protect,0.07
3466607,CHAPTER 95,rapt,0.07
3467085,CHAPTER 95,remove,0.07
3469168,CHAPTER 95,slips,0.07
3470834,CHAPTER 95,symmetrical,0.07
3472515,CHAPTER 95,unhinged,0.07
3474332,CHAPTER 95,yojo,0.07
3448917,CHAPTER 95,adequately,0.06
3450228,CHAPTER 95,backs,0.06
3451222,CHAPTER 95,bowed,0.06
3451628,CHAPTER 95,burnt,0.06
3453100,CHAPTER 95,comrade,0.06
3453313,CHAPTER 95,considerably,0.06
3453328,CHAPTER 95,consists,0.06
3453336,CHAPTER 95,conspicuous,0.06
3454051,CHAPTER 95,curiosity,0.06
3454320,CHAPTER 95,decent,0.06
3454728,CHAPTER 95,destroyed,0.06
3456748,CHAPTER 95,extending,0.06
3456783,CHAPTER 95,extremity,0.06
3458268,CHAPTER 95,glimpse,0.06
3458617,CHAPTER 95,groves,0.06
3458832,CHAPTER 95,hangs,0.06
3459062,CHAPTER 95,heavily,0.06
3459323,CHAPTER 95,holes,0.06
3459775,CHAPTER 95,immemorial,0.06
3459975,CHAPTER 95,inasmuch,0.06
3460079,CHAPTER 95,increased,0.06
3461768,CHAPTER 95,likeness,0.06
3464080,CHAPTER 95,operation,0.06
3465640,CHAPTER 95,pots,0.06
3465969,CHAPTER 95,proceeds,0.06
3466257,CHAPTER 95,pulpit,0.06
3466389,CHAPTER 95,quality,0.06
3466391,CHAPTER 95,quantity,0.06
3466413,CHAPTER 95,queen,0.06
3467088,CHAPTER 95,removing,0.06
3468656,CHAPTER 95,sheets,0.06
3468768,CHAPTER 95,shoulders,0.06
3470005,CHAPTER 95,stepped,0.06
3470200,CHAPTER 95,stretching,0.06
3470665,CHAPTER 95,surprise,0.06
3471949,CHAPTER 95,tub,0.06
3474153,CHAPTER 95,worshipping,0.06
3450422,CHAPTER 95,base,0.05
3451026,CHAPTER 95,blubber,0.05
3451097,CHAPTER 95,boiling,0.05
3451748,CHAPTER 95,calling,0.05
3451904,CHAPTER 95,careful,0.05
3451950,CHAPTER 95,carrying,0.05
3455347,CHAPTER 95,doing,0.05
3455418,CHAPTER 95,double,0.05
3455559,CHAPTER 95,drop,0.05
3455595,CHAPTER 95,dry,0.05
3456032,CHAPTER 95,employed,0.05
3457169,CHAPTER 95,field,0.05
3458214,CHAPTER 95,gives,0.05
3459514,CHAPTER 95,huge,0.05
3459580,CHAPTER 95,hunter,0.05
3460437,CHAPTER 95,inside,0.05
3460544,CHAPTER 95,intent,0.05
3460725,CHAPTER 95,invested,0.05
3460967,CHAPTER 95,jet,0.05
3461231,CHAPTER 95,kings,0.05
3461340,CHAPTER 95,lad,0.05
3461587,CHAPTER 95,lee,0.05
3461963,CHAPTER 95,longer,0.05
3462177,CHAPTER 95,lying,0.05
3462456,CHAPTER 95,mariners,0.05
3462572,CHAPTER 95,mates,0.05
3465311,CHAPTER 95,planted,0.05
3465606,CHAPTER 95,possible,0.05
3465608,CHAPTER 95,post,0.05
3468312,CHAPTER 95,secret,0.05
3469440,CHAPTER 95,son,0.05
3469760,CHAPTER 95,spread,0.05
3469881,CHAPTER 95,stands,0.05
3470916,CHAPTER 95,tall,0.05
3472006,CHAPTER 95,turns,0.05
3472111,CHAPTER 95,unaccountable,0.05
3473975,CHAPTER 95,windlass,0.05
3449783,CHAPTER 95,arm,0.04
3451085,CHAPTER 95,bodily,0.04
3451141,CHAPTER 95,book,0.04
3451564,CHAPTER 95,bulwarks,0.04
3452191,CHAPTER 95,chapter,0.04
3452898,CHAPTER 95,comes,0.04
3454052,CHAPTER 95,curious,0.04
3454094,CHAPTER 95,cut,0.04
3454104,CHAPTER 95,cutting,0.04
3454202,CHAPTER 95,dark,0.04
3456950,CHAPTER 95,fast,0.04
3457532,CHAPTER 95,foot,0.04
3457567,CHAPTER 95,forecastle,0.04
3457662,CHAPTER 95,forth,0.04
3457678,CHAPTER 95,forward,0.04
3460927,CHAPTER 95,jaw,0.04
3461226,CHAPTER 95,king,0.04
3461599,CHAPTER 95,leg,0.04
3462053,CHAPTER 95,lower,0.04
3463855,CHAPTER 95,object,0.04
3464013,CHAPTER 95,oil,0.04
3464132,CHAPTER 95,order,0.04
3464766,CHAPTER 95,peculiar,0.04
3465448,CHAPTER 95,pointed,0.04
3465881,CHAPTER 95,pretty,0.04
3466416,CHAPTER 95,queequeg,0.04
3467512,CHAPTER 95,rigging,0.04
3467888,CHAPTER 95,sailor,0.04
3470630,CHAPTER 95,sure,0.04
3470889,CHAPTER 95,tail,0.04
3470900,CHAPTER 95,taken,0.04
3473785,CHAPTER 95,whale,0.04
3474090,CHAPTER 95,wondrous,0.04
3474100,CHAPTER 95,wooden,0.04
3474122,CHAPTER 95,work,0.04
3450685,CHAPTER 95,beneath,0.03
3451054,CHAPTER 95,board,0.03
3451645,CHAPTER 95,business,0.03
3451746,CHAPTER 95,called,0.03
3452114,CHAPTER 95,certain,0.03
3454259,CHAPTER 95,dead,0.03
3454336,CHAPTER 95,deck,0.03
3456093,CHAPTER 95,end,0.03
3456345,CHAPTER 95,ere,0.03
3457069,CHAPTER 95,feet,0.03
3458365,CHAPTER 95,good,0.03
3458760,CHAPTER 95,half,0.03
3461973,CHAPTER 95,look,0.03
3464876,CHAPTER 95,pequod,0.03
3468357,CHAPTER 95,seen,0.03
3468502,CHAPTER 95,set,0.03
3469214,CHAPTER 95,small,0.03
3470161,CHAPTER 95,strange,0.03
3471417,CHAPTER 95,times,0.03
3454852,CHAPTER 95,did,0.02
3458987,CHAPTER 95,head,0.02
3461762,CHAPTER 95,like,0.02
3461961,CHAPTER 95,long,0.02
3464021,CHAPTER 95,old,0.02
