,chapter,term,tfidf
2019784,CHAPTER 46,cash,0.26
2016970,CHAPTER 46,ahab,0.25
2032450,CHAPTER 46,passion,0.14
2037700,CHAPTER 46,starbuck,0.13
2022654,CHAPTER 46,dick,0.12
2030839,CHAPTER 46,moby,0.12
2031667,CHAPTER 46,object,0.12
2028376,CHAPTER 46,interests,0.11
2040845,CHAPTER 46,usurpation,0.11
2017688,CHAPTER 46,ascendency,0.1
2021417,CHAPTER 46,corporeal,0.1
2028337,CHAPTER 46,intellectual,0.1
2039359,CHAPTER 46,tools,0.1
2017508,CHAPTER 46,apt,0.09
2021129,CHAPTER 46,considerations,0.09
2021674,CHAPTER 46,crew,0.09
2025026,CHAPTER 46,final,0.09
2025762,CHAPTER 46,gaining,0.09
2029773,CHAPTER 46,long,0.09
2035469,CHAPTER 46,romantic,0.09
2038019,CHAPTER 46,strictly,0.09
2041270,CHAPTER 46,voyage,0.09
2034132,CHAPTER 46,purpose,0.08
2034240,CHAPTER 46,quest,0.08
2037489,CHAPTER 46,spiritual,0.08
2041379,CHAPTER 46,wanting,0.08
2019086,CHAPTER 46,brain,0.07
2028440,CHAPTER 46,interval,0.07
2030524,CHAPTER 46,men,0.07
2033418,CHAPTER 46,possible,0.07
2034149,CHAPTER 46,pursuit,0.07
2016613,CHAPTER 46,accomplish,0.06
2016777,CHAPTER 46,admonishing,0.06
2017231,CHAPTER 46,analytic,0.06
2019421,CHAPTER 46,burglaries,0.06
2019785,CHAPTER 46,cashier,0.06
2020184,CHAPTER 46,chivalric,0.06
2020574,CHAPTER 46,coerced,0.06
2021795,CHAPTER 46,crusaders,0.06
2022254,CHAPTER 46,degree,0.06
2022913,CHAPTER 46,disintegrate,0.06
2024171,CHAPTER 46,errantism,0.06
2024271,CHAPTER 46,evanescent,0.06
2024362,CHAPTER 46,exceptionable,0.06
2024967,CHAPTER 46,fickleness,0.06
2025671,CHAPTER 46,frustrate,0.06
2026534,CHAPTER 46,habituation,0.06
2026823,CHAPTER 46,healthily,0.06
2027677,CHAPTER 46,impiousness,0.06
2027760,CHAPTER 46,impulsively,0.06
2027762,CHAPTER 46,impunity,0.06
2027830,CHAPTER 46,incites,0.06
2028106,CHAPTER 46,influential,0.06
2028442,CHAPTER 46,intervene,0.06
2028585,CHAPTER 46,involves,0.06
2028880,CHAPTER 46,joyfully,0.06
2028991,CHAPTER 46,kept,0.06
2029074,CHAPTER 46,knew,0.06
2029346,CHAPTER 46,leadership,0.06
2030932,CHAPTER 46,monomania,0.06
2031213,CHAPTER 46,mutinying,0.06
2031605,CHAPTER 46,noways,0.06
2031691,CHAPTER 46,obscure,0.06
2032773,CHAPTER 46,perquisites,0.06
2032799,CHAPTER 46,perspective,0.06
2033533,CHAPTER 46,precautionary,0.06
2033575,CHAPTER 46,predominating,0.06
2033884,CHAPTER 46,promissory,0.06
2034695,CHAPTER 46,refining,0.06
2034795,CHAPTER 46,relapses,0.06
2035596,CHAPTER 46,ruling,0.06
2035833,CHAPTER 46,savage,0.06
2035834,CHAPTER 46,savageness,0.06
2036607,CHAPTER 46,shrewdness,0.06
2037279,CHAPTER 46,sordidness,0.06
2038433,CHAPTER 46,suppressed,0.06
2039229,CHAPTER 46,times,0.06
2039588,CHAPTER 46,traverse,0.06
2039941,CHAPTER 46,unanswerable,0.06
2040558,CHAPTER 46,unreliable,0.06
2041136,CHAPTER 46,vindictiveness,0.06
2041597,CHAPTER 46,whale,0.06
2041702,CHAPTER 46,white,0.06
2016449,CHAPTER 46,abandon,0.05
2016482,CHAPTER 46,abhorred,0.05
2016687,CHAPTER 46,actions,0.05
2017302,CHAPTER 46,announcement,0.05
2017445,CHAPTER 46,appetites,0.05
2017822,CHAPTER 46,atmospheric,0.05
2018037,CHAPTER 46,background,0.05
2018195,CHAPTER 46,barely,0.05
2019166,CHAPTER 46,breeds,0.05
2019544,CHAPTER 46,calculating,0.05
2019673,CHAPTER 46,capricious,0.05
2020301,CHAPTER 46,circumstantial,0.05
2020632,CHAPTER 46,collateral,0.05
2020763,CHAPTER 46,committing,0.05
2020833,CHAPTER 46,competent,0.05
2021117,CHAPTER 46,consequences,0.05
2021134,CHAPTER 46,consist,0.05
2021166,CHAPTER 46,constitutional,0.05
2021185,CHAPTER 46,consumed,0.05
2021244,CHAPTER 46,continue,0.05
2021522,CHAPTER 46,courage,0.05
2022585,CHAPTER 46,developed,0.05
2022864,CHAPTER 46,disdain,0.05
2022895,CHAPTER 46,disgust,0.05
2022991,CHAPTER 46,disposed,0.05
2023517,CHAPTER 46,eagerly,0.05
2023678,CHAPTER 46,elapse,0.05
2023829,CHAPTER 46,emotion,0.05
2023847,CHAPTER 46,employments,0.05
2024308,CHAPTER 46,evince,0.05
2024559,CHAPTER 46,extended,0.05
2025405,CHAPTER 46,foreseeing,0.05
2025916,CHAPTER 46,generous,0.05
2026272,CHAPTER 46,granting,0.05
2027222,CHAPTER 46,hopes,0.05
2027454,CHAPTER 46,hypothesis,0.05
2027561,CHAPTER 46,imaginative,0.05
2027672,CHAPTER 46,impetuously,0.05
2027728,CHAPTER 46,impression,0.05
2027765,CHAPTER 46,imputation,0.05
2027796,CHAPTER 46,incapable,0.05
2028139,CHAPTER 46,inhale,0.05
2028227,CHAPTER 46,insanity,0.05
2029077,CHAPTER 46,knight,0.05
2029413,CHAPTER 46,legal,0.05
2030062,CHAPTER 46,magnet,0.05
2030191,CHAPTER 46,manifested,0.05
2030232,CHAPTER 46,manufactured,0.05
2030359,CHAPTER 46,mastership,0.05
2030477,CHAPTER 46,meditation,0.05
2030946,CHAPTER 46,monsters,0.05
2030984,CHAPTER 46,moral,0.05
2031049,CHAPTER 46,motive,0.05
2031050,CHAPTER 46,motives,0.05
2031130,CHAPTER 46,multiplied,0.05
2031530,CHAPTER 46,nominal,0.05
2031853,CHAPTER 46,omit,0.05
2031879,CHAPTER 46,open,0.05
2032451,CHAPTER 46,passionate,0.05
2032712,CHAPTER 46,perfect,0.05
2032748,CHAPTER 46,permanent,0.05
2032795,CHAPTER 46,personally,0.05
2032930,CHAPTER 46,picking,0.05
2033154,CHAPTER 46,playing,0.05
2033365,CHAPTER 46,porpoise,0.05
2033601,CHAPTER 46,prematurely,0.05
2033821,CHAPTER 46,profession,0.05
2033907,CHAPTER 46,proof,0.05
2033958,CHAPTER 46,prosecution,0.05
2033969,CHAPTER 46,protect,0.05
2033973,CHAPTER 46,protection,0.05
2033980,CHAPTER 46,protracted,0.05
2034027,CHAPTER 46,prudential,0.05
2034114,CHAPTER 46,purely,0.05
2034262,CHAPTER 46,quiescent,0.05
2034531,CHAPTER 46,rebellion,0.05
2034720,CHAPTER 46,refuse,0.05
2034800,CHAPTER 46,relation,0.05
2034974,CHAPTER 46,reporting,0.05
2035030,CHAPTER 46,requisite,0.05
2035105,CHAPTER 46,respecting,0.05
2035263,CHAPTER 46,reward,0.05
2035662,CHAPTER 46,sacrifice,0.05
2035969,CHAPTER 46,scorn,0.05
2036269,CHAPTER 46,sepulchre,0.05
2036711,CHAPTER 46,significantly,0.05
2036940,CHAPTER 46,slew,0.05
2038145,CHAPTER 46,subjected,0.05
2038172,CHAPTER 46,subsequently,0.05
2038378,CHAPTER 46,superiority,0.05
2038380,CHAPTER 46,superlative,0.05
2040448,CHAPTER 46,unmindful,0.05
2040559,CHAPTER 46,unrelieved,0.05
2040830,CHAPTER 46,usages,0.05
2040938,CHAPTER 46,varying,0.05
2041003,CHAPTER 46,verbally,0.05
2041534,CHAPTER 46,wedded,0.05
2041754,CHAPTER 46,wildness,0.05
2041848,CHAPTER 46,withdrawn,0.05
2042008,CHAPTER 46,wrest,0.05
2016686,CHAPTER 46,action,0.04
2016719,CHAPTER 46,additional,0.04
2017378,CHAPTER 46,anxious,0.04
2017860,CHAPTER 46,attention,0.04
2018036,CHAPTER 46,backed,0.04
2018733,CHAPTER 46,blank,0.04
2019686,CHAPTER 46,captain,0.04
2019694,CHAPTER 46,capture,0.04
2019976,CHAPTER 46,chances,0.04
2020014,CHAPTER 46,charge,0.04
2020468,CHAPTER 46,closely,0.04
2020982,CHAPTER 46,condition,0.04
2021105,CHAPTER 46,conscious,0.04
2021222,CHAPTER 46,content,0.04
2021547,CHAPTER 46,cover,0.04
2021902,CHAPTER 46,customary,0.04
2021950,CHAPTER 46,daily,0.04
2022031,CHAPTER 46,dash,0.04
2023159,CHAPTER 46,doing,0.04
2023892,CHAPTER 46,encountered,0.04
2023905,CHAPTER 46,end,0.04
2024338,CHAPTER 46,example,0.04
2025336,CHAPTER 46,food,0.04
2025368,CHAPTER 46,force,0.04
2025686,CHAPTER 46,fully,0.04
2026558,CHAPTER 46,hailing,0.04
2026747,CHAPTER 46,hated,0.04
2026888,CHAPTER 46,heedful,0.04
2027154,CHAPTER 46,holy,0.04
2027391,CHAPTER 46,hunted,0.04
2027957,CHAPTER 46,indirectly,0.04
2028102,CHAPTER 46,influence,0.04
2028104,CHAPTER 46,influences,0.04
2029551,CHAPTER 46,lifted,0.04
2030063,CHAPTER 46,magnetic,0.04
2030202,CHAPTER 46,mankind,0.04
2030732,CHAPTER 46,minute,0.04
2030958,CHAPTER 46,months,0.04
2030967,CHAPTER 46,moon,0.04
2031311,CHAPTER 46,naturally,0.04
2031336,CHAPTER 46,nearer,0.04
2031657,CHAPTER 46,obedience,0.04
2031709,CHAPTER 46,observe,0.04
2031803,CHAPTER 46,officers,0.04
2031953,CHAPTER 46,ordinary,0.04
2032688,CHAPTER 46,pequod,0.04
2033021,CHAPTER 46,pious,0.04
2033242,CHAPTER 46,pockets,0.04
2033722,CHAPTER 46,prime,0.04
2033751,CHAPTER 46,private,0.04
2033766,CHAPTER 46,probable,0.04
2033880,CHAPTER 46,promise,0.04
2033991,CHAPTER 46,prove,0.04
2034526,CHAPTER 46,reasons,0.04
2034797,CHAPTER 46,related,0.04
2034892,CHAPTER 46,remote,0.04
2035108,CHAPTER 46,respects,0.04
2035161,CHAPTER 46,retained,0.04
2036233,CHAPTER 46,sense,0.04
2036363,CHAPTER 46,shadow,0.04
2037292,CHAPTER 46,sorts,0.04
2038033,CHAPTER 46,strip,0.04
2038038,CHAPTER 46,stripped,0.04
2038205,CHAPTER 46,subtle,0.04
2038563,CHAPTER 46,swaying,0.04
2038888,CHAPTER 46,temporary,0.04
2038957,CHAPTER 46,terror,0.04
2039050,CHAPTER 46,things,0.04
2039087,CHAPTER 46,thought,0.04
2039906,CHAPTER 46,ultimate,0.04
2041103,CHAPTER 46,vigilance,0.04
2041155,CHAPTER 46,violently,0.04
2041454,CHAPTER 46,watches,0.04
2016620,CHAPTER 46,according,0.03
2017139,CHAPTER 46,altogether,0.03
2018234,CHAPTER 46,base,0.03
2018309,CHAPTER 46,bear,0.03
2019215,CHAPTER 46,bright,0.03
2019297,CHAPTER 46,brought,0.03
2020050,CHAPTER 46,chase,0.03
2020138,CHAPTER 46,chief,0.03
2020727,CHAPTER 46,command,0.03
2020768,CHAPTER 46,common,0.03
2020854,CHAPTER 46,complete,0.03
2021131,CHAPTER 46,considering,0.03
2021526,CHAPTER 46,course,0.03
2024071,CHAPTER 46,entirely,0.03
2024676,CHAPTER 46,fall,0.03
2024991,CHAPTER 46,fiery,0.03
2024999,CHAPTER 46,fight,0.03
2026419,CHAPTER 46,ground,0.03
2026557,CHAPTER 46,hailed,0.03
2026855,CHAPTER 46,hearts,0.03
2026915,CHAPTER 46,held,0.03
2027061,CHAPTER 46,hint,0.03
2027062,CHAPTER 46,hinted,0.03
2027276,CHAPTER 46,hot,0.03
2027390,CHAPTER 46,hunt,0.03
2028537,CHAPTER 46,invested,0.03
2029166,CHAPTER 46,laid,0.03
2029670,CHAPTER 46,live,0.03
2029850,CHAPTER 46,love,0.03
2030159,CHAPTER 46,man,0.03
2030376,CHAPTER 46,mate,0.03
2030445,CHAPTER 46,means,0.03
2030560,CHAPTER 46,mere,0.03
2030678,CHAPTER 46,miles,0.03
2031015,CHAPTER 46,mortal,0.03
2031308,CHAPTER 46,natural,0.03
2031312,CHAPTER 46,nature,0.03
2031944,CHAPTER 46,order,0.03
2032030,CHAPTER 46,outer,0.03
2033095,CHAPTER 46,plainly,0.03
2033419,CHAPTER 46,possibly,0.03
2034496,CHAPTER 46,ready,0.03
2035200,CHAPTER 46,revealed,0.03
2035702,CHAPTER 46,sailors,0.03
2037247,CHAPTER 46,somewhat,0.03
2038057,CHAPTER 46,strong,0.03
2038512,CHAPTER 46,suspended,0.03
2039094,CHAPTER 46,thoughts,0.03
2039095,CHAPTER 46,thousand,0.03
2039813,CHAPTER 46,turned,0.03
2040405,CHAPTER 46,unless,0.03
2040831,CHAPTER 46,use,0.03
2040832,CHAPTER 46,used,0.03
2041099,CHAPTER 46,view,0.03
2041220,CHAPTER 46,voice,0.03
2041489,CHAPTER 46,way,0.03
2041492,CHAPTER 46,ways,0.03
2041521,CHAPTER 46,weather,0.03
2041604,CHAPTER 46,whaleman,0.03
2018012,CHAPTER 46,aye,0.02
2018900,CHAPTER 46,body,0.02
2019926,CHAPTER 46,certain,0.02
2022664,CHAPTER 46,did,0.02
2024157,CHAPTER 46,ere,0.02
2024732,CHAPTER 46,far,0.02
2025903,CHAPTER 46,general,0.02
2026177,CHAPTER 46,good,0.02
2026610,CHAPTER 46,hand,0.02
2026779,CHAPTER 46,having,0.02
2026811,CHAPTER 46,heads,0.02
2026829,CHAPTER 46,heard,0.02
2026841,CHAPTER 46,heart,0.02
2027022,CHAPTER 46,high,0.02
2027126,CHAPTER 46,hold,0.02
2029108,CHAPTER 46,known,0.02
2029194,CHAPTER 46,land,0.02
2029475,CHAPTER 46,let,0.02
2029545,CHAPTER 46,life,0.02
2029785,CHAPTER 46,look,0.02
2030349,CHAPTER 46,mast,0.02
2031482,CHAPTER 46,night,0.02
2033637,CHAPTER 46,present,0.02
2035518,CHAPTER 46,round,0.02
2035852,CHAPTER 46,saw,0.02
2036169,CHAPTER 46,seen,0.02
2037262,CHAPTER 46,soon,0.02
2037288,CHAPTER 46,sort,0.02
2037296,CHAPTER 46,soul,0.02
2037429,CHAPTER 46,sperm,0.02
2037685,CHAPTER 46,stand,0.02
2037910,CHAPTER 46,stood,0.02
2037973,CHAPTER 46,strange,0.02
2039049,CHAPTER 46,thing,0.02
2039051,CHAPTER 46,think,0.02
2039732,CHAPTER 46,true,0.02
2041608,CHAPTER 46,whales,0.02
2031833,CHAPTER 46,old,0.01
