,chapter,term,tfidf
1967004,CHAPTER 44,charts,0.22
1963926,CHAPTER 44,ahab,0.19
1973378,CHAPTER 44,grounds,0.14
1983057,CHAPTER 44,season,0.14
1966998,CHAPTER 44,chart,0.13
1984385,CHAPTER 44,sperm,0.13
1971823,CHAPTER 44,feeding,0.12
1983060,CHAPTER 44,seasons,0.12
1970027,CHAPTER 44,districts,0.11
1979372,CHAPTER 44,particular,0.11
1988553,CHAPTER 44,whale,0.11
1969211,CHAPTER 44,degrees,0.1
1976569,CHAPTER 44,lines,0.1
1979600,CHAPTER 44,pencil,0.1
1988982,CHAPTER 44,wrinkled,0.1
1967227,CHAPTER 44,circular,0.09
1968484,CHAPTER 44,courses,0.09
1969610,CHAPTER 44,dick,0.08
1976241,CHAPTER 44,latitude,0.08
1977795,CHAPTER 44,moby,0.08
1978715,CHAPTER 44,ocean,0.08
1988564,CHAPTER 44,whales,0.08
1988658,CHAPTER 44,white,0.08
1964595,CHAPTER 44,arrive,0.07
1968028,CHAPTER 44,conjoined,0.07
1973727,CHAPTER 44,haunted,0.07
1974178,CHAPTER 44,hopes,0.07
1975396,CHAPTER 44,interval,0.07
1978438,CHAPTER 44,night,0.07
1980035,CHAPTER 44,places,0.07
1985687,CHAPTER 44,tallied,0.07
1986181,CHAPTER 44,time,0.07
1986185,CHAPTER 44,times,0.07
1988236,CHAPTER 44,vulture,0.07
1963875,CHAPTER 44,agent,0.06
1965240,CHAPTER 44,bay,0.06
1966254,CHAPTER 44,brow,0.06
1968602,CHAPTER 44,creature,0.06
1968830,CHAPTER 44,currents,0.06
1976562,CHAPTER 44,line,0.06
1976737,CHAPTER 44,longitude,0.06
1977665,CHAPTER 44,mind,0.06
1980030,CHAPTER 44,place,0.06
1981088,CHAPTER 44,purpose,0.06
1983125,CHAPTER 44,seen,0.06
1984252,CHAPTER 44,soul,0.06
1986050,CHAPTER 44,thoughts,0.06
1986171,CHAPTER 44,till,0.06
1987885,CHAPTER 44,various,0.06
1966400,CHAPTER 44,burst,0.05
1969019,CHAPTER 44,days,0.05
1970800,CHAPTER 44,employed,0.05
1970847,CHAPTER 44,encounter,0.05
1972325,CHAPTER 44,forced,0.05
1973375,CHAPTER 44,ground,0.05
1974209,CHAPTER 44,horror,0.05
1974346,CHAPTER 44,hunt,0.05
1974348,CHAPTER 44,hunter,0.05
1975304,CHAPTER 44,intense,0.05
1977889,CHAPTER 44,monomaniac,0.05
1978570,CHAPTER 44,number,0.05
1978717,CHAPTER 44,oceans,0.05
1979644,CHAPTER 44,pequod,0.05
1980661,CHAPTER 44,prey,0.05
1981260,CHAPTER 44,race,0.05
1982437,CHAPTER 44,room,0.05
1983116,CHAPTER 44,seek,0.05
1983270,CHAPTER 44,set,0.05
1984186,CHAPTER 44,solitary,0.05
1985558,CHAPTER 44,swim,0.05
1986075,CHAPTER 44,threw,0.05
1988428,CHAPTER 44,waters,0.05
1962644,CHAPTER 44,16th,0.04
1962677,CHAPTER 44,1851,0.04
1963355,CHAPTER 44,_vein_,0.04
1963356,CHAPTER 44,_veins_,0.04
1963457,CHAPTER 44,abode,0.04
1963519,CHAPTER 44,absurdly,0.04
1963571,CHAPTER 44,accomplishing,0.04
1963572,CHAPTER 44,accomplishment,0.04
1964293,CHAPTER 44,antecedent,0.04
1964475,CHAPTER 44,arbitrary,0.04
1964647,CHAPTER 44,ascertained,0.04
1965301,CHAPTER 44,beckoned,0.04
1965469,CHAPTER 44,bengal,0.04
1965937,CHAPTER 44,bored,0.04
1966459,CHAPTER 44,cabin,0.04
1966884,CHAPTER 44,certainties,0.04
1966967,CHAPTER 44,characterizing,0.04
1967012,CHAPTER 44,chasm,0.04
1967252,CHAPTER 44,circumspectly,0.04
1967324,CHAPTER 44,clashing,0.04
1967587,CHAPTER 44,collated,0.04
1967898,CHAPTER 44,concerning,0.04
1968129,CHAPTER 44,construct,0.04
1968188,CHAPTER 44,contiguity,0.04
1968482,CHAPTER 44,course,0.04
1968595,CHAPTER 44,creates,0.04
1969808,CHAPTER 44,discreetly,0.04
1969978,CHAPTER 44,dissociated,0.04
1970063,CHAPTER 44,divides,0.04
1970301,CHAPTER 44,driftings,0.04
1970893,CHAPTER 44,enduring,0.04
1970997,CHAPTER 44,entangle,0.04
1971145,CHAPTER 44,escape,0.04
1971281,CHAPTER 44,exactitude,0.04
1971307,CHAPTER 44,exceeds,0.04
1971389,CHAPTER 44,exhausting,0.04
1971426,CHAPTER 44,expanses,0.04
1971591,CHAPTER 44,fact,0.04
1971619,CHAPTER 44,faintness,0.04
1972290,CHAPTER 44,fondly,0.04
1972418,CHAPTER 44,formless,0.04
1972980,CHAPTER 44,given,0.04
1973556,CHAPTER 44,hammock,0.04
1973650,CHAPTER 44,harmattans,0.04
1973933,CHAPTER 44,hermits,0.04
1974436,CHAPTER 44,identically,0.04
1975244,CHAPTER 44,instead,0.04
1975470,CHAPTER 44,invariability,0.04
1975505,CHAPTER 44,inveteracy,0.04
1976444,CHAPTER 44,levanter,0.04
1976718,CHAPTER 44,loiters,0.04
1976976,CHAPTER 44,mad,0.04
1977359,CHAPTER 44,matured,0.04
1977364,CHAPTER 44,maury,0.04
1977572,CHAPTER 44,methodical,0.04
1977623,CHAPTER 44,migrating,0.04
1977625,CHAPTER 44,migrations,0.04
1977626,CHAPTER 44,migratory,0.04
1977900,CHAPTER 44,monsoons,0.04
1978073,CHAPTER 44,mufti,0.04
1978257,CHAPTER 44,national,0.04
1978623,CHAPTER 44,object,0.04
1978664,CHAPTER 44,observatory,0.04
1979238,CHAPTER 44,pampas,0.04
1979392,CHAPTER 44,passage,0.04
1979534,CHAPTER 44,peculiar,0.04
1979692,CHAPTER 44,periodicalness,0.04
1979867,CHAPTER 44,phrensies,0.04
1979930,CHAPTER 44,piles,0.04
1980317,CHAPTER 44,poring,0.04
1980388,CHAPTER 44,postpone,0.04
1980526,CHAPTER 44,predicted,0.04
1980720,CHAPTER 44,probabilities,0.04
1981399,CHAPTER 44,ratification,0.04
1981711,CHAPTER 44,regular,0.04
1982047,CHAPTER 44,resorting,0.04
1982170,CHAPTER 44,revengeful,0.04
1982474,CHAPTER 44,round,0.04
1982650,CHAPTER 44,sailed,0.04
1982831,CHAPTER 44,scalloped,0.04
1982884,CHAPTER 44,scheming,0.04
1983306,CHAPTER 44,seychelle,0.04
1983318,CHAPTER 44,shadings,0.04
1983467,CHAPTER 44,ship,0.04
1983704,CHAPTER 44,simoon,0.04
1983885,CHAPTER 44,sleeplessness,0.04
1984075,CHAPTER 44,snow,0.04
1984185,CHAPTER 44,solitaries,0.04
1984206,CHAPTER 44,somnambulistic,0.04
1984278,CHAPTER 44,southwards,0.04
1984488,CHAPTER 44,spontaneously,0.04
1984508,CHAPTER 44,spot,0.04
1984910,CHAPTER 44,straight,0.04
1985147,CHAPTER 44,substituted,0.04
1985176,CHAPTER 44,succeeding,0.04
1985453,CHAPTER 44,surveyor,0.04
1986043,CHAPTER 44,thought,0.04
1986092,CHAPTER 44,throes,0.04
1986097,CHAPTER 44,thronged,0.04
1986183,CHAPTER 44,timeliest,0.04
1986238,CHAPTER 44,tithe,0.04
1986457,CHAPTER 44,trances,0.04
1986464,CHAPTER 44,tranquillize,0.04
1986883,CHAPTER 44,unachieved,0.04
1986904,CHAPTER 44,unappeasedly,0.04
1987206,CHAPTER 44,unfathered,0.04
1987286,CHAPTER 44,unhooped,0.04
1987374,CHAPTER 44,unloitering,0.04
1987485,CHAPTER 44,unquiet,0.04
1987642,CHAPTER 44,unsuppressable,0.04
1987826,CHAPTER 44,vacated,0.04
1987828,CHAPTER 44,vacation,0.04
1987918,CHAPTER 44,vehicle,0.04
1987923,CHAPTER 44,vein,0.04
1988285,CHAPTER 44,wake,0.04
1988545,CHAPTER 44,westers,0.04
1989074,CHAPTER 44,year,0.04
1989124,CHAPTER 44,zag,0.04
1989139,CHAPTER 44,zig,0.04
1989140,CHAPTER 44,zodiac,0.04
1963596,CHAPTER 44,accursed,0.03
1963620,CHAPTER 44,acquainted,0.03
1963872,CHAPTER 44,aged,0.03
1964062,CHAPTER 44,allusion,0.03
1964233,CHAPTER 44,anguish,0.03
1964266,CHAPTER 44,annual,0.03
1964391,CHAPTER 44,appears,0.03
1964418,CHAPTER 44,applies,0.03
1964446,CHAPTER 44,approaching,0.03
1964462,CHAPTER 44,april,0.03
1964733,CHAPTER 44,assumed,0.03
1964740,CHAPTER 44,assured,0.03
1964797,CHAPTER 44,attained,0.03
1964808,CHAPTER 44,attempts,0.03
1964952,CHAPTER 44,awhile,0.03
1965268,CHAPTER 44,bearded,0.03
1965618,CHAPTER 44,birth,0.03
1965689,CHAPTER 44,blank,0.03
1965693,CHAPTER 44,blankness,0.03
1965709,CHAPTER 44,blazing,0.03
1965781,CHAPTER 44,bloody,0.03
1965940,CHAPTER 44,borne,0.03
1965973,CHAPTER 44,boundless,0.03
1966091,CHAPTER 44,breadth,0.03
1966113,CHAPTER 44,breathless,0.03
1966192,CHAPTER 44,bringing,0.03
1966210,CHAPTER 44,broad,0.03
1966237,CHAPTER 44,brooding,0.03
1966389,CHAPTER 44,burn,0.03
1966500,CHAPTER 44,calculating,0.03
1966514,CHAPTER 44,called,0.03
1966613,CHAPTER 44,capable,0.03
1966673,CHAPTER 44,carefully,0.03
1966735,CHAPTER 44,case,0.03
1966763,CHAPTER 44,casual,0.03
1966813,CHAPTER 44,cautious,0.03
1966885,CHAPTER 44,certainty,0.03
1966932,CHAPTER 44,chances,0.03
1967119,CHAPTER 44,china,0.03
1967244,CHAPTER 44,circumnavigating,0.03
1967370,CHAPTER 44,clenched,0.03
1967627,CHAPTER 44,colour,0.03
1967640,CHAPTER 44,columns,0.03
1967815,CHAPTER 44,completion,0.03
1967817,CHAPTER 44,complexion,0.03
1967854,CHAPTER 44,comprehensiveness,0.03
1967907,CHAPTER 44,conclude,0.03
1967967,CHAPTER 44,confidence,0.03
1967976,CHAPTER 44,confined,0.03
1968067,CHAPTER 44,consecutive,0.03
1968112,CHAPTER 44,constantinople,0.03
1968141,CHAPTER 44,consumed,0.03
1968203,CHAPTER 44,continuing,0.03
1968212,CHAPTER 44,contract,0.03
1968316,CHAPTER 44,coolly,0.03
1968387,CHAPTER 44,correctly,0.03
1968391,CHAPTER 44,correspond,0.03
1968395,CHAPTER 44,corresponding,0.03
1968594,CHAPTER 44,created,0.03
1968714,CHAPTER 44,crowning,0.03
1968732,CHAPTER 44,cruise,0.03
1969140,CHAPTER 44,deeds,0.03
1969151,CHAPTER 44,deeply,0.03
1969217,CHAPTER 44,deity,0.03
1969252,CHAPTER 44,delirious,0.03
1969448,CHAPTER 44,desire,0.03
1969553,CHAPTER 44,devious,0.03
1970026,CHAPTER 44,district,0.03
1970103,CHAPTER 44,does,0.03
1970278,CHAPTER 44,dreams,0.03
1970477,CHAPTER 44,ear,0.03
1970552,CHAPTER 44,eddies,0.03
1970584,CHAPTER 44,effaced,0.03
1970630,CHAPTER 44,elaborate,0.03
1970758,CHAPTER 44,embraces,0.03
1970818,CHAPTER 44,enable,0.03
1970851,CHAPTER 44,encounters,0.03
1970866,CHAPTER 44,endeavor,0.03
1970890,CHAPTER 44,endure,0.03
1970993,CHAPTER 44,ensuing,0.03
1971096,CHAPTER 44,equatorial,0.03
1971148,CHAPTER 44,escaping,0.03
1971408,CHAPTER 44,exist,0.03
1971420,CHAPTER 44,expand,0.03
1971536,CHAPTER 44,extra,0.03
1971671,CHAPTER 44,fancies,0.03
1971824,CHAPTER 44,feeds,0.03
1971941,CHAPTER 44,fiends,0.03
1972007,CHAPTER 44,fins,0.03
1972080,CHAPTER 44,flames,0.03
1972104,CHAPTER 44,flattering,0.03
1972121,CHAPTER 44,fled,0.03
1972127,CHAPTER 44,fleet,0.03
1972151,CHAPTER 44,flights,0.03
1972292,CHAPTER 44,food,0.03
1972402,CHAPTER 44,forked,0.03
1972573,CHAPTER 44,fright,0.03
1972859,CHAPTER 44,general,0.03
1973004,CHAPTER 44,glared,0.03
1973005,CHAPTER 44,glaring,0.03
1973017,CHAPTER 44,gleams,0.03
1973106,CHAPTER 44,god,0.03
1973228,CHAPTER 44,granting,0.03
1973308,CHAPTER 44,gregarious,0.03
1973332,CHAPTER 44,grimly,0.03
1973428,CHAPTER 44,guided,0.03
1973440,CHAPTER 44,gulf,0.03
1973615,CHAPTER 44,happily,0.03
1973797,CHAPTER 44,heart,0.03
1973822,CHAPTER 44,heaved,0.03
1973874,CHAPTER 44,hell,0.03
1973919,CHAPTER 44,herds,0.03
1973946,CHAPTER 44,herring,0.03
1974175,CHAPTER 44,hopeless,0.03
1974187,CHAPTER 44,horizontally,0.03
1974351,CHAPTER 44,hunting,0.03
1974592,CHAPTER 44,impatiently,0.03
1974881,CHAPTER 44,independent,0.03
1974997,CHAPTER 44,infallible,0.03
1974998,CHAPTER 44,infallibly,0.03
1975157,CHAPTER 44,inns,0.03
1975247,CHAPTER 44,instinct,0.03
1975265,CHAPTER 44,insufferable,0.03
1975288,CHAPTER 44,integral,0.03
1975295,CHAPTER 44,intelligence,0.03
1975311,CHAPTER 44,intensity,0.03
1975315,CHAPTER 44,intently,0.03
1975401,CHAPTER 44,intervening,0.03
1975422,CHAPTER 44,intolerably,0.03
1975626,CHAPTER 44,issued,0.03
1975677,CHAPTER 44,japanese,0.03
1976228,CHAPTER 44,latent,0.03
1976242,CHAPTER 44,latitudes,0.03
1976308,CHAPTER 44,leagued,0.03
1976324,CHAPTER 44,leap,0.03
1976499,CHAPTER 44,lieutenant,0.03
1976523,CHAPTER 44,lightnings,0.03
1976551,CHAPTER 44,limit,0.03
1976572,CHAPTER 44,lingering,0.03
1976642,CHAPTER 44,living,0.03
1976685,CHAPTER 44,locker,0.03
1976707,CHAPTER 44,log,0.03
1976714,CHAPTER 44,logs,0.03
1977005,CHAPTER 44,magic,0.03
1977115,CHAPTER 44,man,0.03
1977234,CHAPTER 44,marking,0.03
1977235,CHAPTER 44,marks,0.03
1977376,CHAPTER 44,maze,0.03
1977447,CHAPTER 44,meeting,0.03
1977713,CHAPTER 44,miscellaneous,0.03
1977912,CHAPTER 44,month,0.03
1978005,CHAPTER 44,motive,0.03
1978170,CHAPTER 44,mutter,0.03
1978209,CHAPTER 44,nails,0.03
1978443,CHAPTER 44,nights,0.03
1978762,CHAPTER 44,official,0.03
1978789,CHAPTER 44,old,0.03
1979299,CHAPTER 44,parallel,0.03
1979440,CHAPTER 44,path,0.03
1979690,CHAPTER 44,periodical,0.03
1979691,CHAPTER 44,periodically,0.03
1979709,CHAPTER 44,permit,0.03
1979717,CHAPTER 44,perpendicularly,0.03
1979740,CHAPTER 44,persian,0.03
1979815,CHAPTER 44,pewter,0.03
1979857,CHAPTER 44,phrase,0.03
1980050,CHAPTER 44,plainest,0.03
1980065,CHAPTER 44,planet,0.03
1980281,CHAPTER 44,pondered,0.03
1980282,CHAPTER 44,pondering,0.03
1980344,CHAPTER 44,portions,0.03
1980372,CHAPTER 44,possibilities,0.03
1980373,CHAPTER 44,possibility,0.03
1980498,CHAPTER 44,preceding,0.03
1980511,CHAPTER 44,precision,0.03
1980556,CHAPTER 44,premature,0.03
1980628,CHAPTER 44,presumed,0.03
1980692,CHAPTER 44,principle,0.03
1980824,CHAPTER 44,prolonged,0.03
1980831,CHAPTER 44,prometheus,0.03
1980916,CHAPTER 44,prospect,0.03
1980919,CHAPTER 44,prospects,0.03
1981196,CHAPTER 44,quest,0.03
1981431,CHAPTER 44,ray,0.03
1981456,CHAPTER 44,reality,0.03
1981476,CHAPTER 44,reasonable,0.03
1981552,CHAPTER 44,recognition,0.03
1981578,CHAPTER 44,recover,0.03
1981640,CHAPTER 44,refer,0.03
1981806,CHAPTER 44,remark,0.03
1981848,CHAPTER 44,remote,0.03
1982040,CHAPTER 44,resolve,0.03
1982112,CHAPTER 44,resuming,0.03
1982185,CHAPTER 44,reveries,0.03
1982397,CHAPTER 44,rocked,0.03
1982882,CHAPTER 44,scheme,0.03
1982919,CHAPTER 44,scorching,0.03
1982985,CHAPTER 44,screwed,0.03
1983048,CHAPTER 44,search,0.03
1983056,CHAPTER 44,seas,0.03
1983063,CHAPTER 44,seating,0.03
1983149,CHAPTER 44,selected,0.03
1983272,CHAPTER 44,sets,0.03
1983414,CHAPTER 44,sheep,0.03
1983418,CHAPTER 44,sheer,0.03
1983450,CHAPTER 44,shifting,0.03
1983496,CHAPTER 44,shoals,0.03
1983886,CHAPTER 44,sleeps,0.03
1983956,CHAPTER 44,slow,0.03
1984187,CHAPTER 44,solitude,0.03
1984286,CHAPTER 44,spaces,0.03
1984379,CHAPTER 44,spend,0.03
1984380,CHAPTER 44,spending,0.03
1984384,CHAPTER 44,spent,0.03
1984445,CHAPTER 44,spiritual,0.03
1984511,CHAPTER 44,spots,0.03
1984562,CHAPTER 44,squall,0.03
1984687,CHAPTER 44,statement,0.03
1984722,CHAPTER 44,steadfast,0.03
1984876,CHAPTER 44,stopping,0.03
1984887,CHAPTER 44,storied,0.03
1984975,CHAPTER 44,strictly,0.03
1985046,CHAPTER 44,studied,0.03
1985052,CHAPTER 44,study,0.03
1985127,CHAPTER 44,subsequent,0.03
1985142,CHAPTER 44,substantiated,0.03
1985257,CHAPTER 44,sum,0.03
1985394,CHAPTER 44,supreme,0.03
1985418,CHAPTER 44,surmises,0.03
1985496,CHAPTER 44,swallows,0.03
1985615,CHAPTER 44,symptoms,0.03
1985668,CHAPTER 44,taken,0.03
1985747,CHAPTER 44,task,0.03
1985801,CHAPTER 44,technical,0.03
1985960,CHAPTER 44,thee,0.03
1986005,CHAPTER 44,thing,0.03
1986039,CHAPTER 44,thoroughfares,0.03
1986062,CHAPTER 44,threading,0.03
1986089,CHAPTER 44,throbbing,0.03
1986102,CHAPTER 44,throw,0.03
1986144,CHAPTER 44,tides,0.03
1986277,CHAPTER 44,tokens,0.03
1986349,CHAPTER 44,torments,0.03
1986411,CHAPTER 44,trace,0.03
1986417,CHAPTER 44,tracing,0.03
1986425,CHAPTER 44,trades,0.03
1986435,CHAPTER 44,tragic,0.03
1986514,CHAPTER 44,transom,0.03
1986768,CHAPTER 44,turn,0.03
1986919,CHAPTER 44,unavoidable,0.03
1986937,CHAPTER 44,unbidden,0.03
1987105,CHAPTER 44,undeviating,0.03
1987202,CHAPTER 44,unfaltering,0.03
1987407,CHAPTER 44,unmistakable,0.03
1987481,CHAPTER 44,unquestionable,0.03
1987938,CHAPTER 44,vengeance,0.03
1988055,CHAPTER 44,view,0.03
1988059,CHAPTER 44,vigilance,0.03
1988138,CHAPTER 44,visit,0.03
1988151,CHAPTER 44,visual,0.03
1988154,CHAPTER 44,vitality,0.03
1988163,CHAPTER 44,vivid,0.03
1988185,CHAPTER 44,volcano,0.03
1988222,CHAPTER 44,vow,0.03
1988230,CHAPTER 44,voyages,0.03
1988277,CHAPTER 44,wait,0.03
1988290,CHAPTER 44,wakes,0.03
1988396,CHAPTER 44,washington,0.03
1988445,CHAPTER 44,way,0.03
1988456,CHAPTER 44,weakness,0.03
1988470,CHAPTER 44,weariness,0.03
1988630,CHAPTER 44,whirled,0.03
1988692,CHAPTER 44,widest,0.03
1988696,CHAPTER 44,width,0.03
1988705,CHAPTER 44,wild,0.03
1988998,CHAPTER 44,written,0.03
1989070,CHAPTER 44,yawned,0.03
1989087,CHAPTER 44,yellowish,0.03
1989098,CHAPTER 44,yielding,0.03
1989142,CHAPTER 44,zone,0.03
1963675,CHAPTER 44,additional,0.02
1963770,CHAPTER 44,advance,0.02
1963925,CHAPTER 44,ah,0.02
1964143,CHAPTER 44,amid,0.02
1964608,CHAPTER 44,art,0.02
1964658,CHAPTER 44,ashore,0.02
1964949,CHAPTER 44,awful,0.02
1965190,CHAPTER 44,base,0.02
1965305,CHAPTER 44,bed,0.02
1965364,CHAPTER 44,beginning,0.02
1965406,CHAPTER 44,believe,0.02
1965453,CHAPTER 44,beneath,0.02
1965790,CHAPTER 44,blow,0.02
1965853,CHAPTER 44,bodily,0.02
1965911,CHAPTER 44,books,0.02
1966042,CHAPTER 44,brain,0.02
1966253,CHAPTER 44,brought,0.02
1966516,CHAPTER 44,calling,0.02
1966616,CHAPTER 44,cape,0.02
1966651,CHAPTER 44,captured,0.02
1966706,CHAPTER 44,carried,0.02
1966739,CHAPTER 44,cases,0.02
1966808,CHAPTER 44,caused,0.02
1966903,CHAPTER 44,chains,0.02
1966929,CHAPTER 44,chance,0.02
1967220,CHAPTER 44,circle,0.02
1967254,CHAPTER 44,circumstance,0.02
1967424,CHAPTER 44,closely,0.02
1967486,CHAPTER 44,coast,0.02
1967685,CHAPTER 44,commander,0.02
1967724,CHAPTER 44,common,0.02
1968196,CHAPTER 44,continually,0.02
1968225,CHAPTER 44,contrary,0.02
1968586,CHAPTER 44,crazy,0.02
1968692,CHAPTER 44,crossing,0.02
1969014,CHAPTER 44,day,0.02
1969033,CHAPTER 44,deadly,0.02
1969419,CHAPTER 44,descried,0.02
1969552,CHAPTER 44,devils,0.02
1969620,CHAPTER 44,did,0.02
1969711,CHAPTER 44,direction,0.02
1970186,CHAPTER 44,double,0.02
1970848,CHAPTER 44,encountered,0.02
1971026,CHAPTER 44,entire,0.02
1971113,CHAPTER 44,ere,0.02
1971195,CHAPTER 44,eternal,0.02
1971294,CHAPTER 44,example,0.02
1971560,CHAPTER 44,eye,0.02
1971568,CHAPTER 44,eyes,0.02
1972281,CHAPTER 44,follow,0.02
1972282,CHAPTER 44,followed,0.02
1972345,CHAPTER 44,forehead,0.02
1972504,CHAPTER 44,frantic,0.02
1972642,CHAPTER 44,fully,0.02
1972864,CHAPTER 44,generally,0.02
1973031,CHAPTER 44,gliding,0.02
1973114,CHAPTER 44,gods,0.02
1973131,CHAPTER 44,gone,0.02
1973283,CHAPTER 44,great,0.02
1973767,CHAPTER 44,heads,0.02
1973833,CHAPTER 44,heavy,0.02
1973883,CHAPTER 44,help,0.02
1974017,CHAPTER 44,hint,0.02
1974049,CHAPTER 44,hitherto,0.02
1974170,CHAPTER 44,hope,0.02
1974188,CHAPTER 44,horn,0.02
1974239,CHAPTER 44,hour,0.02
1974330,CHAPTER 44,hump,0.02
1974350,CHAPTER 44,hunters,0.02
1974429,CHAPTER 44,idea,0.02
1974891,CHAPTER 44,indian,0.02
1974930,CHAPTER 44,individual,0.02
1975237,CHAPTER 44,instances,0.02
1975397,CHAPTER 44,intervals,0.02
1975518,CHAPTER 44,invisible,0.02
1975979,CHAPTER 44,kind,0.02
1976030,CHAPTER 44,knew,0.02
1976064,CHAPTER 44,known,0.02
1976143,CHAPTER 44,lamp,0.02
1976198,CHAPTER 44,large,0.02
1976457,CHAPTER 44,leviathans,0.02
1976512,CHAPTER 44,light,0.02
1976626,CHAPTER 44,live,0.02
1976731,CHAPTER 44,longer,0.02
1976742,CHAPTER 44,looked,0.02
1976785,CHAPTER 44,lost,0.02
1977077,CHAPTER 44,makes,0.02
1977080,CHAPTER 44,making,0.02
1977230,CHAPTER 44,marked,0.02
1977281,CHAPTER 44,marvellous,0.02
1977305,CHAPTER 44,mast,0.02
1977498,CHAPTER 44,mentioned,0.02
1977554,CHAPTER 44,met,0.02
1977604,CHAPTER 44,midnight,0.02
1977634,CHAPTER 44,miles,0.02
1977914,CHAPTER 44,months,0.02
1977998,CHAPTER 44,motion,0.02
1978222,CHAPTER 44,nantucket,0.02
1978288,CHAPTER 44,nay,0.02
1978666,CHAPTER 44,observed,0.02
1978835,CHAPTER 44,open,0.02
1978837,CHAPTER 44,opening,0.02
1978986,CHAPTER 44,outer,0.02
1979148,CHAPTER 44,pacific,0.02
1979224,CHAPTER 44,palms,0.02
1980374,CHAPTER 44,possible,0.02
1980510,CHAPTER 44,precisely,0.02
1980596,CHAPTER 44,presented,0.02
1980948,CHAPTER 44,proved,0.02
1981691,CHAPTER 44,regarded,0.02
1982082,CHAPTER 44,rest,0.02
1982156,CHAPTER 44,revealed,0.02
1982413,CHAPTER 44,roll,0.02
1982569,CHAPTER 44,run,0.02
1982572,CHAPTER 44,running,0.02
1982578,CHAPTER 44,rushed,0.02
1982652,CHAPTER 44,sailing,0.02
1982816,CHAPTER 44,say,0.02
1983080,CHAPTER 44,secret,0.02
1983153,CHAPTER 44,self,0.02
1983217,CHAPTER 44,separate,0.02
1983325,CHAPTER 44,shadows,0.02
1983343,CHAPTER 44,shall,0.02
1983477,CHAPTER 44,ships,0.02
1983531,CHAPTER 44,shot,0.02
1983653,CHAPTER 44,sign,0.02
1983878,CHAPTER 44,sleep,0.02
1984251,CHAPTER 44,sought,0.02
1984323,CHAPTER 44,speak,0.02
1984441,CHAPTER 44,spirit,0.02
1984479,CHAPTER 44,spoken,0.02
1984528,CHAPTER 44,spread,0.02
1984682,CHAPTER 44,state,0.02
1984730,CHAPTER 44,steady,0.02
1984960,CHAPTER 44,strength,0.02
1984972,CHAPTER 44,stricken,0.02
1985276,CHAPTER 44,sun,0.02
1985398,CHAPTER 44,sure,0.02
1985468,CHAPTER 44,suspended,0.02
1985530,CHAPTER 44,sweep,0.02
1985630,CHAPTER 44,table,0.02
1986012,CHAPTER 44,thinking,0.02
1986129,CHAPTER 44,thy,0.02
1986313,CHAPTER 44,took,0.02
1986345,CHAPTER 44,tormented,0.02
1987361,CHAPTER 44,unless,0.02
1988436,CHAPTER 44,waves,0.02
1988448,CHAPTER 44,ways,0.02
1988674,CHAPTER 44,wholly,0.02
1988687,CHAPTER 44,wide,0.02
1988738,CHAPTER 44,wind,0.02
1988901,CHAPTER 44,world,0.02
1989080,CHAPTER 44,years,0.02
1989093,CHAPTER 44,yes,0.02
1963943,CHAPTER 44,air,0.01
1966538,CHAPTER 44,came,0.01
1966642,CHAPTER 44,captain,0.01
1966882,CHAPTER 44,certain,0.01
1968630,CHAPTER 44,crew,0.01
1969104,CHAPTER 44,deck,0.01
1971688,CHAPTER 44,far,0.01
1973585,CHAPTER 44,hands,0.01
1973755,CHAPTER 44,head,0.01
1973785,CHAPTER 44,heard,0.01
1976501,CHAPTER 44,life,0.01
1976530,CHAPTER 44,like,0.01
1976729,CHAPTER 44,long,0.01
1977074,CHAPTER 44,make,0.01
1982282,CHAPTER 44,right,0.01
1982646,CHAPTER 44,said,0.01
1983029,CHAPTER 44,sea,0.01
1983649,CHAPTER 44,sight,0.01
1986006,CHAPTER 44,things,0.01
1986688,CHAPTER 44,true,0.01
1988226,CHAPTER 44,voyage,0.01
1988419,CHAPTER 44,water,0.01
