,chapter,term,tfidf
2673378,CHAPTER 68,skin,0.36
2678125,CHAPTER 68,whale,0.3
2655366,CHAPTER 68,blubber,0.19
2666807,CHAPTER 68,marks,0.17
2665181,CHAPTER 68,isinglass,0.16
2671973,CHAPTER 68,rocks,0.13
2674709,CHAPTER 68,substance,0.11
2657664,CHAPTER 68,consistence,0.1
2666138,CHAPTER 68,linear,0.1
2670950,CHAPTER 68,rare,0.1
2672546,CHAPTER 68,scratches,0.1
2655345,CHAPTER 68,blood,0.09
2655428,CHAPTER 68,body,0.09
2657994,CHAPTER 68,cosy,0.09
2660629,CHAPTER 68,enveloping,0.09
2663548,CHAPTER 68,hieroglyphics,0.09
2664606,CHAPTER 68,infinitely,0.09
2673957,CHAPTER 68,sperm,0.09
2677695,CHAPTER 68,virtue,0.09
2677933,CHAPTER 68,warm,0.09
2655262,CHAPTER 68,blanket,0.08
2659869,CHAPTER 68,dried,0.08
2665855,CHAPTER 68,layer,0.08
2666102,CHAPTER 68,like,0.08
2670174,CHAPTER 68,presents,0.08
2675569,CHAPTER 68,thickness,0.08
2654748,CHAPTER 68,barrels,0.07
2657724,CHAPTER 68,contact,0.07
2658894,CHAPTER 68,dense,0.07
2664463,CHAPTER 68,indian,0.07
2668429,CHAPTER 68,opinion,0.07
2669367,CHAPTER 68,peter,0.07
2672388,CHAPTER 68,say,0.07
2676088,CHAPTER 68,transparent,0.07
2677880,CHAPTER 68,walls,0.07
2678088,CHAPTER 68,weight,0.07
2658262,CHAPTER 68,crossed,0.06
2663989,CHAPTER 68,ice,0.06
2667760,CHAPTER 68,mystic,0.06
2669474,CHAPTER 68,pieces,0.06
2671377,CHAPTER 68,remains,0.06
2678420,CHAPTER 68,wonderful,0.06
2653442,CHAPTER 68,agassiz,0.05
2654777,CHAPTER 68,bask,0.05
2655263,CHAPTER 68,blanketing,0.05
2655513,CHAPTER 68,borneo,0.05
2655781,CHAPTER 68,brittle,0.05
2655901,CHAPTER 68,bulls,0.05
2656540,CHAPTER 68,characters,0.05
2657788,CHAPTER 68,contracts,0.05
2657822,CHAPTER 68,controversies,0.05
2658174,CHAPTER 68,creature,0.05
2658175,CHAPTER 68,creatures,0.05
2658459,CHAPTER 68,cyphers,0.05
2658822,CHAPTER 68,delineations,0.05
2659514,CHAPTER 68,displays,0.05
2659703,CHAPTER 68,domed,0.05
2660951,CHAPTER 68,exerted,0.05
2661043,CHAPTER 68,explanation,0.05
2662045,CHAPTER 68,fourths,0.05
2662103,CHAPTER 68,freeze,0.05
2662855,CHAPTER 68,great,0.05
2663546,CHAPTER 68,hieroglyphic,0.05
2663547,CHAPTER 68,hieroglyphical,0.05
2664093,CHAPTER 68,imagines,0.05
2664121,CHAPTER 68,immersed,0.05
2664862,CHAPTER 68,integument,0.05
2666451,CHAPTER 68,lungless,0.05
2666687,CHAPTER 68,man,0.05
2667088,CHAPTER 68,mere,0.05
2668232,CHAPTER 68,observant,0.05
2668353,CHAPTER 68,oil,0.05
2668784,CHAPTER 68,palisades,0.05
2668944,CHAPTER 68,particular,0.05
2669398,CHAPTER 68,phenomena,0.05
2669849,CHAPTER 68,poncho,0.05
2670443,CHAPTER 68,proper,0.05
2670927,CHAPTER 68,ranges,0.05
2671243,CHAPTER 68,refrigerators,0.05
2671382,CHAPTER 68,remarked,0.05
2671696,CHAPTER 68,retentive,0.05
2673391,CHAPTER 68,skirting,0.05
2673509,CHAPTER 68,slipt,0.05
2673860,CHAPTER 68,spaciousness,0.05
2674162,CHAPTER 68,st,0.05
2675564,CHAPTER 68,thickens,0.05
2675588,CHAPTER 68,thinner,0.05
2675964,CHAPTER 68,tougher,0.05
2676543,CHAPTER 68,unchanged,0.05
2676626,CHAPTER 68,undecipherable,0.05
2676962,CHAPTER 68,unmarred,0.05
2677272,CHAPTER 68,unvexed,0.05
2677359,CHAPTER 68,use,0.05
2677935,CHAPTER 68,warmer,0.05
2678052,CHAPTER 68,weathers,0.05
2653292,CHAPTER 68,admire,0.04
2653298,CHAPTER 68,admit,0.04
2653412,CHAPTER 68,afford,0.04
2653634,CHAPTER 68,allusion,0.04
2653684,CHAPTER 68,amber,0.04
2653813,CHAPTER 68,animated,0.04
2654082,CHAPTER 68,arctic,0.04
2654098,CHAPTER 68,arguments,0.04
2654160,CHAPTER 68,array,0.04
2654307,CHAPTER 68,assuming,0.04
2654388,CHAPTER 68,attention,0.04
2654680,CHAPTER 68,banks,0.04
2654992,CHAPTER 68,bellies,0.04
2655346,CHAPTER 68,blooded,0.04
2655766,CHAPTER 68,brisk,0.04
2656709,CHAPTER 68,chiselled,0.04
2657243,CHAPTER 68,comfortable,0.04
2657322,CHAPTER 68,compact,0.04
2657617,CHAPTER 68,connexion,0.04
2657945,CHAPTER 68,corporeal,0.04
2658030,CHAPTER 68,counterpane,0.04
2659200,CHAPTER 68,dies,0.04
2659702,CHAPTER 68,dome,0.04
2659889,CHAPTER 68,driving,0.04
2660156,CHAPTER 68,effaced,0.04
2660209,CHAPTER 68,elastic,0.04
2660391,CHAPTER 68,enabled,0.04
2660499,CHAPTER 68,engraved,0.04
2660503,CHAPTER 68,engraving,0.04
2660504,CHAPTER 68,engravings,0.04
2660549,CHAPTER 68,enormousness,0.04
2660598,CHAPTER 68,entire,0.04
2660690,CHAPTER 68,erections,0.04
2661029,CHAPTER 68,experiment,0.04
2661075,CHAPTER 68,expressed,0.04
2661094,CHAPTER 68,exterior,0.04
2661123,CHAPTER 68,extremity,0.04
2661247,CHAPTER 68,fancying,0.04
2661510,CHAPTER 68,fields,0.04
2661566,CHAPTER 68,finest,0.04
2661599,CHAPTER 68,fish,0.04
2661659,CHAPTER 68,flanks,0.04
2661715,CHAPTER 68,flexible,0.04
2661792,CHAPTER 68,fluid,0.04
2662651,CHAPTER 68,glued,0.04
2662775,CHAPTER 68,grained,0.04
2663189,CHAPTER 68,happy,0.04
2663747,CHAPTER 68,hopeless,0.04
2663799,CHAPTER 68,hostile,0.04
2663970,CHAPTER 68,hyperborean,0.04
2663990,CHAPTER 68,iceberg,0.04
2663991,CHAPTER 68,icebergs,0.04
2664000,CHAPTER 68,icy,0.04
2664254,CHAPTER 68,impressed,0.04
2664715,CHAPTER 68,inn,0.04
2665075,CHAPTER 68,invests,0.04
2665145,CHAPTER 68,irregular,0.04
2665203,CHAPTER 68,italian,0.04
2665630,CHAPTER 68,know,0.04
2665698,CHAPTER 68,lake,0.04
2665770,CHAPTER 68,large,0.04
2666165,CHAPTER 68,liquid,0.04
2666606,CHAPTER 68,magnifying,0.04
2666856,CHAPTER 68,marvels,0.04
2667050,CHAPTER 68,memory,0.04
2667326,CHAPTER 68,mississippi,0.04
2667380,CHAPTER 68,model,0.04
2667838,CHAPTER 68,naturalists,0.04
2667962,CHAPTER 68,net,0.04
2667979,CHAPTER 68,new,0.04
2668146,CHAPTER 68,numberless,0.04
2668208,CHAPTER 68,obliquely,0.04
2668559,CHAPTER 68,outermost,0.04
2668743,CHAPTER 68,page,0.04
2669289,CHAPTER 68,perpendicularly,0.04
2669658,CHAPTER 68,plate,0.04
2670150,CHAPTER 68,preposterous,0.04
2670203,CHAPTER 68,presumption,0.04
2670267,CHAPTER 68,printed,0.04
2670697,CHAPTER 68,pyramids,0.04
2670731,CHAPTER 68,quantity,0.04
2670745,CHAPTER 68,quarters,0.04
2670879,CHAPTER 68,raise,0.04
2670922,CHAPTER 68,random,0.04
2671047,CHAPTER 68,reason,0.04
2671050,CHAPTER 68,reasonably,0.04
2671113,CHAPTER 68,reckoning,0.04
2671399,CHAPTER 68,reminds,0.04
2671517,CHAPTER 68,representing,0.04
2671571,CHAPTER 68,resemble,0.04
2671574,CHAPTER 68,resembling,0.04
2671688,CHAPTER 68,retain,0.04
2671838,CHAPTER 68,ridiculous,0.04
2672095,CHAPTER 68,rude,0.04
2672333,CHAPTER 68,satin,0.04
2672538,CHAPTER 68,scrape,0.04
2672541,CHAPTER 68,scraping,0.04
2672628,CHAPTER 68,seas,0.04
2672632,CHAPTER 68,seasons,0.04
2673133,CHAPTER 68,shreds,0.04
2673925,CHAPTER 68,spectacles,0.04
2674569,CHAPTER 68,stript,0.04
2675008,CHAPTER 68,surprising,0.04
2675020,CHAPTER 68,surtout,0.04
2675356,CHAPTER 68,teach,0.04
2675404,CHAPTER 68,temperature,0.04
2675430,CHAPTER 68,tender,0.04
2675590,CHAPTER 68,thinnest,0.04
2675614,CHAPTER 68,thou,0.04
2675716,CHAPTER 68,tides,0.04
2675872,CHAPTER 68,ton,0.04
2675884,CHAPTER 68,tons,0.04
2676153,CHAPTER 68,tremendous,0.04
2676260,CHAPTER 68,true,0.04
2677213,CHAPTER 68,unsupplied,0.04
2677471,CHAPTER 68,vast,0.04
2677547,CHAPTER 68,veritable,0.04
2677726,CHAPTER 68,vitality,0.04
2677940,CHAPTER 68,warmth,0.04
2678000,CHAPTER 68,waters,0.04
2678136,CHAPTER 68,whales,0.04
2678457,CHAPTER 68,word,0.04
2678521,CHAPTER 68,wrapt,0.04
2678671,CHAPTER 68,yields,0.04
2653423,CHAPTER 68,afloat,0.03
2653667,CHAPTER 68,altogether,0.03
2653809,CHAPTER 68,animal,0.03
2653959,CHAPTER 68,appearance,0.03
2654230,CHAPTER 68,ashore,0.03
2654244,CHAPTER 68,aspect,0.03
2654837,CHAPTER 68,bear,0.03
2654902,CHAPTER 68,beef,0.03
2655209,CHAPTER 68,bits,0.03
2655483,CHAPTER 68,books,0.03
2655511,CHAPTER 68,born,0.03
2655889,CHAPTER 68,bulk,0.03
2656670,CHAPTER 68,child,0.03
2657061,CHAPTER 68,coat,0.03
2657142,CHAPTER 68,cold,0.03
2657658,CHAPTER 68,considered,0.03
2657882,CHAPTER 68,cool,0.03
2660084,CHAPTER 68,easy,0.03
2660493,CHAPTER 68,england,0.03
2660667,CHAPTER 68,equator,0.03
2660878,CHAPTER 68,exceedingly,0.03
2661027,CHAPTER 68,experienced,0.03
2661204,CHAPTER 68,fall,0.03
2661237,CHAPTER 68,famous,0.03
2661590,CHAPTER 68,firm,0.03
2661742,CHAPTER 68,floating,0.03
2661814,CHAPTER 68,fly,0.03
2662192,CHAPTER 68,frozen,0.03
2662871,CHAPTER 68,greenland,0.03
2662966,CHAPTER 68,grown,0.03
2663383,CHAPTER 68,hearts,0.03
2664001,CHAPTER 68,idea,0.03
2664344,CHAPTER 68,inches,0.03
2664490,CHAPTER 68,indispensable,0.03
2664502,CHAPTER 68,individual,0.03
2664630,CHAPTER 68,influence,0.03
2664809,CHAPTER 68,instances,0.03
2664913,CHAPTER 68,interior,0.03
2665045,CHAPTER 68,invariably,0.03
2665694,CHAPTER 68,laid,0.03
2665904,CHAPTER 68,learned,0.03
2665927,CHAPTER 68,lee,0.03
2666073,CHAPTER 68,life,0.03
2666164,CHAPTER 68,lips,0.03
2666452,CHAPTER 68,lungs,0.03
2666802,CHAPTER 68,marked,0.03
2666867,CHAPTER 68,mass,0.03
2667070,CHAPTER 68,mentioned,0.03
2667473,CHAPTER 68,monster,0.03
2667486,CHAPTER 68,months,0.03
2667755,CHAPTER 68,mysterious,0.03
2667920,CHAPTER 68,negro,0.03
2668080,CHAPTER 68,north,0.03
2668151,CHAPTER 68,numerous,0.03
2668238,CHAPTER 68,observed,0.03
2668501,CHAPTER 68,original,0.03
2668618,CHAPTER 68,overboard,0.03
2669692,CHAPTER 68,pleasant,0.03
2669695,CHAPTER 68,pleased,0.03
2669807,CHAPTER 68,polar,0.03
2669808,CHAPTER 68,pole,0.03
2670295,CHAPTER 68,probably,0.03
2670520,CHAPTER 68,proved,0.03
2670769,CHAPTER 68,question,0.03
2670968,CHAPTER 68,rate,0.03
2671016,CHAPTER 68,read,0.03
2671025,CHAPTER 68,real,0.03
2671263,CHAPTER 68,regarded,0.03
2671283,CHAPTER 68,regular,0.03
2671373,CHAPTER 68,remain,0.03
2672218,CHAPTER 68,said,0.03
2672601,CHAPTER 68,sea,0.03
2672719,CHAPTER 68,seldom,0.03
2673164,CHAPTER 68,shuddering,0.03
2673238,CHAPTER 68,significant,0.03
2673283,CHAPTER 68,simply,0.03
2673698,CHAPTER 68,soft,0.03
2673775,CHAPTER 68,somewhat,0.03
2673910,CHAPTER 68,species,0.03
2674254,CHAPTER 68,state,0.03
2674585,CHAPTER 68,strong,0.03
2674627,CHAPTER 68,stuff,0.03
2674672,CHAPTER 68,subject,0.03
2674833,CHAPTER 68,summer,0.03
2674975,CHAPTER 68,surface,0.03
2675251,CHAPTER 68,talk,0.03
2675468,CHAPTER 68,terms,0.03
2675576,CHAPTER 68,thine,0.03
2675702,CHAPTER 68,thyself,0.03
2676112,CHAPTER 68,traveller,0.03
2677331,CHAPTER 68,upper,0.03
2677682,CHAPTER 68,violent,0.03
2677704,CHAPTER 68,visible,0.03
2678340,CHAPTER 68,winter,0.03
2678667,CHAPTER 68,yield,0.03
2655113,CHAPTER 68,better,0.02
2656086,CHAPTER 68,called,0.02
2656307,CHAPTER 68,case,0.02
2656994,CHAPTER 68,close,0.02
2657058,CHAPTER 68,coast,0.02
2657470,CHAPTER 68,concerning,0.02
2658599,CHAPTER 68,dead,0.02
2659675,CHAPTER 68,does,0.02
2660727,CHAPTER 68,especially,0.02
2661132,CHAPTER 68,eye,0.02
2661163,CHAPTER 68,fact,0.02
2661561,CHAPTER 68,fine,0.02
2662552,CHAPTER 68,given,0.02
2662947,CHAPTER 68,ground,0.02
2663138,CHAPTER 68,hand,0.02
2663201,CHAPTER 68,hard,0.02
2663685,CHAPTER 68,home,0.02
2666134,CHAPTER 68,line,0.02
2666198,CHAPTER 68,live,0.02
2666925,CHAPTER 68,matter,0.02
2668351,CHAPTER 68,oh,0.02
2669786,CHAPTER 68,point,0.02
2670165,CHAPTER 68,present,0.02
2670231,CHAPTER 68,previous,0.02
2670776,CHAPTER 68,quick,0.02
2672613,CHAPTER 68,seamen,0.02
2672697,CHAPTER 68,seen,0.02
2673554,CHAPTER 68,small,0.02
2673816,CHAPTER 68,sort,0.02
2673895,CHAPTER 68,speak,0.02
2674482,CHAPTER 68,straight,0.02
2674591,CHAPTER 68,struck,0.02
2675578,CHAPTER 68,things,0.02
2675701,CHAPTER 68,thy,0.02
2675757,CHAPTER 68,times,0.02
2678133,CHAPTER 68,whalemen,0.02
2678473,CHAPTER 68,world,0.02
2661260,CHAPTER 68,far,0.01
2663327,CHAPTER 68,head,0.01
2666193,CHAPTER 68,little,0.01
2666301,CHAPTER 68,long,0.01
2668361,CHAPTER 68,old,0.01
2675577,CHAPTER 68,thing,0.01
