,chapter,term,tfidf
2202376,CHAPTER 52,address,0.15
2223630,CHAPTER 52,stranger,0.14
2216003,CHAPTER 52,mast,0.13
2222165,CHAPTER 52,ship,0.13
2202630,CHAPTER 52,ahoy,0.12
2217718,CHAPTER 52,outs,0.12
2225392,CHAPTER 52,trumpet,0.12
2209208,CHAPTER 52,eastward,0.11
2212811,CHAPTER 52,home,0.11
2227436,CHAPTER 52,wind,0.11
2207436,CHAPTER 52,cruising,0.1
2227146,CHAPTER 52,ways,0.1
2227599,CHAPTER 52,world,0.1
2204664,CHAPTER 52,bound,0.09
2211027,CHAPTER 52,fore,0.09
2221172,CHAPTER 52,round,0.09
2222347,CHAPTER 52,sight,0.09
2202624,CHAPTER 52,ahab,0.08
2202795,CHAPTER 52,amain,0.08
2204177,CHAPTER 52,bepatched,0.08
2205328,CHAPTER 52,capriciously,0.08
2205984,CHAPTER 52,clad,0.08
2207573,CHAPTER 52,cyclades,0.08
2209965,CHAPTER 52,evincing,0.08
2210447,CHAPTER 52,fathomless,0.08
2211336,CHAPTER 52,fullers,0.08
2211384,CHAPTER 52,furred,0.08
2212753,CHAPTER 52,hoar,0.08
2216076,CHAPTER 52,mazes,0.08
2217134,CHAPTER 52,nigh,0.08
2217357,CHAPTER 52,observance,0.08
2218736,CHAPTER 52,placidly,0.08
2219998,CHAPTER 52,raiment,0.08
2220292,CHAPTER 52,reddened,0.08
2221330,CHAPTER 52,sadness,0.08
2222506,CHAPTER 52,skins,0.08
2222657,CHAPTER 52,slowly,0.08
2223056,CHAPTER 52,spectral,0.08
2227298,CHAPTER 52,whereto,0.08
2202272,CHAPTER 52,accordance,0.07
2202672,CHAPTER 52,albatross,0.07
2203875,CHAPTER 52,barren,0.07
2204411,CHAPTER 52,bleached,0.07
2204749,CHAPTER 52,branches,0.07
2205644,CHAPTER 52,channels,0.07
2205943,CHAPTER 52,circumnavigation,0.07
2206982,CHAPTER 52,conveyed,0.07
2207415,CHAPTER 52,crozetts,0.07
2207988,CHAPTER 52,demon,0.07
2208375,CHAPTER 52,diminish,0.07
2208685,CHAPTER 52,distances,0.07
2210386,CHAPTER 52,far,0.07
2210728,CHAPTER 52,fisheries,0.07
2211012,CHAPTER 52,forbade,0.07
2211104,CHAPTER 52,forlorn,0.07
2211830,CHAPTER 52,goney,0.07
2212465,CHAPTER 52,heads,0.07
2212469,CHAPTER 52,headway,0.07
2212586,CHAPTER 52,helpless,0.07
2213879,CHAPTER 52,insane,0.07
2213930,CHAPTER 52,inspire,0.07
2216096,CHAPTER 52,meanings,0.07
2216880,CHAPTER 52,mysteries,0.07
2217413,CHAPTER 52,ocean,0.07
2217504,CHAPTER 52,ominous,0.07
2217916,CHAPTER 52,pallid,0.07
2221283,CHAPTER 52,rust,0.07
2224154,CHAPTER 52,survived,0.07
2224259,CHAPTER 52,swims,0.07
2224766,CHAPTER 52,threatening,0.07
2225111,CHAPTER 52,traced,0.07
2225319,CHAPTER 52,trifles,0.07
2225549,CHAPTER 52,tyro,0.07
2226666,CHAPTER 52,veriest,0.07
2226930,CHAPTER 52,voyagings,0.07
2227009,CHAPTER 52,walrus,0.07
2227288,CHAPTER 52,whelmed,0.07
2227778,CHAPTER 52,years,0.07
2202186,CHAPTER 52,absent,0.06
2202473,CHAPTER 52,advantage,0.06
2203085,CHAPTER 52,appearance,0.06
2203966,CHAPTER 52,bearded,0.06
2203977,CHAPTER 52,beasts,0.06
2205709,CHAPTER 52,chasing,0.06
2208494,CHAPTER 52,discover,0.06
2208968,CHAPTER 52,dream,0.06
2210532,CHAPTER 52,feelings,0.06
2210705,CHAPTER 52,fins,0.06
2210785,CHAPTER 52,flanks,0.06
2211307,CHAPTER 52,frost,0.06
2212350,CHAPTER 52,harmless,0.06
2212483,CHAPTER 52,heard,0.06
2212861,CHAPTER 52,hoops,0.06
2213471,CHAPTER 52,incident,0.06
2213546,CHAPTER 52,increasing,0.06
2215023,CHAPTER 52,leaped,0.06
2215137,CHAPTER 52,letters,0.06
2215284,CHAPTER 52,lion,0.06
2215427,CHAPTER 52,long,0.06
2215450,CHAPTER 52,loomed,0.06
2215494,CHAPTER 52,loudly,0.06
2216310,CHAPTER 52,midway,0.06
2216329,CHAPTER 52,mildly,0.06
2216555,CHAPTER 52,moment,0.06
2216587,CHAPTER 52,monomaniac,0.06
2216816,CHAPTER 52,murmured,0.06
2216904,CHAPTER 52,nailed,0.06
2217236,CHAPTER 52,noticed,0.06
2217272,CHAPTER 52,numberless,0.06
2218342,CHAPTER 52,pequod,0.06
2218353,CHAPTER 52,perch,0.06
2219534,CHAPTER 52,promise,0.06
2219641,CHAPTER 52,proud,0.06
2220052,CHAPTER 52,ranged,0.06
2221727,CHAPTER 52,sea,0.06
2222194,CHAPTER 52,shoals,0.06
2222227,CHAPTER 52,shortly,0.06
2222290,CHAPTER 52,shuddering,0.06
2222429,CHAPTER 52,singular,0.06
2222889,CHAPTER 52,solomon,0.06
2223464,CHAPTER 52,steersman,0.06
2223624,CHAPTER 52,stranded,0.06
2223627,CHAPTER 52,strange,0.06
2223716,CHAPTER 52,strove,0.06
2224216,CHAPTER 52,swayed,0.06
2224519,CHAPTER 52,tell,0.06
2224879,CHAPTER 52,time,0.06
2224999,CHAPTER 52,tone,0.06
2226988,CHAPTER 52,wakes,0.06
2202629,CHAPTER 52,ahead,0.05
2203642,CHAPTER 52,away,0.05
2205415,CHAPTER 52,carry,0.05
2206641,CHAPTER 52,conduct,0.05
2206893,CHAPTER 52,continual,0.05
2207388,CHAPTER 52,crossed,0.05
2208686,CHAPTER 52,distant,0.05
2208992,CHAPTER 52,drew,0.05
2209578,CHAPTER 52,endless,0.05
2209963,CHAPTER 52,evinced,0.05
2210322,CHAPTER 52,fairly,0.05
2210730,CHAPTER 52,fishermen,0.05
2211398,CHAPTER 52,future,0.05
2211542,CHAPTER 52,gazing,0.05
2211726,CHAPTER 52,glided,0.05
2211744,CHAPTER 52,globe,0.05
2211831,CHAPTER 52,good,0.05
2212210,CHAPTER 52,hail,0.05
2212211,CHAPTER 52,hailed,0.05
2212509,CHAPTER 52,hearts,0.05
2212575,CHAPTER 52,helm,0.05
2214310,CHAPTER 52,islands,0.05
2214758,CHAPTER 52,knowing,0.05
2214995,CHAPTER 52,lead,0.05
2215038,CHAPTER 52,leave,0.05
2215404,CHAPTER 52,lofty,0.05
2215439,CHAPTER 52,look,0.05
2215520,CHAPTER 52,lowered,0.05
2216101,CHAPTER 52,meantime,0.05
2216195,CHAPTER 52,mention,0.05
2216921,CHAPTER 52,nantucketer,0.05
2218183,CHAPTER 52,paused,0.05
2218386,CHAPTER 52,perils,0.05
2218517,CHAPTER 52,phantom,0.05
2219059,CHAPTER 52,position,0.05
2219803,CHAPTER 52,pursuit,0.05
2219816,CHAPTER 52,putting,0.05
2220136,CHAPTER 52,reach,0.05
2220505,CHAPTER 52,remarkable,0.05
2221045,CHAPTER 52,rising,0.05
2221791,CHAPTER 52,secure,0.05
2221840,CHAPTER 52,seized,0.05
2222350,CHAPTER 52,sights,0.05
2222377,CHAPTER 52,silent,0.05
2222392,CHAPTER 52,similar,0.05
2222482,CHAPTER 52,skeleton,0.05
2222971,CHAPTER 52,south,0.05
2223011,CHAPTER 52,spars,0.05
2224233,CHAPTER 52,sweet,0.05
2224256,CHAPTER 52,swim,0.05
2224258,CHAPTER 52,swimming,0.05
2224287,CHAPTER 52,swung,0.05
2225043,CHAPTER 52,tormented,0.05
2225048,CHAPTER 52,torn,0.05
2225270,CHAPTER 52,trees,0.05
2227260,CHAPTER 52,whaler,0.05
2227356,CHAPTER 52,white,0.05
2227451,CHAPTER 52,windward,0.05
2227585,CHAPTER 52,words,0.05
2227770,CHAPTER 52,ye,0.05
2202336,CHAPTER 52,act,0.04
2202561,CHAPTER 52,aft,0.04
2203370,CHAPTER 52,aspect,0.04
2205030,CHAPTER 52,bulwarks,0.04
2205314,CHAPTER 52,cape,0.04
2205704,CHAPTER 52,chase,0.04
2206120,CHAPTER 52,close,0.04
2207180,CHAPTER 52,course,0.04
2207242,CHAPTER 52,craft,0.04
2207333,CHAPTER 52,cried,0.04
2207681,CHAPTER 52,darted,0.04
2208684,CHAPTER 52,distance,0.04
2210262,CHAPTER 52,eyeing,0.04
2210548,CHAPTER 52,fell,0.04
2212073,CHAPTER 52,ground,0.04
2212785,CHAPTER 52,holding,0.04
2212992,CHAPTER 52,human,0.04
2213941,CHAPTER 52,instantly,0.04
2214692,CHAPTER 52,king,0.04
2215019,CHAPTER 52,leaning,0.04
2215228,CHAPTER 52,like,0.04
2215519,CHAPTER 52,lower,0.04
2215813,CHAPTER 52,man,0.04
2216214,CHAPTER 52,mere,0.04
2216736,CHAPTER 52,mouth,0.04
2216993,CHAPTER 52,nearly,0.04
2217487,CHAPTER 52,old,0.04
2217846,CHAPTER 52,pacific,0.04
2218094,CHAPTER 52,passed,0.04
2218746,CHAPTER 52,plain,0.04
2219868,CHAPTER 52,quarter,0.04
2220978,CHAPTER 52,rigging,0.04
2221350,CHAPTER 52,sailing,0.04
2221357,CHAPTER 52,sails,0.04
2221739,CHAPTER 52,seamen,0.04
2222330,CHAPTER 52,sides,0.04
2222954,CHAPTER 52,sound,0.04
2223367,CHAPTER 52,started,0.04
2223482,CHAPTER 52,stern,0.04
2224368,CHAPTER 52,taking,0.04
2225468,CHAPTER 52,turning,0.04
2226540,CHAPTER 52,vain,0.04
2226583,CHAPTER 52,various,0.04
2226697,CHAPTER 52,vessel,0.04
2226753,CHAPTER 52,view,0.04
2226874,CHAPTER 52,voice,0.04
2227134,CHAPTER 52,waves,0.04
2227251,CHAPTER 52,whale,0.04
2202641,CHAPTER 52,air,0.03
2204520,CHAPTER 52,board,0.03
2204531,CHAPTER 52,boat,0.03
2205236,CHAPTER 52,came,0.03
2205340,CHAPTER 52,captain,0.03
2207717,CHAPTER 52,days,0.03
2207802,CHAPTER 52,deck,0.03
2207843,CHAPTER 52,deep,0.03
2208801,CHAPTER 52,does,0.03
2210725,CHAPTER 52,fish,0.03
2214256,CHAPTER 52,iron,0.03
2215064,CHAPTER 52,left,0.03
2215445,CHAPTER 52,looking,0.03
2215772,CHAPTER 52,make,0.03
2217105,CHAPTER 52,new,0.03
2218912,CHAPTER 52,point,0.03
2220980,CHAPTER 52,right,0.03
2221344,CHAPTER 52,said,0.03
2221346,CHAPTER 52,sail,0.03
2221823,CHAPTER 52,seen,0.03
2221968,CHAPTER 52,set,0.03
2222680,CHAPTER 52,small,0.03
2223345,CHAPTER 52,standing,0.03
2226924,CHAPTER 52,voyage,0.03
2227117,CHAPTER 52,water,0.03
2227259,CHAPTER 52,whalemen,0.03
2227403,CHAPTER 52,wild,0.03
2227583,CHAPTER 52,word,0.03
2212264,CHAPTER 52,hand,0.02
2212453,CHAPTER 52,head,0.02
2215319,CHAPTER 52,little,0.02
2216178,CHAPTER 52,men,0.02
