,chapter,term,tfidf
45078,CHAPTER 10,queequeg,0.15
52808,CHAPTER 10,worship,0.15
43067,CHAPTER 10,pages,0.13
38347,CHAPTER 10,idol,0.12
38793,CHAPTER 10,indifference,0.12
47907,CHAPTER 10,smoke,0.12
51228,CHAPTER 10,unite,0.12
30916,CHAPTER 10,chat,0.11
38348,CHAPTER 10,idolator,0.1
44477,CHAPTER 10,presbyterian,0.1
46649,CHAPTER 10,sat,0.1
49937,CHAPTER 10,thought,0.1
32360,CHAPTER 10,counting,0.09
34156,CHAPTER 10,drawn,0.09
34188,CHAPTER 10,drew,0.09
40515,CHAPTER 10,little,0.09
40636,CHAPTER 10,looked,0.09
43063,CHAPTER 10,pagan,0.09
48112,CHAPTER 10,soon,0.09
52290,CHAPTER 10,washington,0.09
27667,CHAPTER 10,advances,0.08
28646,CHAPTER 10,astonishment,0.08
29803,CHAPTER 10,book,0.08
29840,CHAPTER 10,bosom,0.08
30846,CHAPTER 10,chapel,0.08
41009,CHAPTER 10,man,0.08
43465,CHAPTER 10,peering,0.08
50146,CHAPTER 10,tobacco,0.08
52430,CHAPTER 10,went,0.08
28283,CHAPTER 10,appeared,0.07
29246,CHAPTER 10,began,0.07
29338,CHAPTER 10,bench,0.07
35748,CHAPTER 10,fellow,0.07
37000,CHAPTER 10,god,0.07
39037,CHAPTER 10,inn,0.07
40786,CHAPTER 10,lurked,0.07
42432,CHAPTER 10,noticed,0.07
42645,CHAPTER 10,offered,0.07
46683,CHAPTER 10,savage,0.07
47546,CHAPTER 10,sights,0.07
47568,CHAPTER 10,signs,0.07
47599,CHAPTER 10,simple,0.07
48006,CHAPTER 10,social,0.07
48823,CHAPTER 10,strange,0.07
50207,CHAPTER 10,took,0.07
27196,CHAPTER 10,_that_,0.06
30776,CHAPTER 10,certain,0.06
31068,CHAPTER 10,christian,0.06
31981,CHAPTER 10,considering,0.06
34983,CHAPTER 10,equal,0.06
35131,CHAPTER 10,evening,0.06
35474,CHAPTER 10,face,0.06
36462,CHAPTER 10,friends,0.06
37649,CHAPTER 10,head,0.06
40092,CHAPTER 10,large,0.06
41291,CHAPTER 10,meaning,0.06
42412,CHAPTER 10,nose,0.06
42464,CHAPTER 10,number,0.06
45607,CHAPTER 10,regularly,0.06
46331,CHAPTER 10,room,0.06
48784,CHAPTER 10,storm,0.06
49524,CHAPTER 10,table,0.06
49999,CHAPTER 10,thrown,0.06
52599,CHAPTER 10,wild,0.06
29199,CHAPTER 10,bed,0.05
29209,CHAPTER 10,bedfellows,0.05
30313,CHAPTER 10,busts,0.05
30472,CHAPTER 10,cannibalistically,0.05
30631,CHAPTER 10,casement,0.05
31220,CHAPTER 10,clasped,0.05
31724,CHAPTER 10,comply,0.05
31952,CHAPTER 10,consciences,0.05
32365,CHAPTER 10,countryman,0.05
32371,CHAPTER 10,couples,0.05
32503,CHAPTER 10,creditor,0.05
32572,CHAPTER 10,cronies,0.05
32975,CHAPTER 10,deceits,0.05
33122,CHAPTER 10,deliberated,0.05
33543,CHAPTER 10,digester,0.05
33668,CHAPTER 10,disclosures,0.05
35015,CHAPTER 10,ergo,0.05
35846,CHAPTER 10,fifties,0.05
35847,CHAPTER 10,fiftieth,0.05
35902,CHAPTER 10,fireboard,0.05
36239,CHAPTER 10,forehead,0.05
36423,CHAPTER 10,freer,0.05
36970,CHAPTER 10,glows,0.05
37086,CHAPTER 10,graded,0.05
37862,CHAPTER 10,hideously,0.05
38028,CHAPTER 10,honeymoon,0.05
38116,CHAPTER 10,hospitalities,0.05
38297,CHAPTER 10,hypocrisies,0.05
39536,CHAPTER 10,jabbering,0.05
39900,CHAPTER 10,kissed,0.05
40078,CHAPTER 10,lap,0.05
40919,CHAPTER 10,magnets,0.05
40945,CHAPTER 10,maim,0.05
42683,CHAPTER 10,old,0.05
42937,CHAPTER 10,overawing,0.05
44591,CHAPTER 10,printing,0.05
44735,CHAPTER 10,promontories,0.05
44759,CHAPTER 10,prop,0.05
45126,CHAPTER 10,quite,0.05
45606,CHAPTER 10,regularity,0.05
45734,CHAPTER 10,remonstrate,0.05
45794,CHAPTER 10,repelled,0.05
46035,CHAPTER 10,retreating,0.05
46563,CHAPTER 10,salamed,0.05
47287,CHAPTER 10,shaved,0.05
47571,CHAPTER 10,silenced,0.05
47603,CHAPTER 10,simplicity,0.05
48005,CHAPTER 10,sociably,0.05
48015,CHAPTER 10,socratic,0.05
49661,CHAPTER 10,tattooings,0.05
49850,CHAPTER 10,thawed,0.05
49945,CHAPTER 10,thousand,0.05
50832,CHAPTER 10,unbiddenly,0.05
50933,CHAPTER 10,uncouthness,0.05
52256,CHAPTER 10,warmed,0.05
52488,CHAPTER 10,whereat,0.05
52507,CHAPTER 10,whilst,0.05
52546,CHAPTER 10,whistle,0.05
52565,CHAPTER 10,whittling,0.05
52759,CHAPTER 10,wood,0.05
52761,CHAPTER 10,wooded,0.05
27513,CHAPTER 10,acquaintances,0.04
27711,CHAPTER 10,affectionate,0.04
28228,CHAPTER 10,anxious,0.04
28313,CHAPTER 10,apply,0.04
29350,CHAPTER 10,benediction,0.04
29403,CHAPTER 10,best,0.04
29517,CHAPTER 10,biscuit,0.04
29540,CHAPTER 10,black,0.04
29577,CHAPTER 10,bland,0.04
29811,CHAPTER 10,booming,0.04
29994,CHAPTER 10,breast,0.04
30010,CHAPTER 10,bred,0.04
30067,CHAPTER 10,brighter,0.04
30153,CHAPTER 10,brows,0.04
30286,CHAPTER 10,burning,0.04
30290,CHAPTER 10,burnt,0.04
30632,CHAPTER 10,casements,0.04
31094,CHAPTER 10,church,0.04
31486,CHAPTER 10,collectedness,0.04
31587,CHAPTER 10,commence,0.04
31655,CHAPTER 10,companionship,0.04
31721,CHAPTER 10,complimented,0.04
31801,CHAPTER 10,conclude,0.04
31955,CHAPTER 10,conscious,0.04
31970,CHAPTER 10,consequently,0.04
31995,CHAPTER 10,consorted,0.04
32316,CHAPTER 10,cosy,0.04
32337,CHAPTER 10,count,0.04
32384,CHAPTER 10,courtesy,0.04
32545,CHAPTER 10,cringed,0.04
32988,CHAPTER 10,decide,0.04
33121,CHAPTER 10,deliberate,0.04
33342,CHAPTER 10,desire,0.04
33435,CHAPTER 10,developed,0.04
33623,CHAPTER 10,disagreeable,0.04
33923,CHAPTER 10,distrusted,0.04
33958,CHAPTER 10,dividing,0.04
34015,CHAPTER 10,dollars,0.04
34365,CHAPTER 10,dyspeptic,0.04
34610,CHAPTER 10,embalmed,0.04
34761,CHAPTER 10,endeavored,0.04
34852,CHAPTER 10,enlarge,0.04
35221,CHAPTER 10,exchanging,0.04
35224,CHAPTER 10,excited,0.04
35322,CHAPTER 10,expansive,0.04
35362,CHAPTER 10,explain,0.04
35563,CHAPTER 10,fancied,0.04
35728,CHAPTER 10,feelings,0.04
36461,CHAPTER 10,friendly,0.04
36463,CHAPTER 10,friendship,0.04
36714,CHAPTER 10,gathering,0.04
36770,CHAPTER 10,genial,0.04
36803,CHAPTER 10,george,0.04
36890,CHAPTER 10,gladly,0.04
37015,CHAPTER 10,going,0.04
37260,CHAPTER 10,groping,0.04
37354,CHAPTER 10,gurgling,0.04
37691,CHAPTER 10,heart,0.04
37695,CHAPTER 10,hearth,0.04
37712,CHAPTER 10,heathenish,0.04
37737,CHAPTER 10,heeded,0.04
37799,CHAPTER 10,henceforth,0.04
37860,CHAPTER 10,hide,0.04
38211,CHAPTER 10,humming,0.04
38401,CHAPTER 10,image,0.04
38691,CHAPTER 10,included,0.04
38891,CHAPTER 10,infallible,0.04
39044,CHAPTER 10,innocent,0.04
39106,CHAPTER 10,insignificant,0.04
39205,CHAPTER 10,intensity,0.04
39279,CHAPTER 10,interrupted,0.04
39418,CHAPTER 10,invited,0.04
39592,CHAPTER 10,jealous,0.04
39678,CHAPTER 10,join,0.04
39793,CHAPTER 10,jupiter,0.04
39878,CHAPTER 10,kindled,0.04
39883,CHAPTER 10,kindness,0.04
40260,CHAPTER 10,left,0.04
40424,CHAPTER 10,like,0.04
40623,CHAPTER 10,long,0.04
40641,CHAPTER 10,looking,0.04
40711,CHAPTER 10,loving,0.04
40875,CHAPTER 10,maddened,0.04
40908,CHAPTER 10,magnanimous,0.04
41141,CHAPTER 10,marred,0.04
41144,CHAPTER 10,married,0.04
41309,CHAPTER 10,mechanically,0.04
41358,CHAPTER 10,melting,0.04
41751,CHAPTER 10,moment,0.04
41857,CHAPTER 10,morning,0.04
41984,CHAPTER 10,multitude,0.04
42078,CHAPTER 10,mysteriously,0.04
42332,CHAPTER 10,night,0.04
43064,CHAPTER 10,pagans,0.04
43065,CHAPTER 10,page,0.04
43178,CHAPTER 10,paper,0.04
43714,CHAPTER 10,phantoms,0.04
43736,CHAPTER 10,philosopher,0.04
43737,CHAPTER 10,philosophers,0.04
43743,CHAPTER 10,philosophy,0.04
43751,CHAPTER 10,phrase,0.04
43756,CHAPTER 10,phrenologically,0.04
43790,CHAPTER 10,pictures,0.04
43933,CHAPTER 10,placing,0.04
43959,CHAPTER 10,planet,0.04
44092,CHAPTER 10,pockets,0.04
44200,CHAPTER 10,popular,0.04
44238,CHAPTER 10,portions,0.04
44310,CHAPTER 10,pouch,0.04
44325,CHAPTER 10,pouring,0.04
44367,CHAPTER 10,prayers,0.04
44450,CHAPTER 10,premature,0.04
44486,CHAPTER 10,presence,0.04
44504,CHAPTER 10,preserving,0.04
44533,CHAPTER 10,pretending,0.04
44657,CHAPTER 10,producing,0.04
44787,CHAPTER 10,proposed,0.04
44906,CHAPTER 10,puff,0.04
44909,CHAPTER 10,puffs,0.04
45494,CHAPTER 10,redeemed,0.04
45538,CHAPTER 10,referring,0.04
45674,CHAPTER 10,relief,0.04
45719,CHAPTER 10,reminded,0.04
46044,CHAPTER 10,returning,0.04
46160,CHAPTER 10,ridiculous,0.04
46445,CHAPTER 10,rules,0.04
46741,CHAPTER 10,scanning,0.04
47088,CHAPTER 10,sensible,0.04
47132,CHAPTER 10,serenity,0.04
47209,CHAPTER 10,shades,0.04
47290,CHAPTER 10,shavings,0.04
47838,CHAPTER 10,slope,0.04
48119,CHAPTER 10,soothing,0.04
48361,CHAPTER 10,splintered,0.04
48409,CHAPTER 10,spouter,0.04
48425,CHAPTER 10,spreading,0.04
48497,CHAPTER 10,stage,0.04
48999,CHAPTER 10,sublime,0.04
49293,CHAPTER 10,surely,0.04
49509,CHAPTER 10,symptoms,0.04
49647,CHAPTER 10,taste,0.04
49890,CHAPTER 10,thickly,0.04
49970,CHAPTER 10,thrice,0.04
50079,CHAPTER 10,times,0.04
50171,CHAPTER 10,tokens,0.04
50180,CHAPTER 10,tomahawk,0.04
50310,CHAPTER 10,traces,0.04
50663,CHAPTER 10,turned,0.04
50683,CHAPTER 10,twain,0.04
51030,CHAPTER 10,undressed,0.04
51707,CHAPTER 10,utterance,0.04
51719,CHAPTER 10,vacantly,0.04
51843,CHAPTER 10,venture,0.04
52185,CHAPTER 10,waking,0.04
52197,CHAPTER 10,wallet,0.04
52339,CHAPTER 10,way,0.04
52674,CHAPTER 10,wisdom,0.04
52731,CHAPTER 10,wolfish,0.04
52815,CHAPTER 10,worshipping,0.04
27989,CHAPTER 10,altogether,0.03
28558,CHAPTER 10,ask,0.03
29168,CHAPTER 10,bearing,0.03
29256,CHAPTER 10,begin,0.03
29286,CHAPTER 10,beings,0.03
29523,CHAPTER 10,bit,0.03
29763,CHAPTER 10,bold,0.03
29833,CHAPTER 10,born,0.03
30510,CHAPTER 10,cape,0.03
31114,CHAPTER 10,circle,0.03
31178,CHAPTER 10,civilized,0.03
31318,CHAPTER 10,closely,0.03
31863,CHAPTER 10,confidential,0.03
32072,CHAPTER 10,content,0.03
32339,CHAPTER 10,countenance,0.03
32363,CHAPTER 10,country,0.03
32857,CHAPTER 10,dare,0.03
33446,CHAPTER 10,devils,0.03
33518,CHAPTER 10,die,0.03
34009,CHAPTER 10,doing,0.03
34087,CHAPTER 10,doubt,0.03
34393,CHAPTER 10,ease,0.03
34804,CHAPTER 10,engaged,0.03
34870,CHAPTER 10,enormous,0.03
34921,CHAPTER 10,entirely,0.03
35176,CHAPTER 10,exactly,0.03
35205,CHAPTER 10,excellent,0.03
35559,CHAPTER 10,famous,0.03
35754,CHAPTER 10,felt,0.03
35841,CHAPTER 10,fiery,0.03
35973,CHAPTER 10,flame,0.03
36175,CHAPTER 10,follow,0.03
36458,CHAPTER 10,friend,0.03
36792,CHAPTER 10,gently,0.03
36876,CHAPTER 10,gives,0.03
36877,CHAPTER 10,giving,0.03
36892,CHAPTER 10,glance,0.03
37460,CHAPTER 10,hand,0.03
37705,CHAPTER 10,hearts,0.03
37778,CHAPTER 10,helped,0.03
37916,CHAPTER 10,hints,0.03
37998,CHAPTER 10,hollow,0.03
38022,CHAPTER 10,honest,0.03
38082,CHAPTER 10,horn,0.03
38311,CHAPTER 10,ice,0.03
38558,CHAPTER 10,impossible,0.03
39502,CHAPTER 10,ishmael,0.03
39538,CHAPTER 10,jack,0.03
39828,CHAPTER 10,keeping,0.03
39926,CHAPTER 10,knife,0.03
39952,CHAPTER 10,know,0.03
39954,CHAPTER 10,knowing,0.03
40386,CHAPTER 10,lie,0.03
40433,CHAPTER 10,likewise,0.03
40600,CHAPTER 10,lofty,0.03
40619,CHAPTER 10,lonely,0.03
40714,CHAPTER 10,low,0.03
41175,CHAPTER 10,marvellous,0.03
41522,CHAPTER 10,mild,0.03
41528,CHAPTER 10,miles,0.03
41870,CHAPTER 10,mortals,0.03
42161,CHAPTER 10,naturally,0.03
42189,CHAPTER 10,nearly,0.03
42219,CHAPTER 10,need,0.03
42242,CHAPTER 10,negro,0.03
42599,CHAPTER 10,occupied,0.03
42880,CHAPTER 10,outer,0.03
43089,CHAPTER 10,pair,0.03
43298,CHAPTER 10,passing,0.03
43398,CHAPTER 10,peace,0.03
43795,CHAPTER 10,piece,0.03
43874,CHAPTER 10,pipe,0.03
44014,CHAPTER 10,pleasant,0.03
44017,CHAPTER 10,pleased,0.03
44269,CHAPTER 10,possibly,0.03
44494,CHAPTER 10,presently,0.03
44513,CHAPTER 10,pressed,0.03
44543,CHAPTER 10,pretty,0.03
44713,CHAPTER 10,projecting,0.03
44842,CHAPTER 10,proved,0.03
45004,CHAPTER 10,pushed,0.03
45117,CHAPTER 10,quietly,0.03
45748,CHAPTER 10,removed,0.03
46368,CHAPTER 10,round,0.03
46540,CHAPTER 10,said,0.03
46686,CHAPTER 10,savages,0.03
47019,CHAPTER 10,seen,0.03
47047,CHAPTER 10,self,0.03
47573,CHAPTER 10,silent,0.03
47584,CHAPTER 10,silver,0.03
47625,CHAPTER 10,singular,0.03
47666,CHAPTER 10,sitting,0.03
47772,CHAPTER 10,sleep,0.03
47777,CHAPTER 10,sleeping,0.03
48054,CHAPTER 10,solemn,0.03
48080,CHAPTER 10,solitary,0.03
48149,CHAPTER 10,souls,0.03
48220,CHAPTER 10,speaking,0.03
48335,CHAPTER 10,spirit,0.03
48610,CHAPTER 10,stay,0.03
48770,CHAPTER 10,stopping,0.03
48794,CHAPTER 10,stove,0.03
48896,CHAPTER 10,striving,0.03
49254,CHAPTER 10,supper,0.03
49276,CHAPTER 10,suppose,0.03
49443,CHAPTER 10,swells,0.03
49573,CHAPTER 10,talk,0.03
49899,CHAPTER 10,thing,0.03
49922,CHAPTER 10,thirty,0.03
50075,CHAPTER 10,time,0.03
50172,CHAPTER 10,told,0.03
50276,CHAPTER 10,touch,0.03
50299,CHAPTER 10,town,0.03
50565,CHAPTER 10,troubled,0.03
50575,CHAPTER 10,trowsers,0.03
50693,CHAPTER 10,twice,0.03
51045,CHAPTER 10,unearthly,0.03
51704,CHAPTER 10,utmost,0.03
52164,CHAPTER 10,waist,0.03
52308,CHAPTER 10,watching,0.03
52568,CHAPTER 10,wholly,0.03
52593,CHAPTER 10,wife,0.03
52680,CHAPTER 10,wish,0.03
52733,CHAPTER 10,woman,0.03
52795,CHAPTER 10,world,0.03
27837,CHAPTER 10,air,0.02
28445,CHAPTER 10,arm,0.02
30122,CHAPTER 10,broken,0.02
30415,CHAPTER 10,calm,0.02
30629,CHAPTER 10,case,0.02
31316,CHAPTER 10,close,0.02
33039,CHAPTER 10,deep,0.02
34386,CHAPTER 10,earth,0.02
35049,CHAPTER 10,especially,0.02
35462,CHAPTER 10,eyes,0.02
35724,CHAPTER 10,feel,0.02
35731,CHAPTER 10,feet,0.02
35883,CHAPTER 10,fine,0.02
36303,CHAPTER 10,form,0.02
36753,CHAPTER 10,general,0.02
37027,CHAPTER 10,good,0.02
37422,CHAPTER 10,half,0.02
37523,CHAPTER 10,hard,0.02
37629,CHAPTER 10,having,0.02
37678,CHAPTER 10,hear,0.02
37679,CHAPTER 10,heard,0.02
37717,CHAPTER 10,heaven,0.02
37981,CHAPTER 10,holding,0.02
38007,CHAPTER 10,home,0.02
40174,CHAPTER 10,lay,0.02
40325,CHAPTER 10,let,0.02
40536,CHAPTER 10,living,0.02
40541,CHAPTER 10,ll,0.02
41295,CHAPTER 10,means,0.02
41515,CHAPTER 10,mighty,0.02
42162,CHAPTER 10,nature,0.02
42184,CHAPTER 10,near,0.02
42729,CHAPTER 10,open,0.02
43266,CHAPTER 10,particular,0.02
43532,CHAPTER 10,people,0.02
43924,CHAPTER 10,place,0.02
44487,CHAPTER 10,present,0.02
44553,CHAPTER 10,previous,0.02
44982,CHAPTER 10,purpose,0.02
46702,CHAPTER 10,saw,0.02
46935,CHAPTER 10,seamen,0.02
46967,CHAPTER 10,second,0.02
47543,CHAPTER 10,sight,0.02
47623,CHAPTER 10,single,0.02
48146,CHAPTER 10,soul,0.02
48913,CHAPTER 10,struck,0.02
49090,CHAPTER 10,sudden,0.02
49900,CHAPTER 10,things,0.02
49944,CHAPTER 10,thoughts,0.02
50065,CHAPTER 10,till,0.02
50582,CHAPTER 10,true,0.02
50607,CHAPTER 10,try,0.02
50662,CHAPTER 10,turn,0.02
51779,CHAPTER 10,various,0.02
52987,CHAPTER 10,yes,0.02
28838,CHAPTER 10,away,0.01
33514,CHAPTER 10,did,0.01
35582,CHAPTER 10,far,0.01
46710,CHAPTER 10,say,0.01
