,chapter,term,tfidf
3443291,CHAPTER 94,squeeze,0.36
3443095,CHAPTER 94,sperm,0.22
3443293,CHAPTER 94,squeezing,0.2
3432295,CHAPTER 94,hands,0.13
3424504,CHAPTER 94,blubber,0.12
3431420,CHAPTER 94,gaffman,0.1
3431759,CHAPTER 94,globules,0.1
3435581,CHAPTER 94,lumps,0.1
3442999,CHAPTER 94,spade,0.1
3443292,CHAPTER 94,squeezed,0.1
3423925,CHAPTER 94,bath,0.09
3431419,CHAPTER 94,gaff,0.09
3446652,CHAPTER 94,venison,0.09
3432921,CHAPTER 94,horse,0.08
3439036,CHAPTER 94,portable,0.08
3443847,CHAPTER 94,substance,0.08
3444464,CHAPTER 94,tasted,0.08
3447263,CHAPTER 94,whale,0.08
3424400,CHAPTER 94,blanket,0.07
3431597,CHAPTER 94,gentle,0.07
3435240,CHAPTER 94,like,0.07
3438634,CHAPTER 94,pike,0.07
3439534,CHAPTER 94,prolonged,0.07
3441767,CHAPTER 94,season,0.07
3442132,CHAPTER 94,sheet,0.07
3444600,CHAPTER 94,term,0.07
3444974,CHAPTER 94,toes,0.07
3445423,CHAPTER 94,try,0.07
3445432,CHAPTER 94,tubs,0.07
3425123,CHAPTER 94,business,0.06
3425445,CHAPTER 94,case,0.06
3429160,CHAPTER 94,duty,0.06
3430707,CHAPTER 94,fingers,0.06
3433190,CHAPTER 94,ill,0.06
3438358,CHAPTER 94,perceived,0.06
3438612,CHAPTER 94,pieces,0.06
3439370,CHAPTER 94,previously,0.06
3441147,CHAPTER 94,room,0.06
3444425,CHAPTER 94,tapering,0.06
3447271,CHAPTER 94,whalemen,0.06
3447610,CHAPTER 94,works,0.06
3422312,CHAPTER 94,acerbities,0.05
3422728,CHAPTER 94,allaying,0.05
3423280,CHAPTER 94,aroma,0.05
3423307,CHAPTER 94,arrives,0.05
3423429,CHAPTER 94,assistants,0.05
3423506,CHAPTER 94,attainable,0.05
3423626,CHAPTER 94,averages,0.05
3423636,CHAPTER 94,avocation,0.05
3423928,CHAPTER 94,bathing,0.05
3424195,CHAPTER 94,berkshire,0.05
3424228,CHAPTER 94,bestreaked,0.05
3425224,CHAPTER 94,called,0.05
3425633,CHAPTER 94,champagne,0.05
3425983,CHAPTER 94,citron,0.05
3426066,CHAPTER 94,clearer,0.05
3426191,CHAPTER 94,coalescing,0.05
3426627,CHAPTER 94,concreted,0.05
3426719,CHAPTER 94,congealed,0.05
3426821,CHAPTER 94,constantine,0.05
3427122,CHAPTER 94,cosmetic,0.05
3427477,CHAPTER 94,crystallized,0.05
3427577,CHAPTER 94,cutlet,0.05
3427582,CHAPTER 94,cutting,0.05
3427778,CHAPTER 94,decanting,0.05
3427920,CHAPTER 94,degree,0.05
3428151,CHAPTER 94,designates,0.05
3428503,CHAPTER 94,discoursing,0.05
3429271,CHAPTER 94,edgewise,0.05
3429291,CHAPTER 94,eels,0.05
3429773,CHAPTER 94,envy,0.05
3430570,CHAPTER 94,felt,0.05
3431792,CHAPTER 94,glutinous,0.05
3432078,CHAPTER 94,gros,0.05
3432172,CHAPTER 94,gurry,0.05
3432835,CHAPTER 94,hone,0.05
3433367,CHAPTER 94,imports,0.05
3433429,CHAPTER 94,impurities,0.05
3433613,CHAPTER 94,indigenous,0.05
3433677,CHAPTER 94,ineffably,0.05
3435006,CHAPTER 94,le,0.05
3435141,CHAPTER 94,let,0.05
3435164,CHAPTER 94,leviathan,0.05
3435593,CHAPTER 94,lurches,0.05
3436178,CHAPTER 94,membranes,0.05
3436372,CHAPTER 94,mincer,0.05
3436562,CHAPTER 94,molifier,0.05
3436718,CHAPTER 94,mottled,0.05
3437169,CHAPTER 94,nipper,0.05
3437170,CHAPTER 94,nippers,0.05
3437353,CHAPTER 94,oblongs,0.05
3437542,CHAPTER 94,oozy,0.05
3437556,CHAPTER 94,operates,0.05
3437590,CHAPTER 94,opulence,0.05
3437906,CHAPTER 94,pairs,0.05
3437999,CHAPTER 94,paracelsan,0.05
3438076,CHAPTER 94,participating,0.05
3438891,CHAPTER 94,plums,0.05
3439581,CHAPTER 94,proper,0.05
3440227,CHAPTER 94,receptacle,0.05
3440279,CHAPTER 94,recondite,0.05
3440380,CHAPTER 94,refreshing,0.05
3440960,CHAPTER 94,richly,0.05
3441227,CHAPTER 94,rubies,0.05
3441285,CHAPTER 94,ruptured,0.05
3441339,CHAPTER 94,saddle,0.05
3441465,CHAPTER 94,sat,0.05
3441918,CHAPTER 94,sentimentally,0.05
3441960,CHAPTER 94,serpentine,0.05
3442213,CHAPTER 94,shoeless,0.05
3442650,CHAPTER 94,slobgollion,0.05
3442839,CHAPTER 94,softener,0.05
3443000,CHAPTER 94,spademan,0.05
3443139,CHAPTER 94,spiralise,0.05
3443295,CHAPTER 94,squilgee,0.05
3443359,CHAPTER 94,stands,0.05
3443698,CHAPTER 94,stringy,0.05
3443710,CHAPTER 94,strives,0.05
3444246,CHAPTER 94,sweetener,0.05
3444703,CHAPTER 94,thicker,0.05
3444924,CHAPTER 94,tint,0.05
3444941,CHAPTER 94,tissues,0.05
3445563,CHAPTER 94,tyros,0.05
3445739,CHAPTER 94,uncontaminated,0.05
3446808,CHAPTER 94,vineyards,0.05
3446809,CHAPTER 94,vintage,0.05
3446881,CHAPTER 94,vocabulary,0.05
3447569,CHAPTER 94,wondrously,0.05
3447609,CHAPTER 94,workmen,0.05
3422399,CHAPTER 94,adhering,0.04
3422527,CHAPTER 94,affectionate,0.04
3422668,CHAPTER 94,akin,0.04
3422768,CHAPTER 94,allures,0.04
3422938,CHAPTER 94,anger,0.04
3423051,CHAPTER 94,apartment,0.04
3423104,CHAPTER 94,appellation,0.04
3423459,CHAPTER 94,astonished,0.04
3423762,CHAPTER 94,baling,0.04
3423927,CHAPTER 94,bathed,0.04
3424062,CHAPTER 94,began,0.04
3424100,CHAPTER 94,behooves,0.04
3424140,CHAPTER 94,belonging,0.04
3424225,CHAPTER 94,bestowed,0.04
3424395,CHAPTER 94,blandishments,0.04
3424536,CHAPTER 94,boarding,0.04
3425870,CHAPTER 94,chopping,0.04
3426592,CHAPTER 94,conceive,0.04
3426868,CHAPTER 94,contains,0.04
3426877,CHAPTER 94,contemporary,0.04
3427003,CHAPTER 94,convivial,0.04
3427021,CHAPTER 94,cooled,0.04
3427217,CHAPTER 94,covers,0.04
3427316,CHAPTER 94,credit,0.04
3427359,CHAPTER 94,crimson,0.04
3427572,CHAPTER 94,cut,0.04
3427579,CHAPTER 94,cuts,0.04
3427755,CHAPTER 94,dearly,0.04
3427822,CHAPTER 94,declare,0.04
3427860,CHAPTER 94,deepest,0.04
3427948,CHAPTER 94,delicious,0.04
3428216,CHAPTER 94,detailed,0.04
3428467,CHAPTER 94,discharged,0.04
3428777,CHAPTER 94,divinely,0.04
3428894,CHAPTER 94,dotted,0.04
3428939,CHAPTER 94,dragging,0.04
3429105,CHAPTER 94,duly,0.04
3429823,CHAPTER 94,ere,0.04
3429906,CHAPTER 94,eternally,0.04
3430091,CHAPTER 94,exertion,0.04
3430166,CHAPTER 94,experiences,0.04
3430482,CHAPTER 94,favourite,0.04
3430556,CHAPTER 94,felicity,0.04
3430723,CHAPTER 94,fireside,0.04
3431064,CHAPTER 94,foremast,0.04
3431109,CHAPTER 94,forgot,0.04
3431192,CHAPTER 94,fragmentary,0.04
3431277,CHAPTER 94,friendly,0.04
3431281,CHAPTER 94,frigate,0.04
3431831,CHAPTER 94,going,0.04
3431941,CHAPTER 94,grapes,0.04
3432507,CHAPTER 94,heart,0.04
3432567,CHAPTER 94,heidelburgh,0.04
3432779,CHAPTER 94,hoe,0.04
3432792,CHAPTER 94,hold,0.04
3432870,CHAPTER 94,hooks,0.04
3433174,CHAPTER 94,ignoble,0.04
3433485,CHAPTER 94,incidentally,0.04
3433654,CHAPTER 94,indolent,0.04
3433701,CHAPTER 94,inexpressible,0.04
3433742,CHAPTER 94,infiltrated,0.04
3433851,CHAPTER 94,inmates,0.04
3433893,CHAPTER 94,insanity,0.04
3434001,CHAPTER 94,intellect,0.04
3434294,CHAPTER 94,irresistibly,0.04
3434391,CHAPTER 94,jar,0.04
3434699,CHAPTER 94,kindness,0.04
3434793,CHAPTER 94,laborers,0.04
3435049,CHAPTER 94,leathern,0.04
3435090,CHAPTER 94,legged,0.04
3435303,CHAPTER 94,liquid,0.04
3435322,CHAPTER 94,literally,0.04
3435507,CHAPTER 94,louis,0.04
3435527,CHAPTER 94,loving,0.04
3435865,CHAPTER 94,manipulated,0.04
3436094,CHAPTER 94,meadow,0.04
3436173,CHAPTER 94,melted,0.04
3436474,CHAPTER 94,mistaking,0.04
3436833,CHAPTER 94,muscle,0.04
3436851,CHAPTER 94,musky,0.04
3437318,CHAPTER 94,oath,0.04
3437394,CHAPTER 94,obtained,0.04
3437495,CHAPTER 94,oily,0.04
3437559,CHAPTER 94,operations,0.04
3438005,CHAPTER 94,paradise,0.04
3438522,CHAPTER 94,petulance,0.04
3438714,CHAPTER 94,pitches,0.04
3438749,CHAPTER 94,placing,0.04
3438878,CHAPTER 94,plum,0.04
3439054,CHAPTER 94,portions,0.04
3439286,CHAPTER 94,preparing,0.04
3439719,CHAPTER 94,pudding,0.04
3439775,CHAPTER 94,purchased,0.04
3439793,CHAPTER 94,purple,0.04
3439831,CHAPTER 94,puzzling,0.04
3441038,CHAPTER 94,ripe,0.04
3441677,CHAPTER 94,scraped,0.04
3441944,CHAPTER 94,serenely,0.04
3442000,CHAPTER 94,severed,0.04
3442158,CHAPTER 94,shift,0.04
3442585,CHAPTER 94,sledge,0.04
3442645,CHAPTER 94,slipping,0.04
3442788,CHAPTER 94,snowy,0.04
3442790,CHAPTER 94,snuffed,0.04
3443221,CHAPTER 94,spots,0.04
3443563,CHAPTER 94,stole,0.04
3443685,CHAPTER 94,strictly,0.04
3443699,CHAPTER 94,strip,0.04
3443707,CHAPTER 94,stript,0.04
3444060,CHAPTER 94,superstition,0.04
3444095,CHAPTER 94,supposing,0.04
3444575,CHAPTER 94,tendinous,0.04
3444577,CHAPTER 94,tendons,0.04
3444707,CHAPTER 94,thickness,0.04
3444710,CHAPTER 94,thigh,0.04
3444891,CHAPTER 94,time,0.04
3445101,CHAPTER 94,tough,0.04
3445169,CHAPTER 94,tranquil,0.04
3445458,CHAPTER 94,tun,0.04
3445755,CHAPTER 94,unctuous,0.04
3445756,CHAPTER 94,unctuousness,0.04
3446051,CHAPTER 94,universally,0.04
3446404,CHAPTER 94,unusually,0.04
3446436,CHAPTER 94,unwittingly,0.04
3446721,CHAPTER 94,veteran,0.04
3446823,CHAPTER 94,violets,0.04
3446847,CHAPTER 94,visions,0.04
3446951,CHAPTER 94,wad,0.04
3447103,CHAPTER 94,washed,0.04
3447284,CHAPTER 94,whatsoever,0.04
3447647,CHAPTER 94,woven,0.04
3422185,CHAPTER 94,abounding,0.03
3422395,CHAPTER 94,adequately,0.03
3422520,CHAPTER 94,affair,0.03
3422936,CHAPTER 94,angels,0.03
3422989,CHAPTER 94,anon,0.03
3423127,CHAPTER 94,applied,0.03
3423306,CHAPTER 94,arrived,0.03
3423654,CHAPTER 94,away,0.03
3424001,CHAPTER 94,beautiful,0.03
3424064,CHAPTER 94,beget,0.03
3424094,CHAPTER 94,behold,0.03
3424102,CHAPTER 94,beings,0.03
3424348,CHAPTER 94,bitter,0.03
3424480,CHAPTER 94,blocks,0.03
3424937,CHAPTER 94,broke,0.03
3425383,CHAPTER 94,carefully,0.03
3425449,CHAPTER 94,cases,0.03
3425780,CHAPTER 94,cherish,0.03
3426588,CHAPTER 94,conceit,0.03
3426667,CHAPTER 94,confess,0.03
3426790,CHAPTER 94,considerable,0.03
3426894,CHAPTER 94,contents,0.03
3426906,CHAPTER 94,continually,0.03
3427179,CHAPTER 94,country,0.03
3427398,CHAPTER 94,cross,0.03
3427753,CHAPTER 94,dear,0.03
3427814,CHAPTER 94,deck,0.03
3427818,CHAPTER 94,decks,0.03
3428118,CHAPTER 94,descend,0.03
3429103,CHAPTER 94,dull,0.03
3429209,CHAPTER 94,ease,0.03
3429226,CHAPTER 94,eating,0.03
3429510,CHAPTER 94,employed,0.03
3429954,CHAPTER 94,eventually,0.03
3430016,CHAPTER 94,exceedingly,0.03
3430384,CHAPTER 94,fancy,0.03
3430542,CHAPTER 94,feeling,0.03
3430684,CHAPTER 94,filled,0.03
3430728,CHAPTER 94,firm,0.03
3430742,CHAPTER 94,fishermen,0.03
3430846,CHAPTER 94,flesh,0.03
3430930,CHAPTER 94,fluid,0.03
3430936,CHAPTER 94,flukes,0.03
3431257,CHAPTER 94,frequently,0.03
3431352,CHAPTER 94,fully,0.03
3431741,CHAPTER 94,gliding,0.03
3431836,CHAPTER 94,golden,0.03
3432009,CHAPTER 94,greenland,0.03
3432524,CHAPTER 94,heat,0.03
3432788,CHAPTER 94,hoisted,0.03
3432790,CHAPTER 94,hoisting,0.03
3432867,CHAPTER 94,hook,0.03
3432911,CHAPTER 94,horrible,0.03
3433030,CHAPTER 94,humor,0.03
3433056,CHAPTER 94,hunt,0.03
3433481,CHAPTER 94,inch,0.03
3433729,CHAPTER 94,inferior,0.03
3434681,CHAPTER 94,killed,0.03
3434887,CHAPTER 94,lantern,0.03
3434912,CHAPTER 94,larger,0.03
3435041,CHAPTER 94,learn,0.03
3435320,CHAPTER 94,lit,0.03
3435337,CHAPTER 94,lived,0.03
3435439,CHAPTER 94,long,0.03
3435441,CHAPTER 94,longer,0.03
3435715,CHAPTER 94,magic,0.03
3435805,CHAPTER 94,malice,0.03
3435825,CHAPTER 94,man,0.03
3435914,CHAPTER 94,marble,0.03
3436064,CHAPTER 94,matters,0.03
3436208,CHAPTER 94,mentioned,0.03
3436350,CHAPTER 94,milk,0.03
3436402,CHAPTER 94,minutes,0.03
3436756,CHAPTER 94,moved,0.03
3436925,CHAPTER 94,nameless,0.03
3436998,CHAPTER 94,nay,0.03
3437148,CHAPTER 94,night,0.03
3437415,CHAPTER 94,occupied,0.03
3437639,CHAPTER 94,original,0.03
3438427,CHAPTER 94,perpendicularly,0.03
3438606,CHAPTER 94,pictures,0.03
3439582,CHAPTER 94,properly,0.03
3440088,CHAPTER 94,rare,0.03
3440423,CHAPTER 94,regularly,0.03
3440605,CHAPTER 94,repeated,0.03
3440956,CHAPTER 94,rich,0.03
3440992,CHAPTER 94,right,0.03
3441211,CHAPTER 94,rows,0.03
3441213,CHAPTER 94,royal,0.03
3441564,CHAPTER 94,scarce,0.03
3441581,CHAPTER 94,scene,0.03
3442177,CHAPTER 94,ship,0.03
3442404,CHAPTER 94,similar,0.03
3442441,CHAPTER 94,singular,0.03
3442490,CHAPTER 94,size,0.03
3442541,CHAPTER 94,sky,0.03
3442616,CHAPTER 94,slide,0.03
3442624,CHAPTER 94,slightest,0.03
3442703,CHAPTER 94,smell,0.03
3442822,CHAPTER 94,social,0.03
3442836,CHAPTER 94,soft,0.03
3442954,CHAPTER 94,sort,0.03
3442965,CHAPTER 94,souls,0.03
3442995,CHAPTER 94,space,0.03
3443096,CHAPTER 94,spermaceti,0.03
3443161,CHAPTER 94,spite,0.03
3443243,CHAPTER 94,spring,0.03
3443765,CHAPTER 94,stuff,0.03
3443837,CHAPTER 94,subsequent,0.03
3444245,CHAPTER 94,sweet,0.03
3444340,CHAPTER 94,table,0.03
3444389,CHAPTER 94,talk,0.03
3444623,CHAPTER 94,terror,0.03
3444881,CHAPTER 94,till,0.03
3445401,CHAPTER 94,truly,0.03
3445484,CHAPTER 94,turns,0.03
3446833,CHAPTER 94,virtue,0.03
3447171,CHAPTER 94,weapon,0.03
3447368,CHAPTER 94,white,0.03
3447409,CHAPTER 94,wife,0.03
3447453,CHAPTER 94,windlass,0.03
3447465,CHAPTER 94,wine,0.03
3424015,CHAPTER 94,bed,0.02
3424219,CHAPTER 94,best,0.02
3424508,CHAPTER 94,blue,0.02
3424543,CHAPTER 94,boat,0.02
3424963,CHAPTER 94,brought,0.02
3425248,CHAPTER 94,came,0.02
3425592,CHAPTER 94,certain,0.02
3426064,CHAPTER 94,clear,0.02
3426370,CHAPTER 94,come,0.02
3426376,CHAPTER 94,comes,0.02
3427192,CHAPTER 94,course,0.02
3427680,CHAPTER 94,dark,0.02
3429865,CHAPTER 94,especially,0.02
3430278,CHAPTER 94,eyes,0.02
3430540,CHAPTER 94,feel,0.02
3430547,CHAPTER 94,feet,0.02
3430564,CHAPTER 94,fellow,0.02
3430699,CHAPTER 94,fine,0.02
3430737,CHAPTER 94,fish,0.02
3431231,CHAPTER 94,free,0.02
3431574,CHAPTER 94,generally,0.02
3431841,CHAPTER 94,gone,0.02
3432085,CHAPTER 94,ground,0.02
3432339,CHAPTER 94,hard,0.02
3432445,CHAPTER 94,having,0.02
3432949,CHAPTER 94,hour,0.02
3434268,CHAPTER 94,iron,0.02
3434768,CHAPTER 94,know,0.02
3434908,CHAPTER 94,large,0.02
3435076,CHAPTER 94,left,0.02
3435457,CHAPTER 94,looking,0.02
3435531,CHAPTER 94,lower,0.02
3435784,CHAPTER 94,make,0.02
3436673,CHAPTER 94,morning,0.02
3436978,CHAPTER 94,nature,0.02
3437333,CHAPTER 94,object,0.02
3437489,CHAPTER 94,oh,0.02
3437491,CHAPTER 94,oil,0.02
3437499,CHAPTER 94,old,0.02
3438082,CHAPTER 94,particular,0.02
3438097,CHAPTER 94,parts,0.02
3438354,CHAPTER 94,pequod,0.02
3438740,CHAPTER 94,place,0.02
3440162,CHAPTER 94,ready,0.02
3440185,CHAPTER 94,reason,0.02
3440792,CHAPTER 94,rest,0.02
3441126,CHAPTER 94,rolling,0.02
3441358,CHAPTER 94,sail,0.02
3441518,CHAPTER 94,saw,0.02
3442091,CHAPTER 94,sharp,0.02
3442232,CHAPTER 94,short,0.02
3442928,CHAPTER 94,soon,0.02
3443033,CHAPTER 94,speak,0.02
3443639,CHAPTER 94,strange,0.02
3443640,CHAPTER 94,strangely,0.02
3443742,CHAPTER 94,stubb,0.02
3444367,CHAPTER 94,tail,0.02
3444716,CHAPTER 94,things,0.02
3444760,CHAPTER 94,thoughts,0.02
3444895,CHAPTER 94,times,0.02
3446498,CHAPTER 94,used,0.02
3447270,CHAPTER 94,whaleman,0.02
3447279,CHAPTER 94,whaling,0.02
3447556,CHAPTER 94,wonder,0.02
3447595,CHAPTER 94,word,0.02
3427724,CHAPTER 94,day,0.01
3428330,CHAPTER 94,did,0.01
3435451,CHAPTER 94,look,0.01
3436190,CHAPTER 94,men,0.01
3441184,CHAPTER 94,round,0.01
3441526,CHAPTER 94,say,0.01
3444715,CHAPTER 94,thing,0.01
3447155,CHAPTER 94,way,0.01
