,chapter,term,tfidf
628562,CHAPTER 12,queequeg,0.28
614556,CHAPTER 12,christians,0.21
619122,CHAPTER 12,father,0.2
613966,CHAPTER 12,canoe,0.15
616826,CHAPTER 12,desire,0.15
633373,CHAPTER 12,thickets,0.12
614548,CHAPTER 12,christendom,0.11
622988,CHAPTER 12,island,0.11
630015,CHAPTER 12,sag,0.11
635067,CHAPTER 12,untutored,0.11
633656,CHAPTER 12,told,0.1
612044,CHAPTER 12,asked,0.09
620998,CHAPTER 12,harbor,0.09
623372,CHAPTER 12,king,0.09
630845,CHAPTER 12,ship,0.09
636059,CHAPTER 12,wicked,0.09
611663,CHAPTER 12,answered,0.08
625639,CHAPTER 12,native,0.08
626547,CHAPTER 12,pagan,0.08
636083,CHAPTER 12,wild,0.08
614020,CHAPTER 12,captain,0.07
616384,CHAPTER 12,dauntlessness,0.07
619238,CHAPTER 12,felt,0.07
620478,CHAPTER 12,goats,0.07
620614,CHAPTER 12,grappled,0.07
621041,CHAPTER 12,harpooneer,0.07
621072,CHAPTER 12,hatched,0.07
621197,CHAPTER 12,heathens,0.07
624198,CHAPTER 12,low,0.07
624514,CHAPTER 12,mangrove,0.07
625800,CHAPTER 12,nibbling,0.07
625988,CHAPTER 12,oats,0.07
626167,CHAPTER 12,old,0.07
627785,CHAPTER 12,potluck,0.07
629149,CHAPTER 12,relented,0.07
630259,CHAPTER 12,sceptre,0.07
630493,CHAPTER 12,seeing,0.07
630861,CHAPTER 12,shipyards,0.07
631596,CHAPTER 12,soon,0.07
634434,CHAPTER 12,undefiled,0.07
634598,CHAPTER 12,unfitted,0.07
635535,CHAPTER 12,vitiated,0.07
635671,CHAPTER 12,wales,0.07
610943,CHAPTER 12,accompany,0.06
611031,CHAPTER 12,actuated,0.06
611194,CHAPTER 12,affection,0.06
611501,CHAPTER 12,ambitious,0.06
612016,CHAPTER 12,arts,0.06
612081,CHAPTER 12,assented,0.06
612246,CHAPTER 12,aunts,0.06
612504,CHAPTER 12,baptized,0.06
613207,CHAPTER 12,boasted,0.06
613674,CHAPTER 12,budged,0.06
614014,CHAPTER 12,capsized,0.06
614555,CHAPTER 12,christianity,0.06
614648,CHAPTER 12,cities,0.06
614771,CHAPTER 12,climbed,0.06
614826,CHAPTER 12,clout,0.06
615187,CHAPTER 12,complement,0.06
615850,CHAPTER 12,countrymen,0.06
616242,CHAPTER 12,cutlass,0.06
616816,CHAPTER 12,design,0.06
617199,CHAPTER 12,disdained,0.06
618343,CHAPTER 12,enlightening,0.06
619194,CHAPTER 12,feeble,0.06
620317,CHAPTER 12,gibberish,0.06
620872,CHAPTER 12,hacked,0.06
620982,CHAPTER 12,hap,0.06
620991,CHAPTER 12,happier,0.06
621349,CHAPTER 12,hiding,0.06
621491,CHAPTER 12,home,0.06
621832,CHAPTER 12,idolator,0.06
621845,CHAPTER 12,ignominy,0.06
622412,CHAPTER 12,infinitely,0.06
622443,CHAPTER 12,informed,0.06
623217,CHAPTER 12,joyously,0.06
623875,CHAPTER 12,lieu,0.06
624576,CHAPTER 12,map,0.06
624920,CHAPTER 12,mess,0.06
625426,CHAPTER 12,movements,0.06
625869,CHAPTER 12,nonce,0.06
625927,CHAPTER 12,nourished,0.06
626541,CHAPTER 12,paddle,0.06
626542,CHAPTER 12,paddled,0.06
627831,CHAPTER 12,practices,0.06
628028,CHAPTER 12,prevail,0.06
628248,CHAPTER 12,propensity,0.06
628271,CHAPTER 12,proposed,0.06
629790,CHAPTER 12,rokovoko,0.06
630036,CHAPTER 12,sailors,0.06
630118,CHAPTER 12,sapling,0.06
630167,CHAPTER 12,savage,0.06
630419,CHAPTER 12,seamen,0.06
630443,CHAPTER 12,seaward,0.06
631659,CHAPTER 12,sow,0.06
631925,CHAPTER 12,spurned,0.06
632301,CHAPTER 12,strait,0.06
634367,CHAPTER 12,uncle,0.06
635168,CHAPTER 12,usefulness,0.06
635600,CHAPTER 12,vow,0.06
635601,CHAPTER 12,vowed,0.06
635631,CHAPTER 12,wages,0.06
635766,CHAPTER 12,warriors,0.06
635938,CHAPTER 12,whaleman,0.06
636248,CHAPTER 12,woodlands,0.06
610965,CHAPTER 12,accounts,0.05
610998,CHAPTER 12,acquainted,0.05
611162,CHAPTER 12,adventurous,0.05
611349,CHAPTER 12,alas,0.05
612023,CHAPTER 12,ascending,0.05
612378,CHAPTER 12,backward,0.05
612518,CHAPTER 12,barbed,0.05
612618,CHAPTER 12,bay,0.05
613169,CHAPTER 12,blowing,0.05
613249,CHAPTER 12,boldly,0.05
613254,CHAPTER 12,bolt,0.05
615670,CHAPTER 12,convinced,0.05
615718,CHAPTER 12,coral,0.05
615743,CHAPTER 12,coronation,0.05
615882,CHAPTER 12,covered,0.05
616267,CHAPTER 12,czar,0.05
616365,CHAPTER 12,dash,0.05
617078,CHAPTER 12,dip,0.05
617844,CHAPTER 12,dying,0.05
618097,CHAPTER 12,embark,0.05
618135,CHAPTER 12,embraced,0.05
618252,CHAPTER 12,ended,0.05
619469,CHAPTER 12,flash,0.05
619725,CHAPTER 12,foreign,0.05
620499,CHAPTER 12,going,0.05
620993,CHAPTER 12,happily,0.05
621113,CHAPTER 12,having,0.05
621356,CHAPTER 12,high,0.05
621848,CHAPTER 12,ignorant,0.05
621919,CHAPTER 12,immediate,0.05
622436,CHAPTER 12,influence,0.05
622691,CHAPTER 12,intention,0.05
623538,CHAPTER 12,lands,0.05
623709,CHAPTER 12,learn,0.05
624005,CHAPTER 12,lived,0.05
624270,CHAPTER 12,lurked,0.05
624717,CHAPTER 12,maternal,0.05
624901,CHAPTER 12,meridians,0.05
625106,CHAPTER 12,miserable,0.05
625560,CHAPTER 12,mysteries,0.05
625600,CHAPTER 12,nantucket,0.05
627173,CHAPTER 12,peter,0.05
627997,CHAPTER 12,pressed,0.05
628051,CHAPTER 12,priest,0.05
628064,CHAPTER 12,prince,0.05
628217,CHAPTER 12,promising,0.05
628270,CHAPTER 12,propose,0.05
628390,CHAPTER 12,puff,0.05
628447,CHAPTER 12,pure,0.05
628613,CHAPTER 12,quitted,0.05
628998,CHAPTER 12,reef,0.05
630026,CHAPTER 12,sail,0.05
630407,CHAPTER 12,sea,0.05
630751,CHAPTER 12,share,0.05
631720,CHAPTER 12,specimen,0.05
631762,CHAPTER 12,spent,0.05
632616,CHAPTER 12,suit,0.05
632964,CHAPTER 12,swore,0.05
633445,CHAPTER 12,threatened,0.05
633471,CHAPTER 12,throne,0.05
633482,CHAPTER 12,throwing,0.05
633684,CHAPTER 12,tongue,0.05
634399,CHAPTER 12,unconquerable,0.05
635303,CHAPTER 12,veins,0.05
635521,CHAPTER 12,visited,0.05
635947,CHAPTER 12,whaling,0.05
636205,CHAPTER 12,wives,0.05
636281,CHAPTER 12,worlds,0.05
636365,CHAPTER 12,wrists,0.05
636497,CHAPTER 12,youth,0.05
610680,CHAPTER 12,_that_,0.04
610834,CHAPTER 12,aboard,0.04
611046,CHAPTER 12,added,0.04
611229,CHAPTER 12,afloat,0.04
611974,CHAPTER 12,arrived,0.04
613954,CHAPTER 12,cannibal,0.04
614281,CHAPTER 12,chains,0.04
614552,CHAPTER 12,christian,0.04
614814,CHAPTER 12,clothes,0.04
615457,CHAPTER 12,consider,0.04
615556,CHAPTER 12,content,0.04
616850,CHAPTER 12,desperate,0.04
616998,CHAPTER 12,did,0.04
617002,CHAPTER 12,die,0.04
617366,CHAPTER 12,distant,0.04
618689,CHAPTER 12,excellent,0.04
618833,CHAPTER 12,experienced,0.04
618984,CHAPTER 12,fail,0.04
619161,CHAPTER 12,fear,0.04
619163,CHAPTER 12,fearful,0.04
619660,CHAPTER 12,followed,0.04
620078,CHAPTER 12,future,0.04
620093,CHAPTER 12,gain,0.04
620094,CHAPTER 12,gained,0.04
620409,CHAPTER 12,gliding,0.04
620621,CHAPTER 12,grass,0.04
620692,CHAPTER 12,grew,0.04
621400,CHAPTER 12,hints,0.04
623377,CHAPTER 12,kings,0.04
623908,CHAPTER 12,like,0.04
624452,CHAPTER 12,make,0.04
624884,CHAPTER 12,merchant,0.04
625588,CHAPTER 12,naked,0.04
626095,CHAPTER 12,oceans,0.04
627280,CHAPTER 12,pieces,0.04
627358,CHAPTER 12,pipe,0.04
627413,CHAPTER 12,places,0.04
627702,CHAPTER 12,port,0.04
628176,CHAPTER 12,profound,0.04
628355,CHAPTER 12,prow,0.04
628563,CHAPTER 12,queer,0.04
629419,CHAPTER 12,resolved,0.04
629526,CHAPTER 12,return,0.04
629683,CHAPTER 12,ring,0.04
629881,CHAPTER 12,royal,0.04
630009,CHAPTER 12,sadly,0.04
630111,CHAPTER 12,sank,0.04
631261,CHAPTER 12,sleeping,0.04
631586,CHAPTER 12,son,0.04
631629,CHAPTER 12,sought,0.04
631651,CHAPTER 12,south,0.04
632274,CHAPTER 12,story,0.04
632433,CHAPTER 12,stuff,0.04
633057,CHAPTER 12,talk,0.04
633480,CHAPTER 12,throw,0.04
633646,CHAPTER 12,toil,0.04
633996,CHAPTER 12,tried,0.04
635516,CHAPTER 12,visit,0.04
635550,CHAPTER 12,vocation,0.04
635826,CHAPTER 12,ways,0.04
635919,CHAPTER 12,west,0.04
635940,CHAPTER 12,whaler,0.04
636267,CHAPTER 12,wore,0.04
612919,CHAPTER 12,better,0.03
613151,CHAPTER 12,blood,0.03
613837,CHAPTER 12,cabin,0.03
614472,CHAPTER 12,chief,0.03
616361,CHAPTER 12,darted,0.03
619367,CHAPTER 12,fine,0.03
619678,CHAPTER 12,foot,0.03
619723,CHAPTER 12,forehead,0.03
620207,CHAPTER 12,gave,0.03
620509,CHAPTER 12,gone,0.03
620672,CHAPTER 12,green,0.03
622936,CHAPTER 12,iron,0.03
623408,CHAPTER 12,knew,0.03
623442,CHAPTER 12,known,0.03
623528,CHAPTER 12,land,0.03
623783,CHAPTER 12,length,0.03
623890,CHAPTER 12,light,0.03
624025,CHAPTER 12,ll,0.03
624163,CHAPTER 12,lost,0.03
626424,CHAPTER 12,overboard,0.03
626769,CHAPTER 12,pass,0.03
626770,CHAPTER 12,passage,0.03
627016,CHAPTER 12,people,0.03
627817,CHAPTER 12,power,0.03
628466,CHAPTER 12,purpose,0.03
629792,CHAPTER 12,rolled,0.03
629950,CHAPTER 12,running,0.03
630133,CHAPTER 12,sat,0.03
630900,CHAPTER 12,short,0.03
631630,CHAPTER 12,soul,0.03
632162,CHAPTER 12,stern,0.03
632391,CHAPTER 12,strong,0.03
632397,CHAPTER 12,struck,0.03
632846,CHAPTER 12,suspended,0.03
633406,CHAPTER 12,thirty,0.03
633764,CHAPTER 12,touching,0.03
635220,CHAPTER 12,vain,0.03
635377,CHAPTER 12,vessel,0.03
635784,CHAPTER 12,watch,0.03
635939,CHAPTER 12,whalemen,0.03
636052,CHAPTER 12,wholly,0.03
636489,CHAPTER 12,young,0.03
612322,CHAPTER 12,away,0.02
613211,CHAPTER 12,boat,0.02
616405,CHAPTER 12,dead,0.02
616482,CHAPTER 12,deck,0.02
619066,CHAPTER 12,far,0.02
620661,CHAPTER 12,great,0.02
620944,CHAPTER 12,hand,0.02
620963,CHAPTER 12,hands,0.02
621175,CHAPTER 12,heart,0.02
623809,CHAPTER 12,let,0.02
625785,CHAPTER 12,new,0.02
627408,CHAPTER 12,place,0.02
627675,CHAPTER 12,poor,0.02
630024,CHAPTER 12,said,0.02
630186,CHAPTER 12,saw,0.02
633421,CHAPTER 12,thought,0.02
633559,CHAPTER 12,time,0.02
634066,CHAPTER 12,true,0.02
635797,CHAPTER 12,water,0.02
635823,CHAPTER 12,way,0.02
636279,CHAPTER 12,world,0.02
