,chapter,term,tfidf
975567,CHAPTER 131,shears,0.18
965720,CHAPTER 131,hammock,0.17
977997,CHAPTER 131,tempered,0.17
958528,CHAPTER 131,buoy,0.16
958570,CHAPTER 131,bury,0.16
964547,CHAPTER 131,forged,0.16
981236,CHAPTER 131,ye,0.16
961405,CHAPTER 131,delight,0.15
977814,CHAPTER 131,taffrail,0.15
981121,CHAPTER 131,wreck,0.14
968665,CHAPTER 131,life,0.13
968686,CHAPTER 131,lightning,0.13
981271,CHAPTER 131,yonder,0.13
959701,CHAPTER 131,coffin,0.12
965848,CHAPTER 131,hast,0.12
971808,CHAPTER 131,pequod,0.11
956090,CHAPTER 131,ahab,0.1
957287,CHAPTER 131,baptism,0.1
957878,CHAPTER 131,bleaching,0.1
961382,CHAPTER 131,dejected,0.1
969907,CHAPTER 131,misnamed,0.1
973368,CHAPTER 131,quick,0.1
975465,CHAPTER 131,sewing,0.1
976620,CHAPTER 131,splash,0.1
978798,CHAPTER 131,triply,0.1
979707,CHAPTER 131,unrigged,0.1
980822,CHAPTER 131,white,0.1
960799,CHAPTER 131,cried,0.09
961889,CHAPTER 131,disabled,0.09
963502,CHAPTER 131,exclaiming,0.09
968905,CHAPTER 131,look,0.09
969644,CHAPTER 131,men,0.09
975431,CHAPTER 131,serving,0.09
977991,CHAPTER 131,temper,0.09
979447,CHAPTER 131,unhinged,0.09
957428,CHAPTER 131,beams,0.08
958545,CHAPTER 131,burial,0.08
958584,CHAPTER 131,busy,0.08
959210,CHAPTER 131,cheeked,0.08
964494,CHAPTER 131,foreboding,0.08
964982,CHAPTER 131,gathered,0.08
965098,CHAPTER 131,ghostly,0.08
969894,CHAPTER 131,miserably,0.08
971724,CHAPTER 131,peeled,0.08
971937,CHAPTER 131,perth,0.08
973944,CHAPTER 131,relief,0.08
974277,CHAPTER 131,resurrection,0.08
974640,CHAPTER 131,rounded,0.08
975555,CHAPTER 131,shattered,0.08
976631,CHAPTER 131,splintered,0.08
976701,CHAPTER 131,sprinkled,0.08
977097,CHAPTER 131,strangers,0.08
978453,CHAPTER 131,tomb,0.08
978858,CHAPTER 131,trumpet,0.08
955760,CHAPTER 131,accursed,0.07
957307,CHAPTER 131,barbs,0.07
958184,CHAPTER 131,brace,0.07
958441,CHAPTER 131,bubbles,0.07
960268,CHAPTER 131,conspicuous,0.07
960860,CHAPTER 131,crotch,0.07
963999,CHAPTER 131,feels,0.07
965165,CHAPTER 131,glancing,0.07
965270,CHAPTER 131,god,0.07
968614,CHAPTER 131,levelled,0.07
968684,CHAPTER 131,lightly,0.07
970644,CHAPTER 131,noiseless,0.07
970943,CHAPTER 131,oh,0.07
972194,CHAPTER 131,place,0.07
973453,CHAPTER 131,rail,0.07
974087,CHAPTER 131,replied,0.07
974408,CHAPTER 131,ribs,0.07
974788,CHAPTER 131,sad,0.07
974795,CHAPTER 131,sadly,0.07
976220,CHAPTER 131,snatching,0.07
977061,CHAPTER 131,stout,0.07
979921,CHAPTER 131,uplifted,0.07
980717,CHAPTER 131,whale,0.07
981258,CHAPTER 131,yesterday,0.07
955466,CHAPTER 131,_that_,0.06
955938,CHAPTER 131,advancing,0.06
956449,CHAPTER 131,answered,0.06
957545,CHAPTER 131,beheld,0.06
958547,CHAPTER 131,buried,0.06
958881,CHAPTER 131,carry,0.06
960542,CHAPTER 131,corpse,0.06
960852,CHAPTER 131,cross,0.06
961268,CHAPTER 131,deck,0.06
961583,CHAPTER 131,descried,0.06
961789,CHAPTER 131,died,0.06
962458,CHAPTER 131,drew,0.06
963309,CHAPTER 131,escape,0.06
964145,CHAPTER 131,fin,0.06
964406,CHAPTER 131,fly,0.06
965192,CHAPTER 131,glided,0.06
965640,CHAPTER 131,ha,0.06
965761,CHAPTER 131,hanging,0.06
966024,CHAPTER 131,height,0.06
966041,CHAPTER 131,helm,0.06
966268,CHAPTER 131,hollow,0.06
966375,CHAPTER 131,horse,0.06
966396,CHAPTER 131,hot,0.06
967468,CHAPTER 131,intense,0.06
968670,CHAPTER 131,lift,0.06
970387,CHAPTER 131,nantucketer,0.06
972234,CHAPTER 131,plank,0.06
972384,CHAPTER 131,pointing,0.06
975948,CHAPTER 131,skeleton,0.06
976469,CHAPTER 131,spare,0.06
977686,CHAPTER 131,swear,0.06
977753,CHAPTER 131,swung,0.06
956179,CHAPTER 131,alive,0.05
964219,CHAPTER 131,fixed,0.05
964408,CHAPTER 131,flying,0.05
964610,CHAPTER 131,forward,0.05
965825,CHAPTER 131,harpoon,0.05
966035,CHAPTER 131,held,0.05
966455,CHAPTER 131,hull,0.05
968135,CHAPTER 131,killed,0.05
970600,CHAPTER 131,nigh,0.05
972215,CHAPTER 131,plainly,0.05
972235,CHAPTER 131,planks,0.05
972380,CHAPTER 131,pointed,0.05
973334,CHAPTER 131,quarter,0.05
973616,CHAPTER 131,ready,0.05
974246,CHAPTER 131,rest,0.05
974580,CHAPTER 131,rolling,0.05
974814,CHAPTER 131,sailed,0.05
975796,CHAPTER 131,sides,0.05
976420,CHAPTER 131,sound,0.05
976754,CHAPTER 131,st,0.05
976833,CHAPTER 131,started,0.05
976948,CHAPTER 131,stern,0.05
977096,CHAPTER 131,stranger,0.05
977183,CHAPTER 131,struck,0.05
977361,CHAPTER 131,suddenly,0.05
978932,CHAPTER 131,turn,0.05
980006,CHAPTER 131,vain,0.05
980340,CHAPTER 131,voice,0.05
980449,CHAPTER 131,wake,0.05
980600,CHAPTER 131,waves,0.05
957937,CHAPTER 131,blood,0.04
958002,CHAPTER 131,boats,0.04
958020,CHAPTER 131,body,0.04
958374,CHAPTER 131,broad,0.04
960794,CHAPTER 131,crew,0.04
961183,CHAPTER 131,days,0.04
961191,CHAPTER 131,dead,0.04
961211,CHAPTER 131,death,0.04
963277,CHAPTER 131,ere,0.04
965749,CHAPTER 131,hands,0.04
966246,CHAPTER 131,hold,0.04
967722,CHAPTER 131,iron,0.04
970602,CHAPTER 131,night,0.04
974812,CHAPTER 131,sail,0.04
974822,CHAPTER 131,sailors,0.04
974972,CHAPTER 131,saw,0.04
975641,CHAPTER 131,ships,0.04
977093,CHAPTER 131,strange,0.04
978124,CHAPTER 131,thee,0.04
978206,CHAPTER 131,thou,0.04
978934,CHAPTER 131,turning,0.04
980700,CHAPTER 131,went,0.04
980733,CHAPTER 131,whaling,0.04
957997,CHAPTER 131,boat,0.03
958678,CHAPTER 131,called,0.03
958702,CHAPTER 131,came,0.03
958806,CHAPTER 131,captain,0.03
963732,CHAPTER 131,eyes,0.03
964001,CHAPTER 131,feet,0.03
965692,CHAPTER 131,half,0.03
965730,CHAPTER 131,hand,0.03
975193,CHAPTER 131,sea,0.03
975289,CHAPTER 131,seen,0.03
975631,CHAPTER 131,ship,0.03
976382,CHAPTER 131,soon,0.03
968694,CHAPTER 131,like,0.02
969279,CHAPTER 131,man,0.02
970953,CHAPTER 131,old,0.02
