,chapter,term,tfidf
3412167,CHAPTER 93,pip,0.65
3417220,CHAPTER 93,stubb,0.19
3395981,CHAPTER 93,advice,0.12
3398021,CHAPTER 93,boat,0.1
3401791,CHAPTER 93,diamond,0.1
3408073,CHAPTER 93,jump,0.09
3410536,CHAPTER 93,negro,0.08
3412485,CHAPTER 93,poor,0.08
3420741,CHAPTER 93,whale,0.08
3398022,CHAPTER 93,boat_,0.07
3398026,CHAPTER 93,boats,0.07
3398363,CHAPTER 93,brightness,0.07
3405797,CHAPTER 93,happened,0.07
3406372,CHAPTER 93,horizon,0.07
3408750,CHAPTER 93,line,0.07
3408995,CHAPTER 93,loved,0.07
3415655,CHAPTER 93,ship,0.07
3397532,CHAPTER 93,befell,0.06
3405242,CHAPTER 93,gloomy,0.06
3405294,CHAPTER 93,god,0.06
3405996,CHAPTER 93,heartless,0.06
3408121,CHAPTER 93,keepers,0.06
3409087,CHAPTER 93,lustre,0.06
3415414,CHAPTER 93,sequel,0.06
3417880,CHAPTER 93,tambourine,0.06
3418957,CHAPTER 93,turned,0.06
3420889,CHAPTER 93,wight,0.06
3397986,CHAPTER 93,blue,0.05
3398709,CHAPTER 93,calm,0.05
3402388,CHAPTER 93,dough,0.05
3402527,CHAPTER 93,drowned,0.05
3403428,CHAPTER 93,event,0.05
3405017,CHAPTER 93,gave,0.05
3405796,CHAPTER 93,happen,0.05
3408718,CHAPTER 93,like,0.05
3408809,CHAPTER 93,little,0.05
3412071,CHAPTER 93,pick,0.05
3415217,CHAPTER 93,sea,0.05
3418031,CHAPTER 93,temporarily,0.05
3418789,CHAPTER 93,tribe,0.05
3395232,CHAPTER 93,_leap,0.04
3395465,CHAPTER 93,_stick,0.04
3395614,CHAPTER 93,abbreviation,0.04
3397470,CHAPTER 93,beater,0.04
3397834,CHAPTER 93,black,0.04
3398702,CHAPTER 93,called,0.04
3398726,CHAPTER 93,came,0.04
3399269,CHAPTER 93,chest,0.04
3400228,CHAPTER 93,connecticut,0.04
3400668,CHAPTER 93,courageousness,0.04
3400818,CHAPTER 93,crew,0.04
3401024,CHAPTER 93,cursings,0.04
3401994,CHAPTER 93,discreditably,0.04
3402718,CHAPTER 93,eccentric,0.04
3403542,CHAPTER 93,execrations,0.04
3403590,CHAPTER 93,exhort,0.04
3404083,CHAPTER 93,festivities,0.04
3404117,CHAPTER 93,fiddler,0.04
3404192,CHAPTER 93,finite,0.04
3404287,CHAPTER 93,flatly,0.04
3405664,CHAPTER 93,ha,0.04
3407425,CHAPTER 93,instances,0.04
3407524,CHAPTER 93,interferes,0.04
3407570,CHAPTER 93,interrogatively,0.04
3407993,CHAPTER 93,jolly,0.04
3408071,CHAPTER 93,julys,0.04
3408220,CHAPTER 93,knife,0.04
3408916,CHAPTER 93,lonesomeness,0.04
3409077,CHAPTER 93,luridly,0.04
3410504,CHAPTER 93,neck,0.04
3412368,CHAPTER 93,plumping,0.04
3412479,CHAPTER 93,pony,0.04
3415736,CHAPTER 93,showed,0.04
3415882,CHAPTER 93,similar,0.04
3416709,CHAPTER 93,sprain,0.04
3416857,CHAPTER 93,started,0.04
3417656,CHAPTER 93,suspended,0.04
3418369,CHAPTER 93,time,0.04
3418742,CHAPTER 93,treadle,0.04
3419623,CHAPTER 93,unofficially,0.04
3419893,CHAPTER 93,unwarped,0.04
3420112,CHAPTER 93,veined,0.04
3420609,CHAPTER 93,watered,0.04
3421262,CHAPTER 93,year,0.04
3395594,CHAPTER 93,abandoned,0.03
3395597,CHAPTER 93,abandonment,0.03
3395704,CHAPTER 93,absurd,0.03
3395754,CHAPTER 93,accompanying,0.03
3396028,CHAPTER 93,afford,0.03
3396148,CHAPTER 93,alabama,0.03
3396302,CHAPTER 93,ambergris,0.03
3396744,CHAPTER 93,armies,0.03
3396875,CHAPTER 93,assailed,0.03
3397404,CHAPTER 93,bathe,0.03
3397479,CHAPTER 93,beautiful,0.03
3397605,CHAPTER 93,belled,0.03
3397654,CHAPTER 93,benevolence,0.03
3397848,CHAPTER 93,blackness,0.03
3397849,CHAPTER 93,blacks,0.03
3397863,CHAPTER 93,blame,0.03
3397897,CHAPTER 93,blazing,0.03
3397998,CHAPTER 93,blurred,0.03
3398034,CHAPTER 93,bobbing,0.03
3398164,CHAPTER 93,bounteous,0.03
3398201,CHAPTER 93,boy,0.03
3398288,CHAPTER 93,breast,0.03
3398290,CHAPTER 93,breasted,0.03
3398362,CHAPTER 93,brightest,0.03
3398367,CHAPTER 93,brilliancy,0.03
3398368,CHAPTER 93,brilliant,0.03
3398601,CHAPTER 93,business,0.03
3398650,CHAPTER 93,cabinets,0.03
3398693,CHAPTER 93,calendar,0.03
3398891,CHAPTER 93,carriage,0.03
3398939,CHAPTER 93,castaway,0.03
3399027,CHAPTER 93,celestial,0.03
3399258,CHAPTER 93,cherish,0.03
3399332,CHAPTER 93,chocks,0.03
3399339,CHAPTER 93,choked,0.03
3399610,CHAPTER 93,close,0.03
3399640,CHAPTER 93,cloves,0.03
3399813,CHAPTER 93,colossal,0.03
3400047,CHAPTER 93,comprising,0.03
3400076,CHAPTER 93,concentration,0.03
3400247,CHAPTER 93,conscientious,0.03
3400273,CHAPTER 93,considerations,0.03
3400340,CHAPTER 93,contact,0.03
3400528,CHAPTER 93,coral,0.03
3400662,CHAPTER 93,county,0.03
3400846,CHAPTER 93,crisp,0.03
3400952,CHAPTER 93,crystal,0.03
3401012,CHAPTER 93,curling,0.03
3401050,CHAPTER 93,cut,0.03
3401111,CHAPTER 93,damn,0.03
3401207,CHAPTER 93,days,0.03
3401574,CHAPTER 93,depths,0.03
3401678,CHAPTER 93,destined,0.03
3401718,CHAPTER 93,detestation,0.03
3401732,CHAPTER 93,developments,0.03
3402163,CHAPTER 93,dissimilar,0.03
3402258,CHAPTER 93,divinest,0.03
3402429,CHAPTER 93,dramatic,0.03
3402581,CHAPTER 93,dull,0.03
3402714,CHAPTER 93,ebon,0.03
3402717,CHAPTER 93,ebony,0.03
3402746,CHAPTER 93,edge,0.03
3402791,CHAPTER 93,effulgences,0.03
3403037,CHAPTER 93,encountering,0.03
3403062,CHAPTER 93,ended,0.03
3403137,CHAPTER 93,enjoy,0.03
3403157,CHAPTER 93,enlivened,0.03
3403186,CHAPTER 93,entangled,0.03
3403227,CHAPTER 93,entrapped,0.03
3403386,CHAPTER 93,eternities,0.03
3403420,CHAPTER 93,evaporate,0.03
3403608,CHAPTER 93,expand,0.03
3403737,CHAPTER 93,extremest,0.03
3404114,CHAPTER 93,fictitiously,0.03
3404180,CHAPTER 93,finer,0.03
3404200,CHAPTER 93,fires,0.03
3404208,CHAPTER 93,firmament,0.03
3404215,CHAPTER 93,fish,0.03
3404222,CHAPTER 93,fishery,0.03
3404279,CHAPTER 93,flash,0.03
3404437,CHAPTER 93,foaming,0.03
3404717,CHAPTER 93,freer,0.03
3404725,CHAPTER 93,frenchman,0.03
3404786,CHAPTER 93,frolic,0.03
3404992,CHAPTER 93,gases,0.03
3405047,CHAPTER 93,general,0.03
3405064,CHAPTER 93,genial,0.03
3405261,CHAPTER 93,glow,0.03
3405741,CHAPTER 93,hammered,0.03
3405794,CHAPTER 93,hapless,0.03
3405803,CHAPTER 93,happily,0.03
3405828,CHAPTER 93,hardy,0.03
3405891,CHAPTER 93,hated,0.03
3405943,CHAPTER 93,head,0.03
3405965,CHAPTER 93,healthful,0.03
3405971,CHAPTER 93,heaps,0.03
3406245,CHAPTER 93,hoarded,0.03
3406281,CHAPTER 93,holidays,0.03
3406468,CHAPTER 93,hug,0.03
3406512,CHAPTER 93,humorous,0.03
3406553,CHAPTER 93,hurried,0.03
3406633,CHAPTER 93,idiot,0.03
3406684,CHAPTER 93,illumined,0.03
3406736,CHAPTER 93,immensity,0.03
3406874,CHAPTER 93,impressive,0.03
3407062,CHAPTER 93,indefinite,0.03
3407174,CHAPTER 93,inexorable,0.03
3407211,CHAPTER 93,infernally,0.03
3407221,CHAPTER 93,infinite,0.03
3407371,CHAPTER 93,insanity,0.03
3407380,CHAPTER 93,insects,0.03
3407400,CHAPTER 93,insignificant,0.03
3407480,CHAPTER 93,intellects,0.03
3407725,CHAPTER 93,involuntary,0.03
3407761,CHAPTER 93,irregular,0.03
3407895,CHAPTER 93,jeeringly,0.03
3407907,CHAPTER 93,jeopardized,0.03
3407931,CHAPTER 93,jewel,0.03
3407935,CHAPTER 93,jeweller,0.03
3408026,CHAPTER 93,joyous,0.03
3408101,CHAPTER 93,juvenile,0.03
3408120,CHAPTER 93,keeper,0.03
3408182,CHAPTER 93,king,0.03
3408326,CHAPTER 93,lamentable,0.03
3408476,CHAPTER 93,lays,0.03
3408726,CHAPTER 93,likes,0.03
3408891,CHAPTER 93,loftiest,0.03
3408939,CHAPTER 93,loom,0.03
3408969,CHAPTER 93,lose,0.03
3409090,CHAPTER 93,lustrous,0.03
3409176,CHAPTER 93,madly,0.03
3409240,CHAPTER 93,maimed,0.03
3409303,CHAPTER 93,man,0.03
3409335,CHAPTER 93,manifested,0.03
3409406,CHAPTER 93,margin,0.03
3409417,CHAPTER 93,mark,0.03
3409514,CHAPTER 93,match,0.03
3409645,CHAPTER 93,melodious,0.03
3409706,CHAPTER 93,merest,0.03
3409720,CHAPTER 93,merman,0.03
3409821,CHAPTER 93,mile,0.03
3409825,CHAPTER 93,military,0.03
3409853,CHAPTER 93,mind,0.03
3409915,CHAPTER 93,miser,0.03
3409918,CHAPTER 93,miserably,0.03
3410061,CHAPTER 93,money,0.03
3410197,CHAPTER 93,motto,0.03
3410280,CHAPTER 93,multitudinous,0.03
3410431,CHAPTER 93,narrative,0.03
3410468,CHAPTER 93,navies,0.03
3410516,CHAPTER 93,needful,0.03
3410565,CHAPTER 93,nervousness,0.03
3410619,CHAPTER 93,nick,0.03
3410793,CHAPTER 93,oarsmen,0.03
3410859,CHAPTER 93,observing,0.03
3410897,CHAPTER 93,occur,0.03
3410903,CHAPTER 93,ocean,0.03
3410951,CHAPTER 93,officially,0.03
3411002,CHAPTER 93,omnipresent,0.03
3411023,CHAPTER 93,open,0.03
3411080,CHAPTER 93,orbs,0.03
3411351,CHAPTER 93,paddle,0.03
3411352,CHAPTER 93,paddled,0.03
3411441,CHAPTER 93,panelled,0.03
3411448,CHAPTER 93,panic,0.03
3411600,CHAPTER 93,passive,0.03
3411693,CHAPTER 93,peaceable,0.03
3411722,CHAPTER 93,peculiar,0.03
3411838,CHAPTER 93,perceiving,0.03
3411853,CHAPTER 93,peremptory,0.03
3411864,CHAPTER 93,performance,0.03
3411900,CHAPTER 93,permitting,0.03
3412172,CHAPTER 93,pippin,0.03
3412452,CHAPTER 93,poltroon,0.03
3412643,CHAPTER 93,practised,0.03
3412707,CHAPTER 93,predestinated,0.03
3412813,CHAPTER 93,presto,0.03
3412864,CHAPTER 93,primal,0.03
3413058,CHAPTER 93,propensity,0.03
3413064,CHAPTER 93,prophecy,0.03
3413149,CHAPTER 93,providing,0.03
3413150,CHAPTER 93,province,0.03
3413257,CHAPTER 93,pure,0.03
3413292,CHAPTER 93,pursuing,0.03
3413552,CHAPTER 93,rap,0.03
3413663,CHAPTER 93,reason,0.03
3413767,CHAPTER 93,recovered,0.03
3413981,CHAPTER 93,relish,0.03
3414035,CHAPTER 93,remorselessly,0.03
3414179,CHAPTER 93,rescued,0.03
3414199,CHAPTER 93,reserved,0.03
3414270,CHAPTER 93,rest,0.03
3414448,CHAPTER 93,ride,0.03
3414497,CHAPTER 93,ringed,0.03
3414757,CHAPTER 93,run,0.03
3414785,CHAPTER 93,ruthless,0.03
3414983,CHAPTER 93,saved,0.03
3414996,CHAPTER 93,saw,0.03
3415285,CHAPTER 93,securities,0.03
3415345,CHAPTER 93,sell,0.03
3415559,CHAPTER 93,shapes,0.03
3415579,CHAPTER 93,shattered,0.03
3415592,CHAPTER 93,sheath,0.03
3415661,CHAPTER 93,shipmates,0.03
3415706,CHAPTER 93,shoreless,0.03
3415985,CHAPTER 93,skies,0.03
3416027,CHAPTER 93,slack,0.03
3416082,CHAPTER 93,slender,0.03
3416187,CHAPTER 93,smile,0.03
3416446,CHAPTER 93,soundest,0.03
3416482,CHAPTER 93,span,0.03
3416483,CHAPTER 93,spangled,0.03
3416746,CHAPTER 93,spying,0.03
3416842,CHAPTER 93,star,0.03
3416985,CHAPTER 93,stick,0.03
3417042,CHAPTER 93,stolen,0.03
3417100,CHAPTER 93,straightened,0.03
3417117,CHAPTER 93,strange,0.03
3417156,CHAPTER 93,stretching,0.03
3417286,CHAPTER 93,subdued,0.03
3417385,CHAPTER 93,suddenly,0.03
3417464,CHAPTER 93,sun,0.03
3417495,CHAPTER 93,superb,0.03
3417747,CHAPTER 93,swimmer,0.03
3417782,CHAPTER 93,symbol,0.03
3418046,CHAPTER 93,tender,0.03
3418193,CHAPTER 93,thing,0.03
3418373,CHAPTER 93,times,0.03
3418375,CHAPTER 93,timidity,0.03
3418380,CHAPTER 93,timorous,0.03
3418471,CHAPTER 93,tolland,0.03
3418543,CHAPTER 93,torpid,0.03
3418653,CHAPTER 93,tranquilly,0.03
3418876,CHAPTER 93,true,0.03
3419068,CHAPTER 93,unaccountably,0.03
3419195,CHAPTER 93,uncompromised,0.03
3419298,CHAPTER 93,undiluted,0.03
3419335,CHAPTER 93,unduly,0.03
3419430,CHAPTER 93,unfrequently,0.03
3419607,CHAPTER 93,unnatural,0.03
3420512,CHAPTER 93,wandering,0.03
3420645,CHAPTER 93,weal,0.03
3420861,CHAPTER 93,wholesome,0.03
3420946,CHAPTER 93,winged,0.03
3420968,CHAPTER 93,wisdom,0.03
3421177,CHAPTER 93,write,0.03
3421276,CHAPTER 93,yells,0.03
3421294,CHAPTER 93,yon,0.03
3395998,CHAPTER 93,affair,0.02
3396159,CHAPTER 93,alas,0.02
3396203,CHAPTER 93,alive,0.02
3396283,CHAPTER 93,altogether,0.02
3396425,CHAPTER 93,animal,0.02
3396846,CHAPTER 93,ashore,0.02
3396860,CHAPTER 93,aspect,0.02
3396933,CHAPTER 93,astern,0.02
3397132,CHAPTER 93,away,0.02
3397137,CHAPTER 93,awful,0.02
3397453,CHAPTER 93,bear,0.02
3397540,CHAPTER 93,began,0.02
3397572,CHAPTER 93,behold,0.02
3397729,CHAPTER 93,better,0.02
3398191,CHAPTER 93,bows,0.02
3398359,CHAPTER 93,bright,0.02
3398855,CHAPTER 93,care,0.02
3398894,CHAPTER 93,carried,0.02
3398927,CHAPTER 93,cases,0.02
3398996,CHAPTER 93,caused,0.02
3399056,CHAPTER 93,centre,0.02
3399117,CHAPTER 93,chance,0.02
3399118,CHAPTER 93,chanced,0.02
3399194,CHAPTER 93,chase,0.02
3399444,CHAPTER 93,circumstances,0.02
3399542,CHAPTER 93,clear,0.02
3399612,CHAPTER 93,closely,0.02
3399653,CHAPTER 93,clumsy,0.02
3399674,CHAPTER 93,coast,0.02
3399815,CHAPTER 93,colour,0.02
3399848,CHAPTER 93,come,0.02
3399854,CHAPTER 93,comes,0.02
3399869,CHAPTER 93,coming,0.02
3399871,CHAPTER 93,command,0.02
3399912,CHAPTER 93,common,0.02
3400096,CHAPTER 93,concluded,0.02
3400304,CHAPTER 93,consternation,0.02
3400498,CHAPTER 93,cool,0.02
3400670,CHAPTER 93,course,0.02
3400700,CHAPTER 93,coward,0.02
3400732,CHAPTER 93,craft,0.02
3400819,CHAPTER 93,crews,0.02
3400900,CHAPTER 93,crown,0.02
3400981,CHAPTER 93,cunning,0.02
3401021,CHAPTER 93,cursed,0.02
3401046,CHAPTER 93,customary,0.02
3401171,CHAPTER 93,darted,0.02
3401202,CHAPTER 93,day,0.02
3401808,CHAPTER 93,did,0.02
3402338,CHAPTER 93,don,0.02
3402381,CHAPTER 93,doubt,0.02
3402416,CHAPTER 93,dragged,0.02
3402501,CHAPTER 93,driven,0.02
3402515,CHAPTER 93,drop,0.02
3402516,CHAPTER 93,dropped,0.02
3402700,CHAPTER 93,easy,0.02
3403214,CHAPTER 93,entire,0.02
3403215,CHAPTER 93,entirely,0.02
3403277,CHAPTER 93,equal,0.02
3403334,CHAPTER 93,escaped,0.02
3403449,CHAPTER 93,evil,0.02
3403453,CHAPTER 93,evinced,0.02
3403525,CHAPTER 93,exclaimed,0.02
3403928,CHAPTER 93,fate,0.02
3404023,CHAPTER 93,feels,0.02
3404038,CHAPTER 93,fell,0.02
3404042,CHAPTER 93,fellow,0.02
3404044,CHAPTER 93,fellows,0.02
3404130,CHAPTER 93,fierce,0.02
3404135,CHAPTER 93,fiery,0.02
3404488,CHAPTER 93,foot,0.02
3404660,CHAPTER 93,fourth,0.02
3404692,CHAPTER 93,frantic,0.02
3404778,CHAPTER 93,fro,0.02
3404888,CHAPTER 93,future,0.02
3405018,CHAPTER 93,gay,0.02
3405216,CHAPTER 93,glided,0.02
3405302,CHAPTER 93,gods,0.02
3405303,CHAPTER 93,goes,0.02
3405313,CHAPTER 93,gold,0.02
3405482,CHAPTER 93,green,0.02
3405563,CHAPTER 93,ground,0.02
3405716,CHAPTER 93,half,0.02
3405754,CHAPTER 93,hand,0.02
3405773,CHAPTER 93,hands,0.02
3405823,CHAPTER 93,hardly,0.02
3405986,CHAPTER 93,hearted,0.02
3406010,CHAPTER 93,heaved,0.02
3406011,CHAPTER 93,heaven,0.02
3406062,CHAPTER 93,hell,0.02
3406206,CHAPTER 93,hinted,0.02
3406427,CHAPTER 93,hour,0.02
3406534,CHAPTER 93,hunt,0.02
3406538,CHAPTER 93,hunters,0.02
3407088,CHAPTER 93,indifferent,0.02
3407101,CHAPTER 93,indirectly,0.02
3407424,CHAPTER 93,instance,0.02
3407426,CHAPTER 93,instant,0.02
3407492,CHAPTER 93,intense,0.02
3407500,CHAPTER 93,intent,0.02
3407608,CHAPTER 93,intolerable,0.02
3407661,CHAPTER 93,invariably,0.02
3408074,CHAPTER 93,jumped,0.02
3408135,CHAPTER 93,kept,0.02
3408512,CHAPTER 93,leap,0.02
3408530,CHAPTER 93,leaving,0.02
3408689,CHAPTER 93,life,0.02
3408695,CHAPTER 93,lifted,0.02
3408712,CHAPTER 93,lights,0.02
3408913,CHAPTER 93,lonely,0.02
3408930,CHAPTER 93,looked,0.02
3408938,CHAPTER 93,looks,0.02
3408958,CHAPTER 93,lord,0.02
3408973,CHAPTER 93,lost,0.02
3409010,CHAPTER 93,lowered,0.02
3409011,CHAPTER 93,lowering,0.02
3409164,CHAPTER 93,mad,0.02
3409268,CHAPTER 93,making,0.02
3409354,CHAPTER 93,manner,0.02
3409418,CHAPTER 93,marked,0.02
3409581,CHAPTER 93,mean,0.02
3409591,CHAPTER 93,meantime,0.02
3409727,CHAPTER 93,merry,0.02
3409787,CHAPTER 93,middle,0.02
3409792,CHAPTER 93,midnight,0.02
3409876,CHAPTER 93,minute,0.02
3409880,CHAPTER 93,minutes,0.02
3410159,CHAPTER 93,mortal,0.02
3410449,CHAPTER 93,native,0.02
3410452,CHAPTER 93,natural,0.02
3410456,CHAPTER 93,nature,0.02
3410460,CHAPTER 93,naught,0.02
3410792,CHAPTER 93,oarsman,0.02
3411174,CHAPTER 93,outer,0.02
3411234,CHAPTER 93,overboard,0.02
3411579,CHAPTER 93,pass,0.02
3411584,CHAPTER 93,passed,0.02
3411832,CHAPTER 93,pequod,0.02
3412236,CHAPTER 93,plain,0.02
3412239,CHAPTER 93,plainly,0.02
3412308,CHAPTER 93,pleasant,0.02
3413135,CHAPTER 93,prove,0.02
3413399,CHAPTER 93,quickly,0.02
3413420,CHAPTER 93,quite,0.02
3413448,CHAPTER 93,race,0.02
3413557,CHAPTER 93,rapidly,0.02
3413648,CHAPTER 93,really,0.02
3413697,CHAPTER 93,received,0.02
3414003,CHAPTER 93,remember,0.02
3414344,CHAPTER 93,revealed,0.02
3414566,CHAPTER 93,roared,0.02
3414662,CHAPTER 93,round,0.02
3414819,CHAPTER 93,sadly,0.02
3414846,CHAPTER 93,sailors,0.02
3414852,CHAPTER 93,sake,0.02
3415249,CHAPTER 93,seat,0.02
3415261,CHAPTER 93,second,0.02
3415303,CHAPTER 93,seeing,0.02
3415313,CHAPTER 93,seen,0.02
3415341,CHAPTER 93,self,0.02
3415377,CHAPTER 93,sense,0.02
3415569,CHAPTER 93,sharp,0.02
3415820,CHAPTER 93,sides,0.02
3415854,CHAPTER 93,significant,0.02
3415994,CHAPTER 93,skin,0.02
3416244,CHAPTER 93,snatching,0.02
3416666,CHAPTER 93,spoke,0.02
3416721,CHAPTER 93,spring,0.02
3417084,CHAPTER 93,story,0.02
3417160,CHAPTER 93,stricken,0.02
3417170,CHAPTER 93,striking,0.02
3417325,CHAPTER 93,substance,0.02
3417571,CHAPTER 93,supposed,0.02
3417743,CHAPTER 93,swiftly,0.02
3417746,CHAPTER 93,swim,0.02
3417856,CHAPTER 93,taken,0.02
3417934,CHAPTER 93,tashtego,0.02
3418216,CHAPTER 93,thirty,0.02
3418330,CHAPTER 93,tide,0.02
3418501,CHAPTER 93,took,0.02
3418728,CHAPTER 93,traveller,0.02
3418889,CHAPTER 93,trunk,0.02
3418958,CHAPTER 93,turning,0.02
3418962,CHAPTER 93,turns,0.02
3419998,CHAPTER 93,utmost,0.02
3420187,CHAPTER 93,vessel,0.02
3420473,CHAPTER 93,wake,0.02
3420665,CHAPTER 93,weather,0.02
3420752,CHAPTER 93,whales,0.02
3420875,CHAPTER 93,wide,0.02
3421018,CHAPTER 93,woe,0.02
3421033,CHAPTER 93,won,0.02
3421046,CHAPTER 93,wondrous,0.02
3421078,CHAPTER 93,work,0.02
3421260,CHAPTER 93,ye,0.02
3396131,CHAPTER 93,air,0.01
3398044,CHAPTER 93,body,0.01
3399070,CHAPTER 93,certain,0.01
3401215,CHAPTER 93,dead,0.01
3401292,CHAPTER 93,deck,0.01
3403049,CHAPTER 93,end,0.01
3403301,CHAPTER 93,ere,0.01
3403756,CHAPTER 93,eyes,0.01
3403768,CHAPTER 93,face,0.01
3403876,CHAPTER 93,far,0.01
3405973,CHAPTER 93,heard,0.01
3407746,CHAPTER 93,iron,0.01
3408554,CHAPTER 93,left,0.01
3408619,CHAPTER 93,let,0.01
3408830,CHAPTER 93,living,0.01
3408917,CHAPTER 93,long,0.01
3409668,CHAPTER 93,men,0.01
3410045,CHAPTER 93,moment,0.01
3410595,CHAPTER 93,new,0.01
3412218,CHAPTER 93,place,0.01
3414470,CHAPTER 93,right,0.01
3414834,CHAPTER 93,said,0.01
3416406,CHAPTER 93,soon,0.01
3416440,CHAPTER 93,soul,0.01
3417054,CHAPTER 93,stood,0.01
3418009,CHAPTER 93,tell,0.01
3418231,CHAPTER 93,thought,0.01
3420607,CHAPTER 93,water,0.01
3420616,CHAPTER 93,waters,0.01
3420633,CHAPTER 93,way,0.01
3420724,CHAPTER 93,went,0.01
3420757,CHAPTER 93,whaling,0.01
3420846,CHAPTER 93,white,0.01
3420893,CHAPTER 93,wild,0.01
3421073,CHAPTER 93,word,0.01
3421089,CHAPTER 93,world,0.01
