,chapter,term,tfidf
2947597,CHAPTER 78,bucket,0.4
2967060,CHAPTER 78,tashtego,0.22
2955069,CHAPTER 78,head,0.2
2968062,CHAPTER 78,tun,0.18
2969938,CHAPTER 78,whip,0.17
2950217,CHAPTER 78,daggoo,0.14
2956205,CHAPTER 78,indian,0.13
2955445,CHAPTER 78,honey,0.11
2966959,CHAPTER 78,tackles,0.11
2954880,CHAPTER 78,hand,0.1
2962498,CHAPTER 78,queequeg,0.1
2967422,CHAPTER 78,thrust,0.1
2945865,CHAPTER 78,arm,0.09
2949949,CHAPTER 78,cried,0.09
2961550,CHAPTER 78,pole,0.09
2948575,CHAPTER 78,cistern,0.08
2952175,CHAPTER 78,end,0.08
2959171,CHAPTER 78,moment,0.08
2959989,CHAPTER 78,obstetrics,0.08
2961611,CHAPTER 78,poor,0.08
2966784,CHAPTER 78,suspending,0.08
2948669,CHAPTER 78,cleared,0.07
2950575,CHAPTER 78,delivery,0.07
2952122,CHAPTER 78,emptied,0.07
2952290,CHAPTER 78,enormous,0.07
2953799,CHAPTER 78,fragrant,0.07
2954553,CHAPTER 78,grasp,0.07
2954945,CHAPTER 78,harder,0.07
2963304,CHAPTER 78,rescue,0.07
2966896,CHAPTER 78,sword,0.07
2967059,CHAPTER 78,tash,0.07
2944864,CHAPTER 78,accident,0.06
2944884,CHAPTER 78,accomplished,0.06
2947078,CHAPTER 78,block,0.06
2948115,CHAPTER 78,caught,0.06
2953670,CHAPTER 78,foremost,0.06
2953769,CHAPTER 78,foul,0.06
2954597,CHAPTER 78,great,0.06
2957844,CHAPTER 78,like,0.06
2961011,CHAPTER 78,perished,0.06
2965053,CHAPTER 78,sinking,0.06
2966578,CHAPTER 78,summit,0.06
2966958,CHAPTER 78,tackle,0.06
2967485,CHAPTER 78,till,0.06
2946220,CHAPTER 78,avast,0.05
2947280,CHAPTER 78,bound,0.05
2947697,CHAPTER 78,buried,0.05
2950463,CHAPTER 78,deeper,0.05
2951642,CHAPTER 78,dropped,0.05
2952596,CHAPTER 78,exactly,0.05
2952619,CHAPTER 78,exceeding,0.05
2953002,CHAPTER 78,far,0.05
2954790,CHAPTER 78,ha,0.05
2955662,CHAPTER 78,hunter,0.05
2956552,CHAPTER 78,instant,0.05
2958043,CHAPTER 78,long,0.05
2962525,CHAPTER 78,quickly,0.05
2962753,CHAPTER 78,reached,0.05
2963118,CHAPTER 78,remaining,0.05
2964439,CHAPTER 78,seen,0.05
2966881,CHAPTER 78,swinging,0.05
2945156,CHAPTER 78,affording,0.04
2945210,CHAPTER 78,agile,0.04
2945307,CHAPTER 78,alert,0.04
2945383,CHAPTER 78,aloft,0.04
2946232,CHAPTER 78,averred,0.04
2946366,CHAPTER 78,baling,0.04
2947326,CHAPTER 78,boxing,0.04
2947780,CHAPTER 78,cabled,0.04
2947852,CHAPTER 78,came,0.04
2948039,CHAPTER 78,cartridge,0.04
2948081,CHAPTER 78,cat,0.04
2948230,CHAPTER 78,chamber,0.04
2948789,CHAPTER 78,clutching,0.04
2948852,CHAPTER 78,coffined,0.04
2949671,CHAPTER 78,corky,0.04
2949763,CHAPTER 78,counteracted,0.04
2949849,CHAPTER 78,cracking,0.04
2950121,CHAPTER 78,curb,0.04
2950222,CHAPTER 78,daintiest,0.04
2950418,CHAPTER 78,deck,0.04
2950571,CHAPTER 78,deliverance,0.04
2950660,CHAPTER 78,depended,0.04
2950897,CHAPTER 78,dexterously,0.04
2951671,CHAPTER 78,drunk,0.04
2951938,CHAPTER 78,eightieth,0.04
2953185,CHAPTER 78,fencing,0.04
2953744,CHAPTER 78,forth,0.04
2954297,CHAPTER 78,giving,0.04
2954743,CHAPTER 78,guides,0.04
2954774,CHAPTER 78,gurgling,0.04
2955109,CHAPTER 78,hearsed,0.04
2955142,CHAPTER 78,heavier,0.04
2955159,CHAPTER 78,heedfully,0.04
2955171,CHAPTER 78,heidelburgh,0.04
2955185,CHAPTER 78,held,0.04
2955392,CHAPTER 78,hoisted,0.04
2955393,CHAPTER 78,hoisters,0.04
2955910,CHAPTER 78,impediments,0.04
2956346,CHAPTER 78,infiltrated,0.04
2956860,CHAPTER 78,inwards,0.04
2957681,CHAPTER 78,leg,0.04
2957831,CHAPTER 78,lightest,0.04
2957847,CHAPTER 78,likely,0.04
2958183,CHAPTER 78,lump,0.04
2958191,CHAPTER 78,lunges,0.04
2958378,CHAPTER 78,mainyard,0.04
2958392,CHAPTER 78,makest,0.04
2958609,CHAPTER 78,mass,0.04
2958651,CHAPTER 78,materially,0.04
2958928,CHAPTER 78,midwifery,0.04
2959381,CHAPTER 78,muezzin,0.04
2959733,CHAPTER 78,niagara,0.04
2959765,CHAPTER 78,ninetieth,0.04
2960146,CHAPTER 78,oozy,0.04
2960375,CHAPTER 78,overhanging,0.04
2960492,CHAPTER 78,pail,0.04
2960701,CHAPTER 78,parts,0.04
2960919,CHAPTER 78,pendulous,0.04
2960952,CHAPTER 78,people,0.04
2960959,CHAPTER 78,peradventure,0.04
2961406,CHAPTER 78,plato,0.04
2962135,CHAPTER 78,projects,0.04
2962499,CHAPTER 78,queer,0.04
2962651,CHAPTER 78,rammed,0.04
2962654,CHAPTER 78,ramming,0.04
2962841,CHAPTER 78,reciprocating,0.04
2963165,CHAPTER 78,remounting,0.04
2963649,CHAPTER 78,ripple,0.04
2963712,CHAPTER 78,rocket,0.04
2963953,CHAPTER 78,sagaciously,0.04
2964030,CHAPTER 78,sanctorum,0.04
2964032,CHAPTER 78,sanctum,0.04
2964343,CHAPTER 78,sea,0.04
2964355,CHAPTER 78,seamen,0.04
2964364,CHAPTER 78,searches,0.04
2964505,CHAPTER 78,senses,0.04
2964695,CHAPTER 78,sharp,0.04
2964722,CHAPTER 78,sheaved,0.04
2965052,CHAPTER 78,sinker,0.04
2965055,CHAPTER 78,sinks,0.04
2965245,CHAPTER 78,slipperiness,0.04
2965273,CHAPTER 78,slowly,0.04
2965338,CHAPTER 78,smothered,0.04
2965515,CHAPTER 78,somerset,0.04
2965699,CHAPTER 78,sperm,0.04
2965770,CHAPTER 78,splash,0.04
2966339,CHAPTER 78,struggles,0.04
2966451,CHAPTER 78,substance,0.04
2966506,CHAPTER 78,suckingly,0.04
2966851,CHAPTER 78,sweeter,0.04
2966855,CHAPTER 78,sweetly,0.04
2967544,CHAPTER 78,tissued,0.04
2967604,CHAPTER 78,tombed,0.04
2967856,CHAPTER 78,travelling,0.04
2967870,CHAPTER 78,treasure,0.04
2968414,CHAPTER 78,undetached,0.04
2969340,CHAPTER 78,vibration,0.04
2969474,CHAPTER 78,vivaciously,0.04
2969759,CHAPTER 78,way,0.04
2969947,CHAPTER 78,whirlpool,0.04
2969980,CHAPTER 78,whitest,0.04
2970386,CHAPTER 78,ye,0.04
2945093,CHAPTER 78,adventure,0.03
2945401,CHAPTER 78,altering,0.03
2945571,CHAPTER 78,announced,0.03
2945692,CHAPTER 78,apparently,0.03
2945736,CHAPTER 78,appointed,0.03
2946676,CHAPTER 78,begin,0.03
2947063,CHAPTER 78,blinding,0.03
2947140,CHAPTER 78,boarding,0.03
2947147,CHAPTER 78,boat,0.03
2947185,CHAPTER 78,boldly,0.03
2947227,CHAPTER 78,boom,0.03
2947412,CHAPTER 78,breaking,0.03
2947420,CHAPTER 78,breath,0.03
2947508,CHAPTER 78,brisk,0.03
2947592,CHAPTER 78,bubbling,0.03
2947715,CHAPTER 78,bursting,0.03
2947830,CHAPTER 78,calling,0.03
2947987,CHAPTER 78,carefully,0.03
2948127,CHAPTER 78,cautious,0.03
2948661,CHAPTER 78,clean,0.03
2948672,CHAPTER 78,clearing,0.03
2948717,CHAPTER 78,clinging,0.03
2948895,CHAPTER 78,collapsed,0.03
2948974,CHAPTER 78,come,0.03
2949409,CHAPTER 78,consisting,0.03
2949430,CHAPTER 78,consternation,0.03
2949498,CHAPTER 78,contents,0.03
2949645,CHAPTER 78,copper,0.03
2949758,CHAPTER 78,counted,0.03
2949792,CHAPTER 78,courage,0.03
2949952,CHAPTER 78,cries,0.03
2950010,CHAPTER 78,crotch,0.03
2950225,CHAPTER 78,dairy,0.03
2950543,CHAPTER 78,deliberately,0.03
2950552,CHAPTER 78,delicious,0.03
2950636,CHAPTER 78,dense,0.03
2950699,CHAPTER 78,depth,0.03
2950727,CHAPTER 78,descending,0.03
2950896,CHAPTER 78,dexterous,0.03
2950984,CHAPTER 78,diligently,0.03
2950996,CHAPTER 78,dimly,0.03
2951049,CHAPTER 78,disappears,0.03
2951358,CHAPTER 78,dived,0.03
2951359,CHAPTER 78,diver,0.03
2951385,CHAPTER 78,diving,0.03
2951500,CHAPTER 78,double,0.03
2951527,CHAPTER 78,downward,0.03
2951645,CHAPTER 78,drops,0.03
2951980,CHAPTER 78,element,0.03
2951990,CHAPTER 78,elevated,0.03
2952030,CHAPTER 78,embalmed,0.03
2952428,CHAPTER 78,erect,0.03
2952554,CHAPTER 78,event,0.03
2952575,CHAPTER 78,evil,0.03
2952752,CHAPTER 78,expected,0.03
2952948,CHAPTER 78,fallen,0.03
2952949,CHAPTER 78,falling,0.03
2953338,CHAPTER 78,firmly,0.03
2953714,CHAPTER 78,forgotten,0.03
2953849,CHAPTER 78,freighted,0.03
2954355,CHAPTER 78,glittering,0.03
2954447,CHAPTER 78,good,0.03
2954587,CHAPTER 78,gravity,0.03
2954598,CHAPTER 78,greater,0.03
2954867,CHAPTER 78,hammered,0.03
2954884,CHAPTER 78,handed,0.03
2954895,CHAPTER 78,handled,0.03
2954899,CHAPTER 78,hands,0.03
2954914,CHAPTER 78,hangs,0.03
2954923,CHAPTER 78,happened,0.03
2954926,CHAPTER 78,happens,0.03
2955035,CHAPTER 78,hauled,0.03
2955072,CHAPTER 78,header,0.03
2955099,CHAPTER 78,heard,0.03
2955146,CHAPTER 78,heaving,0.03
2955162,CHAPTER 78,heedless,0.03
2955292,CHAPTER 78,high,0.03
2955391,CHAPTER 78,hoist,0.03
2955396,CHAPTER 78,hold,0.03
2955471,CHAPTER 78,hook,0.03
2955474,CHAPTER 78,hooks,0.03
2955489,CHAPTER 78,hopeless,0.03
2955515,CHAPTER 78,horrible,0.03
2955523,CHAPTER 78,horror,0.03
2955572,CHAPTER 78,hovering,0.03
2955732,CHAPTER 78,iceberg,0.03
2956163,CHAPTER 78,incredible,0.03
2956459,CHAPTER 78,inner,0.03
2956516,CHAPTER 78,inserting,0.03
2956655,CHAPTER 78,interior,0.03
2956872,CHAPTER 78,iron,0.03
2956988,CHAPTER 78,jamming,0.03
2957149,CHAPTER 78,joyful,0.03
2957200,CHAPTER 78,jumped,0.03
2957474,CHAPTER 78,lands,0.03
2957478,CHAPTER 78,landsmen,0.03
2957512,CHAPTER 78,large,0.03
2957742,CHAPTER 78,lesson,0.03
2957816,CHAPTER 78,lifeless,0.03
2957830,CHAPTER 78,lighter,0.03
2958061,CHAPTER 78,looking,0.03
2958108,CHAPTER 78,loud,0.03
2958356,CHAPTER 78,maid,0.03
2958606,CHAPTER 78,masoned,0.03
2958711,CHAPTER 78,meaning,0.03
2958954,CHAPTER 78,milk,0.03
2959073,CHAPTER 78,mist,0.03
2959174,CHAPTER 78,momentous,0.03
2959318,CHAPTER 78,motions,0.03
2959340,CHAPTER 78,mounts,0.03
2959524,CHAPTER 78,naked,0.03
2959761,CHAPTER 78,nimble,0.03
2959793,CHAPTER 78,noise,0.03
2960007,CHAPTER 78,occasion,0.03
2960094,CHAPTER 78,ohio,0.03
2960099,CHAPTER 78,oily,0.03
2960284,CHAPTER 78,ought,0.03
2960380,CHAPTER 78,overhead,0.03
2960469,CHAPTER 78,packed,0.03
2960969,CHAPTER 78,perch,0.03
2960993,CHAPTER 78,performing,0.03
2961012,CHAPTER 78,perishing,0.03
2961344,CHAPTER 78,place,0.03
2961708,CHAPTER 78,posture,0.03
2961787,CHAPTER 78,prayers,0.03
2962051,CHAPTER 78,proceeds,0.03
2962533,CHAPTER 78,quiet,0.03
2962640,CHAPTER 78,ram,0.03
2962681,CHAPTER 78,rapid,0.03
2962761,CHAPTER 78,readily,0.03
2962796,CHAPTER 78,reasons,0.03
2962813,CHAPTER 78,recalled,0.03
2962850,CHAPTER 78,reckless,0.03
2962945,CHAPTER 78,reeled,0.03
2963096,CHAPTER 78,relieved,0.03
2963471,CHAPTER 78,revealing,0.03
2963582,CHAPTER 78,riding,0.03
2963709,CHAPTER 78,rock,0.03
2963812,CHAPTER 78,rowing,0.03
2963887,CHAPTER 78,runs,0.03
2964047,CHAPTER 78,sank,0.03
2964122,CHAPTER 78,saw,0.03
2964336,CHAPTER 78,scuttle,0.03
2964362,CHAPTER 78,search,0.03
2964407,CHAPTER 78,secure,0.03
2964410,CHAPTER 78,securing,0.03
2964432,CHAPTER 78,seeking,0.03
2964514,CHAPTER 78,sent,0.03
2964821,CHAPTER 78,shook,0.03
2964853,CHAPTER 78,shout,0.03
2964963,CHAPTER 78,sight,0.03
2965115,CHAPTER 78,skill,0.03
2965248,CHAPTER 78,slippery,0.03
2965326,CHAPTER 78,smitten,0.03
2965573,CHAPTER 78,sounding,0.03
2965603,CHAPTER 78,spade,0.03
2965653,CHAPTER 78,specific,0.03
2965700,CHAPTER 78,spermaceti,0.03
2966006,CHAPTER 78,stating,0.03
2966194,CHAPTER 78,store,0.03
2966211,CHAPTER 78,stout,0.03
2966231,CHAPTER 78,strain,0.03
2966280,CHAPTER 78,stretched,0.03
2966495,CHAPTER 78,successfully,0.03
2966504,CHAPTER 78,sucked,0.03
2966601,CHAPTER 78,sunk,0.03
2966880,CHAPTER 78,swing,0.03
2966882,CHAPTER 78,swings,0.03
2967082,CHAPTER 78,taught,0.03
2967138,CHAPTER 78,telling,0.03
2967171,CHAPTER 78,tendency,0.03
2967179,CHAPTER 78,tendinous,0.03
2967403,CHAPTER 78,throbbing,0.03
2967424,CHAPTER 78,thrusting,0.03
2967495,CHAPTER 78,time,0.03
2967656,CHAPTER 78,tore,0.03
2967683,CHAPTER 78,toss,0.03
2967715,CHAPTER 78,tower,0.03
2967862,CHAPTER 78,treacherous,0.03
2967910,CHAPTER 78,trial,0.03
2967984,CHAPTER 78,trouble,0.03
2968031,CHAPTER 78,tub,0.03
2968036,CHAPTER 78,tubs,0.03
2968058,CHAPTER 78,tumult,0.03
2968079,CHAPTER 78,turkish,0.03
2968121,CHAPTER 78,twin,0.03
2968339,CHAPTER 78,unconsciously,0.03
2968927,CHAPTER 78,unspeakable,0.03
2968990,CHAPTER 78,untoward,0.03
2969076,CHAPTER 78,upright,0.03
2969087,CHAPTER 78,upwards,0.03
2969093,CHAPTER 78,urged,0.03
2969131,CHAPTER 78,utterly,0.03
2969186,CHAPTER 78,vapor,0.03
2969289,CHAPTER 78,veritable,0.03
2969424,CHAPTER 78,violent,0.03
2969595,CHAPTER 78,waiting,0.03
2969622,CHAPTER 78,walls,0.03
2969733,CHAPTER 78,water,0.03
2969839,CHAPTER 78,welded,0.03
2969867,CHAPTER 78,whale,0.03
2970318,CHAPTER 78,wrought,0.03
2970398,CHAPTER 78,yelled,0.03
2970409,CHAPTER 78,yield,0.03
2945329,CHAPTER 78,alive,0.02
2945384,CHAPTER 78,alongside,0.02
2945457,CHAPTER 78,amid,0.02
2945972,CHAPTER 78,ashore,0.02
2946102,CHAPTER 78,attached,0.02
2946258,CHAPTER 78,away,0.02
2946695,CHAPTER 78,beheld,0.02
2946855,CHAPTER 78,better,0.02
2947112,CHAPTER 78,blue,0.02
2947380,CHAPTER 78,brave,0.02
2947567,CHAPTER 78,brought,0.02
2947646,CHAPTER 78,bulwarks,0.02
2947727,CHAPTER 78,business,0.02
2948020,CHAPTER 78,carried,0.02
2948049,CHAPTER 78,case,0.02
2948243,CHAPTER 78,chance,0.02
2948668,CHAPTER 78,clear,0.02
2948980,CHAPTER 78,comes,0.02
2948995,CHAPTER 78,coming,0.02
2949078,CHAPTER 78,company,0.02
2949401,CHAPTER 78,considering,0.02
2949796,CHAPTER 78,course,0.02
2950186,CHAPTER 78,cutting,0.02
2950361,CHAPTER 78,death,0.02
2950459,CHAPTER 78,deep,0.02
2950939,CHAPTER 78,died,0.02
2951429,CHAPTER 78,doing,0.02
2951576,CHAPTER 78,drawn,0.02
2951641,CHAPTER 78,drop,0.02
2951643,CHAPTER 78,dropping,0.02
2952340,CHAPTER 78,entire,0.02
2952341,CHAPTER 78,entirely,0.02
2952874,CHAPTER 78,eye,0.02
2952934,CHAPTER 78,fair,0.02
2952946,CHAPTER 78,fall,0.02
2953164,CHAPTER 78,fell,0.02
2953274,CHAPTER 78,figure,0.02
2953288,CHAPTER 78,filled,0.02
2953596,CHAPTER 78,followed,0.02
2953614,CHAPTER 78,foot,0.02
2954144,CHAPTER 78,gay,0.02
2954173,CHAPTER 78,general,0.02
2954429,CHAPTER 78,goes,0.02
2954439,CHAPTER 78,gold,0.02
2954445,CHAPTER 78,gone,0.02
2954475,CHAPTER 78,got,0.02
2954557,CHAPTER 78,grass,0.02
2954577,CHAPTER 78,grave,0.02
2954833,CHAPTER 78,hair,0.02
2954949,CHAPTER 78,hardly,0.02
2954977,CHAPTER 78,harpooneer,0.02
2955049,CHAPTER 78,having,0.02
2955081,CHAPTER 78,heads,0.02
2955135,CHAPTER 78,heave,0.02
2955137,CHAPTER 78,heaven,0.02
2955147,CHAPTER 78,heavy,0.02
2955174,CHAPTER 78,height,0.02
2955197,CHAPTER 78,help,0.02
2955401,CHAPTER 78,holding,0.02
2955404,CHAPTER 78,hole,0.02
2955418,CHAPTER 78,hollow,0.02
2955427,CHAPTER 78,home,0.02
2955556,CHAPTER 78,house,0.02
2955605,CHAPTER 78,hull,0.02
2955743,CHAPTER 78,idea,0.02
2956550,CHAPTER 78,instance,0.02
2957242,CHAPTER 78,keen,0.02
2957374,CHAPTER 78,knowing,0.02
2957611,CHAPTER 78,lead,0.02
2957635,CHAPTER 78,leaning,0.02
2957656,CHAPTER 78,leaving,0.02
2957826,CHAPTER 78,light,0.02
2957853,CHAPTER 78,likewise,0.02
2957876,CHAPTER 78,line,0.02
2957935,CHAPTER 78,little,0.02
2958136,CHAPTER 78,lowered,0.02
2958429,CHAPTER 78,man,0.02
2958715,CHAPTER 78,means,0.02
2958717,CHAPTER 78,meantime,0.02
2959604,CHAPTER 78,near,0.02
2959609,CHAPTER 78,nearly,0.02
2959662,CHAPTER 78,negro,0.02
2959721,CHAPTER 78,new,0.02
2959779,CHAPTER 78,noble,0.02
2960103,CHAPTER 78,old,0.02
2960360,CHAPTER 78,overboard,0.02
2960686,CHAPTER 78,particular,0.02
2960999,CHAPTER 78,perilous,0.02
2961061,CHAPTER 78,person,0.02
2961528,CHAPTER 78,point,0.02
2961816,CHAPTER 78,precious,0.02
2961824,CHAPTER 78,precisely,0.02
2961907,CHAPTER 78,present,0.02
2961910,CHAPTER 78,presented,0.02
2962185,CHAPTER 78,proper,0.02
2962424,CHAPTER 78,pushed,0.02
2962432,CHAPTER 78,putting,0.02
2962660,CHAPTER 78,ran,0.02
2962789,CHAPTER 78,reason,0.02
2963115,CHAPTER 78,remain,0.02
2963396,CHAPTER 78,rest,0.02
2963728,CHAPTER 78,rolled,0.02
2963762,CHAPTER 78,rope,0.02
2963883,CHAPTER 78,run,0.02
2963886,CHAPTER 78,running,0.02
2963891,CHAPTER 78,rush,0.02
2963972,CHAPTER 78,sailors,0.02
2964394,CHAPTER 78,secret,0.02
2964456,CHAPTER 78,seized,0.02
2964461,CHAPTER 78,seldom,0.02
2964781,CHAPTER 78,ship,0.02
2964836,CHAPTER 78,short,0.02
2964950,CHAPTER 78,sideways,0.02
2964967,CHAPTER 78,sign,0.02
2965043,CHAPTER 78,single,0.02
2965051,CHAPTER 78,sink,0.02
2965841,CHAPTER 78,spray,0.02
2966180,CHAPTER 78,stood,0.02
2966224,CHAPTER 78,straight,0.02
2966296,CHAPTER 78,striking,0.02
2966346,CHAPTER 78,stubb,0.02
2966510,CHAPTER 78,sudden,0.02
2966511,CHAPTER 78,suddenly,0.02
2966712,CHAPTER 78,sure,0.02
2966717,CHAPTER 78,surface,0.02
2966782,CHAPTER 78,suspended,0.02
2966867,CHAPTER 78,swift,0.02
2966903,CHAPTER 78,swung,0.02
2966944,CHAPTER 78,table,0.02
2967127,CHAPTER 78,teeth,0.02
2967218,CHAPTER 78,terrible,0.02
2967274,CHAPTER 78,thee,0.02
2967356,CHAPTER 78,thou,0.02
2967432,CHAPTER 78,thunder,0.02
2967885,CHAPTER 78,tree,0.02
2969213,CHAPTER 78,vast,0.02
2969313,CHAPTER 78,vessel,0.02
2969490,CHAPTER 78,voice,0.02
2969613,CHAPTER 78,wall,0.02
2969750,CHAPTER 78,waves,0.02
2969850,CHAPTER 78,went,0.02
2970019,CHAPTER 78,wild,0.02
2970199,CHAPTER 78,word,0.02
2970370,CHAPTER 78,yard,0.02
2970407,CHAPTER 78,yes,0.02
2945257,CHAPTER 78,air,0.01
2947828,CHAPTER 78,called,0.01
2950934,CHAPTER 78,did,0.01
2953151,CHAPTER 78,feet,0.01
2954420,CHAPTER 78,god,0.01
2954842,CHAPTER 78,half,0.01
2957220,CHAPTER 78,just,0.01
2957372,CHAPTER 78,know,0.01
2957745,CHAPTER 78,let,0.01
2958055,CHAPTER 78,look,0.01
2960958,CHAPTER 78,pequod,0.01
2963788,CHAPTER 78,round,0.01
2963960,CHAPTER 78,said,0.01
2964130,CHAPTER 78,say,0.01
2965532,CHAPTER 78,soon,0.01
2965955,CHAPTER 78,stand,0.01
2966243,CHAPTER 78,strange,0.01
2967321,CHAPTER 78,think,0.01
2967357,CHAPTER 78,thought,0.01
