,chapter,term,tfidf
3271605,CHAPTER 89,fish,0.42
3271296,CHAPTER 89,fast,0.29
3276336,CHAPTER 89,loose,0.28
3279947,CHAPTER 89,possession,0.22
3279633,CHAPTER 89,plaintiffs,0.21
3268740,CHAPTER 89,defendants,0.18
3275847,CHAPTER 89,law,0.17
3270714,CHAPTER 89,erskine,0.14
3275855,CHAPTER 89,laws,0.14
3287839,CHAPTER 89,waif,0.14
3278966,CHAPTER 89,party,0.11
3263990,CHAPTER 89,applicable,0.1
3267279,CHAPTER 89,commentaries,0.1
3288131,CHAPTER 89,whale,0.1
3272466,CHAPTER 89,gentleman,0.09
3262984,CHAPTER 89,abandoned,0.08
3273245,CHAPTER 89,harpoons,0.08
3275431,CHAPTER 89,judge,0.08
3275694,CHAPTER 89,lady,0.08
3270266,CHAPTER 89,ellenborough,0.07
3276140,CHAPTER 89,line,0.07
3279697,CHAPTER 89,pleadings,0.07
3282375,CHAPTER 89,savesoul,0.07
3287841,CHAPTER 89,waifing,0.07
3288409,CHAPTER 89,woebegone,0.07
3262208,CHAPTER 89,100,0.06
3265411,CHAPTER 89,boat,0.06
3266313,CHAPTER 89,case,0.06
3267100,CHAPTER 89,code,0.06
3269366,CHAPTER 89,discount,0.06
3269672,CHAPTER 89,doctrine,0.06
3273240,CHAPTER 89,harpooned,0.06
3277890,CHAPTER 89,necessitates,0.06
3280452,CHAPTER 89,property,0.06
3282123,CHAPTER 89,ruinous,0.06
3285418,CHAPTER 89,temple,0.06
3287618,CHAPTER 89,viciousness,0.06
3262206,CHAPTER 89,000,0.05
3263914,CHAPTER 89,anybody,0.05
3264196,CHAPTER 89,articles,0.05
3275549,CHAPTER 89,killed,0.05
3284268,CHAPTER 89,states,0.05
3284597,CHAPTER 89,struck,0.05
3284705,CHAPTER 89,subsequent,0.05
3285172,CHAPTER 89,symbol,0.05
3285381,CHAPTER 89,technically,0.05
3288576,CHAPTER 89,written,0.05
3262215,CHAPTER 89,1492,0.04
3262221,CHAPTER 89,1695,0.04
3263648,CHAPTER 89,alongside,0.04
3264519,CHAPTER 89,awarded,0.04
3265712,CHAPTER 89,brevity,0.04
3266228,CHAPTER 89,capture,0.04
3266317,CHAPTER 89,cases,0.04
3267082,CHAPTER 89,cobweb,0.04
3267824,CHAPTER 89,controllable,0.04
3267829,CHAPTER 89,controverted,0.04
3268218,CHAPTER 89,crim,0.04
3269987,CHAPTER 89,dunder,0.04
3270499,CHAPTER 89,england,0.04
3270506,CHAPTER 89,engraven,0.04
3271077,CHAPTER 89,expound,0.04
3271561,CHAPTER 89,finally,0.04
3271610,CHAPTER 89,fishermen,0.04
3272235,CHAPTER 89,fundamentals,0.04
3274944,CHAPTER 89,internationally,0.04
3275132,CHAPTER 89,ireland,0.04
3275724,CHAPTER 89,lancer,0.04
3275910,CHAPTER 89,learned,0.04
3275966,CHAPTER 89,legislative,0.04
3276196,CHAPTER 89,litigated,0.04
3276201,CHAPTER 89,littleton,0.04
3276217,CHAPTER 89,lives,0.04
3277534,CHAPTER 89,mordecai,0.04
3278821,CHAPTER 89,pandects,0.04
3279735,CHAPTER 89,ploughed,0.04
3280238,CHAPTER 89,previously,0.04
3280483,CHAPTER 89,props,0.04
3281190,CHAPTER 89,redoubted,0.04
3281698,CHAPTER 89,retaken,0.04
3282426,CHAPTER 89,scant,0.04
3282720,CHAPTER 89,seized,0.04
3284541,CHAPTER 89,stress,0.04
3285395,CHAPTER 89,telegraph,0.04
3285587,CHAPTER 89,thinkers,0.04
3286257,CHAPTER 89,trover,0.04
3287535,CHAPTER 89,verbalists,0.04
3287593,CHAPTER 89,vexatious,0.04
3287688,CHAPTER 89,violent,0.04
3288147,CHAPTER 89,whaling,0.04
3262983,CHAPTER 89,abandon,0.03
3263026,CHAPTER 89,ability,0.03
3263205,CHAPTER 89,acquired,0.03
3263291,CHAPTER 89,admirable,0.03
3263432,CHAPTER 89,aforesaid,0.03
3263624,CHAPTER 89,allowances,0.03
3263632,CHAPTER 89,alluding,0.03
3263640,CHAPTER 89,allusion,0.03
3263829,CHAPTER 89,anne,0.03
3263940,CHAPTER 89,apostolic,0.03
3264027,CHAPTER 89,appropriated,0.03
3264066,CHAPTER 89,archbishop,0.03
3264113,CHAPTER 89,arise,0.03
3264318,CHAPTER 89,assured,0.03
3264468,CHAPTER 89,authorized,0.03
3264588,CHAPTER 89,badge,0.03
3264685,CHAPTER 89,bankrupt,0.03
3264707,CHAPTER 89,barb,0.03
3264981,CHAPTER 89,belief,0.03
3265735,CHAPTER 89,bridle,0.03
3265808,CHAPTER 89,broker,0.03
3266042,CHAPTER 89,cable,0.03
3266584,CHAPTER 89,chase,0.03
3266638,CHAPTER 89,cheese,0.03
3266699,CHAPTER 89,chinese,0.03
3266846,CHAPTER 89,cited,0.03
3266865,CHAPTER 89,claim,0.03
3267146,CHAPTER 89,coke,0.03
3267216,CHAPTER 89,columbus,0.03
3267399,CHAPTER 89,complicated,0.03
3267432,CHAPTER 89,comprehensiveness,0.03
3267435,CHAPTER 89,comprised,0.03
3267668,CHAPTER 89,consist,0.03
3267753,CHAPTER 89,contended,0.03
3267770,CHAPTER 89,contingencies,0.03
3268016,CHAPTER 89,counsel,0.03
3268025,CHAPTER 89,counter,0.03
3268060,CHAPTER 89,course,0.03
3268467,CHAPTER 89,czar,0.03
3268673,CHAPTER 89,decided,0.03
3268680,CHAPTER 89,decision,0.03
3268706,CHAPTER 89,decreed,0.03
3268717,CHAPTER 89,deed,0.03
3268737,CHAPTER 89,defence,0.03
3269534,CHAPTER 89,disputes,0.03
3269794,CHAPTER 89,doxology,0.03
3269878,CHAPTER 89,drifting,0.03
3269967,CHAPTER 89,duke,0.03
3269973,CHAPTER 89,duly,0.03
3270278,CHAPTER 89,elucidated,0.03
3270402,CHAPTER 89,enactment,0.03
3270699,CHAPTER 89,ergo,0.03
3270842,CHAPTER 89,evince,0.03
3270873,CHAPTER 89,examples,0.03
3271283,CHAPTER 89,farthing,0.03
3271383,CHAPTER 89,feature,0.03
3271619,CHAPTER 89,fist,0.03
3271988,CHAPTER 89,formal,0.03
3272000,CHAPTER 89,forsake,0.03
3272502,CHAPTER 89,gets,0.03
3272626,CHAPTER 89,globular,0.03
3272786,CHAPTER 89,grand,0.03
3272861,CHAPTER 89,great,0.03
3272867,CHAPTER 89,greece,0.03
3273129,CHAPTER 89,hamlets,0.03
3273207,CHAPTER 89,hard,0.03
3273209,CHAPTER 89,harder,0.03
3273239,CHAPTER 89,harpoon,0.03
3273244,CHAPTER 89,harpooning,0.03
3273502,CHAPTER 89,hereditary,0.03
3273677,CHAPTER 89,holland,0.03
3273716,CHAPTER 89,honorable,0.03
3274055,CHAPTER 89,ii,0.03
3274076,CHAPTER 89,illustrate,0.03
3274082,CHAPTER 89,illustrative,0.03
3274384,CHAPTER 89,income,0.03
3274466,CHAPTER 89,india,0.03
3274703,CHAPTER 89,injustice,0.03
3274829,CHAPTER 89,instituted,0.03
3274891,CHAPTER 89,intention,0.03
3275388,CHAPTER 89,jonathan,0.03
3275481,CHAPTER 89,jurisprudence,0.03
3275489,CHAPTER 89,justinian,0.03
3275568,CHAPTER 89,kindred,0.03
3275629,CHAPTER 89,knocks,0.03
3275661,CHAPTER 89,laborers,0.03
3275737,CHAPTER 89,landlord,0.03
3275857,CHAPTER 89,lawyers,0.03
3275968,CHAPTER 89,legislators,0.03
3276055,CHAPTER 89,liberties,0.03
3276238,CHAPTER 89,loan,0.03
3276348,CHAPTER 89,lord,0.03
3276757,CHAPTER 89,mansion,0.03
3276890,CHAPTER 89,masterly,0.03
3276931,CHAPTER 89,matter,0.03
3277002,CHAPTER 89,meddling,0.03
3277017,CHAPTER 89,medium,0.03
3277165,CHAPTER 89,mexico,0.03
3277261,CHAPTER 89,minor,0.03
3277294,CHAPTER 89,mischief,0.03
3277346,CHAPTER 89,mistress,0.03
3277353,CHAPTER 89,mite,0.03
3277518,CHAPTER 89,moral,0.03
3277834,CHAPTER 89,nation,0.03
3278124,CHAPTER 89,notwithstanding,0.03
3278212,CHAPTER 89,obliged,0.03
3278279,CHAPTER 89,occupant,0.03
3278280,CHAPTER 89,occupants,0.03
3278436,CHAPTER 89,opinions,0.03
3278541,CHAPTER 89,ostentatious,0.03
3278590,CHAPTER 89,outrageous,0.03
3278935,CHAPTER 89,partaking,0.03
3279416,CHAPTER 89,philistines,0.03
3279664,CHAPTER 89,plate,0.03
3279689,CHAPTER 89,plays,0.03
3279763,CHAPTER 89,plunging,0.03
3279812,CHAPTER 89,poland,0.03
3279875,CHAPTER 89,poor,0.03
3280255,CHAPTER 89,primary,0.03
3280271,CHAPTER 89,principles,0.03
3280532,CHAPTER 89,provided,0.03
3280829,CHAPTER 89,quoted,0.03
3280943,CHAPTER 89,rapacious,0.03
3281023,CHAPTER 89,reader,0.03
3281053,CHAPTER 89,reason,0.03
3281091,CHAPTER 89,recent,0.03
3281103,CHAPTER 89,reciprocally,0.03
3281156,CHAPTER 89,recover,0.03
3281160,CHAPTER 89,recovery,0.03
3281234,CHAPTER 89,reflection,0.03
3281273,CHAPTER 89,regardless,0.03
3281297,CHAPTER 89,regulations,0.03
3281367,CHAPTER 89,religious,0.03
3281419,CHAPTER 89,remonstrated,0.03
3281487,CHAPTER 89,repenting,0.03
3281541,CHAPTER 89,republican,0.03
3281694,CHAPTER 89,retain,0.03
3281868,CHAPTER 89,rights,0.03
3281927,CHAPTER 89,risk,0.03
3282161,CHAPTER 89,russian,0.03
3282397,CHAPTER 89,saying,0.03
3282478,CHAPTER 89,scientific,0.03
3282584,CHAPTER 89,scrupulous,0.03
3282595,CHAPTER 89,sculpture,0.03
3282634,CHAPTER 89,seas,0.03
3282724,CHAPTER 89,seizure,0.03
3282819,CHAPTER 89,serfs,0.03
3282848,CHAPTER 89,set,0.03
3283045,CHAPTER 89,ship,0.03
3283301,CHAPTER 89,sinews,0.03
3283448,CHAPTER 89,slaves,0.03
3283611,CHAPTER 89,smuggling,0.03
3283621,CHAPTER 89,snapped,0.03
3283664,CHAPTER 89,snugly,0.03
3283798,CHAPTER 89,soonest,0.03
3283877,CHAPTER 89,spanish,0.03
3284220,CHAPTER 89,standard,0.03
3284254,CHAPTER 89,starvation,0.03
3284378,CHAPTER 89,sticking,0.03
3284503,CHAPTER 89,strand,0.03
3284779,CHAPTER 89,sued,0.03
3284957,CHAPTER 89,supported,0.03
3284969,CHAPTER 89,suppression,0.03
3285006,CHAPTER 89,surpasses,0.03
3285494,CHAPTER 89,terse,0.03
3285517,CHAPTER 89,texas,0.03
3285759,CHAPTER 89,time,0.03
3285891,CHAPTER 89,took,0.03
3285984,CHAPTER 89,towns,0.03
3285986,CHAPTER 89,tows,0.03
3285993,CHAPTER 89,tracery,0.03
3286340,CHAPTER 89,turk,0.03
3286385,CHAPTER 89,twin,0.03
3286441,CHAPTER 89,ultimately,0.03
3286679,CHAPTER 89,undetected,0.03
3286698,CHAPTER 89,undisputed,0.03
3286919,CHAPTER 89,universally,0.03
3287312,CHAPTER 89,unwritten,0.03
3287437,CHAPTER 89,value,0.03
3287577,CHAPTER 89,vessel,0.03
3287655,CHAPTER 89,villain,0.03
3288139,CHAPTER 89,whalemen,0.03
3288174,CHAPTER 89,whereof,0.03
3288266,CHAPTER 89,widely,0.03
3288353,CHAPTER 89,wire,0.03
3288372,CHAPTER 89,wit,0.03
3288403,CHAPTER 89,witty,0.03
3288658,CHAPTER 89,years,0.03
3263159,CHAPTER 89,account,0.02
3263220,CHAPTER 89,action,0.02
3263482,CHAPTER 89,ago,0.02
3263593,CHAPTER 89,alive,0.02
3263713,CHAPTER 89,america,0.02
3263714,CHAPTER 89,american,0.02
3263995,CHAPTER 89,applied,0.02
3264366,CHAPTER 89,attached,0.02
3264570,CHAPTER 89,backed,0.02
3264854,CHAPTER 89,bears,0.02
3265007,CHAPTER 89,belonged,0.02
3265010,CHAPTER 89,belongs,0.02
3265667,CHAPTER 89,bread,0.02
3265806,CHAPTER 89,broken,0.02
3265827,CHAPTER 89,brother,0.02
3265901,CHAPTER 89,bull,0.02
3266099,CHAPTER 89,calm,0.02
3266116,CHAPTER 89,came,0.02
3266229,CHAPTER 89,captured,0.02
3266355,CHAPTER 89,catch,0.02
3266537,CHAPTER 89,chapter,0.02
3266585,CHAPTER 89,chased,0.02
3267302,CHAPTER 89,common,0.02
3267342,CHAPTER 89,company,0.02
3267476,CHAPTER 89,concerning,0.02
3267617,CHAPTER 89,connected,0.02
3268316,CHAPTER 89,cruising,0.02
3268398,CHAPTER 89,curious,0.02
3268720,CHAPTER 89,deemed,0.02
3269741,CHAPTER 89,door,0.02
3270723,CHAPTER 89,escape,0.02
3270872,CHAPTER 89,example,0.02
3271198,CHAPTER 89,fair,0.02
3271238,CHAPTER 89,family,0.02
3271560,CHAPTER 89,final,0.02
3271575,CHAPTER 89,fingers,0.02
3271612,CHAPTER 89,fishery,0.02
3272008,CHAPTER 89,forth,0.02
3272125,CHAPTER 89,frequently,0.02
3272339,CHAPTER 89,game,0.02
3272442,CHAPTER 89,generally,0.02
3272624,CHAPTER 89,globe,0.02
3273190,CHAPTER 89,happens,0.02
3273241,CHAPTER 89,harpooneer,0.02
3273401,CHAPTER 89,heaven,0.02
3273461,CHAPTER 89,help,0.02
3273872,CHAPTER 89,human,0.02
3273917,CHAPTER 89,hundreds,0.02
3274349,CHAPTER 89,inch,0.02
3274491,CHAPTER 89,indirectly,0.02
3275358,CHAPTER 89,john,0.02
3275700,CHAPTER 89,laid,0.02
3275942,CHAPTER 89,leeward,0.02
3276079,CHAPTER 89,life,0.02
3276117,CHAPTER 89,likewise,0.02
3276147,CHAPTER 89,lines,0.02
3276693,CHAPTER 89,man,0.02
3276782,CHAPTER 89,marble,0.02
3276886,CHAPTER 89,master,0.02
3276979,CHAPTER 89,means,0.02
3277095,CHAPTER 89,merely,0.02
3277247,CHAPTER 89,minds,0.02
3277616,CHAPTER 89,mouth,0.02
3277638,CHAPTER 89,mr,0.02
3277894,CHAPTER 89,neck,0.02
3278089,CHAPTER 89,northern,0.02
3278180,CHAPTER 89,oar,0.02
3278201,CHAPTER 89,object,0.02
3278283,CHAPTER 89,occupied,0.02
3278509,CHAPTER 89,originally,0.02
3279112,CHAPTER 89,peculiar,0.02
3279216,CHAPTER 89,people,0.02
3279262,CHAPTER 89,peril,0.02
3279263,CHAPTER 89,perilous,0.02
3279629,CHAPTER 89,plainly,0.02
3279817,CHAPTER 89,poles,0.02
3279939,CHAPTER 89,position,0.02
3279953,CHAPTER 89,possibly,0.02
3280227,CHAPTER 89,pretty,0.02
3280270,CHAPTER 89,principle,0.02
3280759,CHAPTER 89,queen,0.02
3281128,CHAPTER 89,recognised,0.02
3281268,CHAPTER 89,regard,0.02
3281381,CHAPTER 89,remained,0.02
3281973,CHAPTER 89,rock,0.02
3282081,CHAPTER 89,royal,0.02
3282372,CHAPTER 89,save,0.02
3282651,CHAPTER 89,second,0.02
3283693,CHAPTER 89,society,0.02
3283833,CHAPTER 89,souls,0.02
3284348,CHAPTER 89,step,0.02
3284468,CHAPTER 89,storm,0.02
3284753,CHAPTER 89,succeeded,0.02
3284976,CHAPTER 89,sure,0.02
3285391,CHAPTER 89,teeth,0.02
3285474,CHAPTER 89,terms,0.02
3285540,CHAPTER 89,theirs,0.02
3285628,CHAPTER 89,thoughts,0.02
3285630,CHAPTER 89,thousands,0.02
3285964,CHAPTER 89,touching,0.02
3286292,CHAPTER 89,trying,0.02
3286913,CHAPTER 89,united,0.02
3286917,CHAPTER 89,universal,0.02
3287340,CHAPTER 89,upright,0.02
3287420,CHAPTER 89,vain,0.02
3287771,CHAPTER 89,volume,0.02
3288023,CHAPTER 89,way,0.02
3288053,CHAPTER 89,weary,0.02
3288140,CHAPTER 89,whaler,0.02
3288173,CHAPTER 89,wherefore,0.02
3288271,CHAPTER 89,widow,0.02
3288277,CHAPTER 89,wife,0.02
3288465,CHAPTER 89,words,0.02
3288486,CHAPTER 89,worn,0.02
3288685,CHAPTER 89,yonder,0.02
3264522,CHAPTER 89,away,0.01
3265434,CHAPTER 89,body,0.01
3265991,CHAPTER 89,business,0.01
3266220,CHAPTER 89,captain,0.01
3268208,CHAPTER 89,crew,0.01
3268605,CHAPTER 89,dead,0.01
3269198,CHAPTER 89,did,0.01
3271146,CHAPTER 89,eyes,0.01
3271266,CHAPTER 89,far,0.01
3272437,CHAPTER 89,general,0.01
3273106,CHAPTER 89,half,0.01
3273363,CHAPTER 89,heard,0.01
3276108,CHAPTER 89,like,0.01
3276307,CHAPTER 89,long,0.01
3276325,CHAPTER 89,looking,0.01
3276883,CHAPTER 89,mast,0.01
3277058,CHAPTER 89,men,0.01
3280171,CHAPTER 89,present,0.01
3281860,CHAPTER 89,right,0.01
3282052,CHAPTER 89,round,0.01
3282394,CHAPTER 89,say,0.01
3283055,CHAPTER 89,ships,0.01
3283560,CHAPTER 89,small,0.01
3284219,CHAPTER 89,stand,0.01
3285583,CHAPTER 89,thing,0.01
3286266,CHAPTER 89,true,0.01
3287477,CHAPTER 89,vast,0.01
3288114,CHAPTER 89,went,0.01
3288479,CHAPTER 89,world,0.01
3288671,CHAPTER 89,yes,0.01
