,chapter,term,tfidf
3205669,CHAPTER 86,tail,0.35
3190682,CHAPTER 86,elephant,0.29
3192238,CHAPTER 86,flukes,0.27
3208565,CHAPTER 86,whale,0.18
3206713,CHAPTER 86,trunk,0.17
3200451,CHAPTER 86,power,0.12
3198016,CHAPTER 86,motions,0.1
3185307,CHAPTER 86,beauty,0.09
3196466,CHAPTER 86,leviathan,0.09
3204972,CHAPTER 86,strength,0.09
3205415,CHAPTER 86,surface,0.09
3197611,CHAPTER 86,middle,0.08
3199525,CHAPTER 86,peaking,0.08
3200558,CHAPTER 86,prehensile,0.08
3187898,CHAPTER 86,concentrated,0.07
3190651,CHAPTER 86,elasticity,0.07
3191592,CHAPTER 86,face,0.07
3196296,CHAPTER 86,layers,0.07
3205940,CHAPTER 86,testified,0.07
3185868,CHAPTER 86,body,0.06
3187781,CHAPTER 86,compared,0.06
3187783,CHAPTER 86,comparison,0.06
3188093,CHAPTER 86,considerably,0.06
3188244,CHAPTER 86,contribute,0.06
3189246,CHAPTER 86,delicacy,0.06
3189584,CHAPTER 86,devout,0.06
3191933,CHAPTER 86,fibres,0.06
3191963,CHAPTER 86,fifth,0.06
3192935,CHAPTER 86,gestures,0.06
3193193,CHAPTER 86,grace,0.06
3193928,CHAPTER 86,herd,0.06
3197418,CHAPTER 86,measureless,0.06
3198721,CHAPTER 86,occur,0.06
3199908,CHAPTER 86,pictures,0.06
3204138,CHAPTER 86,soft,0.06
3205866,CHAPTER 86,tend,0.06
3206394,CHAPTER 86,touch,0.06
3207771,CHAPTER 86,upper,0.06
3208036,CHAPTER 86,vibrating,0.06
3183955,CHAPTER 86,air,0.05
3187107,CHAPTER 86,chiefly,0.05
3191038,CHAPTER 86,entire,0.05
3192484,CHAPTER 86,fourth,0.05
3194198,CHAPTER 86,horizontal,0.05
3197127,CHAPTER 86,man,0.05
3197930,CHAPTER 86,mood,0.05
3199236,CHAPTER 86,palms,0.05
3202066,CHAPTER 86,respect,0.05
3202433,CHAPTER 86,roman,0.05
3204397,CHAPTER 86,sperm,0.05
3205544,CHAPTER 86,sweeping,0.05
3208347,CHAPTER 86,wanting,0.05
3182807,CHAPTER 86,_breach_,0.04
3184024,CHAPTER 86,alights,0.04
3184237,CHAPTER 86,angelo,0.04
3184307,CHAPTER 86,antelope,0.04
3184499,CHAPTER 86,archangels,0.04
3184697,CHAPTER 86,assailant,0.04
3185529,CHAPTER 86,bestows,0.04
3185802,CHAPTER 86,blow,0.04
3185845,CHAPTER 86,boat,0.04
3185944,CHAPTER 86,borders,0.04
3186089,CHAPTER 86,brawniness,0.04
3186329,CHAPTER 86,bulk,0.04
3186692,CHAPTER 86,caressed,0.04
3187824,CHAPTER 86,completely,0.04
3187849,CHAPTER 86,compose,0.04
3187889,CHAPTER 86,conceded,0.04
3187934,CHAPTER 86,concussion,0.04
3188001,CHAPTER 86,conflicts,0.04
3188185,CHAPTER 86,contemptuously,0.04
3188392,CHAPTER 86,corpulence,0.04
3188615,CHAPTER 86,creatures,0.04
3188662,CHAPTER 86,crimsoned,0.04
3188859,CHAPTER 86,curves,0.04
3188921,CHAPTER 86,daintiness,0.04
3188949,CHAPTER 86,damsels,0.04
3188970,CHAPTER 86,dantean,0.04
3188992,CHAPTER 86,darmonodes,0.04
3189307,CHAPTER 86,demonstrate,0.04
3189370,CHAPTER 86,deplore,0.04
3189981,CHAPTER 86,dissect,0.04
3190115,CHAPTER 86,does,0.04
3190552,CHAPTER 86,eckerman,0.04
3190718,CHAPTER 86,eluding,0.04
3190758,CHAPTER 86,embodied,0.04
3190901,CHAPTER 86,endurance,0.04
3191103,CHAPTER 86,equalled,0.04
3191436,CHAPTER 86,expands,0.04
3191524,CHAPTER 86,exquisitely,0.04
3191849,CHAPTER 86,feet,0.04
3191976,CHAPTER 86,filaments,0.04
3192157,CHAPTER 86,flexion,0.04
3192158,CHAPTER 86,flexions,0.04
3192175,CHAPTER 86,flirted,0.04
3192907,CHAPTER 86,gentleness,0.04
3193129,CHAPTER 86,goethe,0.04
3193225,CHAPTER 86,grandest,0.04
3193669,CHAPTER 86,harmony,0.04
3193941,CHAPTER 86,hermaphroditical,0.04
3194029,CHAPTER 86,hint,0.04
3194102,CHAPTER 86,hole,0.04
3194588,CHAPTER 86,impairs,0.04
3194673,CHAPTER 86,imposingly,0.04
3194739,CHAPTER 86,inability,0.04
3195017,CHAPTER 86,infantileness,0.04
3195032,CHAPTER 86,inferiority,0.04
3195309,CHAPTER 86,intelligently,0.04
3195619,CHAPTER 86,isaiah,0.04
3195856,CHAPTER 86,juba,0.04
3196025,CHAPTER 86,kitten,0.04
3196049,CHAPTER 86,knit,0.04
3196553,CHAPTER 86,lily,0.04
3196686,CHAPTER 86,lobtailing,0.04
3196727,CHAPTER 86,loins,0.04
3196972,CHAPTER 86,mace,0.04
3197056,CHAPTER 86,maidenly,0.04
3197528,CHAPTER 86,mere,0.04
3197589,CHAPTER 86,methods,0.04
3198137,CHAPTER 86,muscular,0.04
3198533,CHAPTER 86,nosegays,0.04
3199086,CHAPTER 86,overlap,0.04
3199399,CHAPTER 86,parts,0.04
3199751,CHAPTER 86,persia,0.04
3199853,CHAPTER 86,philopater,0.04
3200115,CHAPTER 86,play,0.04
3200473,CHAPTER 86,praises,0.04
3200918,CHAPTER 86,propulsion,0.04
3201010,CHAPTER 86,ptolemy,0.04
3201516,CHAPTER 86,recede,0.04
3201813,CHAPTER 86,remain,0.04
3202063,CHAPTER 86,resounds,0.04
3202668,CHAPTER 86,sailor,0.04
3202708,CHAPTER 86,salutations,0.04
3203137,CHAPTER 86,seen,0.04
3203507,CHAPTER 86,shoaling,0.04
3203648,CHAPTER 86,sideways,0.04
3203972,CHAPTER 86,slowness,0.04
3204848,CHAPTER 86,stitch,0.04
3204951,CHAPTER 86,strata,0.04
3205123,CHAPTER 86,submission,0.04
3205613,CHAPTER 86,symbols,0.04
3205874,CHAPTER 86,tenderness,0.04
3205919,CHAPTER 86,terrier,0.04
3206136,CHAPTER 86,thunderous,0.04
3206248,CHAPTER 86,titanism,0.04
3206383,CHAPTER 86,tosses,0.04
3206483,CHAPTER 86,transcend,0.04
3206660,CHAPTER 86,triune,0.04
3206935,CHAPTER 86,unawares,0.04
3206943,CHAPTER 86,unbent,0.04
3207142,CHAPTER 86,undoubtedly,0.04
3207153,CHAPTER 86,undulates,0.04
3207800,CHAPTER 86,used,0.04
3208357,CHAPTER 86,warbled,0.04
3208499,CHAPTER 86,webbed,0.04
3208649,CHAPTER 86,whisker,0.04
3208932,CHAPTER 86,worshippers,0.04
3208965,CHAPTER 86,wreath,0.04
3208990,CHAPTER 86,wriggles,0.04
3183597,CHAPTER 86,accounted,0.03
3183599,CHAPTER 86,accounts,0.03
3183654,CHAPTER 86,action,0.03
3183662,CHAPTER 86,acts,0.03
3183761,CHAPTER 86,adoration,0.03
3183873,CHAPTER 86,african,0.03
3183970,CHAPTER 86,akin,0.03
3184102,CHAPTER 86,alternating,0.03
3184121,CHAPTER 86,amazing,0.03
3184240,CHAPTER 86,anger,0.03
3184253,CHAPTER 86,animated,0.03
3184266,CHAPTER 86,annihilation,0.03
3184329,CHAPTER 86,antique,0.03
3184332,CHAPTER 86,antiquity,0.03
3184383,CHAPTER 86,appalling,0.03
3184495,CHAPTER 86,arch,0.03
3184528,CHAPTER 86,area,0.03
3184685,CHAPTER 86,aspects,0.03
3184956,CHAPTER 86,away,0.03
3185014,CHAPTER 86,backwards,0.03
3185078,CHAPTER 86,balls,0.03
3185085,CHAPTER 86,baltic,0.03
3185303,CHAPTER 86,beautiful,0.03
3185404,CHAPTER 86,beings,0.03
3185440,CHAPTER 86,belong,0.03
3185465,CHAPTER 86,beneath,0.03
3185539,CHAPTER 86,bethink,0.03
3185627,CHAPTER 86,bird,0.03
3185739,CHAPTER 86,blend,0.03
3185805,CHAPTER 86,blows,0.03
3185969,CHAPTER 86,bottomless,0.03
3186222,CHAPTER 86,broad,0.03
3186377,CHAPTER 86,buoyancy,0.03
3186844,CHAPTER 86,celebrate,0.03
3186851,CHAPTER 86,celestial,0.03
3187000,CHAPTER 86,charm,0.03
3187354,CHAPTER 86,claw,0.03
3187565,CHAPTER 86,coiled,0.03
3187637,CHAPTER 86,colossal,0.03
3187762,CHAPTER 86,compact,0.03
3187858,CHAPTER 86,comprehend,0.03
3187870,CHAPTER 86,comprises,0.03
3187909,CHAPTER 86,concerned,0.03
3187914,CHAPTER 86,concert,0.03
3188002,CHAPTER 86,confluent,0.03
3188284,CHAPTER 86,conversed,0.03
3188543,CHAPTER 86,cracked,0.03
3188577,CHAPTER 86,crash,0.03
3188635,CHAPTER 86,crescentic,0.03
3188666,CHAPTER 86,cripple,0.03
3188707,CHAPTER 86,crosswise,0.03
3188708,CHAPTER 86,crotch,0.03
3188764,CHAPTER 86,crush,0.03
3188832,CHAPTER 86,curious,0.03
3188835,CHAPTER 86,curled,0.03
3188858,CHAPTER 86,curved,0.03
3189164,CHAPTER 86,deeps,0.03
3189195,CHAPTER 86,defined,0.03
3189334,CHAPTER 86,dense,0.03
3189415,CHAPTER 86,derive,0.03
3189428,CHAPTER 86,described,0.03
3189505,CHAPTER 86,destitute,0.03
3189728,CHAPTER 86,direful,0.03
3189769,CHAPTER 86,discharged,0.03
3190011,CHAPTER 86,distinct,0.03
3190077,CHAPTER 86,divine,0.03
3190227,CHAPTER 86,downwards,0.03
3190290,CHAPTER 86,dreams,0.03
3190449,CHAPTER 86,dust,0.03
3190498,CHAPTER 86,earnest,0.03
3190511,CHAPTER 86,ease,0.03
3190685,CHAPTER 86,elephants,0.03
3190690,CHAPTER 86,elevating,0.03
3190760,CHAPTER 86,embodiment,0.03
3191102,CHAPTER 86,equality,0.03
3191126,CHAPTER 86,erect,0.03
3191315,CHAPTER 86,exceed,0.03
3191317,CHAPTER 86,exceeding,0.03
3191328,CHAPTER 86,excepting,0.03
3191439,CHAPTER 86,expansion,0.03
3191514,CHAPTER 86,express,0.03
3191531,CHAPTER 86,extensive,0.03
3191550,CHAPTER 86,extracted,0.03
3191563,CHAPTER 86,extremity,0.03
3191638,CHAPTER 86,fairy,0.03
3191678,CHAPTER 86,fan,0.03
3191681,CHAPTER 86,fancied,0.03
3191876,CHAPTER 86,feminine,0.03
3191969,CHAPTER 86,fights,0.03
3192019,CHAPTER 86,fins,0.03
3192110,CHAPTER 86,flat,0.03
3192220,CHAPTER 86,flower,0.03
3192336,CHAPTER 86,force,0.03
3192421,CHAPTER 86,form,0.03
3192442,CHAPTER 86,forth,0.03
3192459,CHAPTER 86,forwards,0.03
3192557,CHAPTER 86,frequented,0.03
3192604,CHAPTER 86,frock,0.03
3192683,CHAPTER 86,furiously,0.03
3192693,CHAPTER 86,furnish,0.03
3192871,CHAPTER 86,general,0.03
3192991,CHAPTER 86,girth,0.03
3193195,CHAPTER 86,graceful,0.03
3193207,CHAPTER 86,gradually,0.03
3193295,CHAPTER 86,great,0.03
3193463,CHAPTER 86,gun,0.03
3193767,CHAPTER 86,head,0.03
3193773,CHAPTER 86,heading,0.03
3193797,CHAPTER 86,heard,0.03
3193813,CHAPTER 86,hearth,0.03
3193927,CHAPTER 86,hercules,0.03
3193992,CHAPTER 86,highest,0.03
3194367,CHAPTER 86,hurled,0.03
3194597,CHAPTER 86,imparts,0.03
3194755,CHAPTER 86,inasmuch,0.03
3195001,CHAPTER 86,inexplicable,0.03
3195066,CHAPTER 86,inflicted,0.03
3195209,CHAPTER 86,insensibly,0.03
3195485,CHAPTER 86,invariably,0.03
3195594,CHAPTER 86,irresistible,0.03
3195643,CHAPTER 86,italian,0.03
3195882,CHAPTER 86,juggler,0.03
3195901,CHAPTER 86,junction,0.03
3196070,CHAPTER 86,know,0.03
3196212,CHAPTER 86,largely,0.03
3196295,CHAPTER 86,layer,0.03
3196524,CHAPTER 86,light,0.03
3196580,CHAPTER 86,linen,0.03
3196687,CHAPTER 86,local,0.03
3196823,CHAPTER 86,lovely,0.03
3196833,CHAPTER 86,lower,0.03
3197017,CHAPTER 86,magic,0.03
3197078,CHAPTER 86,majestic,0.03
3197241,CHAPTER 86,mark,0.03
3197244,CHAPTER 86,market,0.03
3197303,CHAPTER 86,mason,0.03
3197306,CHAPTER 86,masonry,0.03
3197315,CHAPTER 86,massive,0.03
3197350,CHAPTER 86,materials,0.03
3197477,CHAPTER 86,member,0.03
3197630,CHAPTER 86,mightiest,0.03
3197649,CHAPTER 86,military,0.03
3197869,CHAPTER 86,moment,0.03
3198061,CHAPTER 86,moves,0.03
3198350,CHAPTER 86,negative,0.03
3198550,CHAPTER 86,noticed,0.03
3198878,CHAPTER 86,opposing,0.03
3198924,CHAPTER 86,organ,0.03
3198932,CHAPTER 86,organs,0.03
3199034,CHAPTER 86,outside,0.03
3199132,CHAPTER 86,overwhelmed,0.03
3199206,CHAPTER 86,paints,0.03
3199311,CHAPTER 86,parallel,0.03
3199524,CHAPTER 86,peaked,0.03
3199546,CHAPTER 86,peculiar,0.03
3200034,CHAPTER 86,pity,0.03
3200119,CHAPTER 86,playful,0.03
3200123,CHAPTER 86,plays,0.03
3200181,CHAPTER 86,plumage,0.03
3200195,CHAPTER 86,plunge,0.03
3200223,CHAPTER 86,poets,0.03
3200226,CHAPTER 86,point,0.03
3200297,CHAPTER 86,ponderous,0.03
3200377,CHAPTER 86,possess,0.03
3200406,CHAPTER 86,posture,0.03
3200563,CHAPTER 86,preliminary,0.03
3200590,CHAPTER 86,preposterous,0.03
3200812,CHAPTER 86,profoundest,0.03
3200814,CHAPTER 86,profundities,0.03
3200823,CHAPTER 86,progression,0.03
3200874,CHAPTER 86,pronouncing,0.03
3201553,CHAPTER 86,reckoning,0.03
3201569,CHAPTER 86,recoil,0.03
3201790,CHAPTER 86,relics,0.03
3202075,CHAPTER 86,respectively,0.03
3202118,CHAPTER 86,result,0.03
3202167,CHAPTER 86,reveal,0.03
3202249,CHAPTER 86,rib,0.03
3202256,CHAPTER 86,ribs,0.03
3202406,CHAPTER 86,robustness,0.03
3202456,CHAPTER 86,root,0.03
3202584,CHAPTER 86,running,0.03
3202713,CHAPTER 86,salvation,0.03
3202768,CHAPTER 86,satan,0.03
3202885,CHAPTER 86,scenes,0.03
3203007,CHAPTER 86,scroll,0.03
3203041,CHAPTER 86,sea,0.03
3203085,CHAPTER 86,second,0.03
3203110,CHAPTER 86,security,0.03
3203270,CHAPTER 86,serve,0.03
3203364,CHAPTER 86,shalt,0.03
3203434,CHAPTER 86,sheet,0.03
3203521,CHAPTER 86,shoot,0.03
3203661,CHAPTER 86,sight,0.03
3203686,CHAPTER 86,signs,0.03
3203712,CHAPTER 86,similitude,0.03
3203723,CHAPTER 86,simply,0.03
3203735,CHAPTER 86,sinews,0.03
3203743,CHAPTER 86,singular,0.03
3203793,CHAPTER 86,sized,0.03
3204023,CHAPTER 86,smiting,0.03
3204068,CHAPTER 86,snatching,0.03
3204169,CHAPTER 86,sole,0.03
3204329,CHAPTER 86,spasmodically,0.03
3204438,CHAPTER 86,spiracle,0.03
3204508,CHAPTER 86,sport,0.03
3204555,CHAPTER 86,sprung,0.03
3204633,CHAPTER 86,stalk,0.03
3204747,CHAPTER 86,stealing,0.03
3204771,CHAPTER 86,steer,0.03
3204886,CHAPTER 86,stopped,0.03
3204943,CHAPTER 86,strangeness,0.03
3204963,CHAPTER 86,stream,0.03
3205008,CHAPTER 86,strips,0.03
3205033,CHAPTER 86,structure,0.03
3205056,CHAPTER 86,student,0.03
3205117,CHAPTER 86,sublime,0.03
3205122,CHAPTER 86,submerged,0.03
3205193,CHAPTER 86,successfully,0.03
3205305,CHAPTER 86,sunrise,0.03
3205676,CHAPTER 86,tails,0.03
3205723,CHAPTER 86,tap,0.03
3205728,CHAPTER 86,tapers,0.03
3205800,CHAPTER 86,teachings,0.03
3205877,CHAPTER 86,tendinous,0.03
3205879,CHAPTER 86,tendons,0.03
3206009,CHAPTER 86,thickness,0.03
3206019,CHAPTER 86,think,0.03
3206122,CHAPTER 86,thrusting,0.03
3206182,CHAPTER 86,tiles,0.03
3206573,CHAPTER 86,treat,0.03
3206653,CHAPTER 86,triumphal,0.03
3206715,CHAPTER 86,trunks,0.03
3207442,CHAPTER 86,unobstructed,0.03
3207769,CHAPTER 86,uplifted,0.03
3207805,CHAPTER 86,uses,0.03
3207835,CHAPTER 86,vacancy,0.03
3207884,CHAPTER 86,vapor,0.03
3207911,CHAPTER 86,vast,0.03
3208136,CHAPTER 86,virtues,0.03
3208320,CHAPTER 86,walls,0.03
3208388,CHAPTER 86,warp,0.03
3208537,CHAPTER 86,welded,0.03
3208653,CHAPTER 86,whiskers,0.03
3208709,CHAPTER 86,wielded,0.03
3208771,CHAPTER 86,wings,0.03
3208824,CHAPTER 86,withstand,0.03
3208889,CHAPTER 86,woof,0.03
3208945,CHAPTER 86,wounded,0.03
3208991,CHAPTER 86,wriggling,0.03
3209156,CHAPTER 86,zones,0.03
3183588,CHAPTER 86,according,0.02
3184563,CHAPTER 86,arm,0.02
3185243,CHAPTER 86,battle,0.02
3185317,CHAPTER 86,bed,0.02
3185374,CHAPTER 86,begin,0.02
3185393,CHAPTER 86,beheld,0.02
3185850,CHAPTER 86,boats,0.02
3186413,CHAPTER 86,bursting,0.02
3186741,CHAPTER 86,carved,0.02
3186941,CHAPTER 86,chance,0.02
3186971,CHAPTER 86,chapter,0.02
3187093,CHAPTER 86,chest,0.02
3187110,CHAPTER 86,child,0.02
3187678,CHAPTER 86,comes,0.02
3188091,CHAPTER 86,consider,0.02
3188237,CHAPTER 86,contrary,0.02
3188390,CHAPTER 86,corpse,0.02
3188494,CHAPTER 86,course,0.02
3188643,CHAPTER 86,crews,0.02
3188874,CHAPTER 86,cut,0.02
3188994,CHAPTER 86,dart,0.02
3188996,CHAPTER 86,darting,0.02
3189001,CHAPTER 86,dashed,0.02
3189125,CHAPTER 86,declared,0.02
3189157,CHAPTER 86,deep,0.02
3189420,CHAPTER 86,descend,0.02
3189564,CHAPTER 86,devils,0.02
3189649,CHAPTER 86,different,0.02
3189672,CHAPTER 86,dignity,0.02
3190118,CHAPTER 86,dog,0.02
3190263,CHAPTER 86,draw,0.02
3190517,CHAPTER 86,east,0.02
3191167,CHAPTER 86,especially,0.02
3191277,CHAPTER 86,evinced,0.02
3191467,CHAPTER 86,experienced,0.02
3191572,CHAPTER 86,eye,0.02
3191756,CHAPTER 86,father,0.02
3191842,CHAPTER 86,feel,0.02
3191967,CHAPTER 86,fight,0.02
3191993,CHAPTER 86,fin,0.02
3192030,CHAPTER 86,firm,0.02
3192046,CHAPTER 86,fishery,0.02
3192091,CHAPTER 86,flame,0.02
3192182,CHAPTER 86,floating,0.02
3192533,CHAPTER 86,free,0.02
3192856,CHAPTER 86,gazing,0.02
3192876,CHAPTER 86,generally,0.02
3192962,CHAPTER 86,gigantic,0.02
3192994,CHAPTER 86,gives,0.02
3193126,CHAPTER 86,gods,0.02
3193143,CHAPTER 86,gone,0.02
3193220,CHAPTER 86,grand,0.02
3193406,CHAPTER 86,grown,0.02
3193525,CHAPTER 86,hailed,0.02
3193835,CHAPTER 86,heaven,0.02
3193886,CHAPTER 86,hell,0.02
3194125,CHAPTER 86,home,0.02
3194306,CHAPTER 86,human,0.02
3194362,CHAPTER 86,hunters,0.02
3194441,CHAPTER 86,idea,0.02
3194557,CHAPTER 86,immense,0.02
3194783,CHAPTER 86,inch,0.02
3194903,CHAPTER 86,indian,0.02
3195249,CHAPTER 86,instances,0.02
3195707,CHAPTER 86,jaw,0.02
3195747,CHAPTER 86,jet,0.02
3196006,CHAPTER 86,king,0.02
3196076,CHAPTER 86,known,0.02
3196210,CHAPTER 86,large,0.02
3196215,CHAPTER 86,largest,0.02
3196339,CHAPTER 86,leaping,0.02
3196354,CHAPTER 86,leaving,0.02
3196459,CHAPTER 86,level,0.02
3196504,CHAPTER 86,lie,0.02
3196507,CHAPTER 86,lies,0.02
3196519,CHAPTER 86,lifted,0.02
3196542,CHAPTER 86,like,0.02
3196581,CHAPTER 86,lines,0.02
3196654,CHAPTER 86,living,0.02
3196818,CHAPTER 86,love,0.02
3196832,CHAPTER 86,low,0.02
3197178,CHAPTER 86,manner,0.02
3197216,CHAPTER 86,marble,0.02
3197242,CHAPTER 86,marked,0.02
3197317,CHAPTER 86,mast,0.02
3197413,CHAPTER 86,means,0.02
3197633,CHAPTER 86,mighty,0.02
3197646,CHAPTER 86,miles,0.02
3197913,CHAPTER 86,monster,0.02
3197975,CHAPTER 86,morning,0.02
3198010,CHAPTER 86,motion,0.02
3198200,CHAPTER 86,mystic,0.02
3198222,CHAPTER 86,naked,0.02
3198280,CHAPTER 86,nature,0.02
3198615,CHAPTER 86,oars,0.02
3198707,CHAPTER 86,occasionally,0.02
3198727,CHAPTER 86,ocean,0.02
3198879,CHAPTER 86,opposite,0.02
3198921,CHAPTER 86,ordinary,0.02
3199142,CHAPTER 86,owing,0.02
3199384,CHAPTER 86,particular,0.02
3199392,CHAPTER 86,partly,0.02
3199416,CHAPTER 86,passing,0.02
3200082,CHAPTER 86,plank,0.02
3200234,CHAPTER 86,points,0.02
3200373,CHAPTER 86,position,0.02
3200461,CHAPTER 86,practical,0.02
3200608,CHAPTER 86,presented,0.02
3201381,CHAPTER 86,rapidly,0.02
3201465,CHAPTER 86,real,0.02
3201521,CHAPTER 86,received,0.02
3201819,CHAPTER 86,remarkable,0.02
3201907,CHAPTER 86,repeated,0.02
3202486,CHAPTER 86,round,0.02
3202828,CHAPTER 86,say,0.02
3203068,CHAPTER 86,seas,0.02
3203201,CHAPTER 86,sense,0.02
3203355,CHAPTER 86,shall,0.02
3203534,CHAPTER 86,short,0.02
3203665,CHAPTER 86,sign,0.02
3203678,CHAPTER 86,significant,0.02
3203688,CHAPTER 86,silence,0.02
3203818,CHAPTER 86,skin,0.02
3203843,CHAPTER 86,sky,0.02
3203927,CHAPTER 86,slightly,0.02
3204025,CHAPTER 86,smoke,0.02
3204198,CHAPTER 86,solitary,0.02
3204220,CHAPTER 86,son,0.02
3204525,CHAPTER 86,spout,0.02
3204579,CHAPTER 86,square,0.02
3204661,CHAPTER 86,stands,0.02
3204871,CHAPTER 86,stone,0.02
3204928,CHAPTER 86,straightway,0.02
3204994,CHAPTER 86,striking,0.02
3205016,CHAPTER 86,stroke,0.02
3205173,CHAPTER 86,subtle,0.02
3205288,CHAPTER 86,sun,0.02
3205567,CHAPTER 86,swiftly,0.02
3205572,CHAPTER 86,swimming,0.02
3206017,CHAPTER 86,thing,0.02
3206040,CHAPTER 86,thirty,0.02
3206054,CHAPTER 86,thou,0.02
3206163,CHAPTER 86,tied,0.02
3206357,CHAPTER 86,tormented,0.02
3206382,CHAPTER 86,tossed,0.02
3206891,CHAPTER 86,unaccountable,0.02
3207090,CHAPTER 86,understand,0.02
3207822,CHAPTER 86,utmost,0.02
3208067,CHAPTER 86,view,0.02
3208135,CHAPTER 86,virtue,0.02
3208431,CHAPTER 86,water,0.02
3208686,CHAPTER 86,wholly,0.02
3208699,CHAPTER 86,wide,0.02
3208793,CHAPTER 86,wise,0.02
3208842,CHAPTER 86,woe,0.02
3208860,CHAPTER 86,wonderful,0.02
3186894,CHAPTER 86,certain,0.01
3191700,CHAPTER 86,far,0.01
3192039,CHAPTER 86,fish,0.01
3193118,CHAPTER 86,god,0.01
3193578,CHAPTER 86,hand,0.01
3193597,CHAPTER 86,hands,0.01
3193990,CHAPTER 86,high,0.01
3196633,CHAPTER 86,little,0.01
3196741,CHAPTER 86,long,0.01
3197086,CHAPTER 86,make,0.01
3197365,CHAPTER 86,matter,0.01
3198801,CHAPTER 86,old,0.01
3200042,CHAPTER 86,place,0.01
3202820,CHAPTER 86,saw,0.01
3203479,CHAPTER 86,ship,0.01
3204256,CHAPTER 86,sort,0.01
3204659,CHAPTER 86,standing,0.01
3206183,CHAPTER 86,till,0.01
3206193,CHAPTER 86,time,0.01
3206197,CHAPTER 86,times,0.01
3208457,CHAPTER 86,way,0.01
3208576,CHAPTER 86,whales,0.01
3208913,CHAPTER 86,world,0.01
