,chapter,term,tfidf
93233,CHAPTER 101,lbs,0.25
82272,CHAPTER 101,beer,0.23
87861,CHAPTER 101,english,0.2
79566,CHAPTER 101,000,0.19
87381,CHAPTER 101,dutch,0.18
89099,CHAPTER 101,flip,0.16
99646,CHAPTER 101,samuel,0.15
82268,CHAPTER 101,beef,0.14
83027,CHAPTER 101,bread,0.12
87814,CHAPTER 101,enderby,0.12
105501,CHAPTER 101,whalers,0.12
79649,CHAPTER 101,550,0.11
91180,CHAPTER 101,house,0.11
101001,CHAPTER 101,snodhead,0.11
79655,CHAPTER 101,800,0.1
88972,CHAPTER 101,fishery,0.1
90071,CHAPTER 101,good,0.1
82114,CHAPTER 101,barrels,0.09
87160,CHAPTER 101,dr,0.09
89898,CHAPTER 101,gin,0.09
90978,CHAPTER 101,historical,0.09
100405,CHAPTER 101,ship,0.09
83986,CHAPTER 101,cheer,0.08
83998,CHAPTER 101,cheese,0.08
85257,CHAPTER 101,cooper,0.08
85670,CHAPTER 101,cruise,0.08
88927,CHAPTER 101,fine,0.08
88988,CHAPTER 101,fitted,0.08
101211,CHAPTER 101,south,0.08
105491,CHAPTER 101,whale,0.08
105507,CHAPTER 101,whaling,0.08
79567,CHAPTER 101,10,0.07
79586,CHAPTER 101,1775,0.07
79595,CHAPTER 101,180,0.07
79642,CHAPTER 101,400,0.07
81066,CHAPTER 101,amelia,0.07
81184,CHAPTER 101,ankers,0.07
82802,CHAPTER 101,boilers,0.07
85260,CHAPTER 101,coopman,0.07
85876,CHAPTER 101,dan,0.07
88232,CHAPTER 101,example,0.07
93401,CHAPTER 101,leyden,0.07
93758,CHAPTER 101,low,0.07
98349,CHAPTER 101,rattler,0.07
100460,CHAPTER 101,short,0.07
101393,CHAPTER 101,spitzbergen,0.07
102556,CHAPTER 101,syren,0.07
102878,CHAPTER 101,texel,0.07
105164,CHAPTER 101,voyage,0.07
80876,CHAPTER 101,aim,0.06
81147,CHAPTER 101,ancient,0.06
85079,CHAPTER 101,consumed,0.06
85093,CHAPTER 101,contained,0.06
86558,CHAPTER 101,did,0.06
87342,CHAPTER 101,dumplings,0.06
89273,CHAPTER 101,forecastle,0.06
89690,CHAPTER 101,gam,0.06
93537,CHAPTER 101,list,0.06
94444,CHAPTER 101,merchant,0.06
98932,CHAPTER 101,research,0.06
101154,CHAPTER 101,sons,0.06
101323,CHAPTER 101,sperm,0.06
83366,CHAPTER 101,butter,0.05
86742,CHAPTER 101,discovery,0.05
88603,CHAPTER 101,famous,0.05
88629,CHAPTER 101,fare,0.05
88670,CHAPTER 101,fat,0.05
90221,CHAPTER 101,great,0.05
91737,CHAPTER 101,including,0.05
95152,CHAPTER 101,named,0.05
95403,CHAPTER 101,noble,0.05
95446,CHAPTER 101,north,0.05
95795,CHAPTER 101,opinion,0.05
97173,CHAPTER 101,polar,0.05
98097,CHAPTER 101,quantity,0.05
99754,CHAPTER 101,say,0.05
101780,CHAPTER 101,stock,0.05
102571,CHAPTER 101,tables,0.05
103983,CHAPTER 101,unctuous,0.05
79574,CHAPTER 101,144,0.04
79583,CHAPTER 101,1726,0.04
79588,CHAPTER 101,1778,0.04
79601,CHAPTER 101,1819,0.04
79634,CHAPTER 101,30,0.04
79651,CHAPTER 101,60,0.04
79653,CHAPTER 101,72,0.04
80858,CHAPTER 101,agrees,0.04
81239,CHAPTER 101,anti,0.04
82771,CHAPTER 101,boat,0.04
82847,CHAPTER 101,book,0.04
82865,CHAPTER 101,boozy,0.04
82923,CHAPTER 101,bourbons,0.04
83274,CHAPTER 101,bumpers,0.04
84277,CHAPTER 101,claus,0.04
84622,CHAPTER 101,commanded,0.04
84732,CHAPTER 101,compiled,0.04
86610,CHAPTER 101,diluted,0.04
87747,CHAPTER 101,empties,0.04
87813,CHAPTER 101,enderbies,0.04
87815,CHAPTER 101,enderbys,0.04
88539,CHAPTER 101,fades,0.04
88965,CHAPTER 101,fish,0.04
88991,CHAPTER 101,fitz,0.04
89100,CHAPTER 101,flipped,0.04
89567,CHAPTER 101,fuddled,0.04
89813,CHAPTER 101,geneva,0.04
90601,CHAPTER 101,harpooneer,0.04
91039,CHAPTER 101,hollanders,0.04
91075,CHAPTER 101,honor,0.04
92743,CHAPTER 101,jolly,0.04
93135,CHAPTER 101,larders,0.04
93270,CHAPTER 101,learned,0.04
93667,CHAPTER 101,long,0.04
93903,CHAPTER 101,maceys,0.04
95443,CHAPTER 101,normal,0.04
95867,CHAPTER 101,original,0.04
96249,CHAPTER 101,parchingly,0.04
97078,CHAPTER 101,plenty,0.04
97347,CHAPTER 101,pott,0.04
97851,CHAPTER 101,prosecuted,0.04
98114,CHAPTER 101,quarts,0.04
99288,CHAPTER 101,risked,0.04
99589,CHAPTER 101,sailer,0.04
99853,CHAPTER 101,scorbutic,0.04
99929,CHAPTER 101,scrimps,0.04
99967,CHAPTER 101,sea,0.04
100415,CHAPTER 101,ships,0.04
101156,CHAPTER 101,soon,0.04
102425,CHAPTER 101,swackhammer,0.04
102697,CHAPTER 101,tasting,0.04
102945,CHAPTER 101,think,0.04
103418,CHAPTER 101,transcribe,0.04
103636,CHAPTER 101,trumps,0.04
103667,CHAPTER 101,tudors,0.04
106012,CHAPTER 101,year,0.04
106066,CHAPTER 101,zealanders,0.04
79577,CHAPTER 101,150,0.03
79618,CHAPTER 101,20,0.03
80842,CHAPTER 101,ago,0.03
80983,CHAPTER 101,allowance,0.03
81047,CHAPTER 101,amazing,0.03
81107,CHAPTER 101,amsterdam,0.03
81324,CHAPTER 101,appear,0.03
81353,CHAPTER 101,application,0.03
81402,CHAPTER 101,apt,0.03
81555,CHAPTER 101,article,0.03
81678,CHAPTER 101,assured,0.03
81701,CHAPTER 101,ate,0.03
81809,CHAPTER 101,auspices,0.03
82004,CHAPTER 101,balls,0.03
82019,CHAPTER 101,band,0.03
82254,CHAPTER 101,bedford,0.03
82427,CHAPTER 101,berth,0.03
82449,CHAPTER 101,bestirred,0.03
82528,CHAPTER 101,billiard,0.03
82761,CHAPTER 101,boarded,0.03
82860,CHAPTER 101,boot,0.03
82938,CHAPTER 101,bowlines,0.03
83144,CHAPTER 101,british,0.03
83402,CHAPTER 101,cable,0.03
83551,CHAPTER 101,capable,0.03
83560,CHAPTER 101,capital,0.03
83780,CHAPTER 101,cellars,0.03
83812,CHAPTER 101,century,0.03
84327,CHAPTER 101,climate,0.03
84426,CHAPTER 101,coasts,0.03
84477,CHAPTER 101,coffins,0.03
84537,CHAPTER 101,college,0.03
84644,CHAPTER 101,commerce,0.03
85059,CHAPTER 101,constitution,0.03
85231,CHAPTER 101,convivial,0.03
85373,CHAPTER 101,couldn,0.03
85888,CHAPTER 101,danes,0.03
86004,CHAPTER 101,decanter,0.03
86077,CHAPTER 101,deed,0.03
86342,CHAPTER 101,derived,0.03
86444,CHAPTER 101,detailed,0.03
86499,CHAPTER 101,devoted,0.03
86588,CHAPTER 101,digesting,0.03
86614,CHAPTER 101,dimensions,0.03
87035,CHAPTER 101,documents,0.03
87182,CHAPTER 101,drank,0.03
87245,CHAPTER 101,drinking,0.03
87259,CHAPTER 101,dromedary,0.03
87298,CHAPTER 101,drunken,0.03
87638,CHAPTER 101,elucidated,0.03
87928,CHAPTER 101,ensue,0.03
88102,CHAPTER 101,esquimaux,0.03
88241,CHAPTER 101,exceed,0.03
88284,CHAPTER 101,exclusive,0.03
88348,CHAPTER 101,existence,0.03
88351,CHAPTER 101,exists,0.03
88389,CHAPTER 101,expense,0.03
88396,CHAPTER 101,experimental,0.03
88440,CHAPTER 101,express,0.03
88451,CHAPTER 101,extant,0.03
88626,CHAPTER 101,far,0.03
88655,CHAPTER 101,fashions,0.03
88656,CHAPTER 101,fast,0.03
88955,CHAPTER 101,firkins,0.03
88968,CHAPTER 101,fisheries,0.03
89071,CHAPTER 101,fleets,0.03
89120,CHAPTER 101,flooded,0.03
89508,CHAPTER 101,friesland,0.03
89519,CHAPTER 101,frigid,0.03
89612,CHAPTER 101,furled,0.03
89628,CHAPTER 101,furthermore,0.03
89684,CHAPTER 101,gallons,0.03
89850,CHAPTER 101,german,0.03
89896,CHAPTER 101,gills,0.03
89986,CHAPTER 101,globular,0.03
90112,CHAPTER 101,government,0.03
90265,CHAPTER 101,grievous,0.03
90316,CHAPTER 101,grounds,0.03
90600,CHAPTER 101,harpooned,0.03
90790,CHAPTER 101,heel,0.03
90793,CHAPTER 101,heels,0.03
90979,CHAPTER 101,histories,0.03
91037,CHAPTER 101,holland,0.03
91157,CHAPTER 101,hospitable,0.03
91161,CHAPTER 101,hospitality,0.03
91409,CHAPTER 101,ignorantly,0.03
91479,CHAPTER 101,immediate,0.03
91632,CHAPTER 101,improbable,0.03
91660,CHAPTER 101,impute,0.03
91712,CHAPTER 101,incidental,0.03
91713,CHAPTER 101,incidentally,0.03
91810,CHAPTER 101,indefatigable,0.03
91822,CHAPTER 101,indestructible,0.03
91888,CHAPTER 101,induced,0.03
92269,CHAPTER 101,interesting,0.03
92407,CHAPTER 101,invaluable,0.03
92590,CHAPTER 101,jackets,0.03
92733,CHAPTER 101,joke,0.03
93136,CHAPTER 101,large,0.03
93187,CHAPTER 101,laughing,0.03
93393,CHAPTER 101,leviathanic,0.03
93575,CHAPTER 101,livers,0.03
94410,CHAPTER 101,memoirs,0.03
95093,CHAPTER 101,musty,0.03
95160,CHAPTER 101,nantucket,0.03
95200,CHAPTER 101,natives,0.03
95208,CHAPTER 101,natures,0.03
95215,CHAPTER 101,naval,0.03
95264,CHAPTER 101,needed,0.03
95281,CHAPTER 101,neglected,0.03
95727,CHAPTER 101,old,0.03
95866,CHAPTER 101,origin,0.03
95927,CHAPTER 101,outfits,0.03
96250,CHAPTER 101,parchment,0.03
96290,CHAPTER 101,parson,0.03
96365,CHAPTER 101,patagonia,0.03
96366,CHAPTER 101,patagonian,0.03
96826,CHAPTER 101,pickled,0.03
96920,CHAPTER 101,pipes,0.03
96944,CHAPTER 101,pitching,0.03
97032,CHAPTER 101,platonic,0.03
97071,CHAPTER 101,pledge,0.03
97256,CHAPTER 101,pork,0.03
97430,CHAPTER 101,preceded,0.03
97531,CHAPTER 101,present,0.03
97637,CHAPTER 101,prior,0.03
97660,CHAPTER 101,probable,0.03
97703,CHAPTER 101,production,0.03
97719,CHAPTER 101,professor,0.03
97824,CHAPTER 101,proportion,0.03
98040,CHAPTER 101,pursued,0.03
98042,CHAPTER 101,pursuing,0.03
98353,CHAPTER 101,rattling,0.03
98383,CHAPTER 101,reader,0.03
98387,CHAPTER 101,reading,0.03
98479,CHAPTER 101,reckoning,0.03
98512,CHAPTER 101,recorded,0.03
98558,CHAPTER 101,reef,0.03
98559,CHAPTER 101,reefed,0.03
98669,CHAPTER 101,reinforced,0.03
98755,CHAPTER 101,remembered,0.03
98800,CHAPTER 101,rendered,0.03
98933,CHAPTER 101,researches,0.03
99414,CHAPTER 101,rounded,0.03
99586,CHAPTER 101,sail,0.03
99673,CHAPTER 101,santa,0.03
99752,CHAPTER 101,saxon,0.03
99901,CHAPTER 101,scrambled,0.03
100199,CHAPTER 101,service,0.03
100587,CHAPTER 101,sight,0.03
100737,CHAPTER 101,skilful,0.03
100758,CHAPTER 101,skirts,0.03
100825,CHAPTER 101,sleepy,0.03
100865,CHAPTER 101,slipped,0.03
100880,CHAPTER 101,sloop,0.03
100929,CHAPTER 101,smeer,0.03
101042,CHAPTER 101,sober,0.03
101245,CHAPTER 101,sparing,0.03
101339,CHAPTER 101,spied,0.03
101503,CHAPTER 101,squally,0.03
101637,CHAPTER 101,statistical,0.03
101808,CHAPTER 101,stooped,0.03
101987,CHAPTER 101,studious,0.03
102000,CHAPTER 101,stumbled,0.03
102041,CHAPTER 101,subjects,0.03
102077,CHAPTER 101,substantial,0.03
102165,CHAPTER 101,suggested,0.03
102305,CHAPTER 101,supplementary,0.03
102504,CHAPTER 101,swing,0.03
102541,CHAPTER 101,symmetrically,0.03
102673,CHAPTER 101,tars,0.03
103177,CHAPTER 101,title,0.03
103277,CHAPTER 101,topsails,0.03
103324,CHAPTER 101,touching,0.03
103329,CHAPTER 101,tough,0.03
103379,CHAPTER 101,train,0.03
103411,CHAPTER 101,transcendental,0.03
103441,CHAPTER 101,translated,0.03
103442,CHAPTER 101,translation,0.03
103500,CHAPTER 101,treated,0.03
103622,CHAPTER 101,truck,0.03
105001,CHAPTER 101,vigorous,0.03
105034,CHAPTER 101,vineyard,0.03
105084,CHAPTER 101,visitors,0.03
105310,CHAPTER 101,warning,0.03
105499,CHAPTER 101,whalemen,0.03
80413,CHAPTER 101,abounding,0.02
80519,CHAPTER 101,account,0.02
80801,CHAPTER 101,aft,0.02
81007,CHAPTER 101,aloft,0.02
81074,CHAPTER 101,american,0.02
81712,CHAPTER 101,atlantic,0.02
82479,CHAPTER 101,better,0.02
82561,CHAPTER 101,biscuit,0.02
82809,CHAPTER 101,boldly,0.02
82947,CHAPTER 101,box,0.02
83261,CHAPTER 101,bull,0.02
83339,CHAPTER 101,bursting,0.02
83452,CHAPTER 101,called,0.02
83508,CHAPTER 101,candles,0.02
83554,CHAPTER 101,cape,0.02
83580,CHAPTER 101,captain,0.02
83655,CHAPTER 101,carry,0.02
83810,CHAPTER 101,centuries,0.02
83897,CHAPTER 101,chapter,0.02
83908,CHAPTER 101,charge,0.02
84213,CHAPTER 101,city,0.02
84222,CHAPTER 101,civilized,0.02
84424,CHAPTER 101,coast,0.02
84475,CHAPTER 101,coffin,0.02
84604,CHAPTER 101,comes,0.02
84846,CHAPTER 101,concluded,0.02
85025,CHAPTER 101,considering,0.02
85116,CHAPTER 101,content,0.02
85239,CHAPTER 101,cook,0.02
85299,CHAPTER 101,corner,0.02
85407,CHAPTER 101,country,0.02
85468,CHAPTER 101,crack,0.02
85482,CHAPTER 101,craft,0.02
85676,CHAPTER 101,cruising,0.02
85908,CHAPTER 101,dark,0.02
86487,CHAPTER 101,devil,0.02
86632,CHAPTER 101,dinner,0.02
86941,CHAPTER 101,distinctly,0.02
87135,CHAPTER 101,doubtless,0.02
87243,CHAPTER 101,drink,0.02
87301,CHAPTER 101,dry,0.02
87450,CHAPTER 101,easy,0.02
87451,CHAPTER 101,eat,0.02
87454,CHAPTER 101,eating,0.02
88033,CHAPTER 101,equator,0.02
88093,CHAPTER 101,especially,0.02
88249,CHAPTER 101,excellent,0.02
88558,CHAPTER 101,fair,0.02
88607,CHAPTER 101,fancied,0.02
88612,CHAPTER 101,fancy,0.02
88768,CHAPTER 101,feel,0.02
88794,CHAPTER 101,fellows,0.02
89065,CHAPTER 101,fleet,0.02
89182,CHAPTER 101,flying,0.02
89220,CHAPTER 101,followed,0.02
89223,CHAPTER 101,following,0.02
89267,CHAPTER 101,fore,0.02
89326,CHAPTER 101,forget,0.02
89384,CHAPTER 101,forward,0.02
89486,CHAPTER 101,fresh,0.02
89502,CHAPTER 101,friend,0.02
89664,CHAPTER 101,gale,0.02
89699,CHAPTER 101,game,0.02
89802,CHAPTER 101,generally,0.02
89921,CHAPTER 101,giving,0.02
89984,CHAPTER 101,globe,0.02
90237,CHAPTER 101,greenland,0.02
90313,CHAPTER 101,ground,0.02
90451,CHAPTER 101,hailed,0.02
90508,CHAPTER 101,handed,0.02
90599,CHAPTER 101,harpoon,0.02
90602,CHAPTER 101,harpooneers,0.02
90629,CHAPTER 101,hat,0.02
90693,CHAPTER 101,head,0.02
90695,CHAPTER 101,headed,0.02
90771,CHAPTER 101,heavy,0.02
90815,CHAPTER 101,helm,0.02
90822,CHAPTER 101,helped,0.02
90916,CHAPTER 101,high,0.02
90981,CHAPTER 101,hit,0.02
91126,CHAPTER 101,horn,0.02
91177,CHAPTER 101,hour,0.02
91189,CHAPTER 101,houses,0.02
91204,CHAPTER 101,howling,0.02
91279,CHAPTER 101,hung,0.02
91285,CHAPTER 101,hunted,0.02
91957,CHAPTER 101,inferior,0.02
92577,CHAPTER 101,ivory,0.02
92614,CHAPTER 101,japan,0.02
92615,CHAPTER 101,japanese,0.02
92968,CHAPTER 101,knew,0.02
92996,CHAPTER 101,know,0.02
93003,CHAPTER 101,knows,0.02
93163,CHAPTER 101,late,0.02
93392,CHAPTER 101,leviathan,0.02
93660,CHAPTER 101,london,0.02
93708,CHAPTER 101,lord,0.02
93719,CHAPTER 101,lose,0.02
93722,CHAPTER 101,loss,0.02
93759,CHAPTER 101,lower,0.02
93787,CHAPTER 101,lucky,0.02
94012,CHAPTER 101,make,0.02
94053,CHAPTER 101,man,0.02
94096,CHAPTER 101,mankind,0.02
94261,CHAPTER 101,masts,0.02
94331,CHAPTER 101,mean,0.02
94418,CHAPTER 101,men,0.02
94542,CHAPTER 101,midnight,0.02
94607,CHAPTER 101,minds,0.02
94852,CHAPTER 101,months,0.02
94931,CHAPTER 101,mother,0.02
95161,CHAPTER 101,nantucketer,0.02
95162,CHAPTER 101,nantucketers,0.02
95198,CHAPTER 101,nations,0.02
95202,CHAPTER 101,natural,0.02
95205,CHAPTER 101,naturally,0.02
95206,CHAPTER 101,nature,0.02
95517,CHAPTER 101,numerous,0.02
95719,CHAPTER 101,oil,0.02
95984,CHAPTER 101,overboard,0.02
96086,CHAPTER 101,pacific,0.02
96310,CHAPTER 101,particular,0.02
96318,CHAPTER 101,partly,0.02
96329,CHAPTER 101,pass,0.02
96334,CHAPTER 101,passed,0.02
96576,CHAPTER 101,people,0.02
96986,CHAPTER 101,plain,0.02
97009,CHAPTER 101,planks,0.02
97154,CHAPTER 101,pointed,0.02
97314,CHAPTER 101,post,0.02
97440,CHAPTER 101,precious,0.02
97448,CHAPTER 101,precisely,0.02
97597,CHAPTER 101,previous,0.02
97661,CHAPTER 101,probably,0.02
97736,CHAPTER 101,profound,0.02
98026,CHAPTER 101,purpose,0.02
98334,CHAPTER 101,rate,0.02
98391,CHAPTER 101,real,0.02
98651,CHAPTER 101,regularly,0.02
98753,CHAPTER 101,remember,0.02
98786,CHAPTER 101,remote,0.02
99088,CHAPTER 101,returning,0.02
99351,CHAPTER 101,roll,0.02
99441,CHAPTER 101,royal,0.02
99584,CHAPTER 101,said,0.02
99597,CHAPTER 101,sails,0.02
99624,CHAPTER 101,salt,0.02
99727,CHAPTER 101,savage,0.02
99859,CHAPTER 101,score,0.02
99960,CHAPTER 101,scuttle,0.02
99979,CHAPTER 101,seamen,0.02
100053,CHAPTER 101,seeing,0.02
100115,CHAPTER 101,send,0.02
100931,CHAPTER 101,smell,0.02
101064,CHAPTER 101,soft,0.02
101095,CHAPTER 101,sole,0.02
101113,CHAPTER 101,solid,0.02
101141,CHAPTER 101,somewhat,0.02
101182,CHAPTER 101,sort,0.02
101213,CHAPTER 101,southern,0.02
101270,CHAPTER 101,special,0.02
101465,CHAPTER 101,spray,0.02
101500,CHAPTER 101,squall,0.02
101528,CHAPTER 101,st,0.02
101686,CHAPTER 101,steel,0.02
101708,CHAPTER 101,step,0.02
101951,CHAPTER 101,strong,0.02
102199,CHAPTER 101,summer,0.02
102433,CHAPTER 101,swallowed,0.02
102691,CHAPTER 101,taste,0.02
102834,CHAPTER 101,terms,0.02
102943,CHAPTER 101,thing,0.02
102988,CHAPTER 101,thoughts,0.02
103043,CHAPTER 101,thrown,0.02
103321,CHAPTER 101,touched,0.02
103608,CHAPTER 101,trouble,0.02
104273,CHAPTER 101,united,0.02
104785,CHAPTER 101,valiant,0.02
105110,CHAPTER 101,vocation,0.02
105131,CHAPTER 101,volume,0.02
105280,CHAPTER 101,war,0.02
105413,CHAPTER 101,weary,0.02
105442,CHAPTER 101,weeks,0.02
105498,CHAPTER 101,whaleman,0.02
105500,CHAPTER 101,whaler,0.02
105533,CHAPTER 101,wherefore,0.02
105828,CHAPTER 101,work,0.02
105839,CHAPTER 101,world,0.02
105867,CHAPTER 101,worthy,0.02
80864,CHAPTER 101,ahab,0.01
82760,CHAPTER 101,board,0.01
82794,CHAPTER 101,body,0.01
83476,CHAPTER 101,came,0.01
83673,CHAPTER 101,case,0.01
83820,CHAPTER 101,certain,0.01
85568,CHAPTER 101,crew,0.01
85952,CHAPTER 101,day,0.01
85957,CHAPTER 101,days,0.01
85985,CHAPTER 101,death,0.01
87041,CHAPTER 101,does,0.01
88051,CHAPTER 101,ere,0.01
89797,CHAPTER 101,general,0.01
90466,CHAPTER 101,half,0.01
90523,CHAPTER 101,hands,0.01
91020,CHAPTER 101,hold,0.01
93002,CHAPTER 101,known,0.01
93439,CHAPTER 101,life,0.01
93450,CHAPTER 101,light,0.01
93468,CHAPTER 101,like,0.01
93564,CHAPTER 101,live,0.01
94243,CHAPTER 101,mast,0.01
94291,CHAPTER 101,matter,0.01
95345,CHAPTER 101,new,0.01
95773,CHAPTER 101,open,0.01
96968,CHAPTER 101,place,0.01
97152,CHAPTER 101,point,0.01
97235,CHAPTER 101,poor,0.01
99220,CHAPTER 101,right,0.01
99412,CHAPTER 101,round,0.01
99994,CHAPTER 101,seas,0.01
100208,CHAPTER 101,set,0.01
100920,CHAPTER 101,small,0.01
101190,CHAPTER 101,soul,0.01
101579,CHAPTER 101,stand,0.01
102608,CHAPTER 101,taking,0.01
102759,CHAPTER 101,tell,0.01
103119,CHAPTER 101,time,0.01
104837,CHAPTER 101,vast,0.01
105366,CHAPTER 101,waters,0.01
105383,CHAPTER 101,way,0.01
105502,CHAPTER 101,whales,0.01
106010,CHAPTER 101,ye,0.01
106018,CHAPTER 101,years,0.01
106031,CHAPTER 101,yes,0.01
