,chapter,term,tfidf
1009134,CHAPTER 133,ahab,0.21
1011041,CHAPTER 133,boat,0.18
1033761,CHAPTER 133,whale,0.17
1033866,CHAPTER 133,white,0.15
1028960,CHAPTER 133,sir,0.13
1014818,CHAPTER 133,dick,0.12
1023003,CHAPTER 133,moby,0.12
1011046,CHAPTER 133,boats,0.11
1023811,CHAPTER 133,oars,0.1
1029721,CHAPTER 133,spout,0.1
1011001,CHAPTER 133,blows,0.09
1017938,CHAPTER 133,gallant,0.09
1018963,CHAPTER 133,head,0.09
1020446,CHAPTER 133,instant,0.09
1021572,CHAPTER 133,leeward,0.09
1023246,CHAPTER 133,mouth,0.09
1027856,CHAPTER 133,sail,0.09
1028237,CHAPTER 133,sea,0.09
1013843,CHAPTER 133,cried,0.08
1015398,CHAPTER 133,doubloon,0.08
1020903,CHAPTER 133,jaw,0.08
1027867,CHAPTER 133,sails,0.08
1029864,CHAPTER 133,starbuck,0.08
1029992,CHAPTER 133,stern,0.08
1030240,CHAPTER 133,stubb,0.08
1034280,CHAPTER 133,ye,0.08
1009151,CHAPTER 133,air,0.07
1009277,CHAPTER 133,aloft,0.07
1013838,CHAPTER 133,crew,0.07
1017020,CHAPTER 133,fedallah,0.07
1021738,CHAPTER 133,like,0.07
1021937,CHAPTER 133,long,0.07
1022323,CHAPTER 133,man,0.07
1022513,CHAPTER 133,mast,0.07
1022688,CHAPTER 133,men,0.07
1024012,CHAPTER 133,omen,0.07
1027546,CHAPTER 133,rippling,0.07
1034165,CHAPTER 133,wreck,0.07
1012611,CHAPTER 133,clinging,0.06
1014828,CHAPTER 133,did,0.06
1018667,CHAPTER 133,gunwales,0.06
1018969,CHAPTER 133,heading,0.06
1018975,CHAPTER 133,heads,0.06
1019085,CHAPTER 133,helm,0.06
1024359,CHAPTER 133,pacing,0.06
1028697,CHAPTER 133,shiver,0.06
1028844,CHAPTER 133,sideways,0.06
1029227,CHAPTER 133,smooth,0.06
1029426,CHAPTER 133,soon,0.06
1029849,CHAPTER 133,stand,0.06
1033627,CHAPTER 133,water,0.06
1034166,CHAPTER 133,wrecked,0.06
1009139,CHAPTER 133,ahead,0.05
1010312,CHAPTER 133,banked,0.05
1010661,CHAPTER 133,beneath,0.05
1010824,CHAPTER 133,birds,0.05
1011211,CHAPTER 133,bows,0.05
1014312,CHAPTER 133,deck,0.05
1016776,CHAPTER 133,eyes,0.05
1019187,CHAPTER 133,higher,0.05
1019538,CHAPTER 133,hump,0.05
1020605,CHAPTER 133,intervals,0.05
1022029,CHAPTER 133,lower,0.05
1022060,CHAPTER 133,luff,0.05
1022779,CHAPTER 133,methodic,0.05
1023206,CHAPTER 133,motion,0.05
1023268,CHAPTER 133,mr,0.05
1024225,CHAPTER 133,outright,0.05
1025217,CHAPTER 133,pitchpoling,0.05
1025338,CHAPTER 133,pleated,0.05
1026187,CHAPTER 133,prows,0.05
1027555,CHAPTER 133,rising,0.05
1028204,CHAPTER 133,scrolled,0.05
1028230,CHAPTER 133,scuttle,0.05
1028857,CHAPTER 133,sight,0.05
1029167,CHAPTER 133,slowly,0.05
1030282,CHAPTER 133,stunsails,0.05
1030705,CHAPTER 133,swam,0.05
1031389,CHAPTER 133,time,0.05
1034191,CHAPTER 133,wrinkles,0.05
1008876,CHAPTER 133,added,0.04
1010040,CHAPTER 133,attitude,0.04
1011006,CHAPTER 133,blue,0.04
1011064,CHAPTER 133,body,0.04
1011436,CHAPTER 133,broken,0.04
1012214,CHAPTER 133,chase,0.04
1012981,CHAPTER 133,compass,0.04
1013752,CHAPTER 133,craft,0.04
1015464,CHAPTER 133,drawing,0.04
1015881,CHAPTER 133,elephants,0.04
1016788,CHAPTER 133,face,0.04
1017415,CHAPTER 133,flowed,0.04
1017684,CHAPTER 133,fowls,0.04
1018045,CHAPTER 133,gazed,0.04
1018247,CHAPTER 133,glistening,0.04
1018249,CHAPTER 133,glittering,0.04
1018322,CHAPTER 133,gods,0.04
1018722,CHAPTER 133,hailing,0.04
1018736,CHAPTER 133,half,0.04
1018774,CHAPTER 133,hand,0.04
1018793,CHAPTER 133,hands,0.04
1019096,CHAPTER 133,helpless,0.04
1019186,CHAPTER 133,high,0.04
1019288,CHAPTER 133,hoisting,0.04
1019394,CHAPTER 133,horizontal,0.04
1020099,CHAPTER 133,indian,0.04
1021618,CHAPTER 133,lengthwise,0.04
1022262,CHAPTER 133,main,0.04
1022373,CHAPTER 133,manned,0.04
1022839,CHAPTER 133,mildly,0.04
1023499,CHAPTER 133,neared,0.04
1023644,CHAPTER 133,nigh,0.04
1023941,CHAPTER 133,odor,0.04
1024228,CHAPTER 133,outs,0.04
1024373,CHAPTER 133,paddles,0.04
1024566,CHAPTER 133,parted,0.04
1024863,CHAPTER 133,perch,0.04
1024865,CHAPTER 133,perched,0.04
1026317,CHAPTER 133,push,0.04
1027133,CHAPTER 133,reply,0.04
1027219,CHAPTER 133,reserved,0.04
1027396,CHAPTER 133,reversed,0.04
1027424,CHAPTER 133,revolving,0.04
1027661,CHAPTER 133,rose,0.04
1027682,CHAPTER 133,round,0.04
1027854,CHAPTER 133,said,0.04
1028016,CHAPTER 133,saw,0.04
1028478,CHAPTER 133,set,0.04
1028551,CHAPTER 133,shall,0.04
1028599,CHAPTER 133,shattered,0.04
1028675,CHAPTER 133,ship,0.04
1028720,CHAPTER 133,shooting,0.04
1029117,CHAPTER 133,sliding,0.04
1029135,CHAPTER 133,slipped,0.04
1029251,CHAPTER 133,snapped,0.04
1029334,CHAPTER 133,soft,0.04
1029464,CHAPTER 133,sound,0.04
1029938,CHAPTER 133,steady,0.04
1030118,CHAPTER 133,straight,0.04
1030128,CHAPTER 133,straining,0.04
1030226,CHAPTER 133,strove,0.04
1030276,CHAPTER 133,stun,0.04
1030318,CHAPTER 133,submerged,0.04
1030465,CHAPTER 133,sum,0.04
1030754,CHAPTER 133,swell,0.04
1030764,CHAPTER 133,swiftness,0.04
1030954,CHAPTER 133,tashtego,0.04
1031379,CHAPTER 133,till,0.04
1033052,CHAPTER 133,vainly,0.04
1033493,CHAPTER 133,wake,0.04
1033644,CHAPTER 133,waves,0.04
1033653,CHAPTER 133,way,0.04
1033744,CHAPTER 133,went,0.04
1033965,CHAPTER 133,wing,0.04
1034097,CHAPTER 133,wore,0.04
1008632,CHAPTER 133,abbreviate,0.03
1009522,CHAPTER 133,antiochus,0.03
1009552,CHAPTER 133,apeak,0.03
1009871,CHAPTER 133,aside,0.03
1010052,CHAPTER 133,attuned,0.03
1010152,CHAPTER 133,away,0.03
1010601,CHAPTER 133,bejuggled,0.03
1010803,CHAPTER 133,billows,0.03
1011139,CHAPTER 133,bordering,0.03
1011196,CHAPTER 133,bow,0.03
1011306,CHAPTER 133,breaking,0.03
1011379,CHAPTER 133,bright,0.03
1011700,CHAPTER 133,caking,0.03
1011729,CHAPTER 133,calm,0.03
1011958,CHAPTER 133,cast,0.03
1012078,CHAPTER 133,centres,0.03
1012428,CHAPTER 133,circle,0.03
1012448,CHAPTER 133,circumferences,0.03
1012651,CHAPTER 133,clouded,0.03
1012770,CHAPTER 133,coincident,0.03
1012778,CHAPTER 133,cold,0.03
1012892,CHAPTER 133,commanded,0.03
1013061,CHAPTER 133,comprehensively,0.03
1013836,CHAPTER 133,crete,0.03
1014122,CHAPTER 133,dallied,0.03
1014184,CHAPTER 133,darkling,0.03
1014191,CHAPTER 133,darted,0.03
1014222,CHAPTER 133,day,0.03
1015194,CHAPTER 133,distance,0.03
1015314,CHAPTER 133,dog,0.03
1015372,CHAPTER 133,doored,0.03
1015394,CHAPTER 133,double,0.03
1015438,CHAPTER 133,draggingly,0.03
1015536,CHAPTER 133,dropped,0.03
1016233,CHAPTER 133,enticings,0.03
1016426,CHAPTER 133,europa,0.03
1016926,CHAPTER 133,fast,0.03
1017009,CHAPTER 133,feathering,0.03
1017026,CHAPTER 133,feebler,0.03
1017190,CHAPTER 133,final,0.03
1017309,CHAPTER 133,flattening,0.03
1017377,CHAPTER 133,floated,0.03
1017378,CHAPTER 133,floating,0.03
1017434,CHAPTER 133,flukes,0.03
1017455,CHAPTER 133,foam,0.03
1017463,CHAPTER 133,foe,0.03
1017537,CHAPTER 133,fore,0.03
1017553,CHAPTER 133,forehead,0.03
1017756,CHAPTER 133,fresh,0.03
1017758,CHAPTER 133,freshened,0.03
1017798,CHAPTER 133,fro,0.03
1018238,CHAPTER 133,glidest,0.03
1018333,CHAPTER 133,gold,0.03
1018684,CHAPTER 133,ha,0.03
1018899,CHAPTER 133,hat,0.03
1019019,CHAPTER 133,hearts,0.03
1019152,CHAPTER 133,herons,0.03
1019290,CHAPTER 133,hold,0.03
1019348,CHAPTER 133,honorably,0.03
1019447,CHAPTER 133,hour,0.03
1019467,CHAPTER 133,hoveringly,0.03
1020072,CHAPTER 133,incuriously,0.03
1020413,CHAPTER 133,inside,0.03
1020518,CHAPTER 133,intensities,0.03
1020520,CHAPTER 133,intent,0.03
1020534,CHAPTER 133,interchangeably,0.03
1020905,CHAPTER 133,jaws,0.03
1020948,CHAPTER 133,jetting,0.03
1020998,CHAPTER 133,jointed,0.03
1021048,CHAPTER 133,joyousness,0.03
1021137,CHAPTER 133,keener,0.03
1021353,CHAPTER 133,lance,0.03
1021488,CHAPTER 133,lay,0.03
1021527,CHAPTER 133,leaned,0.03
1021949,CHAPTER 133,look,0.03
1022153,CHAPTER 133,lying,0.03
1022165,CHAPTER 133,maccabees,0.03
1022188,CHAPTER 133,madden,0.03
1023065,CHAPTER 133,moment,0.03
1023287,CHAPTER 133,mulberries,0.03
1023484,CHAPTER 133,nautilus,0.03
1023503,CHAPTER 133,nearly,0.03
1023646,CHAPTER 133,night,0.03
1023810,CHAPTER 133,oar,0.03
1023997,CHAPTER 133,old,0.03
1024043,CHAPTER 133,open,0.03
1024237,CHAPTER 133,outstretching,0.03
1024693,CHAPTER 133,paused,0.03
1024834,CHAPTER 133,pennons,0.03
1025239,CHAPTER 133,placed,0.03
1025274,CHAPTER 133,planetarily,0.03
1025429,CHAPTER 133,pointless,0.03
1025444,CHAPTER 133,pole,0.03
1025647,CHAPTER 133,power,0.03
1025868,CHAPTER 133,previously,0.03
1025869,CHAPTER 133,prey,0.03
1026034,CHAPTER 133,prolongings,0.03
1026412,CHAPTER 133,quick,0.03
1026516,CHAPTER 133,raised,0.03
1026632,CHAPTER 133,ravines,0.03
1026921,CHAPTER 133,regularly,0.03
1027011,CHAPTER 133,remained,0.03
1027364,CHAPTER 133,revealed,0.03
1027425,CHAPTER 133,revolvingly,0.03
1027547,CHAPTER 133,ripplingly,0.03
1027747,CHAPTER 133,rugged,0.03
1028281,CHAPTER 133,second,0.03
1028333,CHAPTER 133,seen,0.03
1028838,CHAPTER 133,sidelingly,0.03
1028887,CHAPTER 133,silent,0.03
1029039,CHAPTER 133,sky,0.03
1029123,CHAPTER 133,slightly,0.03
1029462,CHAPTER 133,soulless,0.03
1029624,CHAPTER 133,spindled,0.03
1029736,CHAPTER 133,spread,0.03
1029807,CHAPTER 133,stacking,0.03
1030148,CHAPTER 133,stratagem,0.03
1030761,CHAPTER 133,swift,0.03
1030768,CHAPTER 133,swimming,0.03
1030865,CHAPTER 133,tail,0.03
1031213,CHAPTER 133,thing,0.03
1031250,CHAPTER 133,thou,0.03
1031434,CHAPTER 133,tis,0.03
1032122,CHAPTER 133,unastonished,0.03
1032791,CHAPTER 133,unset,0.03
1032969,CHAPTER 133,upraising,0.03
1033107,CHAPTER 133,vast,0.03
1033296,CHAPTER 133,vindicated,0.03
1033299,CHAPTER 133,vindictively,0.03
1033340,CHAPTER 133,visible,0.03
1033581,CHAPTER 133,warningly,0.03
1033614,CHAPTER 133,watch,0.03
1033639,CHAPTER 133,watery,0.03
1034266,CHAPTER 133,yards,0.03
1008209,CHAPTER 133,_i_,0.02
1008652,CHAPTER 133,abide,0.02
1008774,CHAPTER 133,accompanying,0.02
1008785,CHAPTER 133,accordingly,0.02
1008863,CHAPTER 133,acute,0.02
1008969,CHAPTER 133,adrift,0.02
1008979,CHAPTER 133,advanced,0.02
1008982,CHAPTER 133,advancing,0.02
1009059,CHAPTER 133,afloat,0.02
1009079,CHAPTER 133,age,0.02
1009094,CHAPTER 133,aggregate,0.02
1009106,CHAPTER 133,agitated,0.02
1009182,CHAPTER 133,albatross,0.02
1009249,CHAPTER 133,allotted,0.02
1009264,CHAPTER 133,allured,0.02
1009281,CHAPTER 133,alow,0.02
1009294,CHAPTER 133,altered,0.02
1009296,CHAPTER 133,alternate,0.02
1009465,CHAPTER 133,announced,0.02
1009487,CHAPTER 133,anon,0.02
1009516,CHAPTER 133,anticipation,0.02
1009579,CHAPTER 133,appalling,0.02
1009587,CHAPTER 133,apparition,0.02
1009594,CHAPTER 133,appear,0.02
1009691,CHAPTER 133,arch,0.02
1009728,CHAPTER 133,argosy,0.02
1009783,CHAPTER 133,arose,0.02
1009856,CHAPTER 133,ascertaining,0.02
1009859,CHAPTER 133,ascribed,0.02
1009890,CHAPTER 133,ass,0.02
1009891,CHAPTER 133,assail,0.02
1009901,CHAPTER 133,assault,0.02
1009982,CHAPTER 133,atlantic,0.02
1010143,CHAPTER 133,awaiting,0.02
1010171,CHAPTER 133,axis,0.02
1010176,CHAPTER 133,aye,0.02
1010223,CHAPTER 133,baffled,0.02
1010319,CHAPTER 133,bannered,0.02
1010344,CHAPTER 133,barbarous,0.02
1010359,CHAPTER 133,barely,0.02
1010398,CHAPTER 133,base,0.02
1010560,CHAPTER 133,began,0.02
1010572,CHAPTER 133,beginning,0.02
1010575,CHAPTER 133,begone,0.02
1010589,CHAPTER 133,beheld,0.02
1010592,CHAPTER 133,behold,0.02
1010656,CHAPTER 133,bended,0.02
1010684,CHAPTER 133,bent,0.02
1010763,CHAPTER 133,bewitching,0.02
1010774,CHAPTER 133,bid,0.02
1010784,CHAPTER 133,bigger,0.02
1010814,CHAPTER 133,binnacle,0.02
1010839,CHAPTER 133,bite,0.02
1010843,CHAPTER 133,biting,0.02
1010937,CHAPTER 133,blending,0.02
1010954,CHAPTER 133,blinded,0.02
1010981,CHAPTER 133,blood,0.02
1011013,CHAPTER 133,bluish,0.02
1011141,CHAPTER 133,bore,0.02
1011148,CHAPTER 133,borne,0.02
1011200,CHAPTER 133,bower,0.02
1011228,CHAPTER 133,brace,0.02
1011232,CHAPTER 133,braces,0.02
1011274,CHAPTER 133,brave,0.02
1011299,CHAPTER 133,breadth,0.02
1011321,CHAPTER 133,breathless,0.02
1011331,CHAPTER 133,breeze,0.02
1011361,CHAPTER 133,bridge,0.02
1011368,CHAPTER 133,brief,0.02
1011397,CHAPTER 133,brine,0.02
1011435,CHAPTER 133,broke,0.02
1011483,CHAPTER 133,bubble,0.02
1011485,CHAPTER 133,bubbles,0.02
1011531,CHAPTER 133,bull,0.02
1011608,CHAPTER 133,burst,0.02
1011650,CHAPTER 133,butts,0.02
1011722,CHAPTER 133,called,0.02
1011724,CHAPTER 133,calling,0.02
1011746,CHAPTER 133,came,0.02
1011805,CHAPTER 133,canopy,0.02
1011815,CHAPTER 133,canvas,0.02
1011818,CHAPTER 133,cap,0.02
1011850,CHAPTER 133,captain,0.02
1011907,CHAPTER 133,carpet,0.02
1011943,CHAPTER 133,case,0.02
1011960,CHAPTER 133,castaways,0.02
1011975,CHAPTER 133,cat,0.02
1012038,CHAPTER 133,cedar,0.02
1012046,CHAPTER 133,celerity,0.02
1012076,CHAPTER 133,centre,0.02
1012141,CHAPTER 133,chancing,0.02
1012145,CHAPTER 133,change,0.02
1012153,CHAPTER 133,channel,0.02
1012197,CHAPTER 133,charmed,0.02
1012414,CHAPTER 133,churning,0.02
1012430,CHAPTER 133,circles,0.02
1012522,CHAPTER 133,clappings,0.02
1012523,CHAPTER 133,claps,0.02
1012644,CHAPTER 133,clothes,0.02
1012650,CHAPTER 133,cloud,0.02
1012654,CHAPTER 133,clouds,0.02
1012665,CHAPTER 133,clubbed,0.02
1012789,CHAPTER 133,collapsed,0.02
1013138,CHAPTER 133,condense,0.02
1013198,CHAPTER 133,confluent,0.02
1013362,CHAPTER 133,contain,0.02
1013404,CHAPTER 133,continually,0.02
1013409,CHAPTER 133,continued,0.02
1013422,CHAPTER 133,contracting,0.02
1013738,CHAPTER 133,crack,0.02
1013755,CHAPTER 133,crafty,0.02
1013762,CHAPTER 133,cranes,0.02
1013821,CHAPTER 133,credulous,0.02
1013832,CHAPTER 133,crest,0.02
1013846,CHAPTER 133,cries,0.02
1013862,CHAPTER 133,cripple,0.02
1013865,CHAPTER 133,crisis,0.02
1013889,CHAPTER 133,crooked,0.02
1013898,CHAPTER 133,crossed,0.02
1013931,CHAPTER 133,cruel,0.02
1013961,CHAPTER 133,crushed,0.02
1014031,CHAPTER 133,curled,0.02
1014111,CHAPTER 133,daggoo,0.02
1014150,CHAPTER 133,danced,0.02
1014172,CHAPTER 133,dared,0.02
1014178,CHAPTER 133,dark,0.02
1014219,CHAPTER 133,dawn,0.02
1014224,CHAPTER 133,daybreak,0.02
1014232,CHAPTER 133,dazzling,0.02
1014233,CHAPTER 133,dazzlingly,0.02
1014321,CHAPTER 133,declared,0.02
1014335,CHAPTER 133,decree,0.02
1014353,CHAPTER 133,deep,0.02
1014594,CHAPTER 133,depths,0.02
1014624,CHAPTER 133,described,0.02
1014627,CHAPTER 133,descried,0.02
1014651,CHAPTER 133,designation,0.02
1014668,CHAPTER 133,desolate,0.02
1014704,CHAPTER 133,destroyed,0.02
1014708,CHAPTER 133,destruction,0.02
1014758,CHAPTER 133,devilish,0.02
1014822,CHAPTER 133,dictating,0.02
1014827,CHAPTER 133,dictionary,0.02
1014853,CHAPTER 133,diffused,0.02
1014882,CHAPTER 133,dim,0.02
1014915,CHAPTER 133,dipping,0.02
1014924,CHAPTER 133,direful,0.02
1015004,CHAPTER 133,discover,0.02
1015211,CHAPTER 133,distinctly,0.02
1015269,CHAPTER 133,divided,0.02
1015275,CHAPTER 133,divinely,0.02
1015369,CHAPTER 133,doom,0.02
1015370,CHAPTER 133,doomed,0.02
1015436,CHAPTER 133,dragged,0.02
1015508,CHAPTER 133,drifting,0.02
1015520,CHAPTER 133,drive,0.02
1015532,CHAPTER 133,drooping,0.02
1015604,CHAPTER 133,dumb,0.02
1015693,CHAPTER 133,earned,0.02
1015761,CHAPTER 133,eddy,0.02
1015764,CHAPTER 133,eddystone,0.02
1015766,CHAPTER 133,edge,0.02
1015798,CHAPTER 133,effectually,0.02
1015808,CHAPTER 133,effort,0.02
1015845,CHAPTER 133,elastic,0.02
1016049,CHAPTER 133,encircling,0.02
1016094,CHAPTER 133,ends,0.02
1016098,CHAPTER 133,endure,0.02
1016232,CHAPTER 133,enticing,0.02
1016234,CHAPTER 133,entire,0.02
1016297,CHAPTER 133,equal,0.02
1016403,CHAPTER 133,eternal,0.02
1016472,CHAPTER 133,evince,0.02
1016513,CHAPTER 133,exceeding,0.02
1016545,CHAPTER 133,exclaimed,0.02
1016582,CHAPTER 133,exercise,0.02
1016592,CHAPTER 133,exhale,0.02
1016642,CHAPTER 133,expectant,0.02
1016674,CHAPTER 133,expired,0.02
1016771,CHAPTER 133,eyed,0.02
1016790,CHAPTER 133,faced,0.02
1016896,CHAPTER 133,far,0.02
1016947,CHAPTER 133,fatally,0.02
1016948,CHAPTER 133,fate,0.02
1016997,CHAPTER 133,fearless,0.02
1017010,CHAPTER 133,feathers,0.02
1017041,CHAPTER 133,feelingly,0.02
1017045,CHAPTER 133,feet,0.02
1017151,CHAPTER 133,fiercely,0.02
1017174,CHAPTER 133,file,0.02
1017189,CHAPTER 133,fin,0.02
1017202,CHAPTER 133,finest,0.02
1017217,CHAPTER 133,fired,0.02
1017252,CHAPTER 133,fitful,0.02
1017269,CHAPTER 133,flag,0.02
1017306,CHAPTER 133,flat,0.02
1017334,CHAPTER 133,fleecy,0.02
1017340,CHAPTER 133,fleetness,0.02
1017349,CHAPTER 133,flew,0.02
1017358,CHAPTER 133,flight,0.02
1017447,CHAPTER 133,fluttering,0.02
1017638,CHAPTER 133,forth,0.02
1017644,CHAPTER 133,fortitude,0.02
1017682,CHAPTER 133,fowl,0.02
1017690,CHAPTER 133,fragmentary,0.02
1017694,CHAPTER 133,frail,0.02
1017748,CHAPTER 133,frenzied,0.02
1017878,CHAPTER 133,furious,0.02
1017923,CHAPTER 133,gain,0.02
1017924,CHAPTER 133,gained,0.02
1018038,CHAPTER 133,gay,0.02
1018095,CHAPTER 133,gentle,0.02
1018239,CHAPTER 133,gliding,0.02
1018242,CHAPTER 133,glimmer,0.02
1018258,CHAPTER 133,gloom,0.02
1018266,CHAPTER 133,glorified,0.02
1018296,CHAPTER 133,gnawed,0.02
1018329,CHAPTER 133,going,0.02
1018334,CHAPTER 133,golden,0.02
1018341,CHAPTER 133,good,0.02
1018391,CHAPTER 133,graceful,0.02
1018402,CHAPTER 133,gradual,0.02
1018439,CHAPTER 133,grapes,0.02
1018447,CHAPTER 133,grasp,0.02
1018491,CHAPTER 133,great,0.02
1018492,CHAPTER 133,greater,0.02
1018506,CHAPTER 133,greenish,0.02
1018522,CHAPTER 133,grew,0.02
1018549,CHAPTER 133,gripe,0.02
1018555,CHAPTER 133,groan,0.02
1018651,CHAPTER 133,gull,0.02
1018720,CHAPTER 133,hail,0.02
1018751,CHAPTER 133,halting,0.02
1018798,CHAPTER 133,handspikes,0.02
1018820,CHAPTER 133,happens,0.02
1018837,CHAPTER 133,hard,0.02
1018869,CHAPTER 133,harpoon,0.02
1018911,CHAPTER 133,hated,0.02
1018993,CHAPTER 133,heard,0.02
1019029,CHAPTER 133,heave,0.02
1019060,CHAPTER 133,heel,0.02
1019068,CHAPTER 133,height,0.02
1019091,CHAPTER 133,help,0.02
1019097,CHAPTER 133,helplessly,0.02
1019101,CHAPTER 133,hem,0.02
1019127,CHAPTER 133,herds,0.02
1019175,CHAPTER 133,hideous,0.02
1019177,CHAPTER 133,hideousness,0.02
1019179,CHAPTER 133,hiding,0.02
1019200,CHAPTER 133,hill,0.02
1019285,CHAPTER 133,hoist,0.02
1019383,CHAPTER 133,hopeless,0.02
1019395,CHAPTER 133,horizontally,0.02
1019402,CHAPTER 133,horns,0.02
1019465,CHAPTER 133,hovered,0.02
1019466,CHAPTER 133,hovering,0.02
1019547,CHAPTER 133,hundreds,0.02
1019556,CHAPTER 133,hunter,0.02
1019688,CHAPTER 133,ill,0.02
1019872,CHAPTER 133,impossible,0.02
1019980,CHAPTER 133,inches,0.02
1020083,CHAPTER 133,indefinitely,0.02
1020227,CHAPTER 133,inferior,0.02
1020340,CHAPTER 133,inland,0.02
1020432,CHAPTER 133,insolent,0.02
1020436,CHAPTER 133,inspecting,0.02
1020447,CHAPTER 133,instantaneous,0.02
1020448,CHAPTER 133,instantaneously,0.02
1020503,CHAPTER 133,intelligence,0.02
1020511,CHAPTER 133,intending,0.02
1020512,CHAPTER 133,intense,0.02
1020519,CHAPTER 133,intensity,0.02
1020561,CHAPTER 133,intermediate,0.02
1020701,CHAPTER 133,invested,0.02
1020744,CHAPTER 133,involuntarily,0.02
1020748,CHAPTER 133,involved,0.02
1020821,CHAPTER 133,isle,0.02
1020827,CHAPTER 133,isolated,0.02
1020927,CHAPTER 133,jeopardized,0.02
1020944,CHAPTER 133,jets,0.02
1021038,CHAPTER 133,jove,0.02
1021046,CHAPTER 133,joyous,0.02
1021067,CHAPTER 133,judgment,0.02
1021107,CHAPTER 133,jupiter,0.02
1021114,CHAPTER 133,just,0.02
1021139,CHAPTER 133,keenly,0.02
1021196,CHAPTER 133,kindly,0.02
1021416,CHAPTER 133,lash,0.02
1021419,CHAPTER 133,lashing,0.02
1021453,CHAPTER 133,laugh,0.02
1021458,CHAPTER 133,laughs,0.02
1021535,CHAPTER 133,leaping,0.02
1021569,CHAPTER 133,leering,0.02
1021638,CHAPTER 133,lest,0.02
1021709,CHAPTER 133,life,0.02
1021714,CHAPTER 133,lift,0.02
1021720,CHAPTER 133,light,0.02
1021743,CHAPTER 133,likened,0.02
1021779,CHAPTER 133,lingered,0.02
1021780,CHAPTER 133,lingering,0.02
1021818,CHAPTER 133,lit,0.02
1021850,CHAPTER 133,living,0.02
1021890,CHAPTER 133,lock,0.02
1021892,CHAPTER 133,locked,0.02
1021943,CHAPTER 133,longingly,0.02
1021966,CHAPTER 133,loose,0.02
1021967,CHAPTER 133,loosed,0.02
1022019,CHAPTER 133,lovely,0.02
1022242,CHAPTER 133,magnifying,0.02
1022250,CHAPTER 133,maid,0.02
1022278,CHAPTER 133,majesty,0.02
1022305,CHAPTER 133,malicious,0.02
1022366,CHAPTER 133,mankind,0.02
1022412,CHAPTER 133,marble,0.02
1022414,CHAPTER 133,marbleized,0.02
1022431,CHAPTER 133,mariner,0.02
1022443,CHAPTER 133,marks,0.02
1022592,CHAPTER 133,meadow,0.02
1022622,CHAPTER 133,mechanical,0.02
1022764,CHAPTER 133,metallic,0.02
1022804,CHAPTER 133,mid,0.02
1022820,CHAPTER 133,midway,0.02
1022840,CHAPTER 133,mildness,0.02
1022841,CHAPTER 133,mile,0.02
1022852,CHAPTER 133,milky,0.02
1022861,CHAPTER 133,millions,0.02
1022958,CHAPTER 133,missing,0.02
1023069,CHAPTER 133,moments,0.02
1023097,CHAPTER 133,monomaniac,0.02
1023134,CHAPTER 133,moonlit,0.02
1023171,CHAPTER 133,morning,0.02
1023209,CHAPTER 133,motionless,0.02
1023242,CHAPTER 133,mouse,0.02
1023254,CHAPTER 133,moved,0.02
1023255,CHAPTER 133,movement,0.02
1023256,CHAPTER 133,movements,0.02
1023260,CHAPTER 133,moving,0.02
1023339,CHAPTER 133,musical,0.02
1023418,CHAPTER 133,naked,0.02
1023423,CHAPTER 133,nameless,0.02
1023424,CHAPTER 133,namelessly,0.02
1023453,CHAPTER 133,narrow,0.02
1023478,CHAPTER 133,natures,0.02
1023498,CHAPTER 133,near,0.02
1023564,CHAPTER 133,neighbors,0.02
1023688,CHAPTER 133,noiseless,0.02
1023706,CHAPTER 133,noon,0.02
1023789,CHAPTER 133,nuptial,0.02
1023836,CHAPTER 133,objects,0.02
1023844,CHAPTER 133,obliquely,0.02
1023850,CHAPTER 133,oblong,0.02
1023925,CHAPTER 133,oceans,0.02
1023959,CHAPTER 133,offered,0.02
1024033,CHAPTER 133,onset,0.02
1024075,CHAPTER 133,opposite,0.02
1024109,CHAPTER 133,ordered,0.02
1024194,CHAPTER 133,outer,0.02
1024286,CHAPTER 133,overleap,0.02
1024319,CHAPTER 133,overtaking,0.02
1024394,CHAPTER 133,pains,0.02
1024397,CHAPTER 133,painted,0.02
1024412,CHAPTER 133,pale,0.02
1024435,CHAPTER 133,palpable,0.02
1024466,CHAPTER 133,pang,0.02
1024692,CHAPTER 133,pause,0.02
1024729,CHAPTER 133,pearl,0.02
1024742,CHAPTER 133,peculiar,0.02
1024778,CHAPTER 133,peered,0.02
1024779,CHAPTER 133,peering,0.02
1024848,CHAPTER 133,peopled,0.02
1024852,CHAPTER 133,pequod,0.02
1024855,CHAPTER 133,perceive,0.02
1024858,CHAPTER 133,perceiving,0.02
1024897,CHAPTER 133,period,0.02
1024981,CHAPTER 133,perth,0.02
1025078,CHAPTER 133,physical,0.02
1025092,CHAPTER 133,picked,0.02
1025231,CHAPTER 133,pivot,0.02
1025238,CHAPTER 133,place,0.02
1025243,CHAPTER 133,places,0.02
1025259,CHAPTER 133,plainly,0.02
1025278,CHAPTER 133,plank,0.02
1025316,CHAPTER 133,playfully,0.02
1025401,CHAPTER 133,plying,0.02
1025431,CHAPTER 133,poise,0.02
1025447,CHAPTER 133,poles,0.02
1025451,CHAPTER 133,policy,0.02
1025453,CHAPTER 133,polished,0.02
1025472,CHAPTER 133,poltroon,0.02
1025501,CHAPTER 133,pool,0.02
1025717,CHAPTER 133,precise,0.02
1025759,CHAPTER 133,preliminary,0.02
1025762,CHAPTER 133,preluding,0.02
1025873,CHAPTER 133,pricked,0.02
1026009,CHAPTER 133,profoundly,0.02
1026026,CHAPTER 133,projected,0.02
1026027,CHAPTER 133,projecting,0.02
1026032,CHAPTER 133,prolonged,0.02
1026047,CHAPTER 133,promising,0.02
1026132,CHAPTER 133,prostration,0.02
1026155,CHAPTER 133,prove,0.02
1026228,CHAPTER 133,pull,0.02
1026312,CHAPTER 133,pursuing,0.02
1026318,CHAPTER 133,pushed,0.02
1026417,CHAPTER 133,quicker,0.02
1026432,CHAPTER 133,quietude,0.02
1026515,CHAPTER 133,raise,0.02
1026517,CHAPTER 133,raises,0.02
1026575,CHAPTER 133,rapid,0.02
1026577,CHAPTER 133,rapidly,0.02
1026584,CHAPTER 133,rapture,0.02
1026635,CHAPTER 133,ravished,0.02
1026647,CHAPTER 133,reached,0.02
1026677,CHAPTER 133,reappearance,0.02
1026719,CHAPTER 133,receives,0.02
1026721,CHAPTER 133,recent,0.02
1026765,CHAPTER 133,recoil,0.02
1026885,CHAPTER 133,refused,0.02
1027023,CHAPTER 133,remember,0.02
1027136,CHAPTER 133,reported,0.02
1027140,CHAPTER 133,repose,0.02
1027198,CHAPTER 133,rescue,0.02
1027210,CHAPTER 133,resembling,0.02
1027320,CHAPTER 133,resuming,0.02
1027365,CHAPTER 133,revealing,0.02
1027445,CHAPTER 133,rib,0.02
1027513,CHAPTER 133,ring,0.02
1027535,CHAPTER 133,rip,0.02
1027550,CHAPTER 133,rise,0.02
1027597,CHAPTER 133,robe,0.02
1027605,CHAPTER 133,rocked,0.02
1027621,CHAPTER 133,roll,0.02
1027653,CHAPTER 133,rooted,0.02
1027691,CHAPTER 133,roused,0.02
1027693,CHAPTER 133,rousing,0.02
1027703,CHAPTER 133,row,0.02
1027709,CHAPTER 133,rows,0.02
1027714,CHAPTER 133,royals,0.02
1027781,CHAPTER 133,runs,0.02
1027786,CHAPTER 133,rushed,0.02
1027801,CHAPTER 133,rustling,0.02
1027841,CHAPTER 133,safe,0.02
1027846,CHAPTER 133,sagacious,0.02
1027945,CHAPTER 133,sap,0.02
1028220,CHAPTER 133,scud,0.02
1028302,CHAPTER 133,secured,0.02
1028330,CHAPTER 133,seemingly,0.02
1028350,CHAPTER 133,seized,0.02
1028352,CHAPTER 133,seizing,0.02
1028385,CHAPTER 133,send,0.02
1028441,CHAPTER 133,serene,0.02
1028442,CHAPTER 133,serenely,0.02
1028446,CHAPTER 133,serenity,0.02
1028520,CHAPTER 133,shade,0.02
1028527,CHAPTER 133,shadow,0.02
1028528,CHAPTER 133,shadowed,0.02
1028542,CHAPTER 133,shake,0.02
1028543,CHAPTER 133,shaken,0.02
1028554,CHAPTER 133,shallow,0.02
1028611,CHAPTER 133,shears,0.02
1028618,CHAPTER 133,shed,0.02
1028632,CHAPTER 133,sheets,0.02
1028641,CHAPTER 133,shells,0.02
1028698,CHAPTER 133,shivered,0.02
1028705,CHAPTER 133,shock,0.02
1028715,CHAPTER 133,shook,0.02
1028733,CHAPTER 133,shortened,0.02
1028748,CHAPTER 133,shouted,0.02
1028756,CHAPTER 133,showed,0.02
1028762,CHAPTER 133,showing,0.02
1028839,CHAPTER 133,sidelong,0.02
1028862,CHAPTER 133,signal,0.02
1028888,CHAPTER 133,silently,0.02
1028921,CHAPTER 133,simultaneously,0.02
1028933,CHAPTER 133,sing,0.02
1029013,CHAPTER 133,skimming,0.02
1029085,CHAPTER 133,sleek,0.02
1029089,CHAPTER 133,sleepers,0.02
1029112,CHAPTER 133,slid,0.02
1029120,CHAPTER 133,slight,0.02
1029143,CHAPTER 133,slipping,0.02
1029159,CHAPTER 133,slouched,0.02
1029160,CHAPTER 133,slouching,0.02
1029165,CHAPTER 133,slower,0.02
1029232,CHAPTER 133,smothered,0.02
1029290,CHAPTER 133,snuffing,0.02
1029341,CHAPTER 133,softly,0.02
1029368,CHAPTER 133,solemn,0.02
1029463,CHAPTER 133,souls,0.02
1029465,CHAPTER 133,sounded,0.02
1029472,CHAPTER 133,sounds,0.02
1029494,CHAPTER 133,spaces,0.02
1029518,CHAPTER 133,sparkling,0.02
1029531,CHAPTER 133,speak,0.02
1029575,CHAPTER 133,sped,0.02
1029593,CHAPTER 133,sperm,0.02
1029619,CHAPTER 133,spilled,0.02
1029628,CHAPTER 133,spinning,0.02
1029675,CHAPTER 133,splintered,0.02
1029735,CHAPTER 133,spray,0.02
1029742,CHAPTER 133,springing,0.02
1029778,CHAPTER 133,squaring,0.02
1029809,CHAPTER 133,staff,0.02
1029855,CHAPTER 133,standing,0.02
1029924,CHAPTER 133,stay,0.02
1029972,CHAPTER 133,steering,0.02
1029981,CHAPTER 133,stepped,0.02
1030025,CHAPTER 133,stilly,0.02
1030061,CHAPTER 133,stole,0.02
1030108,CHAPTER 133,stove,0.02
1030124,CHAPTER 133,straightway,0.02
1030159,CHAPTER 133,stream,0.02
1030163,CHAPTER 133,streaming,0.02
1030210,CHAPTER 133,striving,0.02
1030234,CHAPTER 133,struggling,0.02
1030394,CHAPTER 133,succor,0.02
1030405,CHAPTER 133,suddenly,0.02
1030414,CHAPTER 133,suffering,0.02
1030421,CHAPTER 133,sufficiently,0.02
1030458,CHAPTER 133,sullenly,0.02
1030468,CHAPTER 133,summary,0.02
1030472,CHAPTER 133,summit,0.02
1030496,CHAPTER 133,sunken,0.02
1030602,CHAPTER 133,supreme,0.02
1030634,CHAPTER 133,surpass,0.02
1030642,CHAPTER 133,surprised,0.02
1030726,CHAPTER 133,swayed,0.02
1030727,CHAPTER 133,swaying,0.02
1030730,CHAPTER 133,swear,0.02
1030738,CHAPTER 133,sweep,0.02
1030757,CHAPTER 133,swells,0.02
1030758,CHAPTER 133,swept,0.02
1030763,CHAPTER 133,swiftly,0.02
1030766,CHAPTER 133,swim,0.02
1030789,CHAPTER 133,swooping,0.02
1030917,CHAPTER 133,tantalizing,0.02
1031021,CHAPTER 133,teeth,0.02
1031089,CHAPTER 133,tension,0.02
1031123,CHAPTER 133,terrors,0.02
1031168,CHAPTER 133,thee,0.02
1031212,CHAPTER 133,thine,0.02
1031230,CHAPTER 133,thirds,0.02
1031237,CHAPTER 133,thistle,0.02
1031239,CHAPTER 133,thither,0.02
1031286,CHAPTER 133,thrilled,0.02
1031316,CHAPTER 133,thrust,0.02
1031318,CHAPTER 133,thrusting,0.02
1031330,CHAPTER 133,thundering,0.02
1031350,CHAPTER 133,tide,0.02
1031367,CHAPTER 133,tiger,0.02
1031385,CHAPTER 133,tilting,0.02
1031392,CHAPTER 133,timely,0.02
1031393,CHAPTER 133,times,0.02
1031471,CHAPTER 133,toed,0.02
1031472,CHAPTER 133,toes,0.02
1031487,CHAPTER 133,tolerable,0.02
1031497,CHAPTER 133,tomb,0.02
1031511,CHAPTER 133,tones,0.02
1031561,CHAPTER 133,tornadoes,0.02
1031580,CHAPTER 133,tossing,0.02
1031584,CHAPTER 133,total,0.02
1031610,CHAPTER 133,towering,0.02
1031670,CHAPTER 133,tranquillities,0.02
1031729,CHAPTER 133,transplanted,0.02
1031732,CHAPTER 133,transported,0.02
1031742,CHAPTER 133,travel,0.02
1031776,CHAPTER 133,treble,0.02
1031789,CHAPTER 133,tremendous,0.02
1031851,CHAPTER 133,triumphantly,0.02
1031861,CHAPTER 133,trodden,0.02
1031870,CHAPTER 133,troops,0.02
1031875,CHAPTER 133,tropical,0.02
1031909,CHAPTER 133,trunk,0.02
1031951,CHAPTER 133,tumbling,0.02
1031973,CHAPTER 133,turkish,0.02
1031997,CHAPTER 133,twain,0.02
1032084,CHAPTER 133,unabated,0.02
1032323,CHAPTER 133,undiscoverable,0.02
1032477,CHAPTER 133,unharmed,0.02
1032532,CHAPTER 133,unintermitted,0.02
1032740,CHAPTER 133,unrestingly,0.02
1032856,CHAPTER 133,unsuspecting,0.02
1032971,CHAPTER 133,uprising,0.02
1033024,CHAPTER 133,uttering,0.02
1033026,CHAPTER 133,uttermost,0.02
1033030,CHAPTER 133,vacancies,0.02
1033031,CHAPTER 133,vacancy,0.02
1033055,CHAPTER 133,valiant,0.02
1033059,CHAPTER 133,valley,0.02
1033074,CHAPTER 133,vane,0.02
1033135,CHAPTER 133,velocity,0.02
1033147,CHAPTER 133,vengeful,0.02
1033158,CHAPTER 133,ventured,0.02
1033202,CHAPTER 133,vertically,0.02
1033217,CHAPTER 133,vesture,0.02
1033245,CHAPTER 133,vicinity,0.02
1033249,CHAPTER 133,vicissitude,0.02
1033251,CHAPTER 133,victim,0.02
1033325,CHAPTER 133,virginia,0.02
1033343,CHAPTER 133,vision,0.02
1033384,CHAPTER 133,voice,0.02
1033476,CHAPTER 133,wails,0.02
1033505,CHAPTER 133,walking,0.02
1033636,CHAPTER 133,waters,0.02
1033645,CHAPTER 133,waving,0.02
1033684,CHAPTER 133,weasel,0.02
1033747,CHAPTER 133,wert,0.02
1033791,CHAPTER 133,wheeling,0.02
1033798,CHAPTER 133,whelmed,0.02
1033838,CHAPTER 133,whirled,0.02
1033839,CHAPTER 133,whirling,0.02
1033841,CHAPTER 133,whirlpool,0.02
1033887,CHAPTER 133,whosoever,0.02
1033895,CHAPTER 133,wide,0.02
1033917,CHAPTER 133,wildly,0.02
1033967,CHAPTER 133,wings,0.02
1033994,CHAPTER 133,wish,0.02
1034011,CHAPTER 133,withdrawing,0.02
1034019,CHAPTER 133,withholding,0.02
1034020,CHAPTER 133,withstand,0.02
1034035,CHAPTER 133,wives,0.02
1034038,CHAPTER 133,woe,0.02
1034070,CHAPTER 133,wont,0.02
1034086,CHAPTER 133,wooing,0.02
1034167,CHAPTER 133,wrecks,0.02
1034169,CHAPTER 133,wrench,0.02
1034170,CHAPTER 133,wrenched,0.02
1034190,CHAPTER 133,wrinkled,0.02
1034278,CHAPTER 133,yawned,0.02
1034294,CHAPTER 133,yellow,0.02
1034304,CHAPTER 133,yielded,0.02
1034350,CHAPTER 133,zone,0.02
1009071,CHAPTER 133,aft,0.01
1009112,CHAPTER 133,ago,0.01
1009223,CHAPTER 133,alive,0.01
1009759,CHAPTER 133,arm,0.01
1009772,CHAPTER 133,arms,0.01
1009880,CHAPTER 133,aspect,0.01
1010482,CHAPTER 133,bearing,0.01
1010717,CHAPTER 133,best,0.01
1010837,CHAPTER 133,bit,0.01
1010854,CHAPTER 133,black,0.01
1011030,CHAPTER 133,board,0.01
1011061,CHAPTER 133,bodily,0.01
1011105,CHAPTER 133,bone,0.01
1011108,CHAPTER 133,bones,0.01
1011117,CHAPTER 133,book,0.01
1011418,CHAPTER 133,broad,0.01
1011525,CHAPTER 133,bulk,0.01
1012009,CHAPTER 133,caught,0.01
1012137,CHAPTER 133,chance,0.01
1012464,CHAPTER 133,circumstances,0.01
1012868,CHAPTER 133,come,0.01
1013020,CHAPTER 133,completely,0.01
1013690,CHAPTER 133,course,0.01
1014197,CHAPTER 133,dashed,0.01
1014235,CHAPTER 133,dead,0.01
1014241,CHAPTER 133,deadly,0.01
1014255,CHAPTER 133,death,0.01
1014921,CHAPTER 133,directly,0.01
1015470,CHAPTER 133,drawn,0.01
1015700,CHAPTER 133,earth,0.01
1016069,CHAPTER 133,end,0.01
1016184,CHAPTER 133,enormous,0.01
1016235,CHAPTER 133,entirely,0.01
1016321,CHAPTER 133,ere,0.01
1016353,CHAPTER 133,escape,0.01
1016768,CHAPTER 133,eye,0.01
1016772,CHAPTER 133,eyeing,0.01
1016873,CHAPTER 133,famous,0.01
1017058,CHAPTER 133,fell,0.01
1017235,CHAPTER 133,fish,0.01
1017452,CHAPTER 133,flying,0.01
1017508,CHAPTER 133,foot,0.01
1017543,CHAPTER 133,forecastle,0.01
1017623,CHAPTER 133,formed,0.01
1017654,CHAPTER 133,forward,0.01
1017934,CHAPTER 133,gale,0.01
1018188,CHAPTER 133,given,0.01
1018191,CHAPTER 133,giving,0.01
1018314,CHAPTER 133,god,0.01
1018339,CHAPTER 133,gone,0.01
1018416,CHAPTER 133,grand,0.01
1018721,CHAPTER 133,hailed,0.01
1018943,CHAPTER 133,having,0.01
1019005,CHAPTER 133,heart,0.01
1019225,CHAPTER 133,hint,0.01
1019298,CHAPTER 133,hole,0.01
1019378,CHAPTER 133,hope,0.01
1019499,CHAPTER 133,hull,0.01
1019558,CHAPTER 133,hunters,0.01
1021179,CHAPTER 133,killed,0.01
1021266,CHAPTER 133,know,0.01
1021272,CHAPTER 133,known,0.01
1021529,CHAPTER 133,leaning,0.01
1021550,CHAPTER 133,leaving,0.01
1021574,CHAPTER 133,left,0.01
1021613,CHAPTER 133,length,0.01
1021639,CHAPTER 133,let,0.01
1021655,CHAPTER 133,level,0.01
1021770,CHAPTER 133,line,0.01
1021829,CHAPTER 133,little,0.01
1021847,CHAPTER 133,lives,0.01
1022288,CHAPTER 133,making,0.01
1022374,CHAPTER 133,manner,0.01
1022432,CHAPTER 133,mariners,0.01
1022561,CHAPTER 133,matter,0.01
1022609,CHAPTER 133,means,0.01
1022611,CHAPTER 133,meantime,0.01
1022829,CHAPTER 133,mighty,0.01
1022873,CHAPTER 133,mind,0.01
1023472,CHAPTER 133,natural,0.01
1023673,CHAPTER 133,noble,0.01
1023923,CHAPTER 133,ocean,0.01
1023987,CHAPTER 133,oh,0.01
1023989,CHAPTER 133,oil,0.01
1024595,CHAPTER 133,parts,0.01
1024600,CHAPTER 133,passage,0.01
1024604,CHAPTER 133,passed,0.01
1025279,CHAPTER 133,planks,0.01
1025422,CHAPTER 133,point,0.01
1025424,CHAPTER 133,pointed,0.01
1025582,CHAPTER 133,possible,0.01
1026378,CHAPTER 133,quarter,0.01
1026660,CHAPTER 133,ready,0.01
1026683,CHAPTER 133,reason,0.01
1027488,CHAPTER 133,rigging,0.01
1027490,CHAPTER 133,right,0.01
1027711,CHAPTER 133,royal,0.01
1027777,CHAPTER 133,run,0.01
1028027,CHAPTER 133,saying,0.01
1028079,CHAPTER 133,scene,0.01
1028585,CHAPTER 133,shark,0.01
1028739,CHAPTER 133,shot,0.01
1028840,CHAPTER 133,sides,0.01
1028861,CHAPTER 133,sign,0.01
1029283,CHAPTER 133,snow,0.01
1029716,CHAPTER 133,spot,0.01
1029798,CHAPTER 133,st,0.01
1029857,CHAPTER 133,stands,0.01
1030074,CHAPTER 133,stood,0.01
1030168,CHAPTER 133,strength,0.01
1030188,CHAPTER 133,strike,0.01
1030676,CHAPTER 133,suspended,0.01
1030876,CHAPTER 133,taken,0.01
1030878,CHAPTER 133,taking,0.01
1030892,CHAPTER 133,tall,0.01
1031215,CHAPTER 133,think,0.01
1031578,CHAPTER 133,tossed,0.01
1031976,CHAPTER 133,turn,0.01
1031977,CHAPTER 133,turned,0.01
1033263,CHAPTER 133,view,0.01
1033882,CHAPTER 133,wholly,0.01
1033946,CHAPTER 133,wind,0.01
1034054,CHAPTER 133,wonder,0.01
1034056,CHAPTER 133,wonderful,0.01
1034098,CHAPTER 133,work,0.01
