,chapter,term,tfidf
2015075,CHAPTER 45,whale,0.26
2010907,CHAPTER 45,sperm,0.18
2009989,CHAPTER 45,ship,0.16
1994244,CHAPTER 45,commodore,0.15
2002690,CHAPTER 45,langsdorff,0.15
2010019,CHAPTER 45,shock,0.14
2001759,CHAPTER 45,instances,0.11
1993164,CHAPTER 45,captain,0.09
1993298,CHAPTER 45,catastrophe,0.09
2000564,CHAPTER 45,history,0.09
2002586,CHAPTER 45,known,0.09
2003109,CHAPTER 45,lionel,0.09
2006780,CHAPTER 45,pollard,0.09
2007267,CHAPTER 45,procopius,0.09
2009598,CHAPTER 45,secondly,0.09
2011541,CHAPTER 45,struck,0.09
2004929,CHAPTER 45,new,0.08
2007407,CHAPTER 45,propontis,0.08
2010016,CHAPTER 45,shoal,0.08
2015086,CHAPTER 45,whales,0.08
2015602,CHAPTER 45,years,0.08
1998556,CHAPTER 45,fishery,0.07
1999958,CHAPTER 45,guinea,0.07
2001758,CHAPTER 45,instance,0.07
2003960,CHAPTER 45,mediterranean,0.07
2009551,CHAPTER 45,sea,0.07
2012703,CHAPTER 45,time,0.07
2012707,CHAPTER 45,times,0.07
1991180,CHAPTER 45,ashore,0.06
1992360,CHAPTER 45,boats,0.06
1993396,CHAPTER 45,century,0.06
1993419,CHAPTER 45,chace,0.06
1993788,CHAPTER 45,citations,0.06
1994432,CHAPTER 45,concluding,0.06
1995531,CHAPTER 45,davis,0.06
1999805,CHAPTER 45,great,0.06
2002720,CHAPTER 45,large,0.06
2004149,CHAPTER 45,miguel,0.06
2004423,CHAPTER 45,monster,0.06
2004765,CHAPTER 45,narrative,0.06
2005896,CHAPTER 45,particulars,0.06
2006570,CHAPTER 45,plain,0.06
2007997,CHAPTER 45,reason,0.06
2015358,CHAPTER 45,wolf,0.06
1990140,CHAPTER 45,acquaintance,0.05
1992431,CHAPTER 45,book,0.05
1994210,CHAPTER 45,commanding,0.05
1994634,CHAPTER 45,constantinople,0.05
1994700,CHAPTER 45,content,0.05
1995536,CHAPTER 45,day,0.05
1997017,CHAPTER 45,earthquake,0.05
1997695,CHAPTER 45,essex,0.05
1997816,CHAPTER 45,example,0.05
1997817,CHAPTER 45,examples,0.05
1998372,CHAPTER 45,fell,0.05
2000133,CHAPTER 45,happening,0.05
2000562,CHAPTER 45,historical,0.05
2001471,CHAPTER 45,induce,0.05
2001918,CHAPTER 45,interval,0.05
2002580,CHAPTER 45,know,0.05
2003752,CHAPTER 45,marked,0.05
2004238,CHAPTER 45,mischief,0.05
2004744,CHAPTER 45,nantucket,0.05
2005237,CHAPTER 45,ocean,0.05
2005670,CHAPTER 45,pacific,0.05
2006210,CHAPTER 45,perils,0.05
2007115,CHAPTER 45,present,0.05
2007558,CHAPTER 45,pumps,0.05
2008179,CHAPTER 45,reflections,0.05
2008505,CHAPTER 45,requires,0.05
2008691,CHAPTER 45,revenge,0.05
2009105,CHAPTER 45,russian,0.05
2009999,CHAPTER 45,ships,0.05
2010216,CHAPTER 45,similar,0.05
2010464,CHAPTER 45,sloop,0.05
2012343,CHAPTER 45,tell,0.05
2012807,CHAPTER 45,tom,0.05
2012908,CHAPTER 45,touching,0.05
2014864,CHAPTER 45,war,0.05
2014967,CHAPTER 45,way,0.05
2015525,CHAPTER 45,wrote,0.05
2015596,CHAPTER 45,year,0.05
2015649,CHAPTER 45,zealand,0.05
1989825,CHAPTER 45,_the,0.04
1990382,CHAPTER 45,africa,0.04
1991313,CHAPTER 45,attack,0.04
1993696,CHAPTER 45,christian,0.04
1994008,CHAPTER 45,coast,0.04
1995066,CHAPTER 45,craft,0.04
1996018,CHAPTER 45,destroyed,0.04
1996142,CHAPTER 45,did,0.04
1996230,CHAPTER 45,direct,0.04
1996326,CHAPTER 45,discovery,0.04
1997311,CHAPTER 45,emperor,0.04
1998113,CHAPTER 45,fact,0.04
1998118,CHAPTER 45,facts,0.04
1998187,CHAPTER 45,famous,0.04
2000635,CHAPTER 45,home,0.04
2000813,CHAPTER 45,hull,0.04
2000992,CHAPTER 45,ignorant,0.04
2001064,CHAPTER 45,immediately,0.04
2001174,CHAPTER 45,important,0.04
2001207,CHAPTER 45,impressions,0.04
2001853,CHAPTER 45,interesting,0.04
2002084,CHAPTER 45,irons,0.04
2002672,CHAPTER 45,land,0.04
2003052,CHAPTER 45,like,0.04
2003307,CHAPTER 45,lost,0.04
2003806,CHAPTER 45,marvels,0.04
2003875,CHAPTER 45,matter,0.04
2004339,CHAPTER 45,modern,0.04
2005910,CHAPTER 45,party,0.04
2006056,CHAPTER 45,peculiar,0.04
2006057,CHAPTER 45,peculiarities,0.04
2006059,CHAPTER 45,peculiarly,0.04
2006211,CHAPTER 45,period,0.04
2006273,CHAPTER 45,personally,0.04
2008095,CHAPTER 45,record,0.04
2008917,CHAPTER 45,rock,0.04
2008923,CHAPTER 45,rocks,0.04
2009330,CHAPTER 45,saw,0.04
2009338,CHAPTER 45,say,0.04
2009797,CHAPTER 45,setting,0.04
2011047,CHAPTER 45,sprang,0.04
2012190,CHAPTER 45,taken,0.04
2013521,CHAPTER 45,uncommon,0.04
2013875,CHAPTER 45,unknown,0.04
2014339,CHAPTER 45,utterly,0.04
2014521,CHAPTER 45,vessel,0.04
2014522,CHAPTER 45,vessels,0.04
2014950,CHAPTER 45,waters,0.04
2015379,CHAPTER 45,wonders,0.04
1989181,CHAPTER 45,1807,0.03
1989186,CHAPTER 45,1820,0.03
1989227,CHAPTER 45,45,0.03
1989325,CHAPTER 45,_brit_,0.03
1989484,CHAPTER 45,_has_,0.03
1990098,CHAPTER 45,according,0.03
1990337,CHAPTER 45,affecting,0.03
1990377,CHAPTER 45,aforethought,0.03
1990461,CHAPTER 45,aimed,0.03
1990536,CHAPTER 45,aliment,0.03
1990551,CHAPTER 45,allegory,0.03
1990617,CHAPTER 45,altogether,0.03
1990652,CHAPTER 45,amen,0.03
1990760,CHAPTER 45,animal_,0.03
1990772,CHAPTER 45,annawon,0.03
1991194,CHAPTER 45,aspect,0.03
1991210,CHAPTER 45,assailing,0.03
1991310,CHAPTER 45,attached,0.03
1991316,CHAPTER 45,attacks,0.03
1991399,CHAPTER 45,authentic,0.03
1991659,CHAPTER 45,barbary,0.03
1991710,CHAPTER 45,bartering,0.03
1991935,CHAPTER 45,belisarius,0.03
1992355,CHAPTER 45,boat,0.03
1992397,CHAPTER 45,bolstering,0.03
1992470,CHAPTER 45,boston,0.03
1992792,CHAPTER 45,brushing,0.03
1992859,CHAPTER 45,bumping,0.03
1992948,CHAPTER 45,butler,0.03
1993059,CHAPTER 45,cambyses,0.03
1993166,CHAPTER 45,captains,0.03
1993226,CHAPTER 45,carriages,0.03
1993242,CHAPTER 45,cart,0.03
1993285,CHAPTER 45,casual,0.03
1993287,CHAPTER 45,casualties,0.03
1993359,CHAPTER 45,celebrity,0.03
1993414,CHAPTER 45,cetacean,0.03
1993451,CHAPTER 45,chance,0.03
1993481,CHAPTER 45,chapter,0.03
1993528,CHAPTER 45,chase,0.03
1993629,CHAPTER 45,chilian,0.03
1993721,CHAPTER 45,chums,0.03
1993765,CHAPTER 45,circumnavigated,0.03
1993853,CHAPTER 45,classic,0.03
1993882,CHAPTER 45,clearly,0.03
1994067,CHAPTER 45,cognisable,0.03
1994176,CHAPTER 45,combining,0.03
1994349,CHAPTER 45,complimented,0.03
1994416,CHAPTER 45,conception,0.03
1994613,CHAPTER 45,consisted,0.03
1994643,CHAPTER 45,constitution,0.03
1994684,CHAPTER 45,contemplation,0.03
1994807,CHAPTER 45,conveying,0.03
1994923,CHAPTER 45,corroborated,0.03
1994926,CHAPTER 45,corroborative,0.03
1995118,CHAPTER 45,creating,0.03
1995124,CHAPTER 45,creature,0.03
1995306,CHAPTER 45,cultivate,0.03
1995395,CHAPTER 45,cuttle,0.03
1995408,CHAPTER 45,cypher,0.03
1995413,CHAPTER 45,cæsar,0.03
1995439,CHAPTER 45,damage,0.03
1995454,CHAPTER 45,dampier,0.03
1995484,CHAPTER 45,dardanelles,0.03
1995569,CHAPTER 45,death,0.03
1995573,CHAPTER 45,deaths,0.03
1995968,CHAPTER 45,designs,0.03
1996051,CHAPTER 45,detestable,0.03
1996159,CHAPTER 45,different,0.03
1996215,CHAPTER 45,dining,0.03
1996235,CHAPTER 45,directly,0.03
1996379,CHAPTER 45,disheartening,0.03
1996510,CHAPTER 45,distant,0.03
1996523,CHAPTER 45,distinctions,0.03
1996672,CHAPTER 45,don,0.03
1996690,CHAPTER 45,dorchester,0.03
1997066,CHAPTER 45,economical,0.03
1997108,CHAPTER 45,effected,0.03
1997218,CHAPTER 45,eloquent,0.03
1997384,CHAPTER 45,endangered,0.03
1997444,CHAPTER 45,englander,0.03
1997455,CHAPTER 45,engrossed,0.03
1997481,CHAPTER 45,enlarged,0.03
1997498,CHAPTER 45,enormous,0.03
1997499,CHAPTER 45,enormousness,0.03
1997549,CHAPTER 45,entirely,0.03
1997698,CHAPTER 45,establishing,0.03
1997949,CHAPTER 45,expansion,0.03
1997966,CHAPTER 45,expedition,0.03
1998020,CHAPTER 45,exposure,0.03
1998063,CHAPTER 45,extracts,0.03
1998107,CHAPTER 45,facetious,0.03
1998108,CHAPTER 45,facetiousness,0.03
1998210,CHAPTER 45,far,0.03
1998376,CHAPTER 45,fellow,0.03
1998397,CHAPTER 45,ferdinando,0.03
1998398,CHAPTER 45,fernandes,0.03
1998864,CHAPTER 45,foregoing,0.03
1998949,CHAPTER 45,forswearing,0.03
1998964,CHAPTER 45,fortunately,0.03
1999065,CHAPTER 45,frequency,0.03
1999189,CHAPTER 45,fur,0.03
1999242,CHAPTER 45,gainsaid,0.03
1999267,CHAPTER 45,gallon,0.03
1999655,CHAPTER 45,good,0.03
1999749,CHAPTER 45,granted,0.03
2000009,CHAPTER 45,habitual,0.03
2000079,CHAPTER 45,hammocks,0.03
2000258,CHAPTER 45,havoc,0.03
2000288,CHAPTER 45,headmost,0.03
2000447,CHAPTER 45,hereof,0.03
2000951,CHAPTER 45,idea,0.03
2001024,CHAPTER 45,illustration,0.03
2001115,CHAPTER 45,impeach,0.03
2001243,CHAPTER 45,imputation,0.03
2001244,CHAPTER 45,impute,0.03
2001373,CHAPTER 45,incredulity,0.03
2001415,CHAPTER 45,indicated,0.03
2001416,CHAPTER 45,indication,0.03
2001434,CHAPTER 45,indirect,0.03
2001646,CHAPTER 45,injury,0.03
2001748,CHAPTER 45,insomuch,0.03
2001921,CHAPTER 45,intervened,0.03
2001925,CHAPTER 45,interview,0.03
2002019,CHAPTER 45,investigations,0.03
2002073,CHAPTER 45,irascible,0.03
2002364,CHAPTER 45,juan,0.03
2002386,CHAPTER 45,judiciously,0.03
2002428,CHAPTER 45,just,0.03
2002433,CHAPTER 45,justinian,0.03
2002516,CHAPTER 45,king,0.03
2002596,CHAPTER 45,krusenstern,0.03
2002802,CHAPTER 45,lay,0.03
2002976,CHAPTER 45,leviathan,0.03
2003143,CHAPTER 45,little,0.03
2003251,CHAPTER 45,long,0.03
2003532,CHAPTER 45,magistrate,0.03
2003572,CHAPTER 45,mails,0.03
2003576,CHAPTER 45,main,0.03
2003637,CHAPTER 45,man,0.03
2003684,CHAPTER 45,manly,0.03
2003719,CHAPTER 45,manœuvres,0.03
2003750,CHAPTER 45,marius,0.03
2003765,CHAPTER 45,marmora,0.03
2003923,CHAPTER 45,means,0.03
2003995,CHAPTER 45,memorable,0.03
2004002,CHAPTER 45,men,0.03
2004020,CHAPTER 45,mentioned,0.03
2004022,CHAPTER 45,mentions,0.03
2004095,CHAPTER 45,methodically,0.03
2004110,CHAPTER 45,miasmas,0.03
2004176,CHAPTER 45,millionth,0.03
2004214,CHAPTER 45,minutes,0.03
2004379,CHAPTER 45,moment,0.03
2004488,CHAPTER 45,morquan,0.03
2004507,CHAPTER 45,moses,0.03
2004759,CHAPTER 45,narragansett,0.03
2004762,CHAPTER 45,narrating,0.03
2004891,CHAPTER 45,nephew,0.03
2004938,CHAPTER 45,newspaper,0.03
2004972,CHAPTER 45,nineteenth,0.03
2005037,CHAPTER 45,northwest,0.03
2005119,CHAPTER 45,oahu,0.03
2005144,CHAPTER 45,obituary,0.03
2005188,CHAPTER 45,observed,0.03
2005240,CHAPTER 45,ochotsh,0.03
2005295,CHAPTER 45,oft,0.03
2005311,CHAPTER 45,old,0.03
2005323,CHAPTER 45,ombay,0.03
2005357,CHAPTER 45,open,0.03
2005649,CHAPTER 45,owen,0.03
2005747,CHAPTER 45,palmy,0.03
2005894,CHAPTER 45,particular,0.03
2005923,CHAPTER 45,passes,0.03
2006209,CHAPTER 45,perilousness,0.03
2006356,CHAPTER 45,philip,0.03
2006552,CHAPTER 45,place,0.03
2006564,CHAPTER 45,plagues,0.03
2006572,CHAPTER 45,plainest,0.03
2006736,CHAPTER 45,point,0.03
2006750,CHAPTER 45,poisonous,0.03
2006819,CHAPTER 45,poor,0.03
2006961,CHAPTER 45,power,0.03
2006962,CHAPTER 45,powerful,0.03
2007057,CHAPTER 45,prefecture,0.03
2007095,CHAPTER 45,prepare,0.03
2007145,CHAPTER 45,prestige,0.03
2007217,CHAPTER 45,printed,0.03
2007236,CHAPTER 45,privileges,0.03
2007434,CHAPTER 45,prose,0.03
2007479,CHAPTER 45,providential,0.03
2007623,CHAPTER 45,pursue,0.03
2007635,CHAPTER 45,pusie,0.03
2007722,CHAPTER 45,questioned,0.03
2007845,CHAPTER 45,rally,0.03
2007966,CHAPTER 45,read,0.03
2007999,CHAPTER 45,reasonableness,0.03
2008071,CHAPTER 45,recognise,0.03
2008111,CHAPTER 45,recur,0.03
2008297,CHAPTER 45,reliably,0.03
2008396,CHAPTER 45,renown,0.03
2008405,CHAPTER 45,repair,0.03
2008435,CHAPTER 45,repetitions,0.03
2008528,CHAPTER 45,resentment,0.03
2008544,CHAPTER 45,resident,0.03
2008545,CHAPTER 45,resides,0.03
2008824,CHAPTER 45,rinaldini,0.03
2008825,CHAPTER 45,rinaldo,0.03
2009010,CHAPTER 45,route,0.03
2009170,CHAPTER 45,sail,0.03
2009172,CHAPTER 45,sailed,0.03
2009218,CHAPTER 45,salutations,0.03
2009245,CHAPTER 45,sandwich,0.03
2009305,CHAPTER 45,saul,0.03
2009385,CHAPTER 45,scarred,0.03
2009401,CHAPTER 45,sceptical,0.03
2009408,CHAPTER 45,scholar,0.03
2009474,CHAPTER 45,scout,0.03
2009595,CHAPTER 45,second,0.03
2009647,CHAPTER 45,seen,0.03
2009686,CHAPTER 45,semblance,0.03
2009792,CHAPTER 45,set,0.03
2009808,CHAPTER 45,seventeenth,0.03
2010139,CHAPTER 45,siberian,0.03
2010301,CHAPTER 45,sixth,0.03
2010528,CHAPTER 45,smite,0.03
2010685,CHAPTER 45,solemnity,0.03
2011210,CHAPTER 45,statements,0.03
2011418,CHAPTER 45,story,0.03
2011422,CHAPTER 45,stove,0.03
2011482,CHAPTER 45,strength,0.03
2011567,CHAPTER 45,students,0.03
2011663,CHAPTER 45,substantiate,0.03
2011665,CHAPTER 45,substantiates,0.03
2011720,CHAPTER 45,suddenness,0.03
2011729,CHAPTER 45,sufferings,0.03
2011904,CHAPTER 45,suppose,0.03
2011925,CHAPTER 45,surface,0.03
2011980,CHAPTER 45,surviving,0.03
2012113,CHAPTER 45,sylla,0.03
2012259,CHAPTER 45,tarsus,0.03
2012286,CHAPTER 45,tattoo,0.03
2012370,CHAPTER 45,tempted,0.03
2012426,CHAPTER 45,terrible,0.03
2012525,CHAPTER 45,thimbleful,0.03
2012529,CHAPTER 45,think,0.03
2012543,CHAPTER 45,thirdly,0.03
2012549,CHAPTER 45,thirteenth,0.03
2012564,CHAPTER 45,thou,0.03
2012637,CHAPTER 45,thump,0.03
2012649,CHAPTER 45,thwack,0.03
2012682,CHAPTER 45,tigers,0.03
2012713,CHAPTER 45,timor,0.03
2012886,CHAPTER 45,tortoise,0.03
2012901,CHAPTER 45,totally,0.03
2012948,CHAPTER 45,trading,0.03
2013020,CHAPTER 45,transient,0.03
2013061,CHAPTER 45,travelled,0.03
2013065,CHAPTER 45,travels,0.03
2013228,CHAPTER 45,trustworthy,0.03
2013230,CHAPTER 45,truth,0.03
2013452,CHAPTER 45,unbelief,0.03
2013511,CHAPTER 45,uncle,0.03
2013606,CHAPTER 45,understood,0.03
2013706,CHAPTER 45,unexaggerating,0.03
2013836,CHAPTER 45,uninjured,0.03
2013852,CHAPTER 45,union,0.03
2013954,CHAPTER 45,unobtrusive,0.03
2014378,CHAPTER 45,valparaiso,0.03
2014393,CHAPTER 45,vanquished,0.03
2014476,CHAPTER 45,veracity,0.03
2014498,CHAPTER 45,verity,0.03
2014748,CHAPTER 45,voyage,0.03
2014770,CHAPTER 45,wafer,0.03
2014902,CHAPTER 45,warrant,0.03
2014941,CHAPTER 45,water,0.03
2015076,CHAPTER 45,whale_,0.03
2015512,CHAPTER 45,writer,0.03
1990172,CHAPTER 45,acts,0.02
1990173,CHAPTER 45,actual,0.02
1990174,CHAPTER 45,actually,0.02
1990207,CHAPTER 45,adequately,0.02
1990237,CHAPTER 45,admiral,0.02
1990250,CHAPTER 45,admitted,0.02
1990301,CHAPTER 45,adventure,0.02
1990305,CHAPTER 45,adventures,0.02
1990332,CHAPTER 45,affair,0.02
1990399,CHAPTER 45,ages,0.02
1990453,CHAPTER 45,ahead,0.02
1990569,CHAPTER 45,allowed,0.02
1990575,CHAPTER 45,alluded,0.02
1990585,CHAPTER 45,allusions,0.02
1990630,CHAPTER 45,amazement,0.02
1990631,CHAPTER 45,amazing,0.02
1990657,CHAPTER 45,america,0.02
1990658,CHAPTER 45,american,0.02
1990729,CHAPTER 45,anchors,0.02
1990731,CHAPTER 45,ancient,0.02
1990908,CHAPTER 45,appear,0.02
1990909,CHAPTER 45,appearance,0.02
1990939,CHAPTER 45,applied,0.02
1991173,CHAPTER 45,ascribed,0.02
1991255,CHAPTER 45,assumed,0.02
1991314,CHAPTER 45,attacked,0.02
1991409,CHAPTER 45,authorities,0.02
1991410,CHAPTER 45,authority,0.02
1991466,CHAPTER 45,away,0.02
1991493,CHAPTER 45,azores,0.02
1991770,CHAPTER 45,beach,0.02
1991882,CHAPTER 45,begged,0.02
1991886,CHAPTER 45,beginning,0.02
1991888,CHAPTER 45,begins,0.02
1991928,CHAPTER 45,believe,0.02
1992151,CHAPTER 45,bit,0.02
1992267,CHAPTER 45,blind,0.02
1992344,CHAPTER 45,board,0.02
1992375,CHAPTER 45,bodily,0.02
1992378,CHAPTER 45,body,0.02
1992387,CHAPTER 45,boiling,0.02
1992455,CHAPTER 45,bore,0.02
1992616,CHAPTER 45,breakers,0.02
1992617,CHAPTER 45,breakfast,0.02
1992716,CHAPTER 45,brisk,0.02
1992728,CHAPTER 45,british,0.02
1992834,CHAPTER 45,built,0.02
1992911,CHAPTER 45,burn,0.02
1992935,CHAPTER 45,business,0.02
1993021,CHAPTER 45,calculated,0.02
1993022,CHAPTER 45,calculating,0.02
1993036,CHAPTER 45,called,0.02
1993042,CHAPTER 45,calls,0.02
1993060,CHAPTER 45,came,0.02
1993092,CHAPTER 45,candles,0.02
1993172,CHAPTER 45,capture,0.02
1993173,CHAPTER 45,captured,0.02
1993189,CHAPTER 45,care,0.02
1993228,CHAPTER 45,carried,0.02
1993261,CHAPTER 45,cases,0.02
1993329,CHAPTER 45,cause,0.02
1993330,CHAPTER 45,caused,0.02
1993452,CHAPTER 45,chanced,0.02
1993483,CHAPTER 45,character,0.02
1993529,CHAPTER 45,chased,0.02
1993776,CHAPTER 45,circumstance,0.02
1993850,CHAPTER 45,class,0.02
1993935,CHAPTER 45,clock,0.02
1993960,CHAPTER 45,clothing,0.02
1994010,CHAPTER 45,coasts,0.02
1994092,CHAPTER 45,cold,0.02
1994205,CHAPTER 45,command,0.02
1994282,CHAPTER 45,companions,0.02
1994332,CHAPTER 45,complete,0.02
1994433,CHAPTER 45,conclusion,0.02
1994491,CHAPTER 45,confidential,0.02
1994563,CHAPTER 45,connecting,0.02
1994589,CHAPTER 45,consecutive,0.02
1994601,CHAPTER 45,consider,0.02
1994608,CHAPTER 45,considered,0.02
1994638,CHAPTER 45,consternation,0.02
1994790,CHAPTER 45,conversation,0.02
1994794,CHAPTER 45,conversed,0.02
1994799,CHAPTER 45,converted,0.02
1994906,CHAPTER 45,correct,0.02
1995152,CHAPTER 45,crew,0.02
1995210,CHAPTER 45,cross,0.02
1995212,CHAPTER 45,crossed,0.02
1995258,CHAPTER 45,cruisers,0.02
1995260,CHAPTER 45,cruising,0.02
1995473,CHAPTER 45,danger,0.02
1995500,CHAPTER 45,darkness,0.02
1995511,CHAPTER 45,dashed,0.02
1995513,CHAPTER 45,dashing,0.02
1995541,CHAPTER 45,days,0.02
1995617,CHAPTER 45,decided,0.02
1995630,CHAPTER 45,decks,0.02
1995634,CHAPTER 45,declare,0.02
1995749,CHAPTER 45,deliberate,0.02
1995828,CHAPTER 45,denied,0.02
1995971,CHAPTER 45,desired,0.02
1995988,CHAPTER 45,despairing,0.02
1996017,CHAPTER 45,destroy,0.02
1996022,CHAPTER 45,destruction,0.02
1996074,CHAPTER 45,devils,0.02
1996231,CHAPTER 45,directed,0.02
1996233,CHAPTER 45,direction,0.02
1996264,CHAPTER 45,disasters,0.02
1996320,CHAPTER 45,discovered,0.02
1996407,CHAPTER 45,dismal,0.02
1996525,CHAPTER 45,distinctly,0.02
1996528,CHAPTER 45,distinguished,0.02
1996715,CHAPTER 45,doubt,0.02
1996786,CHAPTER 45,dread,0.02
1996788,CHAPTER 45,dreadful,0.02
1996849,CHAPTER 45,drop,0.02
1997002,CHAPTER 45,earlier,0.02
1997005,CHAPTER 45,early,0.02
1997026,CHAPTER 45,easily,0.02
1997107,CHAPTER 45,effect,0.02
1997136,CHAPTER 45,egypt,0.02
1997142,CHAPTER 45,eighteen,0.02
1997369,CHAPTER 45,encounter,0.02
1997445,CHAPTER 45,english,0.02
1997471,CHAPTER 45,enjoy,0.02
1997525,CHAPTER 45,entered,0.02
1997552,CHAPTER 45,entitled,0.02
1997656,CHAPTER 45,error,0.02
1997667,CHAPTER 45,escape,0.02
1997668,CHAPTER 45,escaped,0.02
1997670,CHAPTER 45,escaping,0.02
1997697,CHAPTER 45,established,0.02
1997762,CHAPTER 45,event,0.02
1997764,CHAPTER 45,events,0.02
1997800,CHAPTER 45,exact,0.02
1997813,CHAPTER 45,examine,0.02
1997978,CHAPTER 45,experiences,0.02
1998024,CHAPTER 45,express,0.02
1998095,CHAPTER 45,fable,0.02
1998128,CHAPTER 45,fail,0.02
1998150,CHAPTER 45,faithful,0.02
1998175,CHAPTER 45,famed,0.02
1998180,CHAPTER 45,familiarly,0.02
1998191,CHAPTER 45,fancied,0.02
1998237,CHAPTER 45,fashioned,0.02
1998256,CHAPTER 45,fatal,0.02
1998307,CHAPTER 45,fearful,0.02
1998314,CHAPTER 45,fears,0.02
1998426,CHAPTER 45,fetching,0.02
1998505,CHAPTER 45,finally,0.02
1998510,CHAPTER 45,finds,0.02
1998531,CHAPTER 45,fired,0.02
1998549,CHAPTER 45,fish,0.02
1998554,CHAPTER 45,fishermen,0.02
1998609,CHAPTER 45,flanks,0.02
1998678,CHAPTER 45,flinging,0.02
1998687,CHAPTER 45,flitting,0.02
1998790,CHAPTER 45,fold,0.02
1998803,CHAPTER 45,follow,0.02
1998807,CHAPTER 45,following,0.02
1998814,CHAPTER 45,food,0.02
1998837,CHAPTER 45,forbear,0.02
1998857,CHAPTER 45,forecastle,0.02
1998867,CHAPTER 45,forehead,0.02
1998922,CHAPTER 45,forgotten,0.02
1998954,CHAPTER 45,forthwith,0.02
1999069,CHAPTER 45,frequently,0.02
1999095,CHAPTER 45,fright,0.02
1999217,CHAPTER 45,fury,0.02
1999248,CHAPTER 45,gale,0.02
1999381,CHAPTER 45,general,0.02
1999416,CHAPTER 45,gentlemen,0.02
1999472,CHAPTER 45,gigantic,0.02
1999568,CHAPTER 45,globe,0.02
1999636,CHAPTER 45,gods,0.02
1999795,CHAPTER 45,gravity,0.02
1999830,CHAPTER 45,gregarious,0.02
1999897,CHAPTER 45,ground,0.02
1999973,CHAPTER 45,gun,0.02
1999978,CHAPTER 45,guns,0.02
2000008,CHAPTER 45,habits,0.02
2000052,CHAPTER 45,hall,0.02
2000130,CHAPTER 45,happen,0.02
2000131,CHAPTER 45,happened,0.02
2000137,CHAPTER 45,happily,0.02
2000142,CHAPTER 45,harbor,0.02
2000157,CHAPTER 45,hardly,0.02
2000189,CHAPTER 45,harpoons,0.02
2000277,CHAPTER 45,head,0.02
2000307,CHAPTER 45,heard,0.02
2000343,CHAPTER 45,heave,0.02
2000344,CHAPTER 45,heaved,0.02
2000487,CHAPTER 45,hidden,0.02
2000489,CHAPTER 45,hideous,0.02
2000498,CHAPTER 45,hieroglyphics,0.02
2000544,CHAPTER 45,hints,0.02
2000559,CHAPTER 45,historian,0.02
2000650,CHAPTER 45,honest,0.02
2000659,CHAPTER 45,honor,0.02
2000723,CHAPTER 45,horrible,0.02
2000727,CHAPTER 45,horrid,0.02
2000733,CHAPTER 45,horse,0.02
2000741,CHAPTER 45,hospitable,0.02
2000804,CHAPTER 45,huge,0.02
2000863,CHAPTER 45,hung,0.02
2000869,CHAPTER 45,hunted,0.02
2000872,CHAPTER 45,hunters,0.02
2000877,CHAPTER 45,hurled,0.02
2000940,CHAPTER 45,iceberg,0.02
2000956,CHAPTER 45,ideas,0.02
2000991,CHAPTER 45,ignorance,0.02
2001072,CHAPTER 45,imminent,0.02
2001077,CHAPTER 45,immortal,0.02
2001186,CHAPTER 45,impossible,0.02
2001198,CHAPTER 45,impregnable,0.02
2001206,CHAPTER 45,impression,0.02
2001295,CHAPTER 45,incident,0.02
2001313,CHAPTER 45,inclined,0.02
2001396,CHAPTER 45,indefinite,0.02
2001403,CHAPTER 45,independent,0.02
2001435,CHAPTER 45,indirectly,0.02
2001452,CHAPTER 45,individual,0.02
2001724,CHAPTER 45,inserting,0.02
2001765,CHAPTER 45,instantly,0.02
2001766,CHAPTER 45,instead,0.02
2001863,CHAPTER 45,interior,0.02
2001933,CHAPTER 45,intimate,0.02
2001942,CHAPTER 45,intolerable,0.02
2001944,CHAPTER 45,intolerably,0.02
2002095,CHAPTER 45,irregular,0.02
2002134,CHAPTER 45,islands,0.02
2002141,CHAPTER 45,isolated,0.02
2002148,CHAPTER 45,issued,0.02
2002159,CHAPTER 45,items,0.02
2002166,CHAPTER 45,jack,0.02
2002198,CHAPTER 45,japan,0.02
2002257,CHAPTER 45,jet,0.02
2002302,CHAPTER 45,john,0.02
2002307,CHAPTER 45,joined,0.02
2002493,CHAPTER 45,killed,0.02
2002496,CHAPTER 45,killing,0.02
2002582,CHAPTER 45,knowing,0.02
2002666,CHAPTER 45,lamps,0.02
2002670,CHAPTER 45,lances,0.02
2002686,CHAPTER 45,landsmen,0.02
2002724,CHAPTER 45,larger,0.02
2002725,CHAPTER 45,largest,0.02
2002819,CHAPTER 45,lead,0.02
2002825,CHAPTER 45,leading,0.02
2002831,CHAPTER 45,leagues,0.02
2002832,CHAPTER 45,leak,0.02
2002846,CHAPTER 45,leap,0.02
2002853,CHAPTER 45,learn,0.02
2002952,CHAPTER 45,lest,0.02
2003023,CHAPTER 45,life,0.02
2003149,CHAPTER 45,lived,0.02
2003228,CHAPTER 45,lofty,0.02
2003325,CHAPTER 45,lounging,0.02
2003344,CHAPTER 45,lowered,0.02
2003413,CHAPTER 45,lurk,0.02
2003416,CHAPTER 45,lurks,0.02
2003596,CHAPTER 45,make,0.02
2003617,CHAPTER 45,malice,0.02
2003619,CHAPTER 45,malicious,0.02
2003757,CHAPTER 45,marks,0.02
2003803,CHAPTER 45,marvellous,0.02
2003845,CHAPTER 45,masts,0.02
2004019,CHAPTER 45,mention,0.02
2004039,CHAPTER 45,merely,0.02
2004156,CHAPTER 45,miles,0.02
2004187,CHAPTER 45,mind,0.02
2004191,CHAPTER 45,minds,0.02
2004370,CHAPTER 45,mole,0.02
2004383,CHAPTER 45,moments,0.02
2004425,CHAPTER 45,monstrous,0.02
2004485,CHAPTER 45,morning,0.02
2004490,CHAPTER 45,morrow,0.02
2004634,CHAPTER 45,murderous,0.02
2004705,CHAPTER 45,mysterious,0.02
2004710,CHAPTER 45,mystic,0.02
2004789,CHAPTER 45,naturally,0.02
2004808,CHAPTER 45,navy,0.02
2004810,CHAPTER 45,nay,0.02
2004815,CHAPTER 45,nearest,0.02
2004830,CHAPTER 45,necessary,0.02
2004848,CHAPTER 45,needed,0.02
2004877,CHAPTER 45,neighboring,0.02
2004936,CHAPTER 45,news,0.02
2005017,CHAPTER 45,nonsense,0.02
2005067,CHAPTER 45,notorious,0.02
2005150,CHAPTER 45,objects,0.02
2005156,CHAPTER 45,obliged,0.02
2005347,CHAPTER 45,onset,0.02
2005371,CHAPTER 45,operations,0.02
2005379,CHAPTER 45,opinion,0.02
2005431,CHAPTER 45,ordinary,0.02
2005446,CHAPTER 45,oriental,0.02
2005453,CHAPTER 45,originally,0.02
2005652,CHAPTER 45,owing,0.02
2005749,CHAPTER 45,palpable,0.02
2005895,CHAPTER 45,particularly,0.02
2005914,CHAPTER 45,passage,0.02
2006131,CHAPTER 45,penetrated,0.02
2006169,CHAPTER 45,perceive,0.02
2006170,CHAPTER 45,perceived,0.02
2006185,CHAPTER 45,peremptorily,0.02
2006197,CHAPTER 45,perform,0.02
2006276,CHAPTER 45,persons,0.02
2006557,CHAPTER 45,places,0.02
2006592,CHAPTER 45,plank,0.02
2006645,CHAPTER 45,pleased,0.02
2006744,CHAPTER 45,points,0.02
2006831,CHAPTER 45,popularly,0.02
2006846,CHAPTER 45,port,0.02
2006868,CHAPTER 45,portly,0.02
2006972,CHAPTER 45,practically,0.02
2007031,CHAPTER 45,precise,0.02
2007114,CHAPTER 45,presence,0.02
2007122,CHAPTER 45,presently,0.02
2007153,CHAPTER 45,presumption,0.02
2007177,CHAPTER 45,prevent,0.02
2007229,CHAPTER 45,private,0.02
2007243,CHAPTER 45,probability,0.02
2007255,CHAPTER 45,proceed,0.02
2007280,CHAPTER 45,produce,0.02
2007285,CHAPTER 45,producing,0.02
2007300,CHAPTER 45,professional,0.02
2007320,CHAPTER 45,profound,0.02
2007394,CHAPTER 45,properly,0.02
2007470,CHAPTER 45,proved,0.02
2007521,CHAPTER 45,public,0.02
2007587,CHAPTER 45,purchased,0.02
2007624,CHAPTER 45,pursued,0.02
2007625,CHAPTER 45,pursuers,0.02
2007718,CHAPTER 45,quest,0.02
2007719,CHAPTER 45,question,0.02
2007758,CHAPTER 45,quitting,0.02
2007773,CHAPTER 45,quoted,0.02
2007806,CHAPTER 45,rage,0.02
2007830,CHAPTER 45,raised,0.02
2007961,CHAPTER 45,reached,0.02
2007963,CHAPTER 45,reaching,0.02
2007969,CHAPTER 45,readily,0.02
2008003,CHAPTER 45,reasoning,0.02
2008004,CHAPTER 45,reasons,0.02
2008019,CHAPTER 45,recall,0.02
2008030,CHAPTER 45,receive,0.02
2008031,CHAPTER 45,received,0.02
2008034,CHAPTER 45,receiving,0.02
2008037,CHAPTER 45,recently,0.02
2008072,CHAPTER 45,recognised,0.02
2008153,CHAPTER 45,reeled,0.02
2008162,CHAPTER 45,refer,0.02
2008226,CHAPTER 45,regions,0.02
2008233,CHAPTER 45,regular,0.02
2008329,CHAPTER 45,remarkable,0.02
2008567,CHAPTER 45,resort,0.02
2008576,CHAPTER 45,respect,0.02
2008584,CHAPTER 45,respective,0.02
2008586,CHAPTER 45,respects,0.02
2008638,CHAPTER 45,retain,0.02
2008671,CHAPTER 45,returned,0.02
2008812,CHAPTER 45,rights,0.02
2008943,CHAPTER 45,roman,0.02
2009186,CHAPTER 45,sake,0.02
2009292,CHAPTER 45,satisfied,0.02
2009314,CHAPTER 45,savages,0.02
2009343,CHAPTER 45,says,0.02
2009377,CHAPTER 45,scarcely,0.02
2009393,CHAPTER 45,scene,0.02
2009616,CHAPTER 45,secured,0.02
2009638,CHAPTER 45,seek,0.02
2009640,CHAPTER 45,seeking,0.02
2009739,CHAPTER 45,separate,0.02
2009776,CHAPTER 45,serpents,0.02
2009799,CHAPTER 45,settled,0.02
2009815,CHAPTER 45,severest,0.02
2009857,CHAPTER 45,shaken,0.02
2010002,CHAPTER 45,shipwrecked,0.02
2010038,CHAPTER 45,shore,0.02
2010188,CHAPTER 45,significant,0.02
2010189,CHAPTER 45,significantly,0.02
2010259,CHAPTER 45,sink,0.02
2010306,CHAPTER 45,skeleton,0.02
2010353,CHAPTER 45,sky,0.02
2010366,CHAPTER 45,slain,0.02
2010597,CHAPTER 45,snow,0.02
2010713,CHAPTER 45,solomon,0.02
2010730,CHAPTER 45,son,0.02
2010766,CHAPTER 45,sort,0.02
2010779,CHAPTER 45,sounded,0.02
2010781,CHAPTER 45,sounding,0.02
2010821,CHAPTER 45,spanish,0.02
2010849,CHAPTER 45,speaks,0.02
2010854,CHAPTER 45,special,0.02
2010860,CHAPTER 45,species,0.02
2010861,CHAPTER 45,specific,0.02
2010893,CHAPTER 45,speed,0.02
2010933,CHAPTER 45,spilled,0.02
2011000,CHAPTER 45,spoke,0.02
2011035,CHAPTER 45,spout,0.02
2011042,CHAPTER 45,spouts,0.02
2011106,CHAPTER 45,squid,0.02
2011214,CHAPTER 45,stating,0.02
2011234,CHAPTER 45,stave,0.02
2011396,CHAPTER 45,stopped,0.02
2011410,CHAPTER 45,stories,0.02
2011419,CHAPTER 45,stout,0.02
2011446,CHAPTER 45,straits,0.02
2011479,CHAPTER 45,street,0.02
2011504,CHAPTER 45,striking,0.02
2011539,CHAPTER 45,strongly,0.02
2011622,CHAPTER 45,subject,0.02
2011625,CHAPTER 45,subjects,0.02
2011659,CHAPTER 45,substance,0.02
2011661,CHAPTER 45,substantial,0.02
2011735,CHAPTER 45,sufficiently,0.02
2011782,CHAPTER 45,summary,0.02
2011874,CHAPTER 45,superstitious,0.02
2012017,CHAPTER 45,swallowed,0.02
2012070,CHAPTER 45,swelling,0.02
2012143,CHAPTER 45,systematically,0.02
2012250,CHAPTER 45,tarpaulins,0.02
2012269,CHAPTER 45,task,0.02
2012358,CHAPTER 45,tempest,0.02
2012412,CHAPTER 45,term,0.02
2012435,CHAPTER 45,terror,0.02
2012455,CHAPTER 45,testimony,0.02
2012528,CHAPTER 45,things,0.02
2012550,CHAPTER 45,thirty,0.02
2012553,CHAPTER 45,thither,0.02
2012598,CHAPTER 45,thrice,0.02
2012627,CHAPTER 45,thrown,0.02
2012693,CHAPTER 45,till,0.02
2012800,CHAPTER 45,told,0.02
2012926,CHAPTER 45,towing,0.02
2012956,CHAPTER 45,tragedy,0.02
2013004,CHAPTER 45,transferred,0.02
2014101,CHAPTER 45,unseen,0.02
2014215,CHAPTER 45,unusual,0.02
2014332,CHAPTER 45,utmost,0.02
2014359,CHAPTER 45,vague,0.02
2014369,CHAPTER 45,valiant,0.02
2014379,CHAPTER 45,valuable,0.02
2014381,CHAPTER 45,value,0.02
2014496,CHAPTER 45,verily,0.02
2014516,CHAPTER 45,vertically,0.02
2014559,CHAPTER 45,vicinity,0.02
2014597,CHAPTER 45,village,0.02
2014632,CHAPTER 45,violent,0.02
2014685,CHAPTER 45,vivid,0.02
2014715,CHAPTER 45,volume,0.02
2014752,CHAPTER 45,voyages,0.02
2014812,CHAPTER 45,wakes,0.02
2014820,CHAPTER 45,walks,0.02
2014846,CHAPTER 45,wandering,0.02
2014909,CHAPTER 45,warrior,0.02
2015026,CHAPTER 45,weeks,0.02
2015091,CHAPTER 45,whaling,0.02
2015180,CHAPTER 45,white,0.02
2015196,CHAPTER 45,wholly,0.02
2015234,CHAPTER 45,wilful,0.02
2015334,CHAPTER 45,withstand,0.02
2015395,CHAPTER 45,woods,0.02
2015423,CHAPTER 45,world,0.02
2015435,CHAPTER 45,worse,0.02
2015455,CHAPTER 45,wounded,0.02
2015479,CHAPTER 45,wreck,0.02
1990426,CHAPTER 45,ago,0.01
1991874,CHAPTER 45,began,0.01
1991975,CHAPTER 45,beneath,0.01
1992031,CHAPTER 45,best,0.01
1992063,CHAPTER 45,better,0.01
1992168,CHAPTER 45,black,0.01
1992295,CHAPTER 45,blood,0.01
1992981,CHAPTER 45,cabin,0.01
1993043,CHAPTER 45,calm,0.01
1993272,CHAPTER 45,cast,0.01
1993323,CHAPTER 45,caught,0.01
1993404,CHAPTER 45,certain,0.01
1993616,CHAPTER 45,chief,0.01
1993778,CHAPTER 45,circumstances,0.01
1993876,CHAPTER 45,clear,0.01
1994203,CHAPTER 45,coming,0.01
1994246,CHAPTER 45,common,0.01
1994420,CHAPTER 45,concerning,0.01
1995125,CHAPTER 45,creatures,0.01
1995342,CHAPTER 45,curious,0.01
1995384,CHAPTER 45,cut,0.01
1995492,CHAPTER 45,dark,0.01
1995505,CHAPTER 45,darted,0.01
1995549,CHAPTER 45,dead,0.01
1995626,CHAPTER 45,deck,0.01
1995667,CHAPTER 45,deep,0.01
1996132,CHAPTER 45,dick,0.01
1997383,CHAPTER 45,end,0.01
1997548,CHAPTER 45,entire,0.01
1997635,CHAPTER 45,ere,0.01
1997677,CHAPTER 45,especially,0.01
1998082,CHAPTER 45,eye,0.01
1998090,CHAPTER 45,eyes,0.01
1998359,CHAPTER 45,feet,0.01
1998382,CHAPTER 45,felt,0.01
1998511,CHAPTER 45,fine,0.01
1998577,CHAPTER 45,fixed,0.01
1998931,CHAPTER 45,form,0.01
1999351,CHAPTER 45,gave,0.01
1999628,CHAPTER 45,god,0.01
1999637,CHAPTER 45,goes,0.01
1999643,CHAPTER 45,going,0.01
1999653,CHAPTER 45,gone,0.01
1999730,CHAPTER 45,grand,0.01
2000050,CHAPTER 45,half,0.01
2000088,CHAPTER 45,hand,0.01
2000183,CHAPTER 45,harpoon,0.01
2000257,CHAPTER 45,having,0.01
2000306,CHAPTER 45,hear,0.01
2000319,CHAPTER 45,heart,0.01
2000761,CHAPTER 45,hour,0.01
2000816,CHAPTER 45,human,0.01
2001413,CHAPTER 45,indian,0.01
2001919,CHAPTER 45,intervals,0.01
2002953,CHAPTER 45,let,0.01
2003084,CHAPTER 45,line,0.01
2003091,CHAPTER 45,lines,0.01
2003269,CHAPTER 45,looking,0.01
2003854,CHAPTER 45,mate,0.01
2004038,CHAPTER 45,mere,0.01
2004317,CHAPTER 45,moby,0.01
2004493,CHAPTER 45,mortal,0.01
2004560,CHAPTER 45,mouth,0.01
2004786,CHAPTER 45,natural,0.01
2004812,CHAPTER 45,near,0.01
2004817,CHAPTER 45,nearly,0.01
2004960,CHAPTER 45,night,0.01
2005145,CHAPTER 45,object,0.01
2005303,CHAPTER 45,oil,0.01
2005422,CHAPTER 45,order,0.01
2005913,CHAPTER 45,pass,0.01
2006160,CHAPTER 45,people,0.01
2006553,CHAPTER 45,placed,0.01
2007171,CHAPTER 45,pretty,0.01
2007181,CHAPTER 45,previous,0.01
2007610,CHAPTER 45,purpose,0.01
2007974,CHAPTER 45,ready,0.01
2008804,CHAPTER 45,right,0.01
2009094,CHAPTER 45,running,0.01
2009174,CHAPTER 45,sailing,0.01
2009181,CHAPTER 45,sails,0.01
2009311,CHAPTER 45,savage,0.01
2009578,CHAPTER 45,seas,0.01
2009865,CHAPTER 45,shall,0.01
2010044,CHAPTER 45,short,0.01
2010740,CHAPTER 45,soon,0.01
2010774,CHAPTER 45,soul,0.01
2011112,CHAPTER 45,st,0.01
2011163,CHAPTER 45,stand,0.01
2011432,CHAPTER 45,straight,0.01
2011718,CHAPTER 45,sudden,0.01
2011719,CHAPTER 45,suddenly,0.01
2011798,CHAPTER 45,sun,0.01
2011920,CHAPTER 45,sure,0.01
2012565,CHAPTER 45,thought,0.01
2012835,CHAPTER 45,took,0.01
2013292,CHAPTER 45,turning,0.01
2014407,CHAPTER 45,various,0.01
2014577,CHAPTER 45,view,0.01
2014999,CHAPTER 45,weather,0.01
2015058,CHAPTER 45,went,0.01
2015082,CHAPTER 45,whaleman,0.01
2015209,CHAPTER 45,wide,0.01
2015260,CHAPTER 45,wind,0.01
2015368,CHAPTER 45,wonder,0.01
2015407,CHAPTER 45,word,0.01
2015412,CHAPTER 45,work,0.01
