,chapter,term,tfidf
182344,CHAPTER 104,temple,0.25
172958,CHAPTER 104,leviathan,0.19
168955,CHAPTER 104,fossils,0.14
182467,CHAPTER 104,theme,0.13
185057,CHAPTER 104,whale,0.13
160464,CHAPTER 104,alabama,0.11
162404,CHAPTER 104,bones,0.1
166302,CHAPTER 104,discovered,0.1
160806,CHAPTER 104,antichronical,0.09
166377,CHAPTER 104,disinterred,0.09
168621,CHAPTER 104,flea,0.09
168954,CHAPTER 104,fossiliferous,0.09
176573,CHAPTER 104,planisphere,0.09
177097,CHAPTER 104,present,0.09
185068,CHAPTER 104,whales,0.09
160167,CHAPTER 104,adamite,0.08
163396,CHAPTER 104,cetacean,0.08
168033,CHAPTER 104,extinct,0.08
168918,CHAPTER 104,formations,0.08
168953,CHAPTER 104,fossil,0.08
168987,CHAPTER 104,fragments,0.08
169409,CHAPTER 104,geological,0.08
172921,CHAPTER 104,leo,0.08
174125,CHAPTER 104,mighty,0.08
175631,CHAPTER 104,owen,0.08
178282,CHAPTER 104,relics,0.08
178463,CHAPTER 104,reptile,0.08
180289,CHAPTER 104,skeletons,0.08
180842,CHAPTER 104,species,0.08
182421,CHAPTER 104,tertiary,0.08
182685,CHAPTER 104,time,0.08
160824,CHAPTER 104,antiquity,0.07
162019,CHAPTER 104,bestowed,0.07
162821,CHAPTER 104,bulk,0.07
167914,CHAPTER 104,existence,0.07
174406,CHAPTER 104,monsters,0.07
176980,CHAPTER 104,pre,0.07
177364,CHAPTER 104,pronounced,0.07
177949,CHAPTER 104,reader,0.07
169787,CHAPTER 104,great,0.06
172284,CHAPTER 104,john,0.06
176193,CHAPTER 104,period,0.06
177384,CHAPTER 104,prophet,0.06
178741,CHAPTER 104,rib,0.06
179150,CHAPTER 104,said,0.06
180288,CHAPTER 104,skeleton,0.06
159155,CHAPTER 104,1779,0.05
159178,CHAPTER 104,1842,0.05
160328,CHAPTER 104,affinities,0.05
160700,CHAPTER 104,anatomist,0.05
160800,CHAPTER 104,antemosaic,0.05
160831,CHAPTER 104,antwerp,0.05
161010,CHAPTER 104,archæological,0.05
161328,CHAPTER 104,attestation,0.05
161694,CHAPTER 104,base,0.05
161705,CHAPTER 104,basilosaurus,0.05
161717,CHAPTER 104,bastions,0.05
162292,CHAPTER 104,blotted,0.05
162413,CHAPTER 104,book,0.05
163254,CHAPTER 104,cast,0.05
163636,CHAPTER 104,chirography,0.05
163766,CHAPTER 104,cisterns,0.05
164297,CHAPTER 104,compile,0.05
164359,CHAPTER 104,compress,0.05
164445,CHAPTER 104,condor,0.05
165046,CHAPTER 104,cradled,0.05
165091,CHAPTER 104,creagh,0.05
165107,CHAPTER 104,creatures,0.05
165511,CHAPTER 104,dauphine,0.05
165807,CHAPTER 104,denderah,0.05
166177,CHAPTER 104,diluvian,0.05
166478,CHAPTER 104,dissertations,0.05
166543,CHAPTER 104,ditches,0.05
167311,CHAPTER 104,emprise,0.05
167848,CHAPTER 104,excluding,0.05
167895,CHAPTER 104,exhaustive,0.05
169550,CHAPTER 104,globe,0.05
169721,CHAPTER 104,grandiloquent,0.05
169833,CHAPTER 104,griffins,0.05
169989,CHAPTER 104,habitatory,0.05
170786,CHAPTER 104,huge,0.05
171913,CHAPTER 104,intestines,0.05
172791,CHAPTER 104,layn,0.05
172965,CHAPTER 104,lexicographer,0.05
173054,CHAPTER 104,limestone,0.05
173302,CHAPTER 104,louisiana,0.05
173544,CHAPTER 104,mahomet,0.05
173741,CHAPTER 104,marl,0.05
173826,CHAPTER 104,mastodons,0.05
174138,CHAPTER 104,miles,0.05
175320,CHAPTER 104,omnisciently,0.05
175464,CHAPTER 104,osseous,0.05
175519,CHAPTER 104,outreaching,0.05
175769,CHAPTER 104,panoramas,0.05
175921,CHAPTER 104,past,0.05
176055,CHAPTER 104,pedigree,0.05
176128,CHAPTER 104,penning,0.05
178026,CHAPTER 104,rechristened,0.05
178309,CHAPTER 104,remains,0.05
178502,CHAPTER 104,resemblances,0.05
179032,CHAPTER 104,rue,0.05
179533,CHAPTER 104,sea,0.05
179673,CHAPTER 104,seminal,0.05
179942,CHAPTER 104,shem,0.05
180198,CHAPTER 104,similar,0.05
181283,CHAPTER 104,stereotype,0.05
181604,CHAPTER 104,subject,0.05
184115,CHAPTER 104,unsourced,0.05
185021,CHAPTER 104,weightiest,0.05
185035,CHAPTER 104,wells,0.05
185578,CHAPTER 104,year,0.05
185584,CHAPTER 104,years,0.05
185642,CHAPTER 104,zeuglodon,0.05
159132,CHAPTER 104,000,0.04
159195,CHAPTER 104,25,0.04
160330,CHAPTER 104,affirm,0.04
160347,CHAPTER 104,affords,0.04
160363,CHAPTER 104,afric,0.04
160462,CHAPTER 104,akin,0.04
160525,CHAPTER 104,alleged,0.04
160583,CHAPTER 104,alps,0.04
160590,CHAPTER 104,altered,0.04
160664,CHAPTER 104,amplify,0.04
160699,CHAPTER 104,anatomical,0.04
160756,CHAPTER 104,annihilated,0.04
160792,CHAPTER 104,ant,0.04
160798,CHAPTER 104,antediluvian,0.04
160956,CHAPTER 104,approve,0.04
160987,CHAPTER 104,arch,0.04
161209,CHAPTER 104,assert,0.04
161384,CHAPTER 104,author,0.04
161641,CHAPTER 104,barbary,0.04
161876,CHAPTER 104,begun,0.04
161894,CHAPTER 104,behooves,0.04
161984,CHAPTER 104,bequeathed,0.04
162277,CHAPTER 104,blood,0.04
162626,CHAPTER 104,breeds,0.04
162919,CHAPTER 104,bust,0.04
162971,CHAPTER 104,cables,0.04
163043,CHAPTER 104,camel,0.04
163061,CHAPTER 104,canals,0.04
163127,CHAPTER 104,capitals,0.04
163335,CHAPTER 104,ceiling,0.04
163343,CHAPTER 104,celestial,0.04
163346,CHAPTER 104,cellars,0.04
163365,CHAPTER 104,centaurs,0.04
163452,CHAPTER 104,chaos,0.04
163470,CHAPTER 104,characterized,0.04
163661,CHAPTER 104,choose,0.04
163791,CHAPTER 104,claim,0.04
163963,CHAPTER 104,clue,0.04
164358,CHAPTER 104,comprehensiveness,0.04
164515,CHAPTER 104,congenial,0.04
164545,CHAPTER 104,connecting,0.04
164640,CHAPTER 104,consult,0.04
164784,CHAPTER 104,convex,0.04
165072,CHAPTER 104,crater,0.04
165108,CHAPTER 104,credentials,0.04
165117,CHAPTER 104,credulous,0.04
165378,CHAPTER 104,cuvier,0.04
166123,CHAPTER 104,dictionary,0.04
166158,CHAPTER 104,digger,0.04
166593,CHAPTER 104,docks,0.04
166597,CHAPTER 104,doctors,0.04
166630,CHAPTER 104,dolphins,0.04
166984,CHAPTER 104,earlier,0.04
167075,CHAPTER 104,edition,0.04
167301,CHAPTER 104,empire,0.04
167397,CHAPTER 104,enduring,0.04
167462,CHAPTER 104,enlarge,0.04
167509,CHAPTER 104,enterprise,0.04
167617,CHAPTER 104,ere,0.04
167702,CHAPTER 104,eternities,0.04
167805,CHAPTER 104,excavating,0.04
167912,CHAPTER 104,exist,0.04
167916,CHAPTER 104,existing,0.04
167928,CHAPTER 104,expands,0.04
167934,CHAPTER 104,expatiate,0.04
168013,CHAPTER 104,expressly,0.04
168138,CHAPTER 104,fallen,0.04
168781,CHAPTER 104,folio,0.04
168998,CHAPTER 104,france,0.04
169180,CHAPTER 104,furlongs,0.04
169187,CHAPTER 104,furnishes,0.04
169373,CHAPTER 104,generations,0.04
169410,CHAPTER 104,geologist,0.04
169421,CHAPTER 104,germs,0.04
169541,CHAPTER 104,glimpses,0.04
169729,CHAPTER 104,granite,0.04
169876,CHAPTER 104,grotesque,0.04
170239,CHAPTER 104,having,0.04
170248,CHAPTER 104,hawsers,0.04
170507,CHAPTER 104,himmalehs,0.04
170542,CHAPTER 104,historians,0.04
170799,CHAPTER 104,humane,0.04
171006,CHAPTER 104,illustration,0.04
171023,CHAPTER 104,imagine,0.04
171253,CHAPTER 104,incalculable,0.04
171300,CHAPTER 104,include,0.04
171595,CHAPTER 104,inhabitable,0.04
171634,CHAPTER 104,inkstand,0.04
171826,CHAPTER 104,intercepted,0.04
172042,CHAPTER 104,involutions,0.04
172287,CHAPTER 104,johnson,0.04
172313,CHAPTER 104,jonas,0.04
172414,CHAPTER 104,justify,0.04
172416,CHAPTER 104,justly,0.04
172870,CHAPTER 104,left,0.04
172959,CHAPTER 104,leviathanic,0.04
172966,CHAPTER 104,lexicon,0.04
172976,CHAPTER 104,liberal,0.04
173085,CHAPTER 104,links,0.04
173225,CHAPTER 104,lombardy,0.04
173537,CHAPTER 104,magnify,0.04
173538,CHAPTER 104,magnifying,0.04
173642,CHAPTER 104,manhandle,0.04
173795,CHAPTER 104,mason,0.04
173913,CHAPTER 104,measures,0.04
174083,CHAPTER 104,methuselah,0.04
174197,CHAPTER 104,minutest,0.04
174199,CHAPTER 104,miracle,0.04
174217,CHAPTER 104,miscellaneous,0.04
174258,CHAPTER 104,mississippi,0.04
174323,CHAPTER 104,moderns,0.04
174405,CHAPTER 104,monster,0.04
174660,CHAPTER 104,mutations,0.04
174735,CHAPTER 104,napoleon,0.04
175187,CHAPTER 104,obtain,0.04
175280,CHAPTER 104,oftentimes,0.04
175295,CHAPTER 104,older,0.04
175314,CHAPTER 104,omitted,0.04
175445,CHAPTER 104,orlop,0.04
175585,CHAPTER 104,overlooking,0.04
175702,CHAPTER 104,palace,0.04
175830,CHAPTER 104,paris,0.04
175866,CHAPTER 104,partial,0.04
176253,CHAPTER 104,personal,0.04
176325,CHAPTER 104,pharaoh,0.04
176531,CHAPTER 104,placard,0.04
176581,CHAPTER 104,plantation,0.04
176592,CHAPTER 104,plates,0.04
176850,CHAPTER 104,portly,0.04
176885,CHAPTER 104,posterity,0.04
177198,CHAPTER 104,print,0.04
177262,CHAPTER 104,produce,0.04
177383,CHAPTER 104,prophesy,0.04
177569,CHAPTER 104,purchased,0.04
177679,CHAPTER 104,quarto,0.04
177730,CHAPTER 104,quill,0.04
177784,CHAPTER 104,rafters,0.04
177861,CHAPTER 104,rank,0.04
177960,CHAPTER 104,reality,0.04
178328,CHAPTER 104,remind,0.04
179283,CHAPTER 104,saturn,0.04
179394,CHAPTER 104,school,0.04
179403,CHAPTER 104,sciences,0.04
179443,CHAPTER 104,scotland,0.04
179522,CHAPTER 104,sculptured,0.04
179687,CHAPTER 104,seniors,0.04
179914,CHAPTER 104,shed,0.04
180013,CHAPTER 104,shoot,0.04
180334,CHAPTER 104,skulls,0.04
180374,CHAPTER 104,slaves,0.04
180695,CHAPTER 104,solomon,0.04
180846,CHAPTER 104,specimen,0.04
180924,CHAPTER 104,spinning,0.04
180930,CHAPTER 104,spiracle,0.04
181109,CHAPTER 104,stagger,0.04
181196,CHAPTER 104,stating,0.04
181443,CHAPTER 104,strata,0.04
181676,CHAPTER 104,suburbs,0.04
181820,CHAPTER 104,superficial,0.04
182140,CHAPTER 104,tablets,0.04
182445,CHAPTER 104,text,0.04
182920,CHAPTER 104,traces,0.04
183172,CHAPTER 104,tropics,0.04
183239,CHAPTER 104,tuileries,0.04
183286,CHAPTER 104,tusks,0.04
183591,CHAPTER 104,undertaken,0.04
183847,CHAPTER 104,universe,0.04
183911,CHAPTER 104,unmistakable,0.04
184211,CHAPTER 104,unwarrantably,0.04
184264,CHAPTER 104,uppermost,0.04
184292,CHAPTER 104,used,0.04
184322,CHAPTER 104,uttermost,0.04
184410,CHAPTER 104,vaults,0.04
184496,CHAPTER 104,vertebræ,0.04
184514,CHAPTER 104,vesuvius,0.04
184998,CHAPTER 104,wedged,0.04
185101,CHAPTER 104,whereon,0.04
185495,CHAPTER 104,writers,0.04
185500,CHAPTER 104,writing,0.04
185612,CHAPTER 104,yore,0.04
159979,CHAPTER 104,abounding,0.03
160381,CHAPTER 104,ages,0.03
160713,CHAPTER 104,ancient,0.03
160715,CHAPTER 104,andes,0.03
160730,CHAPTER 104,angels,0.03
160845,CHAPTER 104,apartment,0.03
160921,CHAPTER 104,applied,0.03
161052,CHAPTER 104,ark,0.03
161450,CHAPTER 104,awe,0.03
161735,CHAPTER 104,battle,0.03
161768,CHAPTER 104,beams,0.03
161932,CHAPTER 104,belong,0.03
161933,CHAPTER 104,belonged,0.03
162444,CHAPTER 104,borne,0.03
162495,CHAPTER 104,bowels,0.03
162595,CHAPTER 104,breadth,0.03
163376,CHAPTER 104,centuries,0.03
163465,CHAPTER 104,character,0.03
163724,CHAPTER 104,circle,0.03
163743,CHAPTER 104,circumference,0.03
164056,CHAPTER 104,coil,0.03
164057,CHAPTER 104,coiled,0.03
164764,CHAPTER 104,convenient,0.03
165101,CHAPTER 104,creation,0.03
165617,CHAPTER 104,declared,0.03
165646,CHAPTER 104,deemed,0.03
165843,CHAPTER 104,departed,0.03
165920,CHAPTER 104,described,0.03
165952,CHAPTER 104,desire,0.03
166006,CHAPTER 104,detached,0.03
166178,CHAPTER 104,dim,0.03
166217,CHAPTER 104,directly,0.03
167119,CHAPTER 104,egyptian,0.03
167214,CHAPTER 104,em,0.03
167425,CHAPTER 104,england,0.03
167427,CHAPTER 104,english,0.03
167507,CHAPTER 104,entered,0.03
167508,CHAPTER 104,entering,0.03
167924,CHAPTER 104,expand,0.03
168046,CHAPTER 104,extraordinary,0.03
168116,CHAPTER 104,fain,0.03
168117,CHAPTER 104,faint,0.03
168192,CHAPTER 104,far,0.03
168466,CHAPTER 104,figures,0.03
168485,CHAPTER 104,fin,0.03
168554,CHAPTER 104,fitted,0.03
168685,CHAPTER 104,flood,0.03
169072,CHAPTER 104,friends,0.03
169146,CHAPTER 104,fully,0.03
169454,CHAPTER 104,gigantic,0.03
169535,CHAPTER 104,gliding,0.03
169819,CHAPTER 104,grey,0.03
170070,CHAPTER 104,hand,0.03
170296,CHAPTER 104,hears,0.03
170553,CHAPTER 104,hitherto,0.03
170713,CHAPTER 104,horror,0.03
170921,CHAPTER 104,ice,0.03
171045,CHAPTER 104,immediate,0.03
171118,CHAPTER 104,imperial,0.03
171353,CHAPTER 104,incredible,0.03
171977,CHAPTER 104,invariably,0.03
171997,CHAPTER 104,invested,0.03
172357,CHAPTER 104,judge,0.03
172844,CHAPTER 104,leave,0.03
172961,CHAPTER 104,leviathans,0.03
173034,CHAPTER 104,like,0.03
173226,CHAPTER 104,london,0.03
173449,CHAPTER 104,lying,0.03
174407,CHAPTER 104,monstrous,0.03
174727,CHAPTER 104,nantucketer,0.03
174839,CHAPTER 104,needs,0.03
175341,CHAPTER 104,opening,0.03
175413,CHAPTER 104,ordinary,0.03
175693,CHAPTER 104,painted,0.03
175788,CHAPTER 104,paper,0.03
176039,CHAPTER 104,peculiarities,0.03
176739,CHAPTER 104,polar,0.03
176880,CHAPTER 104,post,0.03
177002,CHAPTER 104,preceding,0.03
177055,CHAPTER 104,preliminary,0.03
177123,CHAPTER 104,pressed,0.03
177900,CHAPTER 104,rate,0.03
177943,CHAPTER 104,reached,0.03
177948,CHAPTER 104,read,0.03
178352,CHAPTER 104,remote,0.03
178399,CHAPTER 104,repeated,0.03
178568,CHAPTER 104,respects,0.03
178720,CHAPTER 104,revolving,0.03
178748,CHAPTER 104,ribs,0.03
178794,CHAPTER 104,rights,0.03
178846,CHAPTER 104,rise,0.03
178905,CHAPTER 104,rocks,0.03
178923,CHAPTER 104,rolls,0.03
179584,CHAPTER 104,secret,0.03
179838,CHAPTER 104,shake,0.03
179872,CHAPTER 104,shape,0.03
180020,CHAPTER 104,shore,0.03
180096,CHAPTER 104,shuddering,0.03
180170,CHAPTER 104,significant,0.03
180184,CHAPTER 104,silently,0.03
180284,CHAPTER 104,size,0.03
180332,CHAPTER 104,skull,0.03
180619,CHAPTER 104,society,0.03
180752,CHAPTER 104,sorts,0.03
181145,CHAPTER 104,stand,0.03
181194,CHAPTER 104,states,0.03
181363,CHAPTER 104,stone,0.03
181461,CHAPTER 104,street,0.03
181476,CHAPTER 104,stricken,0.03
181631,CHAPTER 104,subsequent,0.03
181656,CHAPTER 104,subterranean,0.03
181717,CHAPTER 104,sufficiently,0.03
182001,CHAPTER 104,swam,0.03
182034,CHAPTER 104,sweep,0.03
182050,CHAPTER 104,swell,0.03
182064,CHAPTER 104,swimming,0.03
182400,CHAPTER 104,terms,0.03
182419,CHAPTER 104,terrors,0.03
183044,CHAPTER 104,traveller,0.03
183066,CHAPTER 104,treated,0.03
183122,CHAPTER 104,tried,0.03
183503,CHAPTER 104,uncommon,0.03
183529,CHAPTER 104,unconsciously,0.03
184117,CHAPTER 104,unspeakable,0.03
184321,CHAPTER 104,utterly,0.03
184435,CHAPTER 104,venerable,0.03
184541,CHAPTER 104,vicinity,0.03
184627,CHAPTER 104,virtue,0.03
184697,CHAPTER 104,volume,0.03
184774,CHAPTER 104,waist,0.03
184979,CHAPTER 104,weary,0.03
185259,CHAPTER 104,wine,0.03
185352,CHAPTER 104,wonderful,0.03
185405,CHAPTER 104,world,0.03
185418,CHAPTER 104,worship,0.03
185436,CHAPTER 104,wound,0.03
185502,CHAPTER 104,written,0.03
185562,CHAPTER 104,yards,0.03
160142,CHAPTER 104,act,0.02
160408,CHAPTER 104,ago,0.02
160788,CHAPTER 104,answer,0.02
161068,CHAPTER 104,arms,0.02
161778,CHAPTER 104,bearing,0.02
161856,CHAPTER 104,began,0.02
162360,CHAPTER 104,body,0.02
162517,CHAPTER 104,boy,0.02
162732,CHAPTER 104,broken,0.02
163018,CHAPTER 104,called,0.02
163042,CHAPTER 104,came,0.02
163239,CHAPTER 104,case,0.02
164228,CHAPTER 104,common,0.02
164314,CHAPTER 104,complete,0.02
164316,CHAPTER 104,completely,0.02
164986,CHAPTER 104,course,0.02
165106,CHAPTER 104,creature,0.02
165324,CHAPTER 104,curious,0.02
165531,CHAPTER 104,dead,0.02
165551,CHAPTER 104,death,0.02
166996,CHAPTER 104,earth,0.02
168095,CHAPTER 104,fact,0.02
168169,CHAPTER 104,famous,0.02
168934,CHAPTER 104,forth,0.02
169363,CHAPTER 104,general,0.02
169368,CHAPTER 104,generally,0.02
169610,CHAPTER 104,god,0.02
169879,CHAPTER 104,ground,0.02
170089,CHAPTER 104,hands,0.02
170133,CHAPTER 104,hard,0.02
170165,CHAPTER 104,harpoon,0.02
170586,CHAPTER 104,hold,0.02
171901,CHAPTER 104,intervals,0.02
172201,CHAPTER 104,jaws,0.02
172498,CHAPTER 104,king,0.02
172568,CHAPTER 104,known,0.02
172654,CHAPTER 104,land,0.02
172702,CHAPTER 104,large,0.02
172909,CHAPTER 104,length,0.02
172996,CHAPTER 104,lie,0.02
173016,CHAPTER 104,light,0.02
173043,CHAPTER 104,likewise,0.02
173066,CHAPTER 104,line,0.02
173073,CHAPTER 104,lines,0.02
173578,CHAPTER 104,make,0.02
173581,CHAPTER 104,makes,0.02
173619,CHAPTER 104,man,0.02
173857,CHAPTER 104,matter,0.02
174020,CHAPTER 104,mere,0.02
174772,CHAPTER 104,nature,0.02
175293,CHAPTER 104,old,0.02
175895,CHAPTER 104,pass,0.02
176142,CHAPTER 104,people,0.02
176718,CHAPTER 104,point,0.02
176943,CHAPTER 104,power,0.02
177014,CHAPTER 104,precisely,0.02
177592,CHAPTER 104,purpose,0.02
179312,CHAPTER 104,saw,0.02
179325,CHAPTER 104,says,0.02
179774,CHAPTER 104,set,0.02
180026,CHAPTER 104,short,0.02
181433,CHAPTER 104,strange,0.02
181523,CHAPTER 104,struck,0.02
181641,CHAPTER 104,substance,0.02
182161,CHAPTER 104,tail,0.02
182172,CHAPTER 104,taken,0.02
182174,CHAPTER 104,taking,0.02
182325,CHAPTER 104,tell,0.02
182511,CHAPTER 104,think,0.02
182532,CHAPTER 104,thirty,0.02
182554,CHAPTER 104,thoughts,0.02
182817,CHAPTER 104,took,0.02
183212,CHAPTER 104,truth,0.02
183273,CHAPTER 104,turned,0.02
183857,CHAPTER 104,unknown,0.02
184389,CHAPTER 104,various,0.02
184403,CHAPTER 104,vast,0.02
184559,CHAPTER 104,view,0.02
184636,CHAPTER 104,visible,0.02
184789,CHAPTER 104,wake,0.02
185064,CHAPTER 104,whaleman,0.02
185362,CHAPTER 104,wondrous,0.02
185391,CHAPTER 104,words,0.02
160430,CHAPTER 104,ahab,0.01
161448,CHAPTER 104,away,0.01
164164,CHAPTER 104,come,0.01
165608,CHAPTER 104,deck,0.01
169637,CHAPTER 104,good,0.01
170259,CHAPTER 104,head,0.01
173125,CHAPTER 104,little,0.01
173245,CHAPTER 104,look,0.01
173984,CHAPTER 104,men,0.01
178978,CHAPTER 104,round,0.01
179971,CHAPTER 104,ship,0.01
184949,CHAPTER 104,way,0.01
