,chapter,term,tfidf
400864,CHAPTER 112,blacksmith,0.32
404249,CHAPTER 112,death,0.16
408754,CHAPTER 112,hammer,0.15
409250,CHAPTER 112,hither,0.15
400396,CHAPTER 112,basement,0.11
402307,CHAPTER 112,children,0.11
402862,CHAPTER 112,come,0.11
411703,CHAPTER 112,life,0.11
413991,CHAPTER 112,old,0.11
401578,CHAPTER 112,burglar,0.1
423901,CHAPTER 112,wife,0.1
424032,CHAPTER 112,woe,0.1
407584,CHAPTER 112,forge,0.09
414646,CHAPTER 112,patient,0.09
414975,CHAPTER 112,perth,0.09
417744,CHAPTER 112,ruin,0.09
421471,CHAPTER 112,toiled,0.09
400487,CHAPTER 112,beating,0.08
401740,CHAPTER 112,came,0.08
402402,CHAPTER 112,church,0.08
405685,CHAPTER 112,early,0.08
408523,CHAPTER 112,grief,0.08
412019,CHAPTER 112,loving,0.08
424313,CHAPTER 112,young,0.08
406862,CHAPTER 112,family,0.07
408516,CHAPTER 112,grew,0.07
420099,CHAPTER 112,stout,0.07
421470,CHAPTER 112,toil,0.07
398644,CHAPTER 112,abhorring,0.06
399262,CHAPTER 112,alluringly,0.06
400625,CHAPTER 112,bellows,0.06
400964,CHAPTER 112,blithe,0.06
401207,CHAPTER 112,bowsmen,0.06
402384,CHAPTER 112,chronically,0.06
402415,CHAPTER 112,cinders,0.06
402990,CHAPTER 112,competency,0.06
403239,CHAPTER 112,conjuror,0.06
405049,CHAPTER 112,disguisement,0.06
405745,CHAPTER 112,economic,0.06
406863,CHAPTER 112,familyless,0.06
408244,CHAPTER 112,glitteringly,0.06
408472,CHAPTER 112,gravestone,0.06
409035,CHAPTER 112,heavy,0.06
409444,CHAPTER 112,house,0.06
409451,CHAPTER 112,houseless,0.06
409860,CHAPTER 112,importunity,0.06
412063,CHAPTER 112,lullaby,0.06
412317,CHAPTER 112,man,0.06
413319,CHAPTER 112,murmur,0.06
413779,CHAPTER 112,numbness,0.06
415592,CHAPTER 112,postponedly,0.06
416404,CHAPTER 112,questionings,0.06
416721,CHAPTER 112,receptive,0.06
417375,CHAPTER 112,reverberations,0.06
420281,CHAPTER 112,stupidly,0.06
421006,CHAPTER 112,technicals,0.06
421332,CHAPTER 112,thyself,0.06
422162,CHAPTER 112,uncatastrophied,0.06
422741,CHAPTER 112,unreverenced,0.06
422853,CHAPTER 112,unsweetly,0.06
424269,CHAPTER 112,yawing,0.06
398526,CHAPTER 112,_thy_,0.05
398640,CHAPTER 112,abhorred,0.05
398852,CHAPTER 112,acts,0.05
399289,CHAPTER 112,altering,0.05
399506,CHAPTER 112,anticipated,0.05
399592,CHAPTER 112,appearing,0.05
399831,CHAPTER 112,artisan,0.05
400105,CHAPTER 112,availing,0.05
400363,CHAPTER 112,barn,0.05
400572,CHAPTER 112,begrimed,0.05
400597,CHAPTER 112,belated,0.05
400960,CHAPTER 112,blistered,0.05
401430,CHAPTER 112,broken,0.05
401873,CHAPTER 112,career,0.05
402353,CHAPTER 112,choked,0.05
402404,CHAPTER 112,churchyard,0.05
403066,CHAPTER 112,compunctions,0.05
403073,CHAPTER 112,concealed,0.05
403435,CHAPTER 112,contributed,0.05
403441,CHAPTER 112,contributory,0.05
403556,CHAPTER 112,cork,0.05
403764,CHAPTER 112,crape,0.05
404027,CHAPTER 112,curls,0.05
404202,CHAPTER 112,daughter,0.05
404440,CHAPTER 112,delicious,0.05
404649,CHAPTER 112,desirable,0.05
404865,CHAPTER 112,dilapidated,0.05
405441,CHAPTER 112,drama,0.05
405660,CHAPTER 112,dwelling,0.05
405704,CHAPTER 112,easier,0.05
405850,CHAPTER 112,elder,0.05
405959,CHAPTER 112,embraced,0.05
406438,CHAPTER 112,eve,0.05
406512,CHAPTER 112,excellence,0.05
406752,CHAPTER 112,extremities,0.05
406817,CHAPTER 112,fainter,0.05
406855,CHAPTER 112,famed,0.05
407317,CHAPTER 112,flaxen,0.05
407388,CHAPTER 112,floors,0.05
407632,CHAPTER 112,forth,0.05
407926,CHAPTER 112,gait,0.05
408199,CHAPTER 112,gladness,0.05
408585,CHAPTER 112,grove,0.05
408635,CHAPTER 112,guilt,0.05
408703,CHAPTER 112,hadst,0.05
408881,CHAPTER 112,harvest,0.05
408971,CHAPTER 112,headsmen,0.05
408982,CHAPTER 112,healthy,0.05
408993,CHAPTER 112,hearkening,0.05
409315,CHAPTER 112,home,0.05
409576,CHAPTER 112,husband,0.05
409673,CHAPTER 112,ignorantly,0.05
409791,CHAPTER 112,impatience,0.05
409970,CHAPTER 112,incessantly,0.05
410208,CHAPTER 112,infants,0.05
410353,CHAPTER 112,innocently,0.05
410555,CHAPTER 112,intermediate,0.05
410734,CHAPTER 112,invoked,0.05
410827,CHAPTER 112,issue,0.05
410902,CHAPTER 112,jealously,0.05
411282,CHAPTER 112,labor,0.05
411459,CHAPTER 112,launching,0.05
411568,CHAPTER 112,left,0.05
411579,CHAPTER 112,legendary,0.05
411804,CHAPTER 112,listened,0.05
411936,CHAPTER 112,longing,0.05
412457,CHAPTER 112,marry,0.05
412733,CHAPTER 112,mermaids,0.05
413579,CHAPTER 112,nervousness,0.05
413787,CHAPTER 112,nursery,0.05
413843,CHAPTER 112,oblivious,0.05
414151,CHAPTER 112,orphans,0.05
414352,CHAPTER 112,pacifics,0.05
414384,CHAPTER 112,painful,0.05
414945,CHAPTER 112,persisted,0.05
415014,CHAPTER 112,petulance,0.05
415329,CHAPTER 112,pleasure,0.05
415365,CHAPTER 112,plucked,0.05
415528,CHAPTER 112,portable,0.05
415574,CHAPTER 112,possibilities,0.05
415770,CHAPTER 112,preparation,0.05
416308,CHAPTER 112,pursuits,0.05
416905,CHAPTER 112,region,0.05
417087,CHAPTER 112,repairing,0.05
417274,CHAPTER 112,responded,0.05
417279,CHAPTER 112,responsibilities,0.05
417364,CHAPTER 112,revelation,0.05
417510,CHAPTER 112,ringbolts,0.05
417512,CHAPTER 112,ringing,0.05
417586,CHAPTER 112,robbed,0.05
417663,CHAPTER 112,rot,0.05
417724,CHAPTER 112,ruddy,0.05
417897,CHAPTER 112,salutation,0.05
418428,CHAPTER 112,sequel,0.05
418560,CHAPTER 112,shameful,0.05
418574,CHAPTER 112,shaping,0.05
418716,CHAPTER 112,shop,0.05
418782,CHAPTER 112,shrivelled,0.05
418955,CHAPTER 112,sire,0.05
419169,CHAPTER 112,slumber,0.05
419354,CHAPTER 112,sold,0.05
419429,CHAPTER 112,sooty,0.05
419493,CHAPTER 112,spades,0.05
419808,CHAPTER 112,staggered,0.05
419937,CHAPTER 112,stealing,0.05
420438,CHAPTER 112,suicide,0.05
420482,CHAPTER 112,sunday,0.05
420541,CHAPTER 112,supernatural,0.05
420997,CHAPTER 112,tearless,0.05
421386,CHAPTER 112,timely,0.05
422469,CHAPTER 112,unhappy,0.05
422795,CHAPTER 112,unshored,0.05
422889,CHAPTER 112,untried,0.05
423037,CHAPTER 112,vagabond,0.05
423328,CHAPTER 112,virtuous,0.05
423483,CHAPTER 112,waiting,0.05
423710,CHAPTER 112,weeping,0.05
423857,CHAPTER 112,whistling,0.05
423899,CHAPTER 112,wielded,0.05
424322,CHAPTER 112,youthful,0.05
398847,CHAPTER 112,active,0.04
398985,CHAPTER 112,adventures,0.04
399757,CHAPTER 112,armed,0.04
400840,CHAPTER 112,bitter,0.04
400995,CHAPTER 112,blows,0.04
401035,CHAPTER 112,boat,0.04
401153,CHAPTER 112,bottle,0.04
401197,CHAPTER 112,bowing,0.04
401451,CHAPTER 112,brother,0.04
401608,CHAPTER 112,bury,0.04
401800,CHAPTER 112,canst,0.04
401869,CHAPTER 112,care,0.04
402252,CHAPTER 112,cheerful,0.04
403112,CHAPTER 112,concluding,0.04
403145,CHAPTER 112,conduct,0.04
403705,CHAPTER 112,cover,0.04
403995,CHAPTER 112,cunning,0.04
404021,CHAPTER 112,curiosity,0.04
404108,CHAPTER 112,daily,0.04
404175,CHAPTER 112,darker,0.04
404674,CHAPTER 112,desperate,0.04
405246,CHAPTER 112,dived,0.04
405472,CHAPTER 112,dream,0.04
405668,CHAPTER 112,dying,0.04
405674,CHAPTER 112,eager,0.04
406050,CHAPTER 112,encountered,0.04
406238,CHAPTER 112,entrance,0.04
406294,CHAPTER 112,equally,0.04
406532,CHAPTER 112,excited,0.04
406770,CHAPTER 112,eyes,0.04
406785,CHAPTER 112,faces,0.04
406936,CHAPTER 112,fatal,0.04
406942,CHAPTER 112,fate,0.04
407141,CHAPTER 112,fiend,0.04
407153,CHAPTER 112,fifth,0.04
407556,CHAPTER 112,foremast,0.04
407822,CHAPTER 112,frozen,0.04
407887,CHAPTER 112,furniture,0.04
407984,CHAPTER 112,garden,0.04
408819,CHAPTER 112,happy,0.04
408999,CHAPTER 112,heart,0.04
409000,CHAPTER 112,hearted,0.04
409169,CHAPTER 112,hideous,0.04
409747,CHAPTER 112,immense,0.04
410235,CHAPTER 112,infinite,0.04
410543,CHAPTER 112,interior,0.04
410971,CHAPTER 112,job,0.04
411176,CHAPTER 112,killing,0.04
411353,CHAPTER 112,landed,0.04
411411,CHAPTER 112,lashed,0.04
411444,CHAPTER 112,latitudes,0.04
411986,CHAPTER 112,loss,0.04
412930,CHAPTER 112,miserable,0.04
413249,CHAPTER 112,movement,0.04
413272,CHAPTER 112,muffled,0.04
413609,CHAPTER 112,new,0.04
413981,CHAPTER 112,oh,0.04
414039,CHAPTER 112,opening,0.04
414334,CHAPTER 112,owned,0.04
414739,CHAPTER 112,peculiarly,0.04
415126,CHAPTER 112,pike,0.04
416184,CHAPTER 112,prudent,0.04
416684,CHAPTER 112,reasons,0.04
416875,CHAPTER 112,refuge,0.04
416927,CHAPTER 112,reigned,0.04
417050,CHAPTER 112,remote,0.04
417056,CHAPTER 112,removed,0.04
417319,CHAPTER 112,retained,0.04
417572,CHAPTER 112,road,0.04
417599,CHAPTER 112,rocked,0.04
418127,CHAPTER 112,scorn,0.04
418461,CHAPTER 112,served,0.04
418731,CHAPTER 112,shortly,0.04
418927,CHAPTER 112,sing,0.04
419106,CHAPTER 112,slid,0.04
419114,CHAPTER 112,slight,0.04
419158,CHAPTER 112,slow,0.04
419361,CHAPTER 112,solely,0.04
419362,CHAPTER 112,solemn,0.04
419440,CHAPTER 112,sorrow,0.04
420463,CHAPTER 112,summer,0.04
420495,CHAPTER 112,sunrise,0.04
420645,CHAPTER 112,surrounded,0.04
421023,CHAPTER 112,tell,0.04
421233,CHAPTER 112,thither,0.04
421244,CHAPTER 112,thou,0.04
421373,CHAPTER 112,till,0.04
421608,CHAPTER 112,towns,0.04
422001,CHAPTER 112,twice,0.04
422502,CHAPTER 112,unimaginable,0.04
422993,CHAPTER 112,useless,0.04
423133,CHAPTER 112,venerable,0.04
423265,CHAPTER 112,vigorous,0.04
423382,CHAPTER 112,voices,0.04
423497,CHAPTER 112,walk,0.04
423510,CHAPTER 112,walls,0.04
423664,CHAPTER 112,weapons,0.04
423738,CHAPTER 112,went,0.04
423743,CHAPTER 112,west,0.04
423895,CHAPTER 112,widow,0.04
423947,CHAPTER 112,window,0.04
423970,CHAPTER 112,winter,0.04
424059,CHAPTER 112,wonders,0.04
424175,CHAPTER 112,wretched,0.04
398840,CHAPTER 112,act,0.03
399073,CHAPTER 112,age,0.03
400992,CHAPTER 112,blow,0.03
402422,CHAPTER 112,circle,0.03
403512,CHAPTER 112,cool,0.03
403671,CHAPTER 112,country,0.03
404180,CHAPTER 112,darkness,0.03
404216,CHAPTER 112,day,0.03
404235,CHAPTER 112,deadly,0.03
404822,CHAPTER 112,did,0.03
405707,CHAPTER 112,east,0.03
406834,CHAPTER 112,fall,0.03
406920,CHAPTER 112,fast,0.03
407052,CHAPTER 112,fell,0.03
407062,CHAPTER 112,felt,0.03
407185,CHAPTER 112,finally,0.03
407343,CHAPTER 112,flew,0.03
407484,CHAPTER 112,followed,0.03
408046,CHAPTER 112,gazing,0.03
408182,CHAPTER 112,given,0.03
408445,CHAPTER 112,grass,0.03
408517,CHAPTER 112,grey,0.03
408866,CHAPTER 112,harpooneers,0.03
408869,CHAPTER 112,harpoons,0.03
409013,CHAPTER 112,hearts,0.03
409289,CHAPTER 112,holding,0.03
409543,CHAPTER 112,hung,0.03
411232,CHAPTER 112,knew,0.03
411350,CHAPTER 112,lances,0.03
411523,CHAPTER 112,leaning,0.03
411569,CHAPTER 112,leg,0.03
411931,CHAPTER 112,long,0.03
412426,CHAPTER 112,mariners,0.03
412806,CHAPTER 112,midnight,0.03
412830,CHAPTER 112,mild,0.03
413195,CHAPTER 112,mother,0.03
413497,CHAPTER 112,nearly,0.03
414593,CHAPTER 112,pass,0.03
414606,CHAPTER 112,passing,0.03
414736,CHAPTER 112,peculiar,0.03
414891,CHAPTER 112,period,0.03
415250,CHAPTER 112,plain,0.03
415281,CHAPTER 112,planted,0.03
415342,CHAPTER 112,plenty,0.03
417774,CHAPTER 112,running,0.03
417957,CHAPTER 112,sat,0.03
418419,CHAPTER 112,separate,0.03
418881,CHAPTER 112,silent,0.03
419453,CHAPTER 112,sought,0.03
419730,CHAPTER 112,spread,0.03
420098,CHAPTER 112,story,0.03
421117,CHAPTER 112,terrors,0.03
421893,CHAPTER 112,truly,0.03
423087,CHAPTER 112,various,0.03
423616,CHAPTER 112,watching,0.03
423633,CHAPTER 112,watery,0.03
423679,CHAPTER 112,weather,0.03
423983,CHAPTER 112,wise,0.03
424050,CHAPTER 112,wonderful,0.03
424115,CHAPTER 112,worse,0.03
424258,CHAPTER 112,yard,0.03
399128,CHAPTER 112,ahab,0.02
399753,CHAPTER 112,arm,0.02
400146,CHAPTER 112,away,0.02
400170,CHAPTER 112,aye,0.02
401716,CHAPTER 112,called,0.02
402084,CHAPTER 112,certain,0.02
404306,CHAPTER 112,deck,0.02
405305,CHAPTER 112,does,0.02
406315,CHAPTER 112,ere,0.02
407039,CHAPTER 112,feet,0.02
408730,CHAPTER 112,half,0.02
408957,CHAPTER 112,head,0.02
408969,CHAPTER 112,heads,0.02
409284,CHAPTER 112,hold,0.02
410760,CHAPTER 112,iron,0.02
411732,CHAPTER 112,like,0.02
411823,CHAPTER 112,little,0.02
411949,CHAPTER 112,looking,0.02
412276,CHAPTER 112,make,0.02
412682,CHAPTER 112,men,0.02
413640,CHAPTER 112,night,0.02
413917,CHAPTER 112,ocean,0.02
419454,CHAPTER 112,soul,0.02
419849,CHAPTER 112,standing,0.02
420131,CHAPTER 112,strange,0.02
420870,CHAPTER 112,taken,0.02
420872,CHAPTER 112,taking,0.02
421162,CHAPTER 112,thee,0.02
421207,CHAPTER 112,thing,0.02
421253,CHAPTER 112,thousand,0.02
423428,CHAPTER 112,voyage,0.02
423771,CHAPTER 112,whaling,0.02
423907,CHAPTER 112,wild,0.02
424092,CHAPTER 112,work,0.02
424103,CHAPTER 112,world,0.02
424282,CHAPTER 112,years,0.02
