,chapter,term,tfidf
1643767,CHAPTER 32,whale,0.38
1643778,CHAPTER 32,whales,0.23
1629691,CHAPTER 32,ii,0.2
1635535,CHAPTER 32,porpoise,0.19
1621123,CHAPTER 32,book,0.17
1620261,CHAPTER 32,baleen,0.16
1629692,CHAPTER 32,iii,0.16
1643768,CHAPTER 32,whale_,0.15
1627241,CHAPTER 32,fish,0.14
1622173,CHAPTER 32,chapter,0.12
1628513,CHAPTER 32,greenland,0.12
1618136,CHAPTER 32,_folio_,0.11
1618336,CHAPTER 32,_octavo_,0.11
1622108,CHAPTER 32,cetology,0.11
1627195,CHAPTER 32,fin,0.11
1627491,CHAPTER 32,folio,0.09
1629402,CHAPTER 32,horn,0.09
1631278,CHAPTER 32,known,0.09
1633462,CHAPTER 32,narwhale,0.09
1631797,CHAPTER 32,linnæus,0.08
1633934,CHAPTER 32,octavo,0.08
1633995,CHAPTER 32,oil,0.08
1639599,CHAPTER 32,sperm,0.08
1618103,CHAPTER 32,_duodecimo_,0.07
1622549,CHAPTER 32,classification,0.07
1626137,CHAPTER 32,english,0.07
1628497,CHAPTER 32,great,0.07
1624401,CHAPTER 32,definition,0.06
1625462,CHAPTER 32,draught,0.06
1625637,CHAPTER 32,duodecimo,0.06
1629561,CHAPTER 32,hunted,0.06
1629601,CHAPTER 32,huzza,0.06
1630852,CHAPTER 32,iv,0.06
1633432,CHAPTER 32,names,0.06
1633480,CHAPTER 32,naturalists,0.06
1635807,CHAPTER 32,present,0.06
1637496,CHAPTER 32,right,0.06
1639600,CHAPTER 32,spermaceti,0.06
1643071,CHAPTER 32,valuable,0.06
1618158,CHAPTER 32,_grampus_,0.05
1618479,CHAPTER 32,_sperm,0.05
1620105,CHAPTER 32,authors,0.05
1620203,CHAPTER 32,back_,0.05
1620474,CHAPTER 32,beale,0.05
1622200,CHAPTER 32,charley,0.05
1627246,CHAPTER 32,fishermen,0.05
1629400,CHAPTER 32,horizontal,0.05
1630011,CHAPTER 32,included,0.05
1631668,CHAPTER 32,leviathan,0.05
1632606,CHAPTER 32,mealy,0.05
1633482,CHAPTER 32,nature,0.05
1635520,CHAPTER 32,popular,0.05
1635536,CHAPTER 32,porpoise_,0.05
1638137,CHAPTER 32,scoresby,0.05
1638270,CHAPTER 32,seas,0.05
1638557,CHAPTER 32,shall,0.05
1639197,CHAPTER 32,smaller,0.05
1639552,CHAPTER 32,species,0.05
1639732,CHAPTER 32,spouting,0.05
1642505,CHAPTER 32,unicorn,0.05
1643099,CHAPTER 32,various,0.05
1619277,CHAPTER 32,allusions,0.04
1619411,CHAPTER 32,anatomy,0.04
1620860,CHAPTER 32,black,0.04
1621125,CHAPTER 32,books,0.04
1621972,CHAPTER 32,castle,0.04
1622943,CHAPTER 32,commonly,0.04
1623024,CHAPTER 32,complete,0.04
1623816,CHAPTER 32,creature,0.04
1624088,CHAPTER 32,cuvier,0.04
1624634,CHAPTER 32,description,0.04
1624654,CHAPTER 32,designated,0.04
1625317,CHAPTER 32,does,0.04
1627051,CHAPTER 32,feet,0.04
1627499,CHAPTER 32,following,0.04
1628422,CHAPTER 32,grand,0.04
1629544,CHAPTER 32,hump,0.04
1630010,CHAPTER 32,include,0.04
1631378,CHAPTER 32,landsmen,0.04
1631650,CHAPTER 32,letter,0.04
1631669,CHAPTER 32,leviathanic,0.04
1631744,CHAPTER 32,like,0.04
1631835,CHAPTER 32,little,0.04
1633732,CHAPTER 32,nose,0.04
1635849,CHAPTER 32,pretend,0.04
1638114,CHAPTER 32,scientific,0.04
1638243,CHAPTER 32,sea,0.04
1638339,CHAPTER 32,seen,0.04
1639462,CHAPTER 32,sorts,0.04
1640617,CHAPTER 32,surface,0.04
1640775,CHAPTER 32,swims,0.04
1640871,CHAPTER 32,tail,0.04
1643407,CHAPTER 32,volume,0.04
1643771,CHAPTER 32,whalebone,0.04
1617988,CHAPTER 32,_black,0.03
1618128,CHAPTER 32,_fin,0.03
1618211,CHAPTER 32,_hump,0.03
1618240,CHAPTER 32,_killer_,0.03
1618315,CHAPTER 32,_narwhale_,0.03
1618389,CHAPTER 32,_razor,0.03
1618404,CHAPTER 32,_right,0.03
1618501,CHAPTER 32,_sulphur,0.03
1618533,CHAPTER 32,_thrasher_,0.03
1619350,CHAPTER 32,american,0.03
1619831,CHAPTER 32,article,0.03
1619886,CHAPTER 32,aspect,0.03
1620101,CHAPTER 32,authorities,0.03
1620130,CHAPTER 32,averages,0.03
1620314,CHAPTER 32,banished,0.03
1620418,CHAPTER 32,basis,0.03
1620662,CHAPTER 32,bended,0.03
1620689,CHAPTER 32,bennett,0.03
1620723,CHAPTER 32,best,0.03
1621471,CHAPTER 32,browne,0.03
1622042,CHAPTER 32,ceases,0.03
1622105,CHAPTER 32,cetacea,0.03
1622751,CHAPTER 32,coffin,0.03
1622874,CHAPTER 32,come,0.03
1624415,CHAPTER 32,defy,0.03
1624424,CHAPTER 32,degree,0.03
1624526,CHAPTER 32,denominated,0.03
1624556,CHAPTER 32,departments,0.03
1624812,CHAPTER 32,dial,0.03
1625200,CHAPTER 32,distance,0.03
1625215,CHAPTER 32,distinctions,0.03
1625218,CHAPTER 32,distinguish,0.03
1625638,CHAPTER 32,duodecimoes,0.03
1626792,CHAPTER 32,fabulous,0.03
1627021,CHAPTER 32,features,0.03
1627242,CHAPTER 32,fish_,0.03
1627492,CHAPTER 32,folios,0.03
1628078,CHAPTER 32,generally,0.03
1628102,CHAPTER 32,gentleman,0.03
1628193,CHAPTER 32,girth,0.03
1628347,CHAPTER 32,good,0.03
1628589,CHAPTER 32,ground,0.03
1628971,CHAPTER 32,headed,0.03
1629198,CHAPTER 32,highness,0.03
1629263,CHAPTER 32,hitherto,0.03
1629546,CHAPTER 32,humpbacked,0.03
1629608,CHAPTER 32,hyena,0.03
1630131,CHAPTER 32,indiscriminately,0.03
1630578,CHAPTER 32,internal,0.03
1630994,CHAPTER 32,john,0.03
1631186,CHAPTER 32,killer,0.03
1631210,CHAPTER 32,kingdom,0.03
1631276,CHAPTER 32,knowledge,0.03
1631417,CHAPTER 32,largest,0.03
1631619,CHAPTER 32,length,0.03
1631671,CHAPTER 32,leviathans,0.03
1631776,CHAPTER 32,line,0.03
1631813,CHAPTER 32,list,0.03
1631943,CHAPTER 32,long,0.03
1632250,CHAPTER 32,magnitude,0.03
1632444,CHAPTER 32,marked,0.03
1632484,CHAPTER 32,martin,0.03
1633253,CHAPTER 32,mouthed,0.03
1634036,CHAPTER 32,ones,0.03
1634235,CHAPTER 32,outset,0.03
1634341,CHAPTER 32,owen,0.03
1634601,CHAPTER 32,parts,0.03
1635537,CHAPTER 32,porpoises,0.03
1635589,CHAPTER 32,possibly,0.03
1635810,CHAPTER 32,presented,0.03
1636389,CHAPTER 32,quarto,0.03
1636905,CHAPTER 32,regarded,0.03
1637215,CHAPTER 32,resembles,0.03
1637344,CHAPTER 32,retiring,0.03
1637561,CHAPTER 32,rising,0.03
1638035,CHAPTER 32,says,0.03
1638112,CHAPTER 32,science,0.03
1638431,CHAPTER 32,separate,0.03
1638582,CHAPTER 32,shape,0.03
1638914,CHAPTER 32,similitude,0.03
1639196,CHAPTER 32,small,0.03
1639458,CHAPTER 32,sort,0.03
1639727,CHAPTER 32,spout,0.03
1640299,CHAPTER 32,style,0.03
1640388,CHAPTER 32,succeed,0.03
1640597,CHAPTER 32,supposed,0.03
1641395,CHAPTER 32,time,0.03
1641902,CHAPTER 32,true,0.03
1642179,CHAPTER 32,uncertain,0.03
1643002,CHAPTER 32,used,0.03
1643232,CHAPTER 32,vi,0.03
1643525,CHAPTER 32,walrus,0.03
1644359,CHAPTER 32,zoology,0.03
1617863,CHAPTER 32,1776,0.02
1617878,CHAPTER 32,1820,0.02
1617886,CHAPTER 32,1839,0.02
1617890,CHAPTER 32,1850,0.02
1617947,CHAPTER 32,_algerine,0.02
1618213,CHAPTER 32,_huzza,0.02
1618294,CHAPTER 32,_mealy,0.02
1618326,CHAPTER 32,_nostril,0.02
1618364,CHAPTER 32,_porpoise_,0.02
1618585,CHAPTER 32,_whalebone,0.02
1618790,CHAPTER 32,according,0.02
1618799,CHAPTER 32,accounted,0.02
1619144,CHAPTER 32,ahaz,0.02
1619202,CHAPTER 32,aldrovandi,0.02
1619209,CHAPTER 32,alewives,0.02
1619215,CHAPTER 32,algerine,0.02
1619309,CHAPTER 32,altogether,0.02
1619367,CHAPTER 32,amphibious,0.02
1619525,CHAPTER 32,antidote,0.02
1619609,CHAPTER 32,appellations,0.02
1619610,CHAPTER 32,appellative,0.02
1619645,CHAPTER 32,appreciative,0.02
1619715,CHAPTER 32,architects,0.02
1619823,CHAPTER 32,artedi,0.02
1619948,CHAPTER 32,assumes,0.02
1620015,CHAPTER 32,attains,0.02
1620019,CHAPTER 32,attempt,0.02
1620094,CHAPTER 32,author,0.02
1620100,CHAPTER 32,authoritatively,0.02
1620133,CHAPTER 32,avers,0.02
1620263,CHAPTER 32,baleine,0.02
1620336,CHAPTER 32,baptised,0.02
1620492,CHAPTER 32,beast,0.02
1620580,CHAPTER 32,begins,0.02
1620722,CHAPTER 32,bess,0.02
1620728,CHAPTER 32,bestowal,0.02
1620729,CHAPTER 32,bestowed,0.02
1620778,CHAPTER 32,bibliographical,0.02
1620813,CHAPTER 32,bilocular,0.02
1621067,CHAPTER 32,bodily,0.02
1621085,CHAPTER 32,boldly,0.02
1621104,CHAPTER 32,bonapartes,0.02
1621117,CHAPTER 32,bonneterre,0.02
1621124,CHAPTER 32,bookbinder,0.02
1621169,CHAPTER 32,bottom_,0.02
1621181,CHAPTER 32,boundary,0.02
1621342,CHAPTER 32,breezy,0.02
1621411,CHAPTER 32,brisson,0.02
1621424,CHAPTER 32,broad,0.02
1621521,CHAPTER 32,builder,0.02
1621557,CHAPTER 32,bunched,0.02
1621728,CHAPTER 32,called,0.02
1621830,CHAPTER 32,cape,0.02
1621865,CHAPTER 32,captured,0.02
1622086,CHAPTER 32,centuries,0.02
1622097,CHAPTER 32,certainly,0.02
1622107,CHAPTER 32,cetological,0.02
1622174,CHAPTER 32,chapters,0.02
1622190,CHAPTER 32,charing,0.02
1622278,CHAPTER 32,cheever,0.02
1622309,CHAPTER 32,chiefly,0.02
1622462,CHAPTER 32,circumpolar,0.02
1622468,CHAPTER 32,circumstance,0.02
1622504,CHAPTER 32,claims,0.02
1622543,CHAPTER 32,classed,0.02
1622550,CHAPTER 32,classify,0.02
1622568,CHAPTER 32,clear,0.02
1622633,CHAPTER 32,cloistered,0.02
1622700,CHAPTER 32,coast,0.02
1622841,CHAPTER 32,colour,0.02
1622863,CHAPTER 32,combinations,0.02
1622920,CHAPTER 32,commerce,0.02
1623028,CHAPTER 32,completing,0.02
1623256,CHAPTER 32,connection,0.02
1623319,CHAPTER 32,conspicuously,0.02
1623332,CHAPTER 32,constituents,0.02
1623474,CHAPTER 32,convenient,0.02
1623546,CHAPTER 32,coppered,0.02
1623716,CHAPTER 32,covenant,0.02
1623818,CHAPTER 32,credentials,0.02
1624233,CHAPTER 32,days,0.02
1624359,CHAPTER 32,deep,0.02
1624523,CHAPTER 32,denizen,0.02
1624580,CHAPTER 32,deposed,0.02
1624591,CHAPTER 32,depressed,0.02
1624618,CHAPTER 32,derived,0.02
1624619,CHAPTER 32,derives,0.02
1624673,CHAPTER 32,desmarest,0.02
1624716,CHAPTER 32,detached,0.02
1624848,CHAPTER 32,differ,0.02
1624850,CHAPTER 32,differences,0.02
1624889,CHAPTER 32,dimensioned,0.02
1625212,CHAPTER 32,distilled,0.02
1625216,CHAPTER 32,distinctive,0.02
1625221,CHAPTER 32,distinguishing,0.02
1625278,CHAPTER 32,dividing,0.02
1625286,CHAPTER 32,divings,0.02
1625289,CHAPTER 32,divisions,0.02
1625387,CHAPTER 32,dorsal,0.02
1625407,CHAPTER 32,doubt,0.02
1625564,CHAPTER 32,druggists,0.02
1625602,CHAPTER 32,dugongs,0.02
1625657,CHAPTER 32,dutch,0.02
1625692,CHAPTER 32,earl,0.02
1625726,CHAPTER 32,easy,0.02
1625777,CHAPTER 32,edict,0.02
1625884,CHAPTER 32,elephant,0.02
1625915,CHAPTER 32,elucidating,0.02
1626016,CHAPTER 32,employment,0.02
1626018,CHAPTER 32,employs,0.02
1626100,CHAPTER 32,ends,0.02
1626150,CHAPTER 32,enhance,0.02
1626240,CHAPTER 32,entire,0.02
1626262,CHAPTER 32,enumerate,0.02
1626263,CHAPTER 32,enumerated,0.02
1626379,CHAPTER 32,essay,0.02
1626380,CHAPTER 32,essayed,0.02
1626491,CHAPTER 32,ex,0.02
1626508,CHAPTER 32,example,0.02
1626520,CHAPTER 32,exceedingly,0.02
1626555,CHAPTER 32,exclude,0.02
1626718,CHAPTER 32,expresses,0.02
1626755,CHAPTER 32,extracts,0.02
1626781,CHAPTER 32,eyelids,0.02
1626802,CHAPTER 32,facilitating,0.02
1626805,CHAPTER 32,fact,0.02
1626826,CHAPTER 32,fain,0.02
1626902,CHAPTER 32,far,0.02
1626975,CHAPTER 32,faulty,0.02
1627039,CHAPTER 32,feegee,0.02
1627072,CHAPTER 32,felonious,0.02
1627077,CHAPTER 32,feminam,0.02
1627167,CHAPTER 32,fiftieth,0.02
1627174,CHAPTER 32,figure,0.02
1627197,CHAPTER 32,finally,0.02
1627203,CHAPTER 32,fine,0.02
1627221,CHAPTER 32,fins,0.02
1627484,CHAPTER 32,folder,0.02
1627629,CHAPTER 32,formed,0.02
1627630,CHAPTER 32,formidable,0.02
1627750,CHAPTER 32,french,0.02
1627805,CHAPTER 32,frobisher,0.02
1627835,CHAPTER 32,frugal,0.02
1627870,CHAPTER 32,fundamental,0.02
1627946,CHAPTER 32,gallantly,0.02
1627959,CHAPTER 32,gallon,0.02
1627977,CHAPTER 32,gamesomeness,0.02
1628072,CHAPTER 32,genera,0.02
1628077,CHAPTER 32,generalizing,0.02
1628132,CHAPTER 32,gesner,0.02
1628260,CHAPTER 32,globe,0.02
1628305,CHAPTER 32,gnomon,0.02
1628420,CHAPTER 32,grampus,0.02
1628478,CHAPTER 32,graved,0.02
1628518,CHAPTER 32,greenwich,0.02
1628592,CHAPTER 32,grounds,0.02
1628596,CHAPTER 32,groups,0.02
1628601,CHAPTER 32,growing,0.02
1628603,CHAPTER 32,growlands,0.02
1628841,CHAPTER 32,harbourless,0.02
1628890,CHAPTER 32,hartshorn,0.02
1628920,CHAPTER 32,hater,0.02
1628921,CHAPTER 32,haters,0.02
1628966,CHAPTER 32,hazel,0.02
1629037,CHAPTER 32,heaven,0.02
1629097,CHAPTER 32,help,0.02
1629220,CHAPTER 32,hinder,0.02
1629341,CHAPTER 32,hones,0.02
1629403,CHAPTER 32,horned,0.02
1629461,CHAPTER 32,housekeepers,0.02
1629498,CHAPTER 32,hugeness,0.02
1629505,CHAPTER 32,hull,0.02
1629562,CHAPTER 32,hunter,0.02
1629564,CHAPTER 32,hunters,0.02
1629631,CHAPTER 32,ice,0.02
1629637,CHAPTER 32,icelandic,0.02
1629643,CHAPTER 32,idea,0.02
1629651,CHAPTER 32,identified,0.02
1629683,CHAPTER 32,ignorance,0.02
1630032,CHAPTER 32,incomplete,0.02
1630039,CHAPTER 32,inconclusive,0.02
1630105,CHAPTER 32,indian,0.02
1630140,CHAPTER 32,indistinctness,0.02
1630207,CHAPTER 32,inexpressive,0.02
1630212,CHAPTER 32,infallibly,0.02
1630306,CHAPTER 32,inhabitant,0.02
1630481,CHAPTER 32,insufficient,0.02
1630608,CHAPTER 32,intertwisting,0.02
1630641,CHAPTER 32,intrantem,0.02
1630687,CHAPTER 32,invariably,0.02
1630713,CHAPTER 32,investigators,0.02
1630769,CHAPTER 32,irish,0.02
1630787,CHAPTER 32,irregular,0.02
1630910,CHAPTER 32,jawed,0.02
1630949,CHAPTER 32,jet,0.02
1630962,CHAPTER 32,jewellers,0.02
1631114,CHAPTER 32,jure,0.02
1631187,CHAPTER 32,killers,0.02
1631193,CHAPTER 32,kind,0.02
1631241,CHAPTER 32,knees,0.02
1631272,CHAPTER 32,know,0.02
1631291,CHAPTER 32,label,0.02
1631320,CHAPTER 32,lactantem,0.02
1631345,CHAPTER 32,lamatins,0.02
1631412,CHAPTER 32,large,0.02
1631554,CHAPTER 32,leave,0.02
1631571,CHAPTER 32,leech,0.02
1631589,CHAPTER 32,lege,0.02
1631610,CHAPTER 32,leicester,0.02
1631621,CHAPTER 32,lengthened,0.02
1631633,CHAPTER 32,leopard,0.02
1631670,CHAPTER 32,leviathanism,0.02
1631697,CHAPTER 32,libraries,0.02
1631726,CHAPTER 32,light,0.02
1631806,CHAPTER 32,lips,0.02
1631823,CHAPTER 32,lists,0.02
1631829,CHAPTER 32,literature,0.02
1632093,CHAPTER 32,lungless,0.02
1632094,CHAPTER 32,lungs,0.02
1632178,CHAPTER 32,macey,0.02
1632188,CHAPTER 32,macrocephalus,0.02
1632326,CHAPTER 32,mammis,0.02
1632329,CHAPTER 32,man,0.02
1632480,CHAPTER 32,marten,0.02
1632567,CHAPTER 32,matter,0.02
1632607,CHAPTER 32,mean,0.02
1632641,CHAPTER 32,medicament,0.02
1632716,CHAPTER 32,mephistophelean,0.02
1632741,CHAPTER 32,meritoque,0.02
1632766,CHAPTER 32,messmates,0.02
1632789,CHAPTER 32,methodization,0.02
1632814,CHAPTER 32,middling,0.02
1632916,CHAPTER 32,miriam,0.02
1633078,CHAPTER 32,monarch,0.02
1633149,CHAPTER 32,moot,0.02
1633252,CHAPTER 32,mouth,0.02
1633307,CHAPTER 32,multitudinously,0.02
1633406,CHAPTER 32,mysticetus,0.02
1633428,CHAPTER 32,named,0.02
1633437,CHAPTER 32,nantucketer,0.02
1633485,CHAPTER 32,naturæ,0.02
1633502,CHAPTER 32,nay,0.02
1633621,CHAPTER 32,new,0.02
1633699,CHAPTER 32,nomenclature,0.02
1633733,CHAPTER 32,nosed,0.02
1633786,CHAPTER 32,numbered,0.02
1633837,CHAPTER 32,object,0.02
1633867,CHAPTER 32,obscurity,0.02
1633898,CHAPTER 32,obtained,0.02
1633906,CHAPTER 32,obviously,0.02
1633935,CHAPTER 32,octavoes,0.02
1634000,CHAPTER 32,ointment,0.02
1634003,CHAPTER 32,old,0.02
1634012,CHAPTER 32,olmstead,0.02
1634071,CHAPTER 32,opinion,0.02
1634119,CHAPTER 32,ordinaire,0.02
1634143,CHAPTER 32,original,0.02
1634145,CHAPTER 32,originally,0.02
1634211,CHAPTER 32,outlaws,0.02
1634362,CHAPTER 32,pacific,0.02
1634454,CHAPTER 32,pamphlets,0.02
1634630,CHAPTER 32,passports,0.02
1634631,CHAPTER 32,past,0.02
1634749,CHAPTER 32,peculiarities,0.02
1634807,CHAPTER 32,pelvis,0.02
1634821,CHAPTER 32,penem,0.02
1634883,CHAPTER 32,perfected,0.02
1635054,CHAPTER 32,philologically,0.02
1635083,CHAPTER 32,physeter,0.02
1635121,CHAPTER 32,piercer,0.02
1635130,CHAPTER 32,pig,0.02
1635262,CHAPTER 32,plain,0.02
1635265,CHAPTER 32,plainly,0.02
1635523,CHAPTER 32,popularly,0.02
1635628,CHAPTER 32,pottsfich,0.02
1635653,CHAPTER 32,power,0.02
1635724,CHAPTER 32,precisely,0.02
1635778,CHAPTER 32,premonitory,0.02
1635947,CHAPTER 32,proceed,0.02
1635957,CHAPTER 32,proclamation,0.02
1635967,CHAPTER 32,prodigies,0.02
1635986,CHAPTER 32,profanely,0.02
1635990,CHAPTER 32,professed,0.02
1636008,CHAPTER 32,profitably,0.02
1636031,CHAPTER 32,project,0.02
1636102,CHAPTER 32,proportionate,0.02
1636188,CHAPTER 32,provoke,0.02
1636302,CHAPTER 32,purpose,0.02
1636421,CHAPTER 32,quickening,0.02
1636446,CHAPTER 32,quite,0.02
1636458,CHAPTER 32,quog,0.02
1636471,CHAPTER 32,rabble,0.02
1636490,CHAPTER 32,radical,0.02
1636661,CHAPTER 32,readily,0.02
1636667,CHAPTER 32,real,0.02
1636674,CHAPTER 32,really,0.02
1636753,CHAPTER 32,reckon,0.02
1636856,CHAPTER 32,reference,0.02
1636927,CHAPTER 32,regularly,0.02
1636940,CHAPTER 32,reigneth,0.02
1637019,CHAPTER 32,remains,0.02
1637064,CHAPTER 32,remotest,0.02
1637116,CHAPTER 32,repellingly,0.02
1637268,CHAPTER 32,respect,0.02
1637368,CHAPTER 32,rev,0.02
1637449,CHAPTER 32,rhubarb,0.02
1637551,CHAPTER 32,ripples,0.02
1637646,CHAPTER 32,rondeletius,0.02
1637672,CHAPTER 32,rostrated,0.02
1637681,CHAPTER 32,rotund,0.02
1637864,CHAPTER 32,sailed,0.02
1637906,CHAPTER 32,salts,0.02
1638003,CHAPTER 32,savage,0.02
1638030,CHAPTER 32,say,0.02
1638070,CHAPTER 32,scarcity,0.02
1638107,CHAPTER 32,schoolmasters,0.02
1638174,CHAPTER 32,scragg,0.02
1638361,CHAPTER 32,seldom,0.02
1638484,CHAPTER 32,set,0.02
1638525,CHAPTER 32,shad,0.02
1638594,CHAPTER 32,sharks,0.02
1638595,CHAPTER 32,sharp,0.02
1638823,CHAPTER 32,shy,0.02
1638829,CHAPTER 32,sibbald,0.02
1638884,CHAPTER 32,signifying,0.02
1638907,CHAPTER 32,simeon,0.02
1638966,CHAPTER 32,sir,0.02
1638991,CHAPTER 32,sixteen,0.02
1639417,CHAPTER 32,somewhat,0.02
1639429,CHAPTER 32,sonorous,0.02
1639460,CHAPTER 32,sorter,0.02
1639549,CHAPTER 32,specially,0.02
1639604,CHAPTER 32,spherical,0.02
1639691,CHAPTER 32,spoils,0.02
1639734,CHAPTER 32,spouts,0.02
1640164,CHAPTER 32,streaks,0.02
1640266,CHAPTER 32,study,0.02
1640309,CHAPTER 32,subdivisible,0.02
1640311,CHAPTER 32,subdivisions,0.02
1640314,CHAPTER 32,subject,0.02
1640330,CHAPTER 32,submitted,0.02
1640440,CHAPTER 32,suggest,0.02
1640465,CHAPTER 32,sulphur,0.02
1640679,CHAPTER 32,suspecting,0.02
1640743,CHAPTER 32,swedes,0.02
1640774,CHAPTER 32,swimming,0.02
1640836,CHAPTER 32,systematization,0.02
1640837,CHAPTER 32,systematized,0.02
1640838,CHAPTER 32,systematizer,0.02
1640872,CHAPTER 32,tail_,0.02
1640898,CHAPTER 32,tall,0.02
1640956,CHAPTER 32,tartarian,0.02
1640961,CHAPTER 32,task,0.02
1640986,CHAPTER 32,tauntings,0.02
1641027,CHAPTER 32,teeth,0.02
1641219,CHAPTER 32,thing,0.02
1641248,CHAPTER 32,thomas,0.02
1641272,CHAPTER 32,thrasher,0.02
1641273,CHAPTER 32,thrashing,0.02
1641399,CHAPTER 32,times,0.02
1641455,CHAPTER 32,titles,0.02
1641580,CHAPTER 32,torture,0.02
1641600,CHAPTER 32,touching,0.02
1641634,CHAPTER 32,tracks,0.02
1641907,CHAPTER 32,trumpa,0.02
1641994,CHAPTER 32,tusk,0.02
1642048,CHAPTER 32,type,0.02
1642218,CHAPTER 32,uncompleted,0.02
1642252,CHAPTER 32,uncouth,0.02
1642406,CHAPTER 32,unexpectedly,0.02
1642430,CHAPTER 32,unfinished,0.02
1642433,CHAPTER 32,unfitness,0.02
1642506,CHAPTER 32,unicornism,0.02
1642567,CHAPTER 32,unknown,0.02
1642775,CHAPTER 32,unsavory,0.02
1642799,CHAPTER 32,unsettled,0.02
1642807,CHAPTER 32,unshored,0.02
1642987,CHAPTER 32,upwards,0.02
1643015,CHAPTER 32,usurpation,0.02
1643017,CHAPTER 32,usurper,0.02
1643031,CHAPTER 32,utterly,0.02
1643056,CHAPTER 32,vain,0.02
1643218,CHAPTER 32,vestibule,0.02
1643346,CHAPTER 32,visible,0.02
1643397,CHAPTER 32,volatile,0.02
1643422,CHAPTER 32,voracity,0.02
1643440,CHAPTER 32,voyage,0.02
1643484,CHAPTER 32,waist,0.02
1643498,CHAPTER 32,waiving,0.02
1643508,CHAPTER 32,walfish,0.02
1643575,CHAPTER 32,warm,0.02
1643629,CHAPTER 32,watchmakers,0.02
1643642,CHAPTER 32,waters,0.02
1643654,CHAPTER 32,wavy,0.02
1643659,CHAPTER 32,way,0.02
1643774,CHAPTER 32,whaleman,0.02
1643779,CHAPTER 32,whales_,0.02
1643872,CHAPTER 32,white,0.02
1643941,CHAPTER 32,willoughby,0.02
1644099,CHAPTER 32,word,0.02
1644123,CHAPTER 32,worried,0.02
1644212,CHAPTER 32,written,0.02
1644286,CHAPTER 32,ye,0.02
1644309,CHAPTER 32,yield,0.02
1617935,CHAPTER 32,_a,0.01
1618214,CHAPTER 32,_i,0.01
1618667,CHAPTER 32,able,0.01
1618701,CHAPTER 32,absence,0.01
1618730,CHAPTER 32,absurd,0.01
1618766,CHAPTER 32,accidentally,0.01
1618795,CHAPTER 32,account,0.01
1618879,CHAPTER 32,adapted,0.01
1618905,CHAPTER 32,adieu,0.01
1618959,CHAPTER 32,adopted,0.01
1618984,CHAPTER 32,advance,0.01
1618987,CHAPTER 32,advances,0.01
1619054,CHAPTER 32,afford,0.01
1619118,CHAPTER 32,ago,0.01
1619130,CHAPTER 32,agree,0.01
1619221,CHAPTER 32,alien,0.01
1619351,CHAPTER 32,americans,0.01
1619396,CHAPTER 32,analogous,0.01
1619409,CHAPTER 32,anatomical,0.01
1619423,CHAPTER 32,ancient,0.01
1619444,CHAPTER 32,angles,0.01
1619448,CHAPTER 32,angular,0.01
1619451,CHAPTER 32,animal,0.01
1619455,CHAPTER 32,animated,0.01
1619501,CHAPTER 32,answers,0.01
1619543,CHAPTER 32,anvil,0.01
1619550,CHAPTER 32,anybody,0.01
1619581,CHAPTER 32,appal,0.01
1619601,CHAPTER 32,appearance,0.01
1619608,CHAPTER 32,appellation,0.01
1619657,CHAPTER 32,approach,0.01
1619660,CHAPTER 32,approaching,0.01
1619714,CHAPTER 32,architect,0.01
1619724,CHAPTER 32,arctic,0.01
1619738,CHAPTER 32,argument,0.01
1619758,CHAPTER 32,aristotle,0.01
1619988,CHAPTER 32,atlantic,0.01
1620009,CHAPTER 32,attain,0.01
1620023,CHAPTER 32,attend,0.01
1620040,CHAPTER 32,attested,0.01
1620102,CHAPTER 32,authority,0.01
1620116,CHAPTER 32,available,0.01
1620157,CHAPTER 32,aware,0.01
1620163,CHAPTER 32,awful,0.01
1620206,CHAPTER 32,backed,0.01
1620231,CHAPTER 32,bag,0.01
1620322,CHAPTER 32,banks,0.01
1620377,CHAPTER 32,barnacled,0.01
1620381,CHAPTER 32,baron,0.01
1620391,CHAPTER 32,barren,0.01
1620405,CHAPTER 32,based,0.01
1620471,CHAPTER 32,beaked,0.01
1620488,CHAPTER 32,bearing,0.01
1620586,CHAPTER 32,begun,0.01
1620598,CHAPTER 32,behold,0.01
1620602,CHAPTER 32,beholding,0.01
1620640,CHAPTER 32,belly,0.01
1620755,CHAPTER 32,better,0.01
1620775,CHAPTER 32,bible,0.01
1620792,CHAPTER 32,bigness,0.01
1620809,CHAPTER 32,billows,0.01
1620874,CHAPTER 32,blackness,0.01
1620883,CHAPTER 32,blade,0.01
1620947,CHAPTER 32,blessed,0.01
1620987,CHAPTER 32,blood,0.01
1620988,CHAPTER 32,blooded,0.01
1621005,CHAPTER 32,blowing,0.01
1621008,CHAPTER 32,blubber,0.01
1621012,CHAPTER 32,blue,0.01
1621083,CHAPTER 32,bold,0.01
1621165,CHAPTER 32,bottle,0.01
1621205,CHAPTER 32,bowels,0.01
1621264,CHAPTER 32,branch,0.01
1621297,CHAPTER 32,brazil,0.01
1621313,CHAPTER 32,breaks,0.01
1621325,CHAPTER 32,breathing,0.01
1621374,CHAPTER 32,brief,0.01
1621385,CHAPTER 32,bright,0.01
1621401,CHAPTER 32,brimstone,0.01
1621464,CHAPTER 32,brotherhood,0.01
1621467,CHAPTER 32,brought,0.01
1621487,CHAPTER 32,brute,0.01
1621500,CHAPTER 32,buckle,0.01
1621603,CHAPTER 32,burn,0.01
1621658,CHAPTER 32,buy,0.01
1621678,CHAPTER 32,cable,0.01
1621684,CHAPTER 32,cachalot,0.01
1621701,CHAPTER 32,cain,0.01
1621735,CHAPTER 32,calm,0.01
1621797,CHAPTER 32,cannon,0.01
1621848,CHAPTER 32,caps,0.01
1621856,CHAPTER 32,captain,0.01
1621864,CHAPTER 32,capture,0.01
1621922,CHAPTER 32,carries,0.01
1621949,CHAPTER 32,case,0.01
1621954,CHAPTER 32,cash,0.01
1621976,CHAPTER 32,casts,0.01
1622002,CHAPTER 32,cathedral,0.01
1622015,CHAPTER 32,caught,0.01
1622096,CHAPTER 32,certain,0.01
1622143,CHAPTER 32,chance,0.01
1622144,CHAPTER 32,chanced,0.01
1622162,CHAPTER 32,chaos,0.01
1622221,CHAPTER 32,chased,0.01
1622247,CHAPTER 32,cheap,0.01
1622272,CHAPTER 32,cheers,0.01
1622434,CHAPTER 32,circle,0.01
1622482,CHAPTER 32,cited,0.01
1622679,CHAPTER 32,clumsy,0.01
1622753,CHAPTER 32,coffins,0.01
1622754,CHAPTER 32,cogent,0.01
1622784,CHAPTER 32,cold,0.01
1622826,CHAPTER 32,cologne,0.01
1622845,CHAPTER 32,colours,0.01
1622938,CHAPTER 32,common,0.01
1622978,CHAPTER 32,company,0.01
1622983,CHAPTER 32,compared,0.01
1623060,CHAPTER 32,comprehend,0.01
1623066,CHAPTER 32,comprehensive,0.01
1623072,CHAPTER 32,comprises,0.01
1623097,CHAPTER 32,conceived,0.01
1623112,CHAPTER 32,concerning,0.01
1623152,CHAPTER 32,condition,0.01
1623190,CHAPTER 32,confined,0.01
1623220,CHAPTER 32,confusion,0.01
1623294,CHAPTER 32,considerable,0.01
1623300,CHAPTER 32,considered,0.01
1623318,CHAPTER 32,conspicuous,0.01
1623384,CHAPTER 32,contemptible,0.01
1623427,CHAPTER 32,contracted,0.01
1623500,CHAPTER 32,conveys,0.01
1623541,CHAPTER 32,copestone,0.01
1623598,CHAPTER 32,correct,0.01
1623601,CHAPTER 32,correctly,0.01
1623609,CHAPTER 32,corresponding,0.01
1623659,CHAPTER 32,countenance,0.01
1623690,CHAPTER 32,coupled,0.01
1623696,CHAPTER 32,course,0.01
1623719,CHAPTER 32,covering,0.01
1623726,CHAPTER 32,coward,0.01
1623767,CHAPTER 32,crane,0.01
1623817,CHAPTER 32,creatures,0.01
1623902,CHAPTER 32,cross,0.01
1623906,CHAPTER 32,crossing,0.01
1623920,CHAPTER 32,crowd,0.01
1623952,CHAPTER 32,cruising,0.01
1624033,CHAPTER 32,curiosity,0.01
1624034,CHAPTER 32,curious,0.01
1624035,CHAPTER 32,curiously,0.01
1624060,CHAPTER 32,curved,0.01
1624251,CHAPTER 32,deal,0.01
1624253,CHAPTER 32,dealers,0.01
1624261,CHAPTER 32,death,0.01
1624328,CHAPTER 32,declares,0.01
1624367,CHAPTER 32,deer,0.01
1624396,CHAPTER 32,define,0.01
1624449,CHAPTER 32,delicate,0.01
1624455,CHAPTER 32,delight,0.01
1624550,CHAPTER 32,deny,0.01
1624622,CHAPTER 32,descend,0.01
1624633,CHAPTER 32,descried,0.01
1624732,CHAPTER 32,determinate,0.01
1624834,CHAPTER 32,did,0.01
1624849,CHAPTER 32,difference,0.01
1624853,CHAPTER 32,differs,0.01
1624890,CHAPTER 32,dimensions,0.01
1624965,CHAPTER 32,discernible,0.01
1625146,CHAPTER 32,dispersed,0.01
1625202,CHAPTER 32,distant,0.01
1625213,CHAPTER 32,distinct,0.01
1625214,CHAPTER 32,distinction,0.01
1625274,CHAPTER 32,divide,0.01
1625348,CHAPTER 32,domestic,0.01
1625398,CHAPTER 32,dotted,0.01
1625411,CHAPTER 32,doubtless,0.01
1625700,CHAPTER 32,earnest,0.01
1625705,CHAPTER 32,ears,0.01
1625730,CHAPTER 32,eating,0.01
1625799,CHAPTER 32,effect,0.01
1625834,CHAPTER 32,eighteen,0.01
1625919,CHAPTER 32,eludes,0.01
1625970,CHAPTER 32,embrace,0.01
1626014,CHAPTER 32,employed,0.01
1626061,CHAPTER 32,encounter,0.01
1626075,CHAPTER 32,end,0.01
1626083,CHAPTER 32,endeavors,0.01
1626094,CHAPTER 32,endless,0.01
1626135,CHAPTER 32,england,0.01
1626173,CHAPTER 32,enlarged,0.01
1626216,CHAPTER 32,enter,0.01
1626244,CHAPTER 32,entitled,0.01
1626303,CHAPTER 32,equal,0.01
1626327,CHAPTER 32,ere,0.01
1626332,CHAPTER 32,erections,0.01
1626360,CHAPTER 32,escaped,0.01
1626369,CHAPTER 32,especially,0.01
1626385,CHAPTER 32,essential,0.01
1626463,CHAPTER 32,everlasting,0.01
1626492,CHAPTER 32,exact,0.01
1626517,CHAPTER 32,exceed,0.01
1626519,CHAPTER 32,exceeding,0.01
1626525,CHAPTER 32,excellent,0.01
1626531,CHAPTER 32,exception,0.01
1626609,CHAPTER 32,exhibition,0.01
1626626,CHAPTER 32,existing,0.01
1626627,CHAPTER 32,exists,0.01
1626635,CHAPTER 32,expanded,0.01
1626716,CHAPTER 32,express,0.01
1626740,CHAPTER 32,external,0.01
1626742,CHAPTER 32,externals,0.01
1626752,CHAPTER 32,extracted,0.01
1626782,CHAPTER 32,eyes,0.01
1626794,CHAPTER 32,face,0.01
1626831,CHAPTER 32,fainting,0.01
1626868,CHAPTER 32,familiar,0.01
1626873,CHAPTER 32,families,0.01
1626879,CHAPTER 32,famous,0.01
1626929,CHAPTER 32,fashioned,0.01
1626999,CHAPTER 32,fearful,0.01
1627019,CHAPTER 32,feature,0.01
1627025,CHAPTER 32,fed,0.01
1627037,CHAPTER 32,feeding,0.01
1627104,CHAPTER 32,ferule,0.01
1627151,CHAPTER 32,field,0.01
1627188,CHAPTER 32,filled,0.01
1627201,CHAPTER 32,finding,0.01
1627216,CHAPTER 32,finished,0.01
1627247,CHAPTER 32,fishers,0.01
1627249,CHAPTER 32,fishes,0.01
1627312,CHAPTER 32,flat,0.01
1627393,CHAPTER 32,flogging,0.01
1627434,CHAPTER 32,fluid,0.01
1627461,CHAPTER 32,foam,0.01
1627470,CHAPTER 32,foes,0.01
1627486,CHAPTER 32,folds,0.01
1627495,CHAPTER 32,follow,0.01
1627500,CHAPTER 32,follows,0.01
1627506,CHAPTER 32,food,0.01
1627543,CHAPTER 32,fore,0.01
1627623,CHAPTER 32,form,0.01
1627644,CHAPTER 32,forth,0.01
1627673,CHAPTER 32,foundations,0.01
1627674,CHAPTER 32,founded,0.01
1627686,CHAPTER 32,fourth,0.01
1627734,CHAPTER 32,frederick,0.01
1627761,CHAPTER 32,frequently,0.01
1627782,CHAPTER 32,friends,0.01
1627846,CHAPTER 32,fugitive,0.01
1627896,CHAPTER 32,furnished,0.01
1627914,CHAPTER 32,future,0.01
1627960,CHAPTER 32,gallons,0.01
1627976,CHAPTER 32,gamesome,0.01
1628032,CHAPTER 32,gathered,0.01
1628044,CHAPTER 32,gay,0.01
1628073,CHAPTER 32,general,0.01
1628128,CHAPTER 32,germans,0.01
1628161,CHAPTER 32,gifted,0.01
1628194,CHAPTER 32,given,0.01
1628197,CHAPTER 32,giving,0.01
1628320,CHAPTER 32,god,0.01
1628327,CHAPTER 32,godly,0.01
1628329,CHAPTER 32,goes,0.01
1628335,CHAPTER 32,going,0.01
1628375,CHAPTER 32,got,0.01
1628508,CHAPTER 32,green,0.01
1628522,CHAPTER 32,gregarious,0.01
1628548,CHAPTER 32,grin,0.01
1628577,CHAPTER 32,grope,0.01
1628727,CHAPTER 32,hailed,0.01
1628742,CHAPTER 32,half,0.01
1628780,CHAPTER 32,hand,0.01
1628784,CHAPTER 32,handed,0.01
1628799,CHAPTER 32,hands,0.01
1628814,CHAPTER 32,hangs,0.01
1628826,CHAPTER 32,happens,0.01
1628834,CHAPTER 32,harbor,0.01
1628843,CHAPTER 32,hard,0.01
1628849,CHAPTER 32,hardly,0.01
1628877,CHAPTER 32,harpooneer,0.01
1628949,CHAPTER 32,having,0.01
1628960,CHAPTER 32,hay,0.01
1628969,CHAPTER 32,head,0.01
1628998,CHAPTER 32,hear,0.01
1628999,CHAPTER 32,heard,0.01
1629011,CHAPTER 32,heart,0.01
1629012,CHAPTER 32,hearted,0.01
1629133,CHAPTER 32,herds,0.01
1629160,CHAPTER 32,herring,0.01
1629202,CHAPTER 32,hilarious,0.01
1629232,CHAPTER 32,hinted,0.01
1629252,CHAPTER 32,historians,0.01
1629256,CHAPTER 32,history,0.01
1629257,CHAPTER 32,hit,0.01
1629296,CHAPTER 32,hold,0.01
1629318,CHAPTER 32,hollow,0.01
1629324,CHAPTER 32,holy,0.01
1629371,CHAPTER 32,hook,0.01
1629372,CHAPTER 32,hooked,0.01
1629384,CHAPTER 32,hope,0.01
1629408,CHAPTER 32,horns,0.01
1629439,CHAPTER 32,host,0.01
1629453,CHAPTER 32,hour,0.01
1629489,CHAPTER 32,hue,0.01
1629506,CHAPTER 32,hulls,0.01
1629508,CHAPTER 32,human,0.01
1629523,CHAPTER 32,humbug,0.01
1629534,CHAPTER 32,humor,0.01
1629555,CHAPTER 32,hung,0.01
1629632,CHAPTER 32,iceberg,0.01
1629649,CHAPTER 32,identical,0.01
1629654,CHAPTER 32,identity,0.01
1629694,CHAPTER 32,ill,0.01
1629759,CHAPTER 32,immense,0.01
1629761,CHAPTER 32,immensities,0.01
1629819,CHAPTER 32,impenetrable,0.01
1629865,CHAPTER 32,importance,0.01
1629878,CHAPTER 32,impossible,0.01
1629957,CHAPTER 32,inasmuch,0.01
1630054,CHAPTER 32,incorporated,0.01
1630109,CHAPTER 32,indications,0.01
1630132,CHAPTER 32,indispensable,0.01
1630148,CHAPTER 32,individuality,0.01
1630233,CHAPTER 32,inferior,0.01
1630279,CHAPTER 32,informed,0.01
1630359,CHAPTER 32,inner,0.01
1630387,CHAPTER 32,inquiry,0.01
1630450,CHAPTER 32,instance,0.01
1630458,CHAPTER 32,instead,0.01
1630527,CHAPTER 32,intention,0.01
1630648,CHAPTER 32,intricate,0.01
1630707,CHAPTER 32,invested,0.01
1630754,CHAPTER 32,involved,0.01
1630833,CHAPTER 32,isolated,0.01
1630835,CHAPTER 32,isolation,0.01
1630851,CHAPTER 32,items,0.01
1630853,CHAPTER 32,ivory,0.01
1630909,CHAPTER 32,jaw,0.01
1630911,CHAPTER 32,jaws,0.01
1630960,CHAPTER 32,jewelled,0.01
1630983,CHAPTER 32,job,0.01
1631019,CHAPTER 32,jolly,0.01
1631022,CHAPTER 32,jonah,0.01
1631095,CHAPTER 32,july,0.01
1631110,CHAPTER 32,junk,0.01
1631120,CHAPTER 32,just,0.01
1631161,CHAPTER 32,kept,0.01
1631206,CHAPTER 32,kinds,0.01
1631244,CHAPTER 32,knew,0.01
1631297,CHAPTER 32,laborers,0.01
1631321,CHAPTER 32,lacépède,0.01
1631326,CHAPTER 32,ladies,0.01
1631329,CHAPTER 32,lads,0.01
1631336,CHAPTER 32,laid,0.01
1631359,CHAPTER 32,lance,0.01
1631364,CHAPTER 32,land,0.01
1631416,CHAPTER 32,larger,0.01
1631436,CHAPTER 32,lastly,0.01
1631448,CHAPTER 32,latest,0.01
1631456,CHAPTER 32,latitudes,0.01
1631469,CHAPTER 32,launched,0.01
1631488,CHAPTER 32,lawless,0.01
1631517,CHAPTER 32,leading,0.01
1631580,CHAPTER 32,left,0.01
1631642,CHAPTER 32,lesson,0.01
1631645,CHAPTER 32,let,0.01
1631686,CHAPTER 32,liberal,0.01
1631715,CHAPTER 32,life,0.01
1631730,CHAPTER 32,lighter,0.01
1631738,CHAPTER 32,lights,0.01
1631750,CHAPTER 32,likeness,0.01
1631753,CHAPTER 32,likewise,0.01
1631783,CHAPTER 32,lines,0.01
1631793,CHAPTER 32,link,0.01
1631803,CHAPTER 32,lip,0.01
1631815,CHAPTER 32,listen,0.01
1631826,CHAPTER 32,literally,0.01
1631840,CHAPTER 32,live,0.01
1631853,CHAPTER 32,lives,0.01
1631856,CHAPTER 32,living,0.01
1631920,CHAPTER 32,lofty,0.01
1631955,CHAPTER 32,look,0.01
1631964,CHAPTER 32,looks,0.01
1631999,CHAPTER 32,lost,0.01
1632008,CHAPTER 32,loud,0.01
1632025,CHAPTER 32,lovely,0.01
1632036,CHAPTER 32,lowered,0.01
1632063,CHAPTER 32,lucky,0.01
1632107,CHAPTER 32,lurking,0.01
1632280,CHAPTER 32,majestic,0.01
1632288,CHAPTER 32,make,0.01
1632291,CHAPTER 32,makes,0.01
1632294,CHAPTER 32,making,0.01
1632302,CHAPTER 32,male,0.01
1632380,CHAPTER 32,manner,0.01
1632402,CHAPTER 32,manufactured,0.01
1632437,CHAPTER 32,mariner,0.01
1632443,CHAPTER 32,mark,0.01
1632475,CHAPTER 32,marshalled,0.01
1632603,CHAPTER 32,meal,0.01
1632615,CHAPTER 32,means,0.01
1632625,CHAPTER 32,meat,0.01
1632647,CHAPTER 32,meditation,0.01
1632694,CHAPTER 32,men,0.01
1632711,CHAPTER 32,mention,0.01
1632712,CHAPTER 32,mentioned,0.01
1632713,CHAPTER 32,mentioning,0.01
1632730,CHAPTER 32,mere,0.01
1632784,CHAPTER 32,method,0.01
1632835,CHAPTER 32,mighty,0.01
1632854,CHAPTER 32,milk,0.01
1632890,CHAPTER 32,miniature,0.01
1632902,CHAPTER 32,minute,0.01
1632924,CHAPTER 32,misanthropic,0.01
1632975,CHAPTER 32,mistaken,0.01
1633027,CHAPTER 32,moderate,0.01
1633029,CHAPTER 32,moderately,0.01
1633115,CHAPTER 32,monster,0.01
1633240,CHAPTER 32,mounts,0.01
1633257,CHAPTER 32,mouths,0.01
1633259,CHAPTER 32,movable,0.01
1633436,CHAPTER 32,nantucket,0.01
1633438,CHAPTER 32,nantucketers,0.01
1633478,CHAPTER 32,natural,0.01
1633479,CHAPTER 32,naturalist,0.01
1633509,CHAPTER 32,nearly,0.01
1633511,CHAPTER 32,neat,0.01
1633521,CHAPTER 32,necessarily,0.01
1633539,CHAPTER 32,need,0.01
1633698,CHAPTER 32,noisy,0.01
1633725,CHAPTER 32,northern,0.01
1633746,CHAPTER 32,note,0.01
1633752,CHAPTER 32,noticed,0.01
1633756,CHAPTER 32,notion,0.01
1633760,CHAPTER 32,notwithstanding,0.01
1633774,CHAPTER 32,nowadays,0.01
1633856,CHAPTER 32,oblong,0.01
1633886,CHAPTER 32,obsolete,0.01
1633905,CHAPTER 32,obvious,0.01
1633924,CHAPTER 32,occurred,0.01
1633929,CHAPTER 32,ocean,0.01
1633931,CHAPTER 32,oceans,0.01
1633950,CHAPTER 32,odorous,0.01
1633964,CHAPTER 32,offer,0.01
1633969,CHAPTER 32,office,0.01
1633993,CHAPTER 32,oh,0.01
1634006,CHAPTER 32,oldest,0.01
1634010,CHAPTER 32,olive,0.01
1634018,CHAPTER 32,omen,0.01
1634023,CHAPTER 32,omit,0.01
1634069,CHAPTER 32,opine,0.01
1634114,CHAPTER 32,order,0.01
1634123,CHAPTER 32,ordinary,0.01
1634186,CHAPTER 32,ounce,0.01
1634215,CHAPTER 32,outline,0.01
1634344,CHAPTER 32,owing,0.01
1634347,CHAPTER 32,owner,0.01
1634366,CHAPTER 32,pack,0.01
1634370,CHAPTER 32,packet,0.01
1634412,CHAPTER 32,palace,0.01
1634588,CHAPTER 32,particulars,0.01
1634605,CHAPTER 32,pass,0.01
1634606,CHAPTER 32,passage,0.01
1634612,CHAPTER 32,passengers,0.01
1634657,CHAPTER 32,patience,0.01
1634726,CHAPTER 32,peaked,0.01
1634748,CHAPTER 32,peculiar,0.01
1634757,CHAPTER 32,peddler,0.01
1634852,CHAPTER 32,people,0.01
1634858,CHAPTER 32,pequod,0.01
1634903,CHAPTER 32,period,0.01
1634965,CHAPTER 32,personally,0.01
1634985,CHAPTER 32,pertaining,0.01
1635057,CHAPTER 32,philosophers,0.01
1635111,CHAPTER 32,picturesque,0.01
1635138,CHAPTER 32,pike,0.01
1635201,CHAPTER 32,pirate,0.01
1635244,CHAPTER 32,place,0.01
1635249,CHAPTER 32,places,0.01
1635276,CHAPTER 32,plan,0.01
1635354,CHAPTER 32,plenty,0.01
1635363,CHAPTER 32,pliny,0.01
1635391,CHAPTER 32,plump,0.01
1635421,CHAPTER 32,poetic,0.01
1635425,CHAPTER 32,poets,0.01
1635428,CHAPTER 32,point,0.01
1635430,CHAPTER 32,pointed,0.01
1635440,CHAPTER 32,poison,0.01
1635449,CHAPTER 32,polar,0.01
1635499,CHAPTER 32,ponderous,0.01
1635511,CHAPTER 32,poor,0.01
1635560,CHAPTER 32,portly,0.01
1635567,CHAPTER 32,ports,0.01
1635575,CHAPTER 32,position,0.01
1635582,CHAPTER 32,possessing,0.01
1635583,CHAPTER 32,possession,0.01
1635590,CHAPTER 32,post,0.01
1635595,CHAPTER 32,posterity,0.01
1635662,CHAPTER 32,practicable,0.01
1635723,CHAPTER 32,precise,0.01
1635763,CHAPTER 32,preliminaries,0.01
1635783,CHAPTER 32,preparations,0.01
1635816,CHAPTER 32,presents,0.01
1635819,CHAPTER 32,preserve,0.01
1635863,CHAPTER 32,pretty,0.01
1635877,CHAPTER 32,prices,0.01
1635891,CHAPTER 32,primary,0.01
1635914,CHAPTER 32,priority,0.01
1635952,CHAPTER 32,process,0.01
1635968,CHAPTER 32,prodigious,0.01
1635992,CHAPTER 32,professional,0.01
1636012,CHAPTER 32,profound,0.01
1636013,CHAPTER 32,profounder,0.01
1636033,CHAPTER 32,projecting,0.01
1636050,CHAPTER 32,promise,0.01
1636085,CHAPTER 32,proper,0.01
1636161,CHAPTER 32,prove,0.01
1636163,CHAPTER 32,proverb,0.01
1636223,CHAPTER 32,pudding,0.01
1636315,CHAPTER 32,pursue,0.01
1636316,CHAPTER 32,pursued,0.01
1636319,CHAPTER 32,pursuit,0.01
1636371,CHAPTER 32,quality,0.01
1636373,CHAPTER 32,quantity,0.01
1636387,CHAPTER 32,quarters,0.01
1636395,CHAPTER 32,queen,0.01
1636445,CHAPTER 32,quit,0.01
1636465,CHAPTER 32,quoted,0.01
1636474,CHAPTER 32,race,0.01
1636528,CHAPTER 32,rake,0.01
1636610,CHAPTER 32,rate,0.01
1636645,CHAPTER 32,ray,0.01
1636663,CHAPTER 32,reading,0.01
1636689,CHAPTER 32,reason,0.01
1636696,CHAPTER 32,reasons,0.01
1636764,CHAPTER 32,recognised,0.01
1636904,CHAPTER 32,regard,0.01
1636925,CHAPTER 32,regular,0.01
1636942,CHAPTER 32,reigns,0.01
1636988,CHAPTER 32,reliable,0.01
1637063,CHAPTER 32,remoter,0.01
1637188,CHAPTER 32,reputation,0.01
1637191,CHAPTER 32,request,0.01
1637208,CHAPTER 32,research,0.01
1637320,CHAPTER 32,result,0.01
1637330,CHAPTER 32,retain,0.01
1637331,CHAPTER 32,retained,0.01
1637356,CHAPTER 32,retreats,0.01
1637362,CHAPTER 32,return,0.01
1637363,CHAPTER 32,returned,0.01
1637377,CHAPTER 32,revelations,0.01
1637458,CHAPTER 32,ribs,0.01
1637477,CHAPTER 32,ridge,0.01
1637558,CHAPTER 32,rises,0.01
1637571,CHAPTER 32,rival,0.01
1637578,CHAPTER 32,rivers,0.01
1637609,CHAPTER 32,rock,0.01
1637633,CHAPTER 32,rolls,0.01
1637635,CHAPTER 32,roman,0.01
1637662,CHAPTER 32,rope,0.01
1637671,CHAPTER 32,ross,0.01
1637688,CHAPTER 32,round,0.01
1637761,CHAPTER 32,rule,0.01
1637783,CHAPTER 32,run,0.01
1637819,CHAPTER 32,sable,0.01
1637860,CHAPTER 32,said,0.01
1637872,CHAPTER 32,sailors,0.01
1637877,CHAPTER 32,saith,0.01
1637986,CHAPTER 32,satisfy,0.01
1638022,CHAPTER 32,saw,0.01
1638068,CHAPTER 32,scarce,0.01
1638183,CHAPTER 32,scraping,0.01
1638255,CHAPTER 32,seamen,0.01
1638287,CHAPTER 32,second,0.01
1638403,CHAPTER 32,sense,0.01
1638419,CHAPTER 32,sentimental,0.01
1638472,CHAPTER 32,serve,0.01
1638490,CHAPTER 32,settle,0.01
1638491,CHAPTER 32,settled,0.01
1638502,CHAPTER 32,seventy,0.01
1638533,CHAPTER 32,shadow,0.01
1638539,CHAPTER 32,shadows,0.01
1638583,CHAPTER 32,shaped,0.01
1638591,CHAPTER 32,shark,0.01
1638637,CHAPTER 32,sheeted,0.01
1638681,CHAPTER 32,ship,0.01
1638691,CHAPTER 32,ships,0.01
1638710,CHAPTER 32,shoals,0.01
1638736,CHAPTER 32,short,0.01
1638768,CHAPTER 32,showing,0.01
1638770,CHAPTER 32,shown,0.01
1638843,CHAPTER 32,sided,0.01
1638880,CHAPTER 32,significant,0.01
1638908,CHAPTER 32,similar,0.01
1638909,CHAPTER 32,similarly,0.01
1638925,CHAPTER 32,simply,0.01
1638943,CHAPTER 32,single,0.01
1638948,CHAPTER 32,sinister,0.01
1638994,CHAPTER 32,size,0.01
1639066,CHAPTER 32,slanting,0.01
1639128,CHAPTER 32,slightest,0.01
1639129,CHAPTER 32,slightly,0.01
1639198,CHAPTER 32,smallest,0.01
1639400,CHAPTER 32,solitary,0.01
1639432,CHAPTER 32,soon,0.01
1639478,CHAPTER 32,sounds,0.01
1639487,CHAPTER 32,south,0.01
1639489,CHAPTER 32,southern,0.01
1639495,CHAPTER 32,sow,0.01
1639537,CHAPTER 32,speak,0.01
1639540,CHAPTER 32,speaking,0.01
1639542,CHAPTER 32,spear,0.01
1639546,CHAPTER 32,special,0.01
1639655,CHAPTER 32,spirit,0.01
1639658,CHAPTER 32,spirits,0.01
1639684,CHAPTER 32,split,0.01
1639725,CHAPTER 32,spots,0.01
1639861,CHAPTER 32,standing,0.01
1639863,CHAPTER 32,stands,0.01
1639897,CHAPTER 32,stated,0.01
1639904,CHAPTER 32,states,0.01
1639981,CHAPTER 32,stem,0.01
1639998,CHAPTER 32,stern,0.01
1640124,CHAPTER 32,straight,0.01
1640140,CHAPTER 32,stranded,0.01
1640143,CHAPTER 32,strange,0.01
1640144,CHAPTER 32,strangely,0.01
1640174,CHAPTER 32,strength,0.01
1640184,CHAPTER 32,strewn,0.01
1640189,CHAPTER 32,strictly,0.01
1640196,CHAPTER 32,striking,0.01
1640235,CHAPTER 32,structure,0.01
1640300,CHAPTER 32,styled,0.01
1640341,CHAPTER 32,subsequent,0.01
1640351,CHAPTER 32,substance,0.01
1640427,CHAPTER 32,sufficiently,0.01
1640463,CHAPTER 32,sullen,0.01
1640547,CHAPTER 32,superior,0.01
1640590,CHAPTER 32,supply,0.01
1640596,CHAPTER 32,suppose,0.01
1640621,CHAPTER 32,surgeon,0.01
1640622,CHAPTER 32,surgeons,0.01
1640632,CHAPTER 32,surmises,0.01
1640658,CHAPTER 32,surrounding,0.01
1640711,CHAPTER 32,swam,0.01
1640796,CHAPTER 32,sword,0.01
1640806,CHAPTER 32,syllable,0.01
1640873,CHAPTER 32,tailed,0.01
1640882,CHAPTER 32,taken,0.01
1640883,CHAPTER 32,takes,0.01
1640903,CHAPTER 32,tallow,0.01
1641035,CHAPTER 32,tell,0.01
1641039,CHAPTER 32,tells,0.01
1641104,CHAPTER 32,term,0.01
1641110,CHAPTER 32,terms,0.01
1641158,CHAPTER 32,thames,0.01
1641174,CHAPTER 32,thee,0.01
1641187,CHAPTER 32,theoretic,0.01
1641220,CHAPTER 32,things,0.01
1641221,CHAPTER 32,think,0.01
1641242,CHAPTER 32,thirty,0.01
1641250,CHAPTER 32,thorns,0.01
1641251,CHAPTER 32,thorough,0.01
1641307,CHAPTER 32,throne,0.01
1641325,CHAPTER 32,thrusts,0.01
1641384,CHAPTER 32,tiles,0.01
1641385,CHAPTER 32,till,0.01
1641492,CHAPTER 32,told,0.01
1641586,CHAPTER 32,tossing,0.01
1641612,CHAPTER 32,towed,0.01
1641615,CHAPTER 32,tower,0.01
1641776,CHAPTER 32,treated,0.01
1641927,CHAPTER 32,try,0.01
1641984,CHAPTER 32,turning,0.01
1641995,CHAPTER 32,tusked,0.01
1642076,CHAPTER 32,ultimate,0.01
1642235,CHAPTER 32,unconquerable,0.01
1642295,CHAPTER 32,understanding,0.01
1642421,CHAPTER 32,unfathomable,0.01
1642549,CHAPTER 32,united,0.01
1642827,CHAPTER 32,unspeakable,0.01
1642944,CHAPTER 32,unworthy,0.01
1642948,CHAPTER 32,unwritten,0.01
1643007,CHAPTER 32,uses,0.01
1643025,CHAPTER 32,utter,0.01
1643051,CHAPTER 32,vague,0.01
1643052,CHAPTER 32,vaguely,0.01
1643073,CHAPTER 32,value,0.01
1643097,CHAPTER 32,varieties,0.01
1643108,CHAPTER 32,varying,0.01
1643133,CHAPTER 32,veil,0.01
1643141,CHAPTER 32,velocity,0.01
1643145,CHAPTER 32,venerable,0.01
1643207,CHAPTER 32,vertical,0.01
1643208,CHAPTER 32,vertically,0.01
1643251,CHAPTER 32,vicinity,0.01
1643352,CHAPTER 32,visit,0.01
1643373,CHAPTER 32,vivacious,0.01
1643408,CHAPTER 32,volumes,0.01
1643512,CHAPTER 32,walks,0.01
1643620,CHAPTER 32,watch,0.01
1643633,CHAPTER 32,water,0.01
1643645,CHAPTER 32,watery,0.01
1643647,CHAPTER 32,wave,0.01
1643655,CHAPTER 32,wax,0.01
1643714,CHAPTER 32,weedy,0.01
1643755,CHAPTER 32,west,0.01
1643763,CHAPTER 32,wet,0.01
1643775,CHAPTER 32,whalemen,0.01
1643888,CHAPTER 32,wholly,0.01
1643952,CHAPTER 32,wind,0.01
1643959,CHAPTER 32,window,0.01
1643966,CHAPTER 32,windsor,0.01
1643967,CHAPTER 32,windward,0.01
1644026,CHAPTER 32,withstand,0.01
1644072,CHAPTER 32,wondrous,0.01
1644101,CHAPTER 32,words,0.01
1644114,CHAPTER 32,works,0.01
1644115,CHAPTER 32,world,0.01
1644196,CHAPTER 32,wrinkled,0.01
1644197,CHAPTER 32,wrinkles,0.01
1644288,CHAPTER 32,year,0.01
1644294,CHAPTER 32,years,0.01
1644313,CHAPTER 32,yields,0.01
1644323,CHAPTER 32,york,0.01
