,chapter,term,tfidf
1210442,CHAPTER 18,peleg,0.42
1196445,CHAPTER 18,bildad,0.36
1212108,CHAPTER 18,quohog,0.27
1199888,CHAPTER 18,deacon,0.18
1212046,CHAPTER 18,queequeg,0.18
1216904,CHAPTER 18,thou,0.17
1198062,CHAPTER 18,church,0.16
1213508,CHAPTER 18,said,0.16
1200402,CHAPTER 18,deuteronomy,0.15
1198884,CHAPTER 18,congregational,0.11
1208255,CHAPTER 18,mean,0.11
1208309,CHAPTER 18,meeting,0.11
1208327,CHAPTER 18,member,0.11
1210148,CHAPTER 18,papers,0.11
1197504,CHAPTER 18,captain,0.1
1199497,CHAPTER 18,cried,0.09
1219565,CHAPTER 18,wigwam,0.09
1219973,CHAPTER 18,young,0.08
1195768,CHAPTER 18,avast,0.07
1199909,CHAPTER 18,death,0.07
1204023,CHAPTER 18,got,0.07
1204447,CHAPTER 18,hands,0.07
1204523,CHAPTER 18,harpoon,0.07
1206721,CHAPTER 18,judgment,0.07
1214329,CHAPTER 18,ship,0.07
1215070,CHAPTER 18,son,0.07
1199139,CHAPTER 18,converted,0.06
1202645,CHAPTER 18,fear,0.06
1204525,CHAPTER 18,harpooneer,0.06
1208185,CHAPTER 18,masts,0.06
1219310,CHAPTER 18,ways,0.06
1219433,CHAPTER 18,wharf,0.06
1196290,CHAPTER 18,belong,0.05
1197194,CHAPTER 18,bulwarks,0.05
1197321,CHAPTER 18,cabin,0.05
1198522,CHAPTER 18,come,0.05
1201039,CHAPTER 18,dost,0.05
1201349,CHAPTER 18,earnestly,0.05
1202111,CHAPTER 18,everlasting,0.05
1204286,CHAPTER 18,guess,0.05
1204646,CHAPTER 18,hear,0.05
1211060,CHAPTER 18,pockets,0.05
1212785,CHAPTER 18,replied,0.05
1213678,CHAPTER 18,say,0.05
1213681,CHAPTER 18,saying,0.05
1215452,CHAPTER 18,st,0.05
1216532,CHAPTER 18,taking,0.05
1216583,CHAPTER 18,tar,0.05
1216627,CHAPTER 18,tattooed,0.05
1216683,CHAPTER 18,tell,0.05
1216869,CHAPTER 18,think,0.05
1216991,CHAPTER 18,thy,0.05
1219934,CHAPTER 18,ye,0.05
1194129,CHAPTER 18,_splice_,0.04
1194318,CHAPTER 18,aboard,0.04
1195470,CHAPTER 18,art,0.04
1195947,CHAPTER 18,bandana,0.04
1196267,CHAPTER 18,beliest,0.04
1196758,CHAPTER 18,bondsman,0.04
1198264,CHAPTER 18,clingest,0.04
1198351,CHAPTER 18,coat,0.04
1199559,CHAPTER 18,crotchets,0.04
1199761,CHAPTER 18,dad,0.04
1199840,CHAPTER 18,darkness,0.04
1202422,CHAPTER 18,eye,0.04
1203191,CHAPTER 18,fore,0.04
1203995,CHAPTER 18,good,0.04
1204145,CHAPTER 18,great,0.04
1204263,CHAPTER 18,gruff,0.04
1204701,CHAPTER 18,hedgehog,0.04
1204818,CHAPTER 18,heterogeneously,0.04
1204914,CHAPTER 18,hittite,0.04
1206920,CHAPTER 18,know,0.04
1209084,CHAPTER 18,nantucket,0.04
1210699,CHAPTER 18,philistine,0.04
1212047,CHAPTER 18,queer,0.04
1212085,CHAPTER 18,quietly,0.04
1213144,CHAPTER 18,right,0.04
1213517,CHAPTER 18,sailmakers,0.04
1213656,CHAPTER 18,save,0.04
1214281,CHAPTER 18,sheered,0.04
1214436,CHAPTER 18,shrinked,0.04
1215338,CHAPTER 18,spoiling,0.04
1215368,CHAPTER 18,spos,0.04
1216353,CHAPTER 18,swaine,0.04
1216822,CHAPTER 18,thee,0.04
1216866,CHAPTER 18,thine,0.04
1216874,CHAPTER 18,thinking,0.04
1216992,CHAPTER 18,thyself,0.04
1219091,CHAPTER 18,voyagers,0.04
1219398,CHAPTER 18,went,0.04
1219415,CHAPTER 18,whale,0.04
1194275,CHAPTER 18,abashed,0.03
1194757,CHAPTER 18,aghast,0.03
1194800,CHAPTER 18,aim,0.03
1194804,CHAPTER 18,aint,0.03
1195123,CHAPTER 18,announcing,0.03
1195258,CHAPTER 18,appellative,0.03
1195988,CHAPTER 18,baptized,0.03
1196263,CHAPTER 18,belial,0.03
1196265,CHAPTER 18,belief,0.03
1196277,CHAPTER 18,bell,0.03
1196353,CHAPTER 18,beseech,0.03
1196403,CHAPTER 18,better,0.03
1196700,CHAPTER 18,boats,0.03
1196887,CHAPTER 18,bracing,0.03
1196933,CHAPTER 18,bravest,0.03
1197043,CHAPTER 18,brim,0.03
1197072,CHAPTER 18,broad,0.03
1197207,CHAPTER 18,bundle,0.03
1197300,CHAPTER 18,buttoning,0.03
1197472,CHAPTER 18,cap,0.03
1197652,CHAPTER 18,catholic,0.03
1197741,CHAPTER 18,ceremonies,0.03
1197932,CHAPTER 18,cherish,0.03
1198063,CHAPTER 18,churches,0.03
1198177,CHAPTER 18,claps,0.03
1198438,CHAPTER 18,coleman,0.03
1198606,CHAPTER 18,communion,0.03
1198730,CHAPTER 18,comrade,0.03
1198759,CHAPTER 18,concerned,0.03
1198883,CHAPTER 18,congregation,0.03
1199190,CHAPTER 18,copied,0.03
1199297,CHAPTER 18,couldn,0.03
1199321,CHAPTER 18,counterpart,0.03
1199872,CHAPTER 18,davy,0.03
1200163,CHAPTER 18,den,0.03
1200255,CHAPTER 18,dere,0.03
1200482,CHAPTER 18,did,0.03
1201012,CHAPTER 18,don,0.03
1201085,CHAPTER 18,drab,0.03
1201093,CHAPTER 18,dragon,0.03
1201441,CHAPTER 18,ee,0.03
1201723,CHAPTER 18,end,0.03
1201843,CHAPTER 18,enrolled,0.03
1201892,CHAPTER 18,entitled,0.03
1202140,CHAPTER 18,exact,0.03
1202330,CHAPTER 18,explain,0.03
1202849,CHAPTER 18,finding,0.03
1203438,CHAPTER 18,frightened,0.03
1203509,CHAPTER 18,fumbling,0.03
1203552,CHAPTER 18,furthermore,0.03
1203635,CHAPTER 18,gangway,0.03
1203901,CHAPTER 18,glistening,0.03
1203998,CHAPTER 18,goodness,0.03
1204050,CHAPTER 18,gracious,0.03
1204103,CHAPTER 18,grasping,0.03
1204300,CHAPTER 18,guise,0.03
1204440,CHAPTER 18,handkerchief,0.03
1204444,CHAPTER 18,handles,0.03
1204545,CHAPTER 18,hasn,0.03
1204571,CHAPTER 18,hath,0.03
1204584,CHAPTER 18,hauling,0.03
1204620,CHAPTER 18,header,0.03
1205315,CHAPTER 18,idol,0.03
1206646,CHAPTER 18,join,0.03
1206647,CHAPTER 18,joined,0.03
1206673,CHAPTER 18,jones,0.03
1206749,CHAPTER 18,jumping,0.03
1206767,CHAPTER 18,jury,0.03
1206883,CHAPTER 18,knee,0.03
1206921,CHAPTER 18,knowest,0.03
1207031,CHAPTER 18,language,0.03
1207433,CHAPTER 18,lingered,0.03
1207591,CHAPTER 18,long,0.03
1207604,CHAPTER 18,looked,0.03
1207643,CHAPTER 18,lose,0.03
1207658,CHAPTER 18,loudly,0.03
1208064,CHAPTER 18,mapple,0.03
1208074,CHAPTER 18,marching,0.03
1208091,CHAPTER 18,mark,0.03
1208354,CHAPTER 18,mending,0.03
1208527,CHAPTER 18,mind,0.03
1208615,CHAPTER 18,missionary,0.03
1208622,CHAPTER 18,mistake,0.03
1209114,CHAPTER 18,nat,0.03
1209313,CHAPTER 18,ninetieth,0.03
1209539,CHAPTER 18,obstinate,0.03
1209943,CHAPTER 18,overlooking,0.03
1209995,CHAPTER 18,owner,0.03
1210146,CHAPTER 18,paper,0.03
1210243,CHAPTER 18,partner,0.03
1210291,CHAPTER 18,patch,0.03
1210456,CHAPTER 18,pen,0.03
1210722,CHAPTER 18,phrases,0.03
1210745,CHAPTER 18,pick,0.03
1210839,CHAPTER 18,pious,0.03
1210860,CHAPTER 18,pit,0.03
1210906,CHAPTER 18,plaguy,0.03
1211087,CHAPTER 18,poising,0.03
1211329,CHAPTER 18,prate,0.03
1211411,CHAPTER 18,preliminaries,0.03
1211621,CHAPTER 18,produced,0.03
1212066,CHAPTER 18,quick,0.03
1212402,CHAPTER 18,reckoned,0.03
1213002,CHAPTER 18,retreated,0.03
1213137,CHAPTER 18,rig,0.03
1213373,CHAPTER 18,rubbed,0.03
1213854,CHAPTER 18,scriptural,0.03
1214013,CHAPTER 18,selecting,0.03
1214108,CHAPTER 18,sermon,0.03
1214241,CHAPTER 18,sharkish,0.03
1214533,CHAPTER 18,signing,0.03
1214680,CHAPTER 18,skirted,0.03
1214696,CHAPTER 18,skylarking,0.03
1215026,CHAPTER 18,solemnly,0.03
1215114,CHAPTER 18,soul,0.03
1215215,CHAPTER 18,spectacles,0.03
1215326,CHAPTER 18,splice,0.03
1215369,CHAPTER 18,spose,0.03
1215408,CHAPTER 18,spurn,0.03
1215484,CHAPTER 18,stalked,0.03
1215585,CHAPTER 18,steadfastly,0.03
1215649,CHAPTER 18,sternly,0.03
1215662,CHAPTER 18,sticking,0.03
1215670,CHAPTER 18,stiffly,0.03
1215728,CHAPTER 18,stood,0.03
1215732,CHAPTER 18,stooped,0.03
1215806,CHAPTER 18,straw,0.03
1216325,CHAPTER 18,suspected,0.03
1216592,CHAPTER 18,tarred,0.03
1216938,CHAPTER 18,thrice,0.03
1216984,CHAPTER 18,thundering,0.03
1217043,CHAPTER 18,time,0.03
1217175,CHAPTER 18,took,0.03
1217248,CHAPTER 18,touching,0.03
1217284,CHAPTER 18,tracts,0.03
1217632,CHAPTER 18,turning,0.03
1217670,CHAPTER 18,twine,0.03
1217697,CHAPTER 18,typhoon,0.03
1218117,CHAPTER 18,ungodly,0.03
1218958,CHAPTER 18,vineyard,0.03
1219038,CHAPTER 18,voice,0.03
1219255,CHAPTER 18,washed,0.03
1219264,CHAPTER 18,wasted,0.03
1219783,CHAPTER 18,worshipping,0.03
1219784,CHAPTER 18,worships,0.03
1219812,CHAPTER 18,wrath,0.03
1219851,CHAPTER 18,write,0.03
1194164,CHAPTER 18,_that_,0.02
1194530,CHAPTER 18,added,0.02
1194725,CHAPTER 18,aft,0.02
1194788,CHAPTER 18,ahab,0.02
1194803,CHAPTER 18,ain,0.02
1195066,CHAPTER 18,anchor,0.02
1195071,CHAPTER 18,ancient,0.02
1195146,CHAPTER 18,answer,0.02
1195413,CHAPTER 18,arm,0.02
1196142,CHAPTER 18,beat,0.02
1196291,CHAPTER 18,belonged,0.02
1196564,CHAPTER 18,blast,0.02
1196660,CHAPTER 18,blue,0.02
1196695,CHAPTER 18,boat,0.02
1196771,CHAPTER 18,book,0.02
1196801,CHAPTER 18,born,0.02
1196865,CHAPTER 18,bows,0.02
1196960,CHAPTER 18,breaking,0.02
1197400,CHAPTER 18,came,0.02
1197438,CHAPTER 18,cannibal,0.02
1197442,CHAPTER 18,cannibals,0.02
1197535,CHAPTER 18,carefully,0.02
1197580,CHAPTER 18,carrying,0.02
1198036,CHAPTER 18,christian,0.02
1198209,CHAPTER 18,clean,0.02
1198216,CHAPTER 18,clear,0.02
1198284,CHAPTER 18,close,0.02
1198543,CHAPTER 18,coming,0.02
1198626,CHAPTER 18,company,0.02
1199406,CHAPTER 18,craft,0.02
1199845,CHAPTER 18,darted,0.02
1199876,CHAPTER 18,day,0.02
1199970,CHAPTER 18,decks,0.02
1200411,CHAPTER 18,devil,0.02
1200996,CHAPTER 18,domestic,0.02
1201118,CHAPTER 18,drawing,0.02
1201189,CHAPTER 18,drop,0.02
1201312,CHAPTER 18,duty,0.02
1201572,CHAPTER 18,em,0.02
1202426,CHAPTER 18,eyeing,0.02
1202430,CHAPTER 18,eyes,0.02
1202606,CHAPTER 18,father,0.02
1202692,CHAPTER 18,feel,0.02
1202809,CHAPTER 18,fiery,0.02
1202822,CHAPTER 18,figure,0.02
1203106,CHAPTER 18,flying,0.02
1203144,CHAPTER 18,followed,0.02
1203426,CHAPTER 18,friend,0.02
1203842,CHAPTER 18,given,0.02
1204070,CHAPTER 18,grand,0.02
1204375,CHAPTER 18,hailed,0.02
1204459,CHAPTER 18,hanging,0.02
1204526,CHAPTER 18,harpooneers,0.02
1204546,CHAPTER 18,hast,0.02
1204617,CHAPTER 18,head,0.02
1204829,CHAPTER 18,hideous,0.02
1204966,CHAPTER 18,hollow,0.02
1205104,CHAPTER 18,house,0.02
1205144,CHAPTER 18,huge,0.02
1206106,CHAPTER 18,instead,0.02
1206538,CHAPTER 18,japan,0.02
1206695,CHAPTER 18,joy,0.02
1206748,CHAPTER 18,jumped,0.02
1207142,CHAPTER 18,lay,0.02
1207183,CHAPTER 18,leaning,0.02
1207204,CHAPTER 18,leaving,0.02
1207228,CHAPTER 18,left,0.02
1207370,CHAPTER 18,lifting,0.02
1207392,CHAPTER 18,like,0.02
1207603,CHAPTER 18,look,0.02
1207612,CHAPTER 18,looks,0.02
1207632,CHAPTER 18,lord,0.02
1207936,CHAPTER 18,make,0.02
1207942,CHAPTER 18,making,0.02
1207977,CHAPTER 18,man,0.02
1208194,CHAPTER 18,mate,0.02
1208642,CHAPTER 18,mixed,0.02
1208855,CHAPTER 18,mother,0.02
1209154,CHAPTER 18,nearer,0.02
1209155,CHAPTER 18,nearest,0.02
1209613,CHAPTER 18,offered,0.02
1209651,CHAPTER 18,old,0.02
1209908,CHAPTER 18,overboard,0.02
1210031,CHAPTER 18,pagan,0.02
1210253,CHAPTER 18,pass,0.02
1210547,CHAPTER 18,perilous,0.02
1210893,CHAPTER 18,placed,0.02
1211186,CHAPTER 18,port,0.02
1211511,CHAPTER 18,pretty,0.02
1211522,CHAPTER 18,previously,0.02
1211733,CHAPTER 18,proper,0.02
1211972,CHAPTER 18,pushed,0.02
1211980,CHAPTER 18,putting,0.02
1212059,CHAPTER 18,question,0.02
1212314,CHAPTER 18,ready,0.02
1212573,CHAPTER 18,regular,0.02
1212663,CHAPTER 18,remain,0.02
1213209,CHAPTER 18,rising,0.02
1213493,CHAPTER 18,sadly,0.02
1213514,CHAPTER 18,sailing,0.02
1213548,CHAPTER 18,salt,0.02
1213617,CHAPTER 18,sat,0.02
1213654,CHAPTER 18,savages,0.02
1213891,CHAPTER 18,sea,0.02
1214239,CHAPTER 18,shark,0.02
1214243,CHAPTER 18,sharp,0.02
1214515,CHAPTER 18,sign,0.02
1214556,CHAPTER 18,similar,0.02
1214599,CHAPTER 18,sink,0.02
1214614,CHAPTER 18,sir,0.02
1215117,CHAPTER 18,souls,0.02
1215370,CHAPTER 18,spot,0.02
1215621,CHAPTER 18,steer,0.02
1215632,CHAPTER 18,step,0.02
1215762,CHAPTER 18,stove,0.02
1215842,CHAPTER 18,strike,0.02
1215881,CHAPTER 18,struck,0.02
1215917,CHAPTER 18,stuff,0.02
1216530,CHAPTER 18,taken,0.02
1216531,CHAPTER 18,takes,0.02
1216972,CHAPTER 18,thrusting,0.02
1217630,CHAPTER 18,turn,0.02
1217631,CHAPTER 18,turned,0.02
1217661,CHAPTER 18,twice,0.02
1218223,CHAPTER 18,unless,0.02
1218899,CHAPTER 18,vicinity,0.02
1219132,CHAPTER 18,waist,0.02
1219159,CHAPTER 18,walking,0.02
1219307,CHAPTER 18,way,0.02
1219787,CHAPTER 18,worth,0.02
1219948,CHAPTER 18,yellow,0.02
1195806,CHAPTER 18,away,0.01
1195830,CHAPTER 18,aye,0.01
1196684,CHAPTER 18,board,0.01
1197597,CHAPTER 18,case,0.01
1199492,CHAPTER 18,crew,0.01
1199889,CHAPTER 18,dead,0.01
1199966,CHAPTER 18,deck,0.01
1200965,CHAPTER 18,does,0.01
1202442,CHAPTER 18,face,0.01
1202550,CHAPTER 18,far,0.01
1202889,CHAPTER 18,fish,0.01
1203983,CHAPTER 18,going,0.01
1204428,CHAPTER 18,hand,0.01
1204491,CHAPTER 18,hard,0.01
1204647,CHAPTER 18,heard,0.01
1204659,CHAPTER 18,heart,0.01
1206420,CHAPTER 18,iron,0.01
1207293,CHAPTER 18,let,0.01
1207363,CHAPTER 18,life,0.01
1207424,CHAPTER 18,line,0.01
1207509,CHAPTER 18,ll,0.01
1208167,CHAPTER 18,mast,0.01
1208719,CHAPTER 18,moment,0.01
1209641,CHAPTER 18,oh,0.01
1210506,CHAPTER 18,pequod,0.01
1210892,CHAPTER 18,place,0.01
1211455,CHAPTER 18,present,0.01
1213336,CHAPTER 18,round,0.01
1213510,CHAPTER 18,sail,0.01
1213670,CHAPTER 18,saw,0.01
1213987,CHAPTER 18,seen,0.01
1214339,CHAPTER 18,ships,0.01
1214511,CHAPTER 18,sight,0.01
1214844,CHAPTER 18,small,0.01
1215080,CHAPTER 18,soon,0.01
1215106,CHAPTER 18,sort,0.01
1215503,CHAPTER 18,stand,0.01
1215509,CHAPTER 18,standing,0.01
1216905,CHAPTER 18,thought,0.01
1219088,CHAPTER 18,voyage,0.01
1219281,CHAPTER 18,water,0.01
1219426,CHAPTER 18,whales,0.01
1219567,CHAPTER 18,wild,0.01
1219747,CHAPTER 18,word,0.01
1219763,CHAPTER 18,world,0.01
1219955,CHAPTER 18,yes,0.01
