,chapter,term,tfidf
2863779,CHAPTER 74,whale,0.24
2850921,CHAPTER 74,jaw,0.19
2845703,CHAPTER 74,ear,0.18
2845225,CHAPTER 74,distinct,0.16
2846794,CHAPTER 74,eyes,0.14
2846786,CHAPTER 74,eye,0.12
2853854,CHAPTER 74,objects,0.11
2855120,CHAPTER 74,picture,0.11
2861039,CHAPTER 74,teeth,0.11
2845717,CHAPTER 74,ears,0.1
2846752,CHAPTER 74,external,0.1
2848993,CHAPTER 74,heads,0.1
2844046,CHAPTER 74,curious,0.09
2847834,CHAPTER 74,fronts,0.09
2848981,CHAPTER 74,head,0.09
2852693,CHAPTER 74,membrane,0.09
2855587,CHAPTER 74,position,0.09
2857979,CHAPTER 74,sashes,0.09
2859611,CHAPTER 74,sperm,0.09
2863377,CHAPTER 74,visual,0.09
2863790,CHAPTER 74,whales,0.09
2840045,CHAPTER 74,attentively,0.08
2846508,CHAPTER 74,exactly,0.08
2846517,CHAPTER 74,examine,0.08
2852341,CHAPTER 74,man,0.08
2852891,CHAPTER 74,mind,0.08
2863361,CHAPTER 74,vision,0.08
2838679,CHAPTER 74,able,0.07
2845287,CHAPTER 74,divided,0.07
2846680,CHAPTER 74,experience,0.07
2846937,CHAPTER 74,fashion,0.07
2854138,CHAPTER 74,organ,0.07
2857508,CHAPTER 74,right,0.07
2858939,CHAPTER 74,simultaneously,0.07
2860136,CHAPTER 74,straight,0.07
2860490,CHAPTER 74,summit,0.07
2840610,CHAPTER 74,behold,0.06
2841235,CHAPTER 74,box,0.06
2841268,CHAPTER 74,brain,0.06
2844861,CHAPTER 74,difference,0.06
2844886,CHAPTER 74,dignity,0.06
2845453,CHAPTER 74,drag,0.06
2847258,CHAPTER 74,fishermen,0.06
2848823,CHAPTER 74,hanging,0.06
2849771,CHAPTER 74,immense,0.06
2849878,CHAPTER 74,important,0.06
2851657,CHAPTER 74,let,0.06
2854093,CHAPTER 74,opposite,0.06
2856024,CHAPTER 74,profound,0.06
2857857,CHAPTER 74,sadly,0.06
2858443,CHAPTER 74,separate,0.06
2859474,CHAPTER 74,sorts,0.06
2838864,CHAPTER 74,act,0.05
2842120,CHAPTER 74,cetology,0.05
2842240,CHAPTER 74,chaste,0.05
2843038,CHAPTER 74,completely,0.05
2844127,CHAPTER 74,dagger,0.05
2844204,CHAPTER 74,darkness,0.05
2844522,CHAPTER 74,demonstrations,0.05
2844557,CHAPTER 74,dentists,0.05
2844828,CHAPTER 74,diametrically,0.05
2845159,CHAPTER 74,dispirited,0.05
2846146,CHAPTER 74,engines,0.05
2846438,CHAPTER 74,euclid,0.05
2846568,CHAPTER 74,excluded,0.05
2846765,CHAPTER 74,extracting,0.05
2846774,CHAPTER 74,extremes,0.05
2846900,CHAPTER 74,fancy,0.05
2847260,CHAPTER 74,fishery,0.05
2847806,CHAPTER 74,frights,0.05
2848509,CHAPTER 74,great,0.05
2848676,CHAPTER 74,gums,0.05
2849173,CHAPTER 74,herschel,0.05
2849628,CHAPTER 74,hypochondriac,0.05
2849801,CHAPTER 74,impairing,0.05
2849835,CHAPTER 74,imperceptible,0.05
2849836,CHAPTER 74,imperceptibly,0.05
2849900,CHAPTER 74,imprecate,0.05
2850053,CHAPTER 74,incongruity,0.05
2850721,CHAPTER 74,investigated,0.05
2851172,CHAPTER 74,kentucky,0.05
2851330,CHAPTER 74,lacks,0.05
2851440,CHAPTER 74,lashless,0.05
2851640,CHAPTER 74,lens,0.05
2851679,CHAPTER 74,levers,0.05
2851692,CHAPTER 74,liability,0.05
2851718,CHAPTER 74,lie,0.05
2851756,CHAPTER 74,like,0.05
2851955,CHAPTER 74,long,0.05
2852340,CHAPTER 74,mammoth,0.05
2852818,CHAPTER 74,michigan,0.05
2853264,CHAPTER 74,mouth,0.05
2853762,CHAPTER 74,nothingness,0.05
2855540,CHAPTER 74,porches,0.05
2855555,CHAPTER 74,portcullis,0.05
2856458,CHAPTER 74,quite,0.05
2857180,CHAPTER 74,reproach,0.05
2857534,CHAPTER 74,ringbolts,0.05
2857988,CHAPTER 74,satins,0.05
2858036,CHAPTER 74,sawn,0.05
2858341,CHAPTER 74,seeing,0.05
2858861,CHAPTER 74,sideway,0.05
2859305,CHAPTER 74,snuff,0.05
2860384,CHAPTER 74,subtilize,0.05
2860583,CHAPTER 74,supine,0.05
2860830,CHAPTER 74,symmetry,0.05
2861254,CHAPTER 74,thirty,0.05
2861407,CHAPTER 74,time,0.05
2862277,CHAPTER 74,undecayed,0.05
2862343,CHAPTER 74,undiscriminating,0.05
2862476,CHAPTER 74,ungainly,0.05
2863056,CHAPTER 74,vacillations,0.05
2864085,CHAPTER 74,wondrously,0.05
2838796,CHAPTER 74,accomplished,0.04
2839455,CHAPTER 74,angle,0.04
2839456,CHAPTER 74,angles,0.04
2839465,CHAPTER 74,animals,0.04
2839844,CHAPTER 74,articles,0.04
2839849,CHAPTER 74,artificial,0.04
2839857,CHAPTER 74,artist,0.04
2839871,CHAPTER 74,ascending,0.04
2840722,CHAPTER 74,beset,0.04
2840866,CHAPTER 74,bitterest,0.04
2840953,CHAPTER 74,blend,0.04
2841082,CHAPTER 74,body,0.04
2841139,CHAPTER 74,boom,0.04
2841370,CHAPTER 74,bridal,0.04
2841436,CHAPTER 74,broad,0.04
2841535,CHAPTER 74,building,0.04
2841799,CHAPTER 74,canes,0.04
2841840,CHAPTER 74,capacious,0.04
2842015,CHAPTER 74,cathedrals,0.04
2842044,CHAPTER 74,cave,0.04
2842057,CHAPTER 74,ceiling,0.04
2842858,CHAPTER 74,colt,0.04
2842880,CHAPTER 74,combining,0.04
2842997,CHAPTER 74,comparison,0.04
2843078,CHAPTER 74,comprehensive,0.04
2843283,CHAPTER 74,conscience,0.04
2843289,CHAPTER 74,consciousness,0.04
2843393,CHAPTER 74,contemporary,0.04
2843623,CHAPTER 74,corresponds,0.04
2843997,CHAPTER 74,cubic,0.04
2844437,CHAPTER 74,degrees,0.04
2845022,CHAPTER 74,discover,0.04
2845062,CHAPTER 74,disengaged,0.04
2845166,CHAPTER 74,displayed,0.04
2845201,CHAPTER 74,dissimilar,0.04
2845816,CHAPTER 74,effectually,0.04
2846184,CHAPTER 74,enlarge,0.04
2846465,CHAPTER 74,evenly,0.04
2846716,CHAPTER 74,expose,0.04
2846768,CHAPTER 74,extraordinary,0.04
2846914,CHAPTER 74,far,0.04
2846917,CHAPTER 74,fare,0.04
2847503,CHAPTER 74,folio,0.04
2847910,CHAPTER 74,furnishing,0.04
2848265,CHAPTER 74,glistening,0.04
2848295,CHAPTER 74,glossy,0.04
2848808,CHAPTER 74,handles,0.04
2848867,CHAPTER 74,hare,0.04
2849088,CHAPTER 74,heightened,0.04
2849114,CHAPTER 74,helpless,0.04
2849240,CHAPTER 74,hinge,0.04
2849242,CHAPTER 74,hinges,0.04
2849673,CHAPTER 74,idle,0.04
2849804,CHAPTER 74,impaling,0.04
2849811,CHAPTER 74,imparts,0.04
2850025,CHAPTER 74,including,0.04
2850426,CHAPTER 74,insert,0.04
2850763,CHAPTER 74,involuntary,0.04
2850765,CHAPTER 74,involve,0.04
2850979,CHAPTER 74,jib,0.04
2851011,CHAPTER 74,joined,0.04
2851020,CHAPTER 74,joists,0.04
2851335,CHAPTER 74,ladder,0.04
2851354,CHAPTER 74,lakes,0.04
2851386,CHAPTER 74,lands,0.04
2851424,CHAPTER 74,large,0.04
2851512,CHAPTER 74,laying,0.04
2851532,CHAPTER 74,leaf,0.04
2851715,CHAPTER 74,lid,0.04
2851793,CHAPTER 74,lined,0.04
2851908,CHAPTER 74,lock,0.04
2851967,CHAPTER 74,look,0.04
2852047,CHAPTER 74,lower,0.04
2852282,CHAPTER 74,mainly,0.04
2852529,CHAPTER 74,massive,0.04
2852568,CHAPTER 74,mathematical,0.04
2853083,CHAPTER 74,moment,0.04
2853473,CHAPTER 74,narrowly,0.04
2853758,CHAPTER 74,note,0.04
2853761,CHAPTER 74,noteworthy,0.04
2853826,CHAPTER 74,oaks,0.04
2853884,CHAPTER 74,observable,0.04
2853909,CHAPTER 74,obtain,0.04
2854126,CHAPTER 74,order,0.04
2854146,CHAPTER 74,organs,0.04
2854292,CHAPTER 74,overhead,0.04
2854365,CHAPTER 74,oxen,0.04
2854511,CHAPTER 74,papered,0.04
2854760,CHAPTER 74,peculiar,0.04
2854762,CHAPTER 74,peculiarity,0.04
2854789,CHAPTER 74,peep,0.04
2854867,CHAPTER 74,pepper,0.04
2854954,CHAPTER 74,perplexity,0.04
2855010,CHAPTER 74,pervading,0.04
2855372,CHAPTER 74,plight,0.04
2855558,CHAPTER 74,portentous,0.04
2855670,CHAPTER 74,powers,0.04
2855681,CHAPTER 74,practised,0.04
2855819,CHAPTER 74,present,0.04
2855956,CHAPTER 74,problems,0.04
2855984,CHAPTER 74,produce,0.04
2856112,CHAPTER 74,proportion,0.04
2856145,CHAPTER 74,prospects,0.04
2856178,CHAPTER 74,proves,0.04
2856213,CHAPTER 74,pry,0.04
2856347,CHAPTER 74,puzzling,0.04
2856410,CHAPTER 74,queequeg,0.04
2856452,CHAPTER 74,quill,0.04
2856671,CHAPTER 74,reader,0.04
2856991,CHAPTER 74,relaxed,0.04
2857043,CHAPTER 74,remembered,0.04
2857494,CHAPTER 74,riding,0.04
2857503,CHAPTER 74,rigged,0.04
2858274,CHAPTER 74,search,0.04
2858441,CHAPTER 74,sentry,0.04
2858444,CHAPTER 74,separated,0.04
2858445,CHAPTER 74,separately,0.04
2858447,CHAPTER 74,separating,0.04
2858611,CHAPTER 74,sharper,0.04
2858875,CHAPTER 74,sight,0.04
2859064,CHAPTER 74,slabs,0.04
2859209,CHAPTER 74,smaller,0.04
2859632,CHAPTER 74,spikes,0.04
2859961,CHAPTER 74,stealing,0.04
2859967,CHAPTER 74,steam,0.04
2860001,CHAPTER 74,stepping,0.04
2860072,CHAPTER 74,stocks,0.04
2860083,CHAPTER 74,stomach,0.04
2860201,CHAPTER 74,strictly,0.04
2860278,CHAPTER 74,study,0.04
2860293,CHAPTER 74,stumps,0.04
2860474,CHAPTER 74,sulky,0.04
2860560,CHAPTER 74,superiority,0.04
2860602,CHAPTER 74,supply,0.04
2860668,CHAPTER 74,surround,0.04
2860676,CHAPTER 74,survey,0.04
2860870,CHAPTER 74,tackle,0.04
2861010,CHAPTER 74,teach,0.04
2861029,CHAPTER 74,technically,0.04
2861046,CHAPTER 74,telescope,0.04
2861413,CHAPTER 74,timidity,0.04
2861542,CHAPTER 74,tooth,0.04
2861629,CHAPTER 74,towers,0.04
2861827,CHAPTER 74,tribe,0.04
2862098,CHAPTER 74,umbrella,0.04
2862509,CHAPTER 74,unhinged,0.04
2863078,CHAPTER 74,valleys,0.04
2863109,CHAPTER 74,varieties,0.04
2863413,CHAPTER 74,volition,0.04
2863783,CHAPTER 74,whalebone,0.04
2863840,CHAPTER 74,whim,0.04
2863854,CHAPTER 74,whips,0.04
2863927,CHAPTER 74,wight,0.04
2863974,CHAPTER 74,windows,0.04
2864111,CHAPTER 74,word,0.04
2864127,CHAPTER 74,world,0.04
2838996,CHAPTER 74,advance,0.03
2838997,CHAPTER 74,advanced,0.03
2839097,CHAPTER 74,age,0.03
2839157,CHAPTER 74,ahead,0.03
2839197,CHAPTER 74,alas,0.03
2839430,CHAPTER 74,anchor,0.03
2839971,CHAPTER 74,astern,0.03
2840222,CHAPTER 74,backs,0.03
2840517,CHAPTER 74,beautiful,0.03
2841166,CHAPTER 74,borne,0.03
2841416,CHAPTER 74,bring,0.03
2841965,CHAPTER 74,cases,0.03
2842187,CHAPTER 74,character,0.03
2842446,CHAPTER 74,circle,0.03
2842853,CHAPTER 74,colour,0.03
2842886,CHAPTER 74,come,0.03
2842909,CHAPTER 74,command,0.03
2843404,CHAPTER 74,content,0.03
2843452,CHAPTER 74,contrast,0.03
2843730,CHAPTER 74,covered,0.03
2844129,CHAPTER 74,daggoo,0.03
2844330,CHAPTER 74,deck,0.03
2844634,CHAPTER 74,descend,0.03
2844937,CHAPTER 74,direction,0.03
2845419,CHAPTER 74,doubt,0.03
2845454,CHAPTER 74,dragged,0.03
2845482,CHAPTER 74,drawing,0.03
2845730,CHAPTER 74,easily,0.03
2845811,CHAPTER 74,effect,0.03
2846253,CHAPTER 74,entirely,0.03
2846858,CHAPTER 74,fall,0.03
2846976,CHAPTER 74,fathoms,0.03
2847063,CHAPTER 74,feet,0.03
2847200,CHAPTER 74,filled,0.03
2847396,CHAPTER 74,floating,0.03
2847411,CHAPTER 74,floor,0.03
2847481,CHAPTER 74,foe,0.03
2847550,CHAPTER 74,force,0.03
2847752,CHAPTER 74,freely,0.03
2848090,CHAPTER 74,generally,0.03
2848209,CHAPTER 74,giving,0.03
2848224,CHAPTER 74,glance,0.03
2848541,CHAPTER 74,grey,0.03
2848861,CHAPTER 74,hardly,0.03
2848983,CHAPTER 74,headed,0.03
2849015,CHAPTER 74,hearing,0.03
2849243,CHAPTER 74,hint,0.03
2849303,CHAPTER 74,hoist,0.03
2849304,CHAPTER 74,hoisted,0.03
2849477,CHAPTER 74,houses,0.03
2849572,CHAPTER 74,hunt,0.03
2849573,CHAPTER 74,hunted,0.03
2849890,CHAPTER 74,impossible,0.03
2849911,CHAPTER 74,impressions,0.03
2850107,CHAPTER 74,independent,0.03
2850139,CHAPTER 74,indirectly,0.03
2850427,CHAPTER 74,inserted,0.03
2850462,CHAPTER 74,instance,0.03
2850470,CHAPTER 74,instead,0.03
2850762,CHAPTER 74,involuntarily,0.03
2850923,CHAPTER 74,jaws,0.03
2851010,CHAPTER 74,join,0.03
2851154,CHAPTER 74,keen,0.03
2851374,CHAPTER 74,lances,0.03
2851403,CHAPTER 74,lantern,0.03
2851435,CHAPTER 74,lashed,0.03
2851683,CHAPTER 74,leviathans,0.03
2851920,CHAPTER 74,lodged,0.03
2851957,CHAPTER 74,longer,0.03
2852046,CHAPTER 74,low,0.03
2852262,CHAPTER 74,magnitude,0.03
2852507,CHAPTER 74,marvellous,0.03
2852641,CHAPTER 74,mechanically,0.03
2852743,CHAPTER 74,merely,0.03
2852914,CHAPTER 74,minute,0.03
2853245,CHAPTER 74,mountain,0.03
2853273,CHAPTER 74,movement,0.03
2853449,CHAPTER 74,nantucketer,0.03
2853471,CHAPTER 74,narrow,0.03
2853892,CHAPTER 74,observed,0.03
2854063,CHAPTER 74,opening,0.03
2855155,CHAPTER 74,piled,0.03
2855305,CHAPTER 74,planted,0.03
2855675,CHAPTER 74,practical,0.03
2855963,CHAPTER 74,proceeds,0.03
2855980,CHAPTER 74,prodigious,0.03
2856097,CHAPTER 74,proper,0.03
2856411,CHAPTER 74,queer,0.03
2856423,CHAPTER 74,question,0.03
2856486,CHAPTER 74,race,0.03
2856686,CHAPTER 74,really,0.03
2856939,CHAPTER 74,regularly,0.03
2857280,CHAPTER 74,respect,0.03
2857727,CHAPTER 74,rows,0.03
2857912,CHAPTER 74,salt,0.03
2858099,CHAPTER 74,scenes,0.03
2858862,CHAPTER 74,sideways,0.03
2859208,CHAPTER 74,small,0.03
2859401,CHAPTER 74,solid,0.03
2859515,CHAPTER 74,spade,0.03
2859895,CHAPTER 74,started,0.03
2860158,CHAPTER 74,stranger,0.03
2860353,CHAPTER 74,subsequent,0.03
2860387,CHAPTER 74,subtle,0.03
2860694,CHAPTER 74,suspended,0.03
2860756,CHAPTER 74,sweep,0.03
2860972,CHAPTER 74,tashtego,0.03
2861130,CHAPTER 74,terrible,0.03
2861134,CHAPTER 74,terrific,0.03
2861231,CHAPTER 74,thing,0.03
2861232,CHAPTER 74,things,0.03
2861233,CHAPTER 74,think,0.03
2861344,CHAPTER 74,thunder,0.03
2861502,CHAPTER 74,token,0.03
2861608,CHAPTER 74,touch,0.03
2862983,CHAPTER 74,uplifted,0.03
2863043,CHAPTER 74,utterly,0.03
2863523,CHAPTER 74,walking,0.03
2863701,CHAPTER 74,weary,0.03
2863884,CHAPTER 74,white,0.03
2863900,CHAPTER 74,wholly,0.03
2863971,CHAPTER 74,window,0.03
2864091,CHAPTER 74,wood,0.03
2864134,CHAPTER 74,worn,0.03
2864321,CHAPTER 74,yield,0.03
2839295,CHAPTER 74,aloft,0.02
2840491,CHAPTER 74,bear,0.02
2840767,CHAPTER 74,better,0.02
2841048,CHAPTER 74,board,0.02
2841064,CHAPTER 74,boats,0.02
2842108,CHAPTER 74,certain,0.02
2842155,CHAPTER 74,chance,0.02
2842892,CHAPTER 74,comes,0.02
2842950,CHAPTER 74,common,0.02
2843124,CHAPTER 74,concerning,0.02
2843708,CHAPTER 74,course,0.02
2844098,CHAPTER 74,cutting,0.02
2844240,CHAPTER 74,day,0.02
2844245,CHAPTER 74,days,0.02
2844253,CHAPTER 74,dead,0.02
2846087,CHAPTER 74,end,0.02
2846252,CHAPTER 74,entire,0.02
2848085,CHAPTER 74,general,0.02
2848434,CHAPTER 74,grand,0.02
2848855,CHAPTER 74,hard,0.02
2849010,CHAPTER 74,hear,0.02
2849109,CHAPTER 74,help,0.02
2849308,CHAPTER 74,hold,0.02
2849316,CHAPTER 74,hole,0.02
2849467,CHAPTER 74,hours,0.02
2850464,CHAPTER 74,instant,0.02
2850865,CHAPTER 74,ivory,0.02
2851284,CHAPTER 74,know,0.02
2851290,CHAPTER 74,known,0.02
2851506,CHAPTER 74,lay,0.02
2851568,CHAPTER 74,leaving,0.02
2851680,CHAPTER 74,leviathan,0.02
2851738,CHAPTER 74,light,0.02
2851788,CHAPTER 74,line,0.02
2851973,CHAPTER 74,looking,0.02
2852300,CHAPTER 74,make,0.02
2852303,CHAPTER 74,makes,0.02
2852306,CHAPTER 74,making,0.02
2852392,CHAPTER 74,manner,0.02
2852579,CHAPTER 74,matter,0.02
2853516,CHAPTER 74,near,0.02
2853849,CHAPTER 74,object,0.02
2854015,CHAPTER 74,old,0.02
2854061,CHAPTER 74,open,0.02
2854870,CHAPTER 74,pequod,0.02
2855256,CHAPTER 74,place,0.02
2855274,CHAPTER 74,plain,0.02
2855440,CHAPTER 74,point,0.02
2855523,CHAPTER 74,poor,0.02
2855665,CHAPTER 74,power,0.02
2856314,CHAPTER 74,purpose,0.02
2857872,CHAPTER 74,said,0.02
2858496,CHAPTER 74,set,0.02
2858748,CHAPTER 74,short,0.02
2859470,CHAPTER 74,sort,0.02
2859549,CHAPTER 74,speak,0.02
2860245,CHAPTER 74,struck,0.02
2861612,CHAPTER 74,touching,0.02
2861914,CHAPTER 74,true,0.02
2861939,CHAPTER 74,try,0.02
2863125,CHAPTER 74,vast,0.02
2863281,CHAPTER 74,view,0.02
2863931,CHAPTER 74,wild,0.02
2864116,CHAPTER 74,work,0.02
2864337,CHAPTER 74,young,0.02
2840170,CHAPTER 74,away,0.01
2844846,CHAPTER 74,did,0.01
2848792,CHAPTER 74,hand,0.01
2851847,CHAPTER 74,little,0.01
2858255,CHAPTER 74,sea,0.01
2858693,CHAPTER 74,ship,0.01
