,chapter,term,tfidf
1318134,CHAPTER 21,queequeg,0.36
1307634,CHAPTER 21,elijah,0.29
1319596,CHAPTER 21,said,0.26
1320830,CHAPTER 21,sleeper,0.24
1326022,CHAPTER 21,ye,0.21
1310071,CHAPTER 21,going,0.18
1311053,CHAPTER 21,holloa,0.15
1316680,CHAPTER 21,perry,0.14
1319228,CHAPTER 21,rigger,0.14
1323236,CHAPTER 21,tomahawk,0.11
1300406,CHAPTER 21,aboard,0.1
1303058,CHAPTER 21,breathed,0.1
1308530,CHAPTER 21,face,0.1
1306624,CHAPTER 21,dim,0.09
1314913,CHAPTER 21,morning,0.09
1316930,CHAPTER 21,pipe,0.09
1305481,CHAPTER 21,cracked,0.08
1319705,CHAPTER 21,sat,0.08
1325521,CHAPTER 21,wharf,0.08
1315002,CHAPTER 21,moving,0.07
1318804,CHAPTER 21,removed,0.07
1320483,CHAPTER 21,shoulder,0.07
1320713,CHAPTER 21,sit,0.07
1322243,CHAPTER 21,sunrise,0.07
1300891,CHAPTER 21,ain,0.06
1301235,CHAPTER 21,answered,0.06
1302772,CHAPTER 21,board,0.06
1310374,CHAPTER 21,guess,0.06
1313697,CHAPTER 21,looking,0.06
1314615,CHAPTER 21,mind,0.06
1315729,CHAPTER 21,oh,0.06
1318147,CHAPTER 21,question,0.06
1300876,CHAPTER 21,ahab,0.05
1300936,CHAPTER 21,alcoves,0.05
1301697,CHAPTER 21,astir,0.05
1301761,CHAPTER 21,attendant,0.05
1302993,CHAPTER 21,brained,0.05
1303409,CHAPTER 21,cabin,0.05
1303488,CHAPTER 21,came,0.05
1303592,CHAPTER 21,captain,0.05
1304044,CHAPTER 21,chief,0.05
1304046,CHAPTER 21,chiefs,0.05
1304610,CHAPTER 21,come,0.05
1305228,CHAPTER 21,convertible,0.05
1306402,CHAPTER 21,desiring,0.05
1306460,CHAPTER 21,detained,0.05
1307110,CHAPTER 21,dood,0.05
1307321,CHAPTER 21,dubiously,0.05
1307462,CHAPTER 21,easy,0.05
1307935,CHAPTER 21,enshrined,0.05
1308298,CHAPTER 21,excursion,0.05
1308705,CHAPTER 21,fattening,0.05
1309396,CHAPTER 21,forward,0.05
1310286,CHAPTER 21,grinding,0.05
1310516,CHAPTER 21,hand,0.05
1311661,CHAPTER 21,impudence,0.05
1312167,CHAPTER 21,insinuating,0.05
1312723,CHAPTER 21,jocularly,0.05
1313693,CHAPTER 21,lookee,0.05
1313817,CHAPTER 21,lumbered,0.05
1314214,CHAPTER 21,marshy,0.05
1315021,CHAPTER 21,muffledness,0.05
1315827,CHAPTER 21,optically,0.05
1315919,CHAPTER 21,ottomans,0.05
1316588,CHAPTER 21,people,0.05
1316863,CHAPTER 21,piers,0.05
1317486,CHAPTER 21,prefer,0.05
1319769,CHAPTER 21,saying,0.05
1320223,CHAPTER 21,settee,0.05
1320224,CHAPTER 21,settees,0.05
1320966,CHAPTER 21,smokers,0.05
1321075,CHAPTER 21,sofas,0.05
1321168,CHAPTER 21,soon,0.05
1322712,CHAPTER 21,tattered,0.05
1323772,CHAPTER 21,twitch,0.05
1325803,CHAPTER 21,wonderingly,0.05
1300437,CHAPTER 21,absence,0.04
1300527,CHAPTER 21,accordingly,0.04
1300596,CHAPTER 21,actively,0.04
1300690,CHAPTER 21,ado,0.04
1300803,CHAPTER 21,afore,0.04
1301003,CHAPTER 21,alluded,0.04
1301786,CHAPTER 21,attracted,0.04
1301893,CHAPTER 21,aware,0.04
1301918,CHAPTER 21,aye,0.04
1302417,CHAPTER 21,benevolent,0.04
1302461,CHAPTER 21,bestirred,0.04
1303045,CHAPTER 21,breakfast,0.04
1303059,CHAPTER 21,breathes,0.04
1303370,CHAPTER 21,busy,0.04
1303394,CHAPTER 21,buy,0.04
1303397,CHAPTER 21,bye,0.04
1303856,CHAPTER 21,chairs,0.04
1304036,CHAPTER 21,chests,0.04
1304263,CHAPTER 21,clapping,0.04
1304623,CHAPTER 21,comfortably,0.04
1304631,CHAPTER 21,coming,0.04
1305163,CHAPTER 21,contracted,0.04
1305585,CHAPTER 21,cried,0.04
1305807,CHAPTER 21,custom,0.04
1305961,CHAPTER 21,dawn,0.04
1306033,CHAPTER 21,deceived,0.04
1307100,CHAPTER 21,don,0.04
1307986,CHAPTER 21,entrance,0.04
1308124,CHAPTER 21,establish,0.04
1308925,CHAPTER 21,filling,0.04
1309149,CHAPTER 21,flourished,0.04
1309206,CHAPTER 21,foes,0.04
1309219,CHAPTER 21,folded,0.04
1309559,CHAPTER 21,frost,0.04
1309732,CHAPTER 21,garden,0.04
1309950,CHAPTER 21,glances,0.04
1310138,CHAPTER 21,gracious,0.04
1310464,CHAPTER 21,hailing,0.04
1310646,CHAPTER 21,hatchet,0.04
1311320,CHAPTER 21,hurt,0.04
1311561,CHAPTER 21,imperfect,0.04
1311573,CHAPTER 21,impertinent,0.04
1311743,CHAPTER 21,inclosed,0.04
1311939,CHAPTER 21,inexplicable,0.04
1312470,CHAPTER 21,invisibly,0.04
1312855,CHAPTER 21,jury,0.04
1313244,CHAPTER 21,lazy,0.04
1314184,CHAPTER 21,marking,0.04
1314303,CHAPTER 21,matter,0.04
1314430,CHAPTER 21,men,0.04
1314722,CHAPTER 21,misty,0.04
1315190,CHAPTER 21,narrating,0.04
1315429,CHAPTER 21,noise,0.04
1315583,CHAPTER 21,oblige,0.04
1316083,CHAPTER 21,owner,0.04
1316097,CHAPTER 21,paces,0.04
1316453,CHAPTER 21,pea,0.04
1316521,CHAPTER 21,peering,0.04
1316927,CHAPTER 21,pious,0.04
1317750,CHAPTER 21,profoundest,0.04
1318151,CHAPTER 21,questioning,0.04
1318153,CHAPTER 21,questions,0.04
1318185,CHAPTER 21,quitted,0.04
1318700,CHAPTER 21,rejoined,0.04
1318779,CHAPTER 21,reminiscences,0.04
1319162,CHAPTER 21,revolved,0.04
1319229,CHAPTER 21,riggers,0.04
1319461,CHAPTER 21,rubbed,0.04
1319608,CHAPTER 21,sailors,0.04
1320314,CHAPTER 21,shan,0.04
1320845,CHAPTER 21,slept,0.04
1320917,CHAPTER 21,slumber,0.04
1321083,CHAPTER 21,softly,0.04
1321173,CHAPTER 21,soothed,0.04
1321202,CHAPTER 21,soul,0.04
1321481,CHAPTER 21,spreading,0.04
1321644,CHAPTER 21,stationary,0.04
1321725,CHAPTER 21,stepping,0.04
1321752,CHAPTER 21,sticks,0.04
1321803,CHAPTER 21,stole,0.04
1321821,CHAPTER 21,stooping,0.04
1323021,CHAPTER 21,threes,0.04
1323754,CHAPTER 21,twilight,0.04
1323781,CHAPTER 21,twos,0.04
1323915,CHAPTER 21,uncertain,0.04
1324743,CHAPTER 21,uses,0.04
1324822,CHAPTER 21,vapor,0.04
1325320,CHAPTER 21,warn,0.04
1325347,CHAPTER 21,wasn,0.04
1325486,CHAPTER 21,went,0.04
1325753,CHAPTER 21,withdrawing,0.04
1325805,CHAPTER 21,wonderment,0.04
1325893,CHAPTER 21,wrapped,0.04
1326043,CHAPTER 21,yes,0.04
1300881,CHAPTER 21,ahead,0.03
1300965,CHAPTER 21,alive,0.03
1301514,CHAPTER 21,arms,0.03
1301614,CHAPTER 21,ask,0.03
1301856,CHAPTER 21,avast,0.03
1302230,CHAPTER 21,beat,0.03
1303142,CHAPTER 21,bringing,0.03
1303466,CHAPTER 21,calling,0.03
1304363,CHAPTER 21,clock,0.03
1304505,CHAPTER 21,coils,0.03
1304762,CHAPTER 21,completely,0.03
1305029,CHAPTER 21,consider,0.03
1305210,CHAPTER 21,convenient,0.03
1305395,CHAPTER 21,countenance,0.03
1305419,CHAPTER 21,country,0.03
1305880,CHAPTER 21,damp,0.03
1306054,CHAPTER 21,deck,0.03
1306289,CHAPTER 21,departed,0.03
1306570,CHAPTER 21,did,0.03
1306663,CHAPTER 21,directly,0.03
1307165,CHAPTER 21,downwards,0.03
1307244,CHAPTER 21,drew,0.03
1307660,CHAPTER 21,em,0.03
1307860,CHAPTER 21,engaged,0.03
1308610,CHAPTER 21,family,0.03
1308661,CHAPTER 21,fashion,0.03
1308782,CHAPTER 21,feeling,0.03
1308806,CHAPTER 21,fellows,0.03
1308933,CHAPTER 21,finally,0.03
1309232,CHAPTER 21,followed,0.03
1309285,CHAPTER 21,forecastle,0.03
1309454,CHAPTER 21,frantic,0.03
1309514,CHAPTER 21,friend,0.03
1309631,CHAPTER 21,furnish,0.03
1309814,CHAPTER 21,generally,0.03
1310083,CHAPTER 21,good,0.03
1310265,CHAPTER 21,grey,0.03
1310645,CHAPTER 21,hatches,0.03
1310705,CHAPTER 21,head,0.03
1310782,CHAPTER 21,heaving,0.03
1310968,CHAPTER 21,hinted,0.03
1311192,CHAPTER 21,house,0.03
1312599,CHAPTER 21,jacket,0.03
1312920,CHAPTER 21,kill,0.03
1313072,CHAPTER 21,laid,0.03
1313463,CHAPTER 21,lighted,0.03
1313571,CHAPTER 21,little,0.03
1313583,CHAPTER 21,lively,0.03
1313634,CHAPTER 21,locked,0.03
1314290,CHAPTER 21,mates,0.03
1315245,CHAPTER 21,nearly,0.03
1315468,CHAPTER 21,nose,0.03
1315488,CHAPTER 21,noticed,0.03
1315643,CHAPTER 21,occasion,0.03
1315667,CHAPTER 21,oceans,0.03
1315854,CHAPTER 21,orders,0.03
1316080,CHAPTER 21,owing,0.03
1316098,CHAPTER 21,pacific,0.03
1316354,CHAPTER 21,passing,0.03
1316998,CHAPTER 21,plain,0.03
1317748,CHAPTER 21,profound,0.03
1318169,CHAPTER 21,quiet,0.03
1318173,CHAPTER 21,quietly,0.03
1318421,CHAPTER 21,rear,0.03
1318459,CHAPTER 21,received,0.03
1318753,CHAPTER 21,remained,0.03
1319004,CHAPTER 21,respect,0.03
1319230,CHAPTER 21,rigging,0.03
1319972,CHAPTER 21,scuttle,0.03
1320011,CHAPTER 21,seat,0.03
1320065,CHAPTER 21,seeing,0.03
1320275,CHAPTER 21,shadows,0.03
1320290,CHAPTER 21,shaking,0.03
1320424,CHAPTER 21,shipped,0.03
1320466,CHAPTER 21,shore,0.03
1320486,CHAPTER 21,shoulders,0.03
1320833,CHAPTER 21,sleeping,0.03
1320856,CHAPTER 21,slide,0.03
1321076,CHAPTER 21,soft,0.03
1321198,CHAPTER 21,sorts,0.03
1321880,CHAPTER 21,strangely,0.03
1321963,CHAPTER 21,strong,0.03
1322774,CHAPTER 21,telling,0.03
1322956,CHAPTER 21,things,0.03
1322993,CHAPTER 21,thought,0.03
1323055,CHAPTER 21,thrown,0.03
1323131,CHAPTER 21,time,0.03
1323521,CHAPTER 21,tree,0.03
1323621,CHAPTER 21,troubled,0.03
1323749,CHAPTER 21,twice,0.03
1323829,CHAPTER 21,unaccountable,0.03
1324028,CHAPTER 21,understand,0.03
1324311,CHAPTER 21,unless,0.03
1325235,CHAPTER 21,wake,0.03
1325247,CHAPTER 21,walking,0.03
1325395,CHAPTER 21,way,0.03
1325795,CHAPTER 21,won,0.03
1325837,CHAPTER 21,words,0.03
1300854,CHAPTER 21,ago,0.02
1302302,CHAPTER 21,began,0.02
1302459,CHAPTER 21,best,0.02
1302491,CHAPTER 21,better,0.02
1302806,CHAPTER 21,body,0.02
1303178,CHAPTER 21,broken,0.02
1303363,CHAPTER 21,business,0.02
1304304,CHAPTER 21,clear,0.02
1304372,CHAPTER 21,close,0.02
1304848,CHAPTER 21,concerning,0.02
1305580,CHAPTER 21,crew,0.02
1305964,CHAPTER 21,day,0.02
1307053,CHAPTER 21,does,0.02
1308518,CHAPTER 21,eyes,0.02
1308541,CHAPTER 21,fact,0.02
1308787,CHAPTER 21,feet,0.02
1309779,CHAPTER 21,gave,0.02
1310081,CHAPTER 21,gone,0.02
1310158,CHAPTER 21,grand,0.02
1310535,CHAPTER 21,hands,0.02
1310579,CHAPTER 21,hard,0.02
1310735,CHAPTER 21,heard,0.02
1310783,CHAPTER 21,heavy,0.02
1311040,CHAPTER 21,hole,0.02
1311841,CHAPTER 21,indian,0.02
1312856,CHAPTER 21,just,0.02
1312897,CHAPTER 21,kept,0.02
1312944,CHAPTER 21,king,0.02
1313008,CHAPTER 21,know,0.02
1313100,CHAPTER 21,land,0.02
1313230,CHAPTER 21,lay,0.02
1313292,CHAPTER 21,leaving,0.02
1313355,CHAPTER 21,length,0.02
1313462,CHAPTER 21,light,0.02
1313597,CHAPTER 21,ll,0.02
1313691,CHAPTER 21,look,0.02
1313771,CHAPTER 21,lower,0.02
1314024,CHAPTER 21,make,0.02
1314282,CHAPTER 21,mate,0.02
1314807,CHAPTER 21,moment,0.02
1315010,CHAPTER 21,mr,0.02
1315386,CHAPTER 21,nigh,0.02
1315388,CHAPTER 21,night,0.02
1315785,CHAPTER 21,open,0.02
1316594,CHAPTER 21,pequod,0.02
1316980,CHAPTER 21,place,0.02
1317247,CHAPTER 21,poor,0.02
1319232,CHAPTER 21,right,0.02
1319522,CHAPTER 21,running,0.02
1319598,CHAPTER 21,sail,0.02
1319609,CHAPTER 21,sails,0.02
1319758,CHAPTER 21,saw,0.02
1320331,CHAPTER 21,sharp,0.02
1320909,CHAPTER 21,slowly,0.02
1320932,CHAPTER 21,small,0.02
1321194,CHAPTER 21,sort,0.02
1321606,CHAPTER 21,starbuck,0.02
1321816,CHAPTER 21,stood,0.02
1321969,CHAPTER 21,struck,0.02
1322147,CHAPTER 21,suddenly,0.02
1322348,CHAPTER 21,sure,0.02
1322771,CHAPTER 21,tell,0.02
1323336,CHAPTER 21,touching,0.02
1323718,CHAPTER 21,turn,0.02
1324835,CHAPTER 21,various,0.02
1325126,CHAPTER 21,voice,0.02
1325655,CHAPTER 21,wild,0.02
1325796,CHAPTER 21,wonder,0.02
1310233,CHAPTER 21,great,0.01
1313480,CHAPTER 21,like,0.01
1314065,CHAPTER 21,man,0.01
1315739,CHAPTER 21,old,0.01
1319424,CHAPTER 21,round,0.01
1320417,CHAPTER 21,ship,0.01
1322955,CHAPTER 21,thing,0.01
