,chapter,term,tfidf
526589,CHAPTER 116,sunwards,0.25
511756,CHAPTER 116,dying,0.18
527332,CHAPTER 116,thou,0.16
513061,CHAPTER 116,favouring,0.15
520069,CHAPTER 116,oh,0.15
525513,CHAPTER 116,soothed,0.14
510263,CHAPTER 116,darker,0.13
525641,CHAPTER 116,spectacle,0.13
511467,CHAPTER 116,dost,0.11
512917,CHAPTER 116,faith,0.11
514802,CHAPTER 116,hail,0.11
527419,CHAPTER 116,thy,0.11
506885,CHAPTER 116,billows,0.1
507413,CHAPTER 116,breeze,0.1
526566,CHAPTER 116,sun,0.1
528064,CHAPTER 116,turns,0.09
505054,CHAPTER 116,adroop,0.08
505216,CHAPTER 116,ahab,0.08
505971,CHAPTER 116,aspiring,0.08
506312,CHAPTER 116,bagging,0.08
506458,CHAPTER 116,baronial,0.08
507658,CHAPTER 116,buoyed,0.08
507852,CHAPTER 116,candid,0.08
509552,CHAPTER 116,convent,0.08
512675,CHAPTER 116,exhaled,0.08
513063,CHAPTER 116,favourites,0.08
513742,CHAPTER 116,foster,0.08
515687,CHAPTER 116,hymns,0.08
515842,CHAPTER 116,imminglings,0.08
516610,CHAPTER 116,intercedings,0.08
516837,CHAPTER 116,inwreathing,0.08
517028,CHAPTER 116,jettest,0.08
517126,CHAPTER 116,joyfully,0.08
517791,CHAPTER 116,life,0.08
519285,CHAPTER 116,mothered,0.08
519723,CHAPTER 116,niger,0.08
520229,CHAPTER 116,orisons,0.08
521326,CHAPTER 116,placid,0.08
521348,CHAPTER 116,plaintiveness,0.08
522497,CHAPTER 116,quickening,0.08
522593,CHAPTER 116,rainbowed,0.08
523750,CHAPTER 116,rosy,0.08
524319,CHAPTER 116,sea,0.08
525157,CHAPTER 116,slaughtering,0.08
525619,CHAPTER 116,spearings,0.08
526075,CHAPTER 116,sterned,0.08
526291,CHAPTER 116,strivest,0.08
526483,CHAPTER 116,suckled,0.08
527663,CHAPTER 116,tossings,0.08
527860,CHAPTER 116,trebly,0.08
528643,CHAPTER 116,unknown,0.08
528707,CHAPTER 116,unnamable,0.08
528907,CHAPTER 116,unspoken,0.08
528989,CHAPTER 116,unverdured,0.08
529132,CHAPTER 116,vain,0.08
529187,CHAPTER 116,vassal,0.08
529287,CHAPTER 116,vesper,0.08
529621,CHAPTER 116,wanings,0.08
529627,CHAPTER 116,wantonly,0.08
529843,CHAPTER 116,whale,0.08
529925,CHAPTER 116,whirls,0.08
530150,CHAPTER 116,wondrousness,0.08
530212,CHAPTER 116,worships,0.08
506277,CHAPTER 116,bachelor,0.07
507405,CHAPTER 116,breaths,0.07
507542,CHAPTER 116,brothers,0.07
507596,CHAPTER 116,builded,0.07
507671,CHAPTER 116,burial,0.07
508411,CHAPTER 116,chinese,0.07
509574,CHAPTER 116,conveyed,0.07
509939,CHAPTER 116,crimson,0.07
510918,CHAPTER 116,dies,0.07
512757,CHAPTER 116,expiring,0.07
512978,CHAPTER 116,far,0.07
513734,CHAPTER 116,fortune,0.07
514421,CHAPTER 116,gone,0.07
515299,CHAPTER 116,hindoo,0.07
515313,CHAPTER 116,hip,0.07
515452,CHAPTER 116,hooped,0.07
515668,CHAPTER 116,hushed,0.07
515872,CHAPTER 116,impartial,0.07
516824,CHAPTER 116,invoking,0.07
517718,CHAPTER 116,lesson,0.07
518442,CHAPTER 116,manilla,0.07
519948,CHAPTER 116,observable,0.07
522234,CHAPTER 116,prouder,0.07
523153,CHAPTER 116,rendering,0.07
524346,CHAPTER 116,seas,0.07
524750,CHAPTER 116,shine,0.07
525615,CHAPTER 116,speakest,0.07
526107,CHAPTER 116,stilly,0.07
526833,CHAPTER 116,sweetness,0.07
526926,CHAPTER 116,tablets,0.07
527719,CHAPTER 116,traditions,0.07
527749,CHAPTER 116,tranquil,0.07
528059,CHAPTER 116,turned,0.07
528125,CHAPTER 116,typhoon,0.07
529747,CHAPTER 116,weal,0.07
505156,CHAPTER 116,afternoon,0.06
505233,CHAPTER 116,air,0.06
510113,CHAPTER 116,curled,0.06
512139,CHAPTER 116,encountering,0.06
512918,CHAPTER 116,faithful,0.06
513278,CHAPTER 116,finds,0.06
513458,CHAPTER 116,float,0.06
513764,CHAPTER 116,fowl,0.06
513825,CHAPTER 116,freighted,0.06
513971,CHAPTER 116,furnish,0.06
515402,CHAPTER 116,homage,0.06
515583,CHAPTER 116,hum,0.06
516318,CHAPTER 116,infidel,0.06
516605,CHAPTER 116,intently,0.06
519294,CHAPTER 116,motions,0.06
522471,CHAPTER 116,queen,0.06
525557,CHAPTER 116,source,0.06
525589,CHAPTER 116,spanish,0.06
525659,CHAPTER 116,speechless,0.06
526013,CHAPTER 116,steadfastly,0.06
526219,CHAPTER 116,strange,0.06
526585,CHAPTER 116,sunset,0.06
527383,CHAPTER 116,throne,0.06
529141,CHAPTER 116,valley,0.06
529142,CHAPTER 116,valleys,0.06
529854,CHAPTER 116,whales,0.06
530396,CHAPTER 116,yon,0.06
505167,CHAPTER 116,ages,0.05
506671,CHAPTER 116,beheld,0.05
507810,CHAPTER 116,calls,0.05
508067,CHAPTER 116,catch,0.05
509668,CHAPTER 116,corpse,0.05
510439,CHAPTER 116,deeper,0.05
510915,CHAPTER 116,died,0.05
511629,CHAPTER 116,drowned,0.05
512485,CHAPTER 116,eternal,0.05
512527,CHAPTER 116,evening,0.05
513245,CHAPTER 116,fight,0.05
513460,CHAPTER 116,floating,0.05
514120,CHAPTER 116,gay,0.05
514272,CHAPTER 116,gives,0.05
514340,CHAPTER 116,gloom,0.05
514818,CHAPTER 116,half,0.05
514974,CHAPTER 116,hast,0.05
515282,CHAPTER 116,hill,0.05
516904,CHAPTER 116,isles,0.05
517025,CHAPTER 116,jet,0.05
517974,CHAPTER 116,locked,0.05
518101,CHAPTER 116,lovely,0.05
523685,CHAPTER 116,rock,0.05
523691,CHAPTER 116,rocks,0.05
523870,CHAPTER 116,rushing,0.05
524406,CHAPTER 116,seek,0.05
524507,CHAPTER 116,separate,0.05
524942,CHAPTER 116,sights,0.05
525134,CHAPTER 116,slain,0.05
525509,CHAPTER 116,sooner,0.05
525957,CHAPTER 116,stars,0.05
527981,CHAPTER 116,truly,0.05
529704,CHAPTER 116,watching,0.05
529709,CHAPTER 116,water,0.05
529815,CHAPTER 116,welded,0.05
530120,CHAPTER 116,woe,0.05
505898,CHAPTER 116,art,0.04
507190,CHAPTER 116,bones,0.04
507229,CHAPTER 116,born,0.04
507500,CHAPTER 116,broad,0.04
507544,CHAPTER 116,brow,0.04
507811,CHAPTER 116,calm,0.04
510260,CHAPTER 116,dark,0.04
511782,CHAPTER 116,earth,0.04
513120,CHAPTER 116,feel,0.04
513272,CHAPTER 116,final,0.04
513720,CHAPTER 116,forth,0.04
514584,CHAPTER 116,green,0.04
515045,CHAPTER 116,head,0.04
515584,CHAPTER 116,human,0.04
519558,CHAPTER 116,nature,0.04
521729,CHAPTER 116,power,0.04
523372,CHAPTER 116,rest,0.04
523704,CHAPTER 116,rolled,0.04
523764,CHAPTER 116,round,0.04
523946,CHAPTER 116,sailor,0.04
523949,CHAPTER 116,sails,0.04
524045,CHAPTER 116,sat,0.04
524437,CHAPTER 116,seldom,0.04
525121,CHAPTER 116,sky,0.04
525249,CHAPTER 116,slowly,0.04
525493,CHAPTER 116,somewhat,0.04
528060,CHAPTER 116,turning,0.04
529977,CHAPTER 116,wide,0.04
506743,CHAPTER 116,beneath,0.03
507123,CHAPTER 116,boat,0.03
508712,CHAPTER 116,close,0.03
510317,CHAPTER 116,dead,0.03
510337,CHAPTER 116,death,0.03
510435,CHAPTER 116,deep,0.03
512858,CHAPTER 116,eyes,0.03
515057,CHAPTER 116,heads,0.03
515087,CHAPTER 116,heart,0.03
515268,CHAPTER 116,high,0.03
517440,CHAPTER 116,land,0.03
517932,CHAPTER 116,living,0.03
520934,CHAPTER 116,pequod,0.03
523572,CHAPTER 116,right,0.03
523938,CHAPTER 116,sail,0.03
524415,CHAPTER 116,seen,0.03
525675,CHAPTER 116,sperm,0.03
527296,CHAPTER 116,things,0.03
529995,CHAPTER 116,wild,0.03
530362,CHAPTER 116,ye,0.03
510304,CHAPTER 116,day,0.02
518019,CHAPTER 116,long,0.02
518031,CHAPTER 116,look,0.02
529735,CHAPTER 116,way,0.02
