,chapter,term,tfidf
441497,CHAPTER 113,perth,0.36
427386,CHAPTER 113,blacksmith,0.28
447766,CHAPTER 113,thou,0.25
446314,CHAPTER 113,st,0.21
425650,CHAPTER 113,ahab,0.2
434106,CHAPTER 113,forge,0.2
426053,CHAPTER 113,anvil,0.16
431057,CHAPTER 113,dents,0.15
437282,CHAPTER 113,iron,0.14
447853,CHAPTER 113,thy,0.14
444768,CHAPTER 113,seams,0.13
445744,CHAPTER 113,smoothe,0.12
446763,CHAPTER 113,stubbs,0.12
426867,CHAPTER 113,barbs,0.11
438700,CHAPTER 113,mad,0.11
445089,CHAPTER 113,shank,0.11
441960,CHAPTER 113,pole,0.09
444130,CHAPTER 113,rods,0.09
445841,CHAPTER 113,socket,0.09
450796,CHAPTER 113,ye,0.09
435276,CHAPTER 113,hammer,0.08
435685,CHAPTER 113,hickory,0.08
440213,CHAPTER 113,nomine,0.08
444172,CHAPTER 113,rope,0.08
445476,CHAPTER 113,sir,0.08
450250,CHAPTER 113,welding,0.08
435385,CHAPTER 113,harpoon,0.07
438063,CHAPTER 113,leathern,0.07
438254,CHAPTER 113,like,0.07
443160,CHAPTER 113,razors,0.07
444640,CHAPTER 113,scorch,0.07
444761,CHAPTER 113,seam,0.07
446472,CHAPTER 113,steel,0.07
447551,CHAPTER 113,temper,0.07
450248,CHAPTER 113,weld,0.07
428468,CHAPTER 113,cask,0.06
435290,CHAPTER 113,hand,0.06
435353,CHAPTER 113,hard,0.06
438465,CHAPTER 113,look,0.06
441072,CHAPTER 113,parsee,0.06
441648,CHAPTER 113,pike,0.06
442193,CHAPTER 113,pray,0.06
445721,CHAPTER 113,smells,0.06
445980,CHAPTER 113,sound,0.06
450788,CHAPTER 113,yarns,0.06
426741,CHAPTER 113,bag,0.05
428366,CHAPTER 113,captain,0.05
433860,CHAPTER 113,flesh,0.05
435538,CHAPTER 113,heat,0.05
448121,CHAPTER 113,tow,0.05
450056,CHAPTER 113,want,0.05
450614,CHAPTER 113,work,0.05
426187,CHAPTER 113,apron,0.04
426327,CHAPTER 113,arrowy,0.04
426692,CHAPTER 113,aye,0.04
426848,CHAPTER 113,baptismal,0.04
426851,CHAPTER 113,baptizo,0.04
427460,CHAPTER 113,blessing,0.04
427621,CHAPTER 113,bone,0.04
427778,CHAPTER 113,branding,0.04
428406,CHAPTER 113,carey,0.04
428817,CHAPTER 113,chickens,0.04
431310,CHAPTER 113,diaboli,0.04
432333,CHAPTER 113,ego,0.04
432585,CHAPTER 113,end,0.04
433706,CHAPTER 113,final,0.04
433836,CHAPTER 113,flaw,0.04
434420,CHAPTER 113,fusee,0.04
434435,CHAPTER 113,gaffs,0.04
434802,CHAPTER 113,glue,0.04
435479,CHAPTER 113,head,0.04
435553,CHAPTER 113,heaviest,0.04
435626,CHAPTER 113,hems,0.04
435811,CHAPTER 113,holding,0.04
437119,CHAPTER 113,intertwistings,0.04
438349,CHAPTER 113,liv,0.04
438569,CHAPTER 113,lucifers,0.04
438798,CHAPTER 113,make,0.04
438839,CHAPTER 113,man,0.04
439076,CHAPTER 113,matted,0.04
439525,CHAPTER 113,mocked,0.04
439581,CHAPTER 113,moment,0.04
439824,CHAPTER 113,mummeries,0.04
441132,CHAPTER 113,passionately,0.04
441182,CHAPTER 113,patris,0.04
441649,CHAPTER 113,pikes,0.04
442345,CHAPTER 113,pressing,0.04
442774,CHAPTER 113,punctures,0.04
442928,CHAPTER 113,quick,0.04
442988,CHAPTER 113,racing,0.04
443466,CHAPTER 113,rejecting,0.04
444451,CHAPTER 113,sanely,0.04
444644,CHAPTER 113,scorchingly,0.04
444823,CHAPTER 113,sed,0.04
444869,CHAPTER 113,seizings,0.04
445116,CHAPTER 113,shave,0.04
445312,CHAPTER 113,shrunk,0.04
446160,CHAPTER 113,spiralling,0.04
446651,CHAPTER 113,strandings,0.04
446760,CHAPTER 113,stubbornest,0.04
446779,CHAPTER 113,stuff,0.04
447024,CHAPTER 113,sup,0.04
447239,CHAPTER 113,swathed,0.04
447506,CHAPTER 113,te,0.04
447558,CHAPTER 113,tempering,0.04
447895,CHAPTER 113,till,0.04
449120,CHAPTER 113,unmeaningly,0.04
449255,CHAPTER 113,unresting,0.04
449325,CHAPTER 113,unsmoothable,0.04
449350,CHAPTER 113,unstranded,0.04
449455,CHAPTER 113,unwound,0.04
450143,CHAPTER 113,water,0.04
450382,CHAPTER 113,white,0.04
450461,CHAPTER 113,wincing,0.04
424697,CHAPTER 113,_here_,0.03
425656,CHAPTER 113,ahoy,0.03
426843,CHAPTER 113,bantering,0.03
426853,CHAPTER 113,barb,0.03
426882,CHAPTER 113,bark,0.03
426990,CHAPTER 113,beard,0.03
427086,CHAPTER 113,begin,0.03
427174,CHAPTER 113,bending,0.03
427233,CHAPTER 113,best,0.03
427340,CHAPTER 113,birds,0.03
427388,CHAPTER 113,blacksmiths,0.03
427452,CHAPTER 113,blended,0.03
427497,CHAPTER 113,blood,0.03
427600,CHAPTER 113,bolt,0.03
427719,CHAPTER 113,bowing,0.03
427764,CHAPTER 113,braided,0.03
427776,CHAPTER 113,brand,0.03
427924,CHAPTER 113,bristling,0.03
428066,CHAPTER 113,bunch,0.03
428113,CHAPTER 113,burn,0.03
429192,CHAPTER 113,cluster,0.03
429206,CHAPTER 113,coals,0.03
429276,CHAPTER 113,coil,0.03
429291,CHAPTER 113,coins,0.03
430227,CHAPTER 113,cover,0.03
430359,CHAPTER 113,cried,0.03
430556,CHAPTER 113,curse,0.03
430977,CHAPTER 113,deliriously,0.03
431294,CHAPTER 113,devoured,0.03
431824,CHAPTER 113,dodging,0.03
431901,CHAPTER 113,dost,0.03
432037,CHAPTER 113,driven,0.03
432197,CHAPTER 113,eagerly,0.03
432228,CHAPTER 113,easily,0.03
432614,CHAPTER 113,endure,0.03
432727,CHAPTER 113,entered,0.03
433275,CHAPTER 113,extremity,0.03
433287,CHAPTER 113,eyed,0.03
433439,CHAPTER 113,fashioned,0.03
433467,CHAPTER 113,fates,0.03
433474,CHAPTER 113,fathoms,0.03
433663,CHAPTER 113,fiend,0.03
433665,CHAPTER 113,fiends,0.03
433774,CHAPTER 113,fitted,0.03
433875,CHAPTER 113,flights,0.03
433880,CHAPTER 113,flinging,0.03
434118,CHAPTER 113,forging,0.03
434534,CHAPTER 113,gasping,0.03
434542,CHAPTER 113,gathered,0.03
434713,CHAPTER 113,glad,0.03
434799,CHAPTER 113,glowing,0.03
435277,CHAPTER 113,hammered,0.03
435278,CHAPTER 113,hammering,0.03
435384,CHAPTER 113,harp,0.03
435426,CHAPTER 113,hate,0.03
435541,CHAPTER 113,heathen,0.03
435758,CHAPTER 113,hissing,0.03
435830,CHAPTER 113,hollowly,0.03
435939,CHAPTER 113,horses,0.03
435982,CHAPTER 113,hovering,0.03
435989,CHAPTER 113,howled,0.03
436040,CHAPTER 113,hummed,0.03
436152,CHAPTER 113,icy,0.03
436171,CHAPTER 113,idle,0.03
436315,CHAPTER 113,impatient,0.03
436922,CHAPTER 113,inseparable,0.03
437224,CHAPTER 113,investing,0.03
437258,CHAPTER 113,invoking,0.03
437491,CHAPTER 113,jingling,0.03
438286,CHAPTER 113,line,0.03
438431,CHAPTER 113,log,0.03
438471,CHAPTER 113,looking,0.03
438823,CHAPTER 113,malignant,0.03
439174,CHAPTER 113,melancholy,0.03
439187,CHAPTER 113,melted,0.03
439279,CHAPTER 113,metal,0.03
439320,CHAPTER 113,mid,0.03
439457,CHAPTER 113,misery,0.03
439643,CHAPTER 113,moodily,0.03
439646,CHAPTER 113,moody,0.03
439834,CHAPTER 113,murderers,0.03
439862,CHAPTER 113,musket,0.03
439876,CHAPTER 113,mustering,0.03
439929,CHAPTER 113,nail,0.03
440014,CHAPTER 113,near,0.03
440049,CHAPTER 113,need,0.03
440054,CHAPTER 113,needle,0.03
440202,CHAPTER 113,nods,0.03
440214,CHAPTER 113,non,0.03
440503,CHAPTER 113,oh,0.03
440513,CHAPTER 113,old,0.03
440528,CHAPTER 113,omen,0.03
440894,CHAPTER 113,pagans,0.03
440904,CHAPTER 113,pain,0.03
440965,CHAPTER 113,pan,0.03
441019,CHAPTER 113,paradise,0.03
441703,CHAPTER 113,pip,0.03
441734,CHAPTER 113,piteous,0.03
441908,CHAPTER 113,plunged,0.03
442140,CHAPTER 113,pouch,0.03
442160,CHAPTER 113,powder,0.03
442343,CHAPTER 113,pressed,0.03
442423,CHAPTER 113,prior,0.03
443647,CHAPTER 113,replied,0.03
443809,CHAPTER 113,resting,0.03
443963,CHAPTER 113,ribbed,0.03
444034,CHAPTER 113,ringing,0.03
444127,CHAPTER 113,rod,0.03
444320,CHAPTER 113,rusty,0.03
444550,CHAPTER 113,scalding,0.03
444576,CHAPTER 113,scar,0.03
444641,CHAPTER 113,scorched,0.03
444643,CHAPTER 113,scorching,0.03
444875,CHAPTER 113,selecting,0.03
444902,CHAPTER 113,sending,0.03
445092,CHAPTER 113,shape,0.03
445226,CHAPTER 113,shoe,0.03
445229,CHAPTER 113,shoes,0.03
445236,CHAPTER 113,shooting,0.03
445260,CHAPTER 113,shoulders,0.03
445612,CHAPTER 113,sleet,0.03
445743,CHAPTER 113,smooth,0.03
446035,CHAPTER 113,sparks,0.03
446346,CHAPTER 113,stalked,0.03
446441,CHAPTER 113,stayed,0.03
446465,CHAPTER 113,steam,0.03
446521,CHAPTER 113,stick,0.03
446652,CHAPTER 113,strands,0.03
446690,CHAPTER 113,stretched,0.03
446708,CHAPTER 113,string,0.03
447256,CHAPTER 113,sweeping,0.03
447557,CHAPTER 113,tempered,0.03
447605,CHAPTER 113,tension,0.03
447731,CHAPTER 113,think,0.03
447992,CHAPTER 113,toil,0.03
448137,CHAPTER 113,traced,0.03
448158,CHAPTER 113,tragedy,0.03
448532,CHAPTER 113,twine,0.03
448541,CHAPTER 113,twist,0.03
449143,CHAPTER 113,unnatural,0.03
449509,CHAPTER 113,usage,0.03
450185,CHAPTER 113,weapon,0.03
450249,CHAPTER 113,welded,0.03
450263,CHAPTER 113,wert,0.03
450277,CHAPTER 113,whale,0.03
450527,CHAPTER 113,withdrawing,0.03
450556,CHAPTER 113,woeful,0.03
450616,CHAPTER 113,worked,0.03
450661,CHAPTER 113,woven,0.03
450697,CHAPTER 113,wretched,0.03
450707,CHAPTER 113,wrinkles,0.03
450825,CHAPTER 113,yoke,0.03
425026,CHAPTER 113,_that_,0.02
425498,CHAPTER 113,advancing,0.02
426008,CHAPTER 113,answer,0.02
426009,CHAPTER 113,answered,0.02
426387,CHAPTER 113,aside,0.02
426668,CHAPTER 113,away,0.02
427076,CHAPTER 113,began,0.02
427200,CHAPTER 113,bent,0.02
427370,CHAPTER 113,black,0.02
427514,CHAPTER 113,blow,0.02
427624,CHAPTER 113,bones,0.02
427978,CHAPTER 113,brow,0.02
428183,CHAPTER 113,cabin,0.02
428247,CHAPTER 113,calmly,0.02
428442,CHAPTER 113,carrying,0.02
428822,CHAPTER 113,child,0.02
429146,CHAPTER 113,close,0.02
429534,CHAPTER 113,complete,0.02
430627,CHAPTER 113,daggoo,0.02
430694,CHAPTER 113,dark,0.02
430738,CHAPTER 113,day,0.02
430771,CHAPTER 113,death,0.02
431710,CHAPTER 113,distance,0.02
432837,CHAPTER 113,ere,0.02
433061,CHAPTER 113,exclaimed,0.02
433284,CHAPTER 113,eye,0.02
433304,CHAPTER 113,face,0.02
433336,CHAPTER 113,fain,0.02
433507,CHAPTER 113,fear,0.02
433554,CHAPTER 113,feel,0.02
433705,CHAPTER 113,fin,0.02
433748,CHAPTER 113,firmly,0.02
433803,CHAPTER 113,flame,0.02
433865,CHAPTER 113,flew,0.02
433968,CHAPTER 113,flying,0.02
434024,CHAPTER 113,foot,0.02
434059,CHAPTER 113,forecastle,0.02
434707,CHAPTER 113,giving,0.02
434849,CHAPTER 113,gold,0.02
434857,CHAPTER 113,good,0.02
435252,CHAPTER 113,half,0.02
435408,CHAPTER 113,hast,0.02
435550,CHAPTER 113,heavens,0.02
435557,CHAPTER 113,heavy,0.02
435935,CHAPTER 113,horse,0.02
435956,CHAPTER 113,hot,0.02
437028,CHAPTER 113,intense,0.02
437363,CHAPTER 113,ivory,0.02
437969,CHAPTER 113,laugh,0.02
438004,CHAPTER 113,lay,0.02
438045,CHAPTER 113,leaning,0.02
438091,CHAPTER 113,leg,0.02
438129,CHAPTER 113,length,0.02
438236,CHAPTER 113,light,0.02
438371,CHAPTER 113,ll,0.02
438466,CHAPTER 113,looked,0.02
438545,CHAPTER 113,lower,0.02
438604,CHAPTER 113,lungs,0.02
438804,CHAPTER 113,making,0.02
439019,CHAPTER 113,mass,0.02
439389,CHAPTER 113,mind,0.02
439717,CHAPTER 113,mother,0.02
439895,CHAPTER 113,muttered,0.02
441120,CHAPTER 113,passed,0.02
441128,CHAPTER 113,passing,0.02
441141,CHAPTER 113,past,0.02
441209,CHAPTER 113,paused,0.02
441755,CHAPTER 113,placed,0.02
441794,CHAPTER 113,plank,0.02
441827,CHAPTER 113,play,0.02
441940,CHAPTER 113,pointed,0.02
441963,CHAPTER 113,poles,0.02
442908,CHAPTER 113,queequeg,0.02
443233,CHAPTER 113,received,0.02
443317,CHAPTER 113,red,0.02
443435,CHAPTER 113,regular,0.02
443527,CHAPTER 113,remained,0.02
444198,CHAPTER 113,round,0.02
444370,CHAPTER 113,said,0.02
444540,CHAPTER 113,say,0.02
444818,CHAPTER 113,secured,0.02
444839,CHAPTER 113,seeing,0.02
444941,CHAPTER 113,separate,0.02
445101,CHAPTER 113,shark,0.02
445105,CHAPTER 113,sharp,0.02
445255,CHAPTER 113,shot,0.02
445404,CHAPTER 113,silently,0.02
445530,CHAPTER 113,skin,0.02
445552,CHAPTER 113,skull,0.02
445628,CHAPTER 113,slid,0.02
445988,CHAPTER 113,sounds,0.02
446029,CHAPTER 113,spare,0.02
446252,CHAPTER 113,spread,0.02
446634,CHAPTER 113,straight,0.02
447106,CHAPTER 113,suppose,0.02
447392,CHAPTER 113,taken,0.02
447470,CHAPTER 113,tashtego,0.02
447684,CHAPTER 113,thee,0.02
447775,CHAPTER 113,thousand,0.02
447854,CHAPTER 113,thyself,0.02
448342,CHAPTER 113,tried,0.02
449511,CHAPTER 113,use,0.02
449900,CHAPTER 113,voice,0.02
450009,CHAPTER 113,wake,0.02
450462,CHAPTER 113,wind,0.02
450467,CHAPTER 113,windlass,0.02
450589,CHAPTER 113,wood,0.02
450817,CHAPTER 113,yes,0.02
428262,CHAPTER 113,came,0.01
433292,CHAPTER 113,eyes,0.01
434830,CHAPTER 113,god,0.01
435007,CHAPTER 113,great,0.01
435309,CHAPTER 113,hands,0.01
435509,CHAPTER 113,heard,0.01
435702,CHAPTER 113,high,0.01
437782,CHAPTER 113,know,0.01
438345,CHAPTER 113,little,0.01
438453,CHAPTER 113,long,0.01
440131,CHAPTER 113,new,0.01
441754,CHAPTER 113,place,0.01
444753,CHAPTER 113,sea,0.01
445191,CHAPTER 113,ship,0.01
445706,CHAPTER 113,small,0.01
445942,CHAPTER 113,soon,0.01
446371,CHAPTER 113,standing,0.01
446653,CHAPTER 113,strange,0.01
446756,CHAPTER 113,stubb,0.01
448412,CHAPTER 113,true,0.01
450169,CHAPTER 113,way,0.01
