,chapter,term,tfidf
1582150,CHAPTER 30,pipe,0.41
1587037,CHAPTER 30,stool,0.2
1566096,CHAPTER 30,ahab,0.16
1586187,CHAPTER 30,smoking,0.14
1590923,CHAPTER 30,windward,0.14
1579798,CHAPTER 30,mild,0.13
1578127,CHAPTER 30,khan,0.12
1579055,CHAPTER 30,lurchingly,0.12
1580677,CHAPTER 30,norse,0.12
1582299,CHAPTER 30,pleasuring,0.12
1586394,CHAPTER 30,soothes,0.12
1587768,CHAPTER 30,symbolized,0.12
1588265,CHAPTER 30,thrones,0.12
1588805,CHAPTER 30,tripod,0.12
1590781,CHAPTER 30,whiffs,0.12
1573747,CHAPTER 30,fabricated,0.11
1580418,CHAPTER 30,narwhale,0.11
1584833,CHAPTER 30,saith,0.11
1585405,CHAPTER 30,sereneness,0.11
1588597,CHAPTER 30,tradition,0.11
1567698,CHAPTER 30,bethinking,0.1
1568445,CHAPTER 30,bubble,0.1
1570280,CHAPTER 30,constant,0.1
1571126,CHAPTER 30,danish,0.1
1574809,CHAPTER 30,fullest,0.1
1576202,CHAPTER 30,hissed,0.1
1576641,CHAPTER 30,ignorantly,0.1
1578689,CHAPTER 30,lighting,0.1
1582251,CHAPTER 30,planting,0.1
1583185,CHAPTER 30,puffs,0.1
1584678,CHAPTER 30,royalty,0.1
1586351,CHAPTER 30,soliloquized,0.1
1588442,CHAPTER 30,toiling,0.1
1588952,CHAPTER 30,tusks,0.1
1590046,CHAPTER 30,vapors,0.1
1567909,CHAPTER 30,blew,0.09
1569158,CHAPTER 30,charm,0.09
1572636,CHAPTER 30,dying,0.09
1575692,CHAPTER 30,hairs,0.09
1578859,CHAPTER 30,locks,0.09
1578987,CHAPTER 30,loving,0.09
1585199,CHAPTER 30,sea,0.09
1585909,CHAPTER 30,sinking,0.09
1586184,CHAPTER 30,smoked,0.09
1587185,CHAPTER 30,strongest,0.09
1588890,CHAPTER 30,tube,0.09
1589195,CHAPTER 30,unconsciously,0.09
1589969,CHAPTER 30,usual,0.09
1590042,CHAPTER 30,vapor,0.09
1567776,CHAPTER 30,binnacle,0.08
1568686,CHAPTER 30,calling,0.08
1571509,CHAPTER 30,departed,0.08
1577906,CHAPTER 30,jets,0.08
1578627,CHAPTER 30,leviathans,0.08
1578683,CHAPTER 30,lighted,0.08
1579572,CHAPTER 30,meant,0.08
1580031,CHAPTER 30,moments,0.08
1580545,CHAPTER 30,nervous,0.08
1581316,CHAPTER 30,paced,0.08
1585347,CHAPTER 30,send,0.08
1586121,CHAPTER 30,slouched,0.08
1588520,CHAPTER 30,torn,0.08
1588840,CHAPTER 30,trouble,0.08
1590828,CHAPTER 30,white,0.08
1590973,CHAPTER 30,withdrawing,0.08
1575485,CHAPTER 30,grey,0.07
1578169,CHAPTER 30,kings,0.07
1578313,CHAPTER 30,lamp,0.07
1578395,CHAPTER 30,late,0.07
1578901,CHAPTER 30,longer,0.07
1582240,CHAPTER 30,plank,0.07
1585232,CHAPTER 30,seated,0.07
1585370,CHAPTER 30,sent,0.07
1586183,CHAPTER 30,smoke,0.07
1568502,CHAPTER 30,bulwarks,0.06
1574152,CHAPTER 30,final,0.06
1575861,CHAPTER 30,hat,0.06
1578164,CHAPTER 30,king,0.06
1578491,CHAPTER 30,leaning,0.06
1580208,CHAPTER 30,mouth,0.06
1581566,CHAPTER 30,passed,0.06
1582241,CHAPTER 30,planks,0.06
1583374,CHAPTER 30,quick,0.06
1584826,CHAPTER 30,sailor,0.06
1584925,CHAPTER 30,sat,0.06
1585701,CHAPTER 30,shot,0.06
1588540,CHAPTER 30,tossed,0.06
1590606,CHAPTER 30,waves,0.06
1590647,CHAPTER 30,weather,0.06
1567138,CHAPTER 30,aye,0.05
1568070,CHAPTER 30,bones,0.05
1568583,CHAPTER 30,business,0.05
1573750,CHAPTER 30,face,0.05
1575301,CHAPTER 30,gone,0.05
1575799,CHAPTER 30,hard,0.05
1577408,CHAPTER 30,instant,0.05
1577728,CHAPTER 30,iron,0.05
1577809,CHAPTER 30,ivory,0.05
1578700,CHAPTER 30,like,0.05
1578817,CHAPTER 30,ll,0.05
1578940,CHAPTER 30,lord,0.05
1587036,CHAPTER 30,stood,0.05
1587202,CHAPTER 30,stubb,0.05
1588299,CHAPTER 30,thy,0.05
1590576,CHAPTER 30,watch,0.05
1568708,CHAPTER 30,came,0.04
1571274,CHAPTER 30,deck,0.04
1578911,CHAPTER 30,look,0.04
1580949,CHAPTER 30,oh,0.04
1588355,CHAPTER 30,times,0.04
1575453,CHAPTER 30,great,0.03
1580959,CHAPTER 30,old,0.03
1585637,CHAPTER 30,ship,0.03
1588175,CHAPTER 30,thing,0.03
1590723,CHAPTER 30,whale,0.03
