,chapter,term,tfidf
1604651,CHAPTER 31,kicked,0.36
1604650,CHAPTER 31,kick,0.28
1611513,CHAPTER 31,says,0.27
1617473,CHAPTER 31,wise,0.27
1600788,CHAPTER 31,flask,0.26
1609815,CHAPTER 31,pyramid,0.21
1605059,CHAPTER 31,leg,0.19
1613724,CHAPTER 31,stubb,0.19
1603962,CHAPTER 31,insult,0.18
1595264,CHAPTER 31,cane,0.13
1604652,CHAPTER 31,kicking,0.13
1614706,CHAPTER 31,thinks,0.13
1617764,CHAPTER 31,ye,0.13
1605807,CHAPTER 31,man,0.12
1598962,CHAPTER 31,dream,0.11
1592618,CHAPTER 31,ahab,0.1
1598314,CHAPTER 31,didn,0.09
1607481,CHAPTER 31,old,0.09
1614807,CHAPTER 31,thump,0.09
1602224,CHAPTER 31,halloa,0.08
1609877,CHAPTER 31,queer,0.08
1617089,CHAPTER 31,wasn,0.08
1601977,CHAPTER 31,greatest,0.07
1604331,CHAPTER 31,ivory,0.07
1604750,CHAPTER 31,know,0.07
1612936,CHAPTER 31,sort,0.07
1613476,CHAPTER 31,stern,0.07
1614699,CHAPTER 31,think,0.07
1594482,CHAPTER 31,blow,0.06
1602829,CHAPTER 31,honor,0.06
1605334,CHAPTER 31,living,0.06
1605433,CHAPTER 31,look,0.06
1613565,CHAPTER 31,stop,0.06
1617785,CHAPTER 31,yes,0.06
1591457,CHAPTER 31,_be_,0.05
1592090,CHAPTER 31,_your_,0.05
1592273,CHAPTER 31,account,0.05
1593703,CHAPTER 31,badger,0.05
1596140,CHAPTER 31,clout,0.05
1596358,CHAPTER 31,comes,0.05
1596492,CHAPTER 31,complain,0.05
1596687,CHAPTER 31,confoundedly,0.05
1597467,CHAPTER 31,cudgelling,0.05
1600390,CHAPTER 31,farmer,0.05
1600546,CHAPTER 31,fellow,0.05
1600992,CHAPTER 31,foot,0.05
1601492,CHAPTER 31,garter,0.05
1602142,CHAPTER 31,gums,0.05
1602196,CHAPTER 31,hag,0.05
1603023,CHAPTER 31,humpback,0.05
1604639,CHAPTER 31,kept,0.05
1604653,CHAPTER 31,kicks,0.05
1605769,CHAPTER 31,makes,0.05
1605933,CHAPTER 31,marlinspikes,0.05
1606224,CHAPTER 31,merman,0.05
1606787,CHAPTER 31,mum,0.05
1608542,CHAPTER 31,phiz,0.05
1610974,CHAPTER 31,right,0.05
1611758,CHAPTER 31,seaweed,0.05
1612548,CHAPTER 31,slapped,0.05
1612591,CHAPTER 31,slews,0.05
1612759,CHAPTER 31,snored,0.05
1613725,CHAPTER 31,stubbing,0.05
1614704,CHAPTER 31,thinking,0.05
1614724,CHAPTER 31,tho,0.05
1617250,CHAPTER 31,whaleboning,0.05
1617362,CHAPTER 31,whittled,0.05
1591665,CHAPTER 31,_here_,0.04
1592000,CHAPTER 31,_there,0.04
1592089,CHAPTER 31,_you_,0.04
1592271,CHAPTER 31,accosted,0.04
1593213,CHAPTER 31,argue,0.04
1593921,CHAPTER 31,battering,0.04
1593983,CHAPTER 31,beautiful,0.04
1594401,CHAPTER 31,blazing,0.04
1594473,CHAPTER 31,bloody,0.04
1594520,CHAPTER 31,boast,0.04
1594678,CHAPTER 31,bout,0.04
1594902,CHAPTER 31,broad,0.04
1595808,CHAPTER 31,chimney,0.04
1596914,CHAPTER 31,contradictory,0.04
1597512,CHAPTER 31,curious,0.04
1598242,CHAPTER 31,devilish,0.04
1598312,CHAPTER 31,did,0.04
1598842,CHAPTER 31,don,0.04
1598921,CHAPTER 31,dragging,0.04
1598963,CHAPTER 31,dreamed,0.04
1598970,CHAPTER 31,dreams,0.04
1599553,CHAPTER 31,end,0.04
1600330,CHAPTER 31,false,0.04
1600993,CHAPTER 31,footed,0.04
1601265,CHAPTER 31,fright,0.04
1601268,CHAPTER 31,frightened,0.04
1602212,CHAPTER 31,haired,0.04
1602612,CHAPTER 31,hereabouts,0.04
1602836,CHAPTER 31,honors,0.04
1604487,CHAPTER 31,joke,0.04
1604728,CHAPTER 31,knights,0.04
1605293,CHAPTER 31,listen,0.04
1605467,CHAPTER 31,lords,0.04
1605478,CHAPTER 31,lot,0.04
1606157,CHAPTER 31,member,0.04
1606357,CHAPTER 31,mind,0.04
1606864,CHAPTER 31,muttering,0.04
1608650,CHAPTER 31,pine,0.04
1608799,CHAPTER 31,playful,0.04
1609317,CHAPTER 31,presto,0.04
1609873,CHAPTER 31,queen,0.04
1609976,CHAPTER 31,rage,0.04
1611293,CHAPTER 31,s_,0.04
1612234,CHAPTER 31,shouts,0.04
1612380,CHAPTER 31,silly,0.04
1613732,CHAPTER 31,stuck,0.04
1614956,CHAPTER 31,toes,0.04
1617249,CHAPTER 31,whalebone,0.04
1592633,CHAPTER 31,ain,0.03
1592707,CHAPTER 31,alive,0.03
1593882,CHAPTER 31,base,0.03
1593957,CHAPTER 31,bear,0.03
1594168,CHAPTER 31,bent,0.03
1596771,CHAPTER 31,consider,0.03
1597525,CHAPTER 31,cursed,0.03
1598327,CHAPTER 31,difference,0.03
1599019,CHAPTER 31,drop,0.03
1599208,CHAPTER 31,eating,0.03
1599309,CHAPTER 31,eh,0.03
1599613,CHAPTER 31,england,0.03
1600324,CHAPTER 31,fall,0.03
1600403,CHAPTER 31,fashion,0.03
1600985,CHAPTER 31,fool,0.03
1600987,CHAPTER 31,foolish,0.03
1601755,CHAPTER 31,glory,0.03
1601825,CHAPTER 31,good,0.03
1601975,CHAPTER 31,great,0.03
1602116,CHAPTER 31,guess,0.03
1602248,CHAPTER 31,hammock,0.03
1602337,CHAPTER 31,hark,0.03
1603022,CHAPTER 31,hump,0.03
1605123,CHAPTER 31,let,0.03
1605199,CHAPTER 31,lifted,0.03
1605222,CHAPTER 31,like,0.03
1605313,CHAPTER 31,little,0.03
1605572,CHAPTER 31,lungs,0.03
1608692,CHAPTER 31,pitch,0.03
1608914,CHAPTER 31,points,0.03
1609068,CHAPTER 31,post,0.03
1610145,CHAPTER 31,real,0.03
1610507,CHAPTER 31,remember,0.03
1611070,CHAPTER 31,roared,0.03
1611166,CHAPTER 31,round,0.03
1611187,CHAPTER 31,row,0.03
1611338,CHAPTER 31,said,0.03
1611508,CHAPTER 31,say,0.03
1611511,CHAPTER 31,saying,0.03
1611807,CHAPTER 31,seeing,0.03
1612228,CHAPTER 31,shoulders,0.03
1612328,CHAPTER 31,sideways,0.03
1612596,CHAPTER 31,slid,0.03
1612674,CHAPTER 31,small,0.03
1612911,CHAPTER 31,sooner,0.03
1613024,CHAPTER 31,special,0.03
1613162,CHAPTER 31,split,0.03
1614250,CHAPTER 31,swim,0.03
1614361,CHAPTER 31,takes,0.03
1614810,CHAPTER 31,thunder,0.03
1615310,CHAPTER 31,tried,0.03
1617024,CHAPTER 31,want,0.03
1617350,CHAPTER 31,white,0.03
1617537,CHAPTER 31,won,0.03
1592635,CHAPTER 31,air,0.02
1594201,CHAPTER 31,best,0.02
1595105,CHAPTER 31,business,0.02
1595334,CHAPTER 31,captain,0.02
1596416,CHAPTER 31,common,0.02
1597719,CHAPTER 31,dead,0.02
1600283,CHAPTER 31,fact,0.02
1601521,CHAPTER 31,gave,0.02
1601813,CHAPTER 31,going,0.02
1602258,CHAPTER 31,hand,0.02
1602575,CHAPTER 31,help,0.02
1604598,CHAPTER 31,just,0.02
1604686,CHAPTER 31,king,0.02
1605439,CHAPTER 31,looking,0.02
1605462,CHAPTER 31,lord,0.02
1605921,CHAPTER 31,mark,0.02
1605997,CHAPTER 31,mast,0.02
1606045,CHAPTER 31,matter,0.02
1606313,CHAPTER 31,mighty,0.02
1606549,CHAPTER 31,moment,0.02
1606655,CHAPTER 31,morning,0.02
1606752,CHAPTER 31,mr,0.02
1608906,CHAPTER 31,point,0.02
1611106,CHAPTER 31,rolled,0.02
1611481,CHAPTER 31,savage,0.02
1611500,CHAPTER 31,saw,0.02
1611765,CHAPTER 31,second,0.02
1612073,CHAPTER 31,sharp,0.02
1612944,CHAPTER 31,soul,0.02
1613015,CHAPTER 31,speak,0.02
1613333,CHAPTER 31,stand,0.02
1613339,CHAPTER 31,standing,0.02
1613888,CHAPTER 31,sudden,0.02
1614735,CHAPTER 31,thought,0.02
1614742,CHAPTER 31,thoughts,0.02
1614877,CHAPTER 31,times,0.02
1615461,CHAPTER 31,turned,0.02
1616480,CHAPTER 31,used,0.02
1617256,CHAPTER 31,whales,0.02
1617430,CHAPTER 31,wind,0.02
1593636,CHAPTER 31,away,0.01
1602447,CHAPTER 31,head,0.01
1614697,CHAPTER 31,thing,0.01
1614873,CHAPTER 31,time,0.01
1617137,CHAPTER 31,way,0.01
1617245,CHAPTER 31,whale,0.01
