,chapter,term,tfidf
2187911,CHAPTER 51,jet,0.17
2195867,CHAPTER 51,silvery,0.17
2190614,CHAPTER 51,night,0.16
2181595,CHAPTER 51,descried,0.12
2190101,CHAPTER 51,moonlight,0.12
2197765,CHAPTER 51,swung,0.12
2190099,CHAPTER 51,moon,0.11
2178792,CHAPTER 51,cape,0.1
2181195,CHAPTER 51,days,0.1
2185998,CHAPTER 51,heaved,0.1
2200612,CHAPTER 51,waves,0.1
2177478,CHAPTER 51,beckoning,0.09
2195852,CHAPTER 51,silence,0.09
2176102,CHAPTER 51,ahab,0.08
2191833,CHAPTER 51,perched,0.08
2195232,CHAPTER 51,seas,0.08
2195643,CHAPTER 51,ship,0.08
2195855,CHAPTER 51,silent,0.08
2196064,CHAPTER 51,sleet,0.08
2197849,CHAPTER 51,tale,0.08
2198320,CHAPTER 51,tides,0.08
2177878,CHAPTER 51,blast,0.07
2179599,CHAPTER 51,closed,0.07
2179949,CHAPTER 51,compass,0.07
2186417,CHAPTER 51,hours,0.07
2187815,CHAPTER 51,ivory,0.07
2188706,CHAPTER 51,like,0.07
2188786,CHAPTER 51,lit,0.07
2189166,CHAPTER 51,madness,0.07
2189341,CHAPTER 51,manned,0.07
2190194,CHAPTER 51,mount,0.07
2190619,CHAPTER 51,nights,0.07
2194108,CHAPTER 51,repose,0.07
2195866,CHAPTER 51,silver,0.07
2197762,CHAPTER 51,swore,0.07
2180806,CHAPTER 51,crew,0.06
2181190,CHAPTER 51,day,0.06
2181280,CHAPTER 51,deck,0.06
2184317,CHAPTER 51,flew,0.06
2184902,CHAPTER 51,gale,0.06
2186053,CHAPTER 51,helm,0.06
2188999,CHAPTER 51,lowering,0.06
2189291,CHAPTER 51,man,0.06
2195270,CHAPTER 51,secured,0.06
2195301,CHAPTER 51,seen,0.06
2196362,CHAPTER 51,solitary,0.06
2196655,CHAPTER 51,spoken,0.06
2197042,CHAPTER 51,stood,0.06
2198357,CHAPTER 51,time,0.06
2176245,CHAPTER 51,aloft,0.05
2176467,CHAPTER 51,antagonistic,0.05
2176778,CHAPTER 51,arrows,0.05
2177109,CHAPTER 51,await,0.05
2177342,CHAPTER 51,barometer,0.05
2177863,CHAPTER 51,blandness,0.05
2178175,CHAPTER 51,bowline,0.05
2178179,CHAPTER 51,bows,0.05
2178508,CHAPTER 51,bulwarks,0.05
2178578,CHAPTER 51,burstingly,0.05
2178635,CHAPTER 51,cabin,0.05
2178690,CHAPTER 51,called,0.05
2178887,CHAPTER 51,carrol,0.05
2179180,CHAPTER 51,charts,0.05
2180184,CHAPTER 51,congeal,0.05
2180720,CHAPTER 51,craft,0.05
2182713,CHAPTER 51,echoes,0.05
2183426,CHAPTER 51,everlastingly,0.05
2183511,CHAPTER 51,exciting,0.05
2183741,CHAPTER 51,eyelashes,0.05
2183745,CHAPTER 51,eyest,0.05
2183912,CHAPTER 51,fatalists,0.05
2185227,CHAPTER 51,gloomiest,0.05
2185274,CHAPTER 51,goal,0.05
2185319,CHAPTER 51,gored,0.05
2186048,CHAPTER 51,helena,0.05
2186290,CHAPTER 51,homeless,0.05
2186343,CHAPTER 51,hootings,0.05
2186415,CHAPTER 51,hour,0.05
2187913,CHAPTER 51,jetted,0.05
2188543,CHAPTER 51,leg,0.05
2188677,CHAPTER 51,life,0.05
2188853,CHAPTER 51,locality,0.05
2188903,CHAPTER 51,lonesomely,0.05
2188905,CHAPTER 51,long,0.05
2190854,CHAPTER 51,obstinately,0.05
2190965,CHAPTER 51,old,0.05
2191589,CHAPTER 51,passively,0.05
2191820,CHAPTER 51,pequod,0.05
2192261,CHAPTER 51,plata,0.05
2192822,CHAPTER 51,preternaturalness,0.05
2193414,CHAPTER 51,quivered,0.05
2193598,CHAPTER 51,ravens,0.05
2194019,CHAPTER 51,remorse,0.05
2194035,CHAPTER 51,rend,0.05
2194186,CHAPTER 51,reserve,0.05
2194590,CHAPTER 51,rolled,0.05
2194619,CHAPTER 51,roosting,0.05
2194835,CHAPTER 51,sails,0.05
2195173,CHAPTER 51,scrolls,0.05
2195205,CHAPTER 51,sea,0.05
2195217,CHAPTER 51,seamen,0.05
2195310,CHAPTER 51,seethings,0.05
2195339,CHAPTER 51,selves,0.05
2195854,CHAPTER 51,silences,0.05
2196007,CHAPTER 51,sky,0.05
2196135,CHAPTER 51,slowly,0.05
2196251,CHAPTER 51,snow,0.05
2196450,CHAPTER 51,southerly,0.05
2196689,CHAPTER 51,spout,0.05
2196840,CHAPTER 51,starlight,0.05
2197249,CHAPTER 51,stunsail,0.05
2198219,CHAPTER 51,thought,0.05
2198361,CHAPTER 51,times,0.05
2198524,CHAPTER 51,tormentoso,0.05
2198668,CHAPTER 51,transformed,0.05
2198725,CHAPTER 51,treacherously,0.05
2198932,CHAPTER 51,turban,0.05
2199597,CHAPTER 51,unnearable,0.05
2199695,CHAPTER 51,unremoved,0.05
2199724,CHAPTER 51,unrolled,0.05
2199796,CHAPTER 51,unstaked,0.05
2199874,CHAPTER 51,unvarying,0.05
2199925,CHAPTER 51,upheaving,0.05
2199959,CHAPTER 51,urn,0.05
2200003,CHAPTER 51,vacating,0.05
2200008,CHAPTER 51,vacuity,0.05
2200139,CHAPTER 51,verdes,0.05
2200403,CHAPTER 51,voyaged,0.05
2200561,CHAPTER 51,warring,0.05
2200645,CHAPTER 51,wearily,0.05
2201062,CHAPTER 51,wordless,0.05
2201244,CHAPTER 51,yawingly,0.05
2175750,CHAPTER 51,accordance,0.04
2175777,CHAPTER 51,accustomed,0.04
2175855,CHAPTER 51,addressed,0.04
2176232,CHAPTER 51,allured,0.04
2176235,CHAPTER 51,alluring,0.04
2176409,CHAPTER 51,anguish,0.04
2176433,CHAPTER 51,announced,0.04
2176437,CHAPTER 51,announcing,0.04
2176555,CHAPTER 51,apparition,0.04
2176598,CHAPTER 51,appointed,0.04
2176610,CHAPTER 51,apprehensions,0.04
2176911,CHAPTER 51,assuming,0.04
2176989,CHAPTER 51,attended,0.04
2177147,CHAPTER 51,azores,0.04
2177437,CHAPTER 51,beam,0.04
2177612,CHAPTER 51,belt,0.04
2177629,CHAPTER 51,beneath,0.04
2177822,CHAPTER 51,black,0.04
2177836,CHAPTER 51,blackness,0.04
2177968,CHAPTER 51,blown,0.04
2178176,CHAPTER 51,bowlines,0.04
2178292,CHAPTER 51,bred,0.04
2178453,CHAPTER 51,bubbles,0.04
2178542,CHAPTER 51,buoyant,0.04
2179007,CHAPTER 51,ceiling,0.04
2179015,CHAPTER 51,celestial,0.04
2179080,CHAPTER 51,chair,0.04
2179164,CHAPTER 51,charm,0.04
2179305,CHAPTER 51,chips,0.04
2179546,CHAPTER 51,clenched,0.04
2179642,CHAPTER 51,clung,0.04
2179936,CHAPTER 51,companions,0.04
2180101,CHAPTER 51,condemned,0.04
2180233,CHAPTER 51,conscience,0.04
2180404,CHAPTER 51,contrasting,0.04
2181006,CHAPTER 51,currents,0.04
2181203,CHAPTER 51,dead,0.04
2181429,CHAPTER 51,deliriously,0.04
2181451,CHAPTER 51,demanding,0.04
2181467,CHAPTER 51,demoniac,0.04
2181580,CHAPTER 51,derived,0.04
2181636,CHAPTER 51,desolate,0.04
2181639,CHAPTER 51,desolation,0.04
2181726,CHAPTER 51,devilish,0.04
2181886,CHAPTER 51,directing,0.04
2181910,CHAPTER 51,disappearing,0.04
2182061,CHAPTER 51,dismal,0.04
2182440,CHAPTER 51,dread,0.04
2182461,CHAPTER 51,drenched,0.04
2182476,CHAPTER 51,drifting,0.04
2182845,CHAPTER 51,elements,0.04
2182942,CHAPTER 51,emerged,0.04
2182963,CHAPTER 51,emotions,0.04
2183302,CHAPTER 51,errand,0.04
2183978,CHAPTER 51,feathers,0.04
2184151,CHAPTER 51,filling,0.04
2184252,CHAPTER 51,flakes,0.04
2184341,CHAPTER 51,flitting,0.04
2184644,CHAPTER 51,fountain,0.04
2184652,CHAPTER 51,fowls,0.04
2185173,CHAPTER 51,gladness,0.04
2185176,CHAPTER 51,glances,0.04
2185217,CHAPTER 51,glittering,0.04
2185297,CHAPTER 51,going,0.04
2185417,CHAPTER 51,grasping,0.04
2185554,CHAPTER 51,grounds,0.04
2185588,CHAPTER 51,guard,0.04
2185611,CHAPTER 51,guilty,0.04
2185909,CHAPTER 51,haven,0.04
2185931,CHAPTER 51,head,0.04
2186019,CHAPTER 51,heeded,0.04
2186076,CHAPTER 51,hemp,0.04
2186095,CHAPTER 51,herds,0.04
2186283,CHAPTER 51,hollows,0.04
2186476,CHAPTER 51,humanity,0.04
2186719,CHAPTER 51,immemorial,0.04
2186862,CHAPTER 51,impressive,0.04
2187236,CHAPTER 51,influences,0.04
2187239,CHAPTER 51,inform,0.04
2187364,CHAPTER 51,inscrutable,0.04
2187425,CHAPTER 51,instinctively,0.04
2187801,CHAPTER 51,issue,0.04
2188252,CHAPTER 51,la,0.04
2188353,CHAPTER 51,lantern,0.04
2188431,CHAPTER 51,launched,0.04
2188719,CHAPTER 51,limb,0.04
2188914,CHAPTER 51,longitudes,0.04
2188938,CHAPTER 51,loosened,0.04
2189054,CHAPTER 51,lunging,0.04
2189068,CHAPTER 51,lurked,0.04
2189323,CHAPTER 51,manifested,0.04
2189481,CHAPTER 51,mast,0.04
2189639,CHAPTER 51,melted,0.04
2190279,CHAPTER 51,mundane,0.04
2190335,CHAPTER 51,muteness,0.04
2190360,CHAPTER 51,mysteriously,0.04
2190506,CHAPTER 51,needle,0.04
2190870,CHAPTER 51,occasional,0.04
2191284,CHAPTER 51,overtake,0.04
2191850,CHAPTER 51,perfidious,0.04
2192262,CHAPTER 51,plate,0.04
2192303,CHAPTER 51,pleasure,0.04
2192349,CHAPTER 51,plumed,0.04
2192575,CHAPTER 51,potency,0.04
2192687,CHAPTER 51,precision,0.04
2192827,CHAPTER 51,prevailed,0.04
2193465,CHAPTER 51,rail,0.04
2193477,CHAPTER 51,rain,0.04
2193722,CHAPTER 51,reclining,0.04
2193901,CHAPTER 51,reigned,0.04
2194088,CHAPTER 51,repetition,0.04
2194142,CHAPTER 51,repugnance,0.04
2194497,CHAPTER 51,rio,0.04
2194682,CHAPTER 51,royals,0.04
2194824,CHAPTER 51,sail,0.04
2194984,CHAPTER 51,saw,0.04
2195161,CHAPTER 51,screwed,0.04
2195409,CHAPTER 51,serene,0.04
2195414,CHAPTER 51,serenity,0.04
2195563,CHAPTER 51,sharply,0.04
2195728,CHAPTER 51,showers,0.04
2195743,CHAPTER 51,shrieks,0.04
2195757,CHAPTER 51,shroud,0.04
2195766,CHAPTER 51,shudder,0.04
2195891,CHAPTER 51,sin,0.04
2196103,CHAPTER 51,slipped,0.04
2196363,CHAPTER 51,solitude,0.04
2196428,CHAPTER 51,soul,0.04
2196433,CHAPTER 51,sounded,0.04
2196543,CHAPTER 51,sped,0.04
2196556,CHAPTER 51,spending,0.04
2196817,CHAPTER 51,stand,0.04
2196832,CHAPTER 51,starbuck,0.04
2196895,CHAPTER 51,stays,0.04
2196899,CHAPTER 51,steadfastly,0.04
2197056,CHAPTER 51,store,0.04
2197105,CHAPTER 51,strange,0.04
2197153,CHAPTER 51,strides,0.04
2197202,CHAPTER 51,struggling,0.04
2197359,CHAPTER 51,successive,0.04
2197382,CHAPTER 51,suffering,0.04
2197397,CHAPTER 51,suffusing,0.04
2197526,CHAPTER 51,superstition,0.04
2197726,CHAPTER 51,swept,0.04
2197826,CHAPTER 51,taffrail,0.04
2197887,CHAPTER 51,tap,0.04
2198015,CHAPTER 51,tempestuous,0.04
2198033,CHAPTER 51,tendency,0.04
2198340,CHAPTER 51,tightly,0.04
2198347,CHAPTER 51,till,0.04
2198868,CHAPTER 51,trump,0.04
2198957,CHAPTER 51,tusked,0.04
2199471,CHAPTER 51,uniform,0.04
2199488,CHAPTER 51,uninhabited,0.04
2199708,CHAPTER 51,unrestingly,0.04
2199903,CHAPTER 51,unwonted,0.04
2199939,CHAPTER 51,uprising,0.04
2199992,CHAPTER 51,uttering,0.04
2200039,CHAPTER 51,van,0.04
2200115,CHAPTER 51,vengeful,0.04
2200125,CHAPTER 51,venture,0.04
2200472,CHAPTER 51,walked,0.04
2200511,CHAPTER 51,wanting,0.04
2200583,CHAPTER 51,watched,0.04
2200617,CHAPTER 51,wax,0.04
2200642,CHAPTER 51,wearied,0.04
2200934,CHAPTER 51,winged,0.04
2201038,CHAPTER 51,wont,0.04
2201284,CHAPTER 51,yore,0.04
2175946,CHAPTER 51,advance,0.03
2175950,CHAPTER 51,advancing,0.03
2176119,CHAPTER 51,air,0.03
2176516,CHAPTER 51,apart,0.03
2177125,CHAPTER 51,awful,0.03
2177456,CHAPTER 51,beat,0.03
2177557,CHAPTER 51,beheld,0.03
2177568,CHAPTER 51,beings,0.03
2177792,CHAPTER 51,birds,0.03
2177969,CHAPTER 51,blows,0.03
2178166,CHAPTER 51,bowed,0.03
2178299,CHAPTER 51,breeze,0.03
2178403,CHAPTER 51,broke,0.03
2178818,CHAPTER 51,captain,0.03
2178926,CHAPTER 51,cast,0.03
2179665,CHAPTER 51,coat,0.03
2179713,CHAPTER 51,coffin,0.03
2179859,CHAPTER 51,command,0.03
2179860,CHAPTER 51,commanded,0.03
2180371,CHAPTER 51,continual,0.03
2180914,CHAPTER 51,cruising,0.03
2181128,CHAPTER 51,dangerous,0.03
2181159,CHAPTER 51,darted,0.03
2181318,CHAPTER 51,deemed,0.03
2181625,CHAPTER 51,desired,0.03
2181786,CHAPTER 51,dick,0.03
2181813,CHAPTER 51,different,0.03
2181884,CHAPTER 51,direct,0.03
2181909,CHAPTER 51,disappeared,0.03
2182175,CHAPTER 51,distinct,0.03
2182486,CHAPTER 51,dripping,0.03
2182488,CHAPTER 51,drive,0.03
2182489,CHAPTER 51,driven,0.03
2182648,CHAPTER 51,eager,0.03
2182686,CHAPTER 51,eastward,0.03
2182688,CHAPTER 51,easy,0.03
2183290,CHAPTER 51,erect,0.03
2183744,CHAPTER 51,eyes,0.03
2183864,CHAPTER 51,far,0.03
2183988,CHAPTER 51,fedallah,0.03
2184013,CHAPTER 51,feet,0.03
2184026,CHAPTER 51,fell,0.03
2184036,CHAPTER 51,felt,0.03
2184200,CHAPTER 51,firmly,0.03
2184219,CHAPTER 51,fit,0.03
2184361,CHAPTER 51,floor,0.03
2184423,CHAPTER 51,foam,0.03
2184564,CHAPTER 51,forget,0.03
2184576,CHAPTER 51,forgotten,0.03
2184596,CHAPTER 51,forms,0.03
2184906,CHAPTER 51,gallant,0.03
2185020,CHAPTER 51,gazing,0.03
2185207,CHAPTER 51,gliding,0.03
2185570,CHAPTER 51,grown,0.03
2185689,CHAPTER 51,hailed,0.03
2185732,CHAPTER 51,hammock,0.03
2185742,CHAPTER 51,hand,0.03
2185867,CHAPTER 51,hat,0.03
2186224,CHAPTER 51,hither,0.03
2186360,CHAPTER 51,horizon,0.03
2186362,CHAPTER 51,horizontal,0.03
2186434,CHAPTER 51,hovering,0.03
2186442,CHAPTER 51,howling,0.03
2187377,CHAPTER 51,inserted,0.03
2187572,CHAPTER 51,interval,0.03
2187669,CHAPTER 51,invested,0.03
2188035,CHAPTER 51,judgment,0.03
2188418,CHAPTER 51,latitudes,0.03
2188503,CHAPTER 51,leaping,0.03
2188684,CHAPTER 51,lifting,0.03
2188689,CHAPTER 51,lighted,0.03
2188809,CHAPTER 51,lively,0.03
2188826,CHAPTER 51,lo,0.03
2189399,CHAPTER 51,mariner,0.03
2189516,CHAPTER 51,mates,0.03
2189579,CHAPTER 51,meantime,0.03
2189780,CHAPTER 51,midnight,0.03
2189804,CHAPTER 51,mild,0.03
2189971,CHAPTER 51,moby,0.03
2191100,CHAPTER 51,oriental,0.03
2191365,CHAPTER 51,painted,0.03
2191861,CHAPTER 51,perilous,0.03
2192105,CHAPTER 51,piled,0.03
2192206,CHAPTER 51,place,0.03
2192392,CHAPTER 51,pointed,0.03
2192625,CHAPTER 51,practical,0.03
2192836,CHAPTER 51,previously,0.03
2193153,CHAPTER 51,prow,0.03
2193436,CHAPTER 51,race,0.03
2193647,CHAPTER 51,rear,0.03
2194024,CHAPTER 51,remote,0.03
2194026,CHAPTER 51,remotest,0.03
2194456,CHAPTER 51,rigging,0.03
2194629,CHAPTER 51,rose,0.03
2194677,CHAPTER 51,rows,0.03
2194754,CHAPTER 51,rushed,0.03
2195292,CHAPTER 51,seek,0.03
2195323,CHAPTER 51,seldom,0.03
2195329,CHAPTER 51,self,0.03
2195365,CHAPTER 51,sense,0.03
2195435,CHAPTER 51,served,0.03
2195707,CHAPTER 51,shot,0.03
2195828,CHAPTER 51,sights,0.03
2195948,CHAPTER 51,sitting,0.03
2196059,CHAPTER 51,sleeping,0.03
2196302,CHAPTER 51,soft,0.03
2196432,CHAPTER 51,sound,0.03
2196461,CHAPTER 51,space,0.03
2196617,CHAPTER 51,spirit,0.03
2196627,CHAPTER 51,spite,0.03
2196704,CHAPTER 51,spread,0.03
2196738,CHAPTER 51,squall,0.03
2196845,CHAPTER 51,started,0.03
2197066,CHAPTER 51,storm,0.03
2197180,CHAPTER 51,stroke,0.03
2197729,CHAPTER 51,swift,0.03
2197731,CHAPTER 51,swiftly,0.03
2197734,CHAPTER 51,swim,0.03
2197806,CHAPTER 51,table,0.03
2197997,CHAPTER 51,tell,0.03
2198020,CHAPTER 51,temporary,0.03
2198080,CHAPTER 51,terrible,0.03
2198089,CHAPTER 51,terror,0.03
2198181,CHAPTER 51,thing,0.03
2198182,CHAPTER 51,things,0.03
2198207,CHAPTER 51,thither,0.03
2198281,CHAPTER 51,thrown,0.03
2198518,CHAPTER 51,tore,0.03
2198521,CHAPTER 51,tormented,0.03
2198847,CHAPTER 51,troubled,0.03
2199327,CHAPTER 51,unearthly,0.03
2199869,CHAPTER 51,unusual,0.03
2200013,CHAPTER 51,vague,0.03
2200446,CHAPTER 51,waist,0.03
2200473,CHAPTER 51,walking,0.03
2200607,CHAPTER 51,watery,0.03
2200653,CHAPTER 51,weather,0.03
2200680,CHAPTER 51,weeks,0.03
2200834,CHAPTER 51,white,0.03
2200927,CHAPTER 51,winds,0.03
2200929,CHAPTER 51,windward,0.03
2201063,CHAPTER 51,words,0.03
2176848,CHAPTER 51,aspect,0.02
2177528,CHAPTER 51,began,0.02
2177685,CHAPTER 51,best,0.02
2177717,CHAPTER 51,better,0.02
2177974,CHAPTER 51,blue,0.02
2177998,CHAPTER 51,board,0.02
2178032,CHAPTER 51,body,0.02
2178164,CHAPTER 51,bow,0.02
2178697,CHAPTER 51,calm,0.02
2178911,CHAPTER 51,case,0.02
2179530,CHAPTER 51,clear,0.02
2179598,CHAPTER 51,close,0.02
2180658,CHAPTER 51,course,0.02
2181146,CHAPTER 51,dark,0.02
2181223,CHAPTER 51,death,0.02
2183736,CHAPTER 51,eye,0.02
2183756,CHAPTER 51,face,0.02
2184006,CHAPTER 51,feel,0.02
2184203,CHAPTER 51,fish,0.02
2184622,CHAPTER 51,forward,0.02
2185005,CHAPTER 51,gave,0.02
2185282,CHAPTER 51,god,0.02
2185309,CHAPTER 51,good,0.02
2185551,CHAPTER 51,ground,0.02
2185704,CHAPTER 51,half,0.02
2185961,CHAPTER 51,heard,0.02
2185999,CHAPTER 51,heaven,0.02
2186266,CHAPTER 51,hole,0.02
2186346,CHAPTER 51,hope,0.02
2188456,CHAPTER 51,lay,0.02
2188738,CHAPTER 51,line,0.02
2188802,CHAPTER 51,live,0.02
2188917,CHAPTER 51,look,0.02
2188918,CHAPTER 51,looked,0.02
2189230,CHAPTER 51,main,0.02
2189256,CHAPTER 51,making,0.02
2189405,CHAPTER 51,mark,0.02
2190077,CHAPTER 51,monster,0.02
2190139,CHAPTER 51,morning,0.02
2190147,CHAPTER 51,mortal,0.02
2190214,CHAPTER 51,mouth,0.02
2190444,CHAPTER 51,nature,0.02
2190891,CHAPTER 51,ocean,0.02
2191076,CHAPTER 51,order,0.02
2191572,CHAPTER 51,passed,0.02
2191710,CHAPTER 51,peculiar,0.02
2193264,CHAPTER 51,purpose,0.02
2193380,CHAPTER 51,quick,0.02
2194832,CHAPTER 51,sailor,0.02
2194834,CHAPTER 51,sailors,0.02
2194965,CHAPTER 51,savage,0.02
2195249,CHAPTER 51,second,0.02
2195446,CHAPTER 51,set,0.02
2195905,CHAPTER 51,single,0.02
2196420,CHAPTER 51,sort,0.02
2196766,CHAPTER 51,st,0.02
2197086,CHAPTER 51,straight,0.02
2198183,CHAPTER 51,think,0.02
2198218,CHAPTER 51,thou,0.02
2198305,CHAPTER 51,thy,0.02
2198944,CHAPTER 51,turn,0.02
2198946,CHAPTER 51,turning,0.02
2200075,CHAPTER 51,vast,0.02
2200352,CHAPTER 51,voice,0.02
2200595,CHAPTER 51,water,0.02
2200604,CHAPTER 51,waters,0.02
2200712,CHAPTER 51,went,0.02
2200729,CHAPTER 51,whale,0.02
2200736,CHAPTER 51,whaleman,0.02
2200740,CHAPTER 51,whales,0.02
2200914,CHAPTER 51,wind,0.02
2201022,CHAPTER 51,wonder,0.02
2201034,CHAPTER 51,wondrous,0.02
2201248,CHAPTER 51,ye,0.02
2177120,CHAPTER 51,away,0.01
2185459,CHAPTER 51,great,0.01
2189656,CHAPTER 51,men,0.01
2194650,CHAPTER 51,round,0.01
