,chapter,term,tfidf
800569,CHAPTER 126,coffin,0.26
799396,CHAPTER 126,buoy,0.24
808801,CHAPTER 126,job,0.17
816068,CHAPTER 126,seals,0.16
800533,CHAPTER 126,cobbling,0.15
799776,CHAPTER 126,cask,0.14
813032,CHAPTER 126,pitch,0.12
799835,CHAPTER 126,caulk,0.1
805128,CHAPTER 126,flask,0.1
810106,CHAPTER 126,make,0.1
811084,CHAPTER 126,moving,0.1
811821,CHAPTER 126,old,0.1
799837,CHAPTER 126,caulking,0.09
801968,CHAPTER 126,dams,0.09
803182,CHAPTER 126,don,0.09
806789,CHAPTER 126,headed,0.09
808802,CHAPTER 126,jobs,0.09
809533,CHAPTER 126,life,0.09
819243,CHAPTER 126,tinkers,0.09
799666,CHAPTER 126,caps,0.08
809562,CHAPTER 126,like,0.08
809679,CHAPTER 126,ll,0.08
810226,CHAPTER 126,manxman,0.08
815434,CHAPTER 126,rocky,0.08
815678,CHAPTER 126,said,0.08
816076,CHAPTER 126,seams,0.08
816499,CHAPTER 126,ship,0.08
821737,CHAPTER 126,wild,0.08
802043,CHAPTER 126,dawn,0.07
803893,CHAPTER 126,end,0.07
804293,CHAPTER 126,evil,0.07
806598,CHAPTER 126,hand,0.07
809463,CHAPTER 126,let,0.07
809521,CHAPTER 126,lid,0.07
809757,CHAPTER 126,lonely,0.07
809761,CHAPTER 126,long,0.07
809817,CHAPTER 126,lost,0.07
811237,CHAPTER 126,nail,0.07
813427,CHAPTER 126,pot,0.07
815307,CHAPTER 126,rig,0.07
817816,CHAPTER 126,stern,0.07
818384,CHAPTER 126,superstitious,0.07
821871,CHAPTER 126,woman,0.07
821876,CHAPTER 126,women,0.07
821922,CHAPTER 126,work,0.07
796958,CHAPTER 126,ahab,0.06
798396,CHAPTER 126,beginning,0.06
799222,CHAPTER 126,bring,0.06
799728,CHAPTER 126,carpenter,0.06
802145,CHAPTER 126,declared,0.06
805006,CHAPTER 126,filled,0.06
806347,CHAPTER 126,grey,0.06
806584,CHAPTER 126,hammer,0.06
806588,CHAPTER 126,hammock,0.06
808590,CHAPTER 126,iron,0.06
812532,CHAPTER 126,pay,0.06
816375,CHAPTER 126,shall,0.06
816784,CHAPTER 126,sir,0.06
817565,CHAPTER 126,spring,0.06
817688,CHAPTER 126,starbuck,0.06
818308,CHAPTER 126,sun,0.06
797606,CHAPTER 126,aroostook,0.05
797611,CHAPTER 126,arrange,0.05
798118,CHAPTER 126,bandbox,0.05
798256,CHAPTER 126,batten,0.05
798268,CHAPTER 126,baulks,0.05
798356,CHAPTER 126,bedsteads,0.05
798574,CHAPTER 126,betters,0.05
798886,CHAPTER 126,bodings,0.05
799095,CHAPTER 126,brats,0.05
800530,CHAPTER 126,cobbler,0.05
800796,CHAPTER 126,company,0.05
801013,CHAPTER 126,confirmation,0.05
801780,CHAPTER 126,cruppered,0.05
804945,CHAPTER 126,feverish,0.05
805069,CHAPTER 126,fishing,0.05
805395,CHAPTER 126,foreshadowing,0.05
805668,CHAPTER 126,fulfilment,0.05
806817,CHAPTER 126,heard,0.05
806891,CHAPTER 126,heigh,0.05
806928,CHAPTER 126,hemlock,0.05
806967,CHAPTER 126,herod,0.05
807050,CHAPTER 126,hinted,0.05
807311,CHAPTER 126,huff,0.05
807326,CHAPTER 126,human,0.05
808184,CHAPTER 126,innocents,0.05
808489,CHAPTER 126,inuendoes,0.05
808979,CHAPTER 126,kept,0.05
809088,CHAPTER 126,knotty,0.05
809553,CHAPTER 126,lightness,0.05
810147,CHAPTER 126,man,0.05
810563,CHAPTER 126,mermaids,0.05
810631,CHAPTER 126,middle,0.05
810928,CHAPTER 126,monotonously,0.05
811092,CHAPTER 126,mr,0.05
812056,CHAPTER 126,outskirts,0.05
812342,CHAPTER 126,parched,0.05
812604,CHAPTER 126,peeringly,0.05
813089,CHAPTER 126,plaintively,0.05
813133,CHAPTER 126,plausible,0.05
813348,CHAPTER 126,pore,0.05
813363,CHAPTER 126,portent,0.05
813613,CHAPTER 126,presaged,0.05
814835,CHAPTER 126,remained,0.05
815684,CHAPTER 126,sailing,0.05
816061,CHAPTER 126,sea,0.05
816621,CHAPTER 126,shrunken,0.05
817254,CHAPTER 126,sooth,0.05
817276,CHAPTER 126,sort,0.05
819060,CHAPTER 126,thirty,0.05
819242,CHAPTER 126,tinkerings,0.05
819520,CHAPTER 126,transfixedly,0.05
819578,CHAPTER 126,tray,0.05
819932,CHAPTER 126,unappalled,0.05
820141,CHAPTER 126,undignified,0.05
820273,CHAPTER 126,unfrequented,0.05
820730,CHAPTER 126,unvarying,0.05
821299,CHAPTER 126,wailings,0.05
821318,CHAPTER 126,waked,0.05
821690,CHAPTER 126,white,0.05
821925,CHAPTER 126,workers,0.05
822143,CHAPTER 126,young,0.05
796848,CHAPTER 126,affection,0.04
797570,CHAPTER 126,arising,0.04
797651,CHAPTER 126,articulated,0.04
798000,CHAPTER 126,aye,0.04
798075,CHAPTER 126,bald,0.04
799176,CHAPTER 126,bridal,0.04
799327,CHAPTER 126,budge,0.04
799694,CHAPTER 126,card,0.04
799730,CHAPTER 126,carpenters,0.04
799914,CHAPTER 126,certain,0.04
800500,CHAPTER 126,cluster,0.04
800571,CHAPTER 126,coffins,0.04
800943,CHAPTER 126,conclusion,0.04
801026,CHAPTER 126,confounded,0.04
801662,CHAPTER 126,crew,0.04
801689,CHAPTER 126,crisis,0.04
801794,CHAPTER 126,crying,0.04
801804,CHAPTER 126,cubs,0.04
802177,CHAPTER 126,deep,0.04
802457,CHAPTER 126,descrying,0.04
802522,CHAPTER 126,destined,0.04
802556,CHAPTER 126,determined,0.04
802741,CHAPTER 126,directed,0.04
803049,CHAPTER 126,distress,0.04
804128,CHAPTER 126,equatorial,0.04
804145,CHAPTER 126,ere,0.04
804501,CHAPTER 126,explained,0.04
804988,CHAPTER 126,fighting,0.04
805967,CHAPTER 126,ghosts,0.04
806147,CHAPTER 126,goes,0.04
806153,CHAPTER 126,going,0.04
806358,CHAPTER 126,grieved,0.04
806407,CHAPTER 126,ground,0.04
806625,CHAPTER 126,hang,0.04
806799,CHAPTER 126,heads,0.04
806813,CHAPTER 126,heap,0.04
806816,CHAPTER 126,hear,0.04
806828,CHAPTER 126,hearses,0.04
806925,CHAPTER 126,hem,0.04
807138,CHAPTER 126,hollowly,0.04
807623,CHAPTER 126,impatient,0.04
807631,CHAPTER 126,impelled,0.04
808328,CHAPTER 126,intelligent,0.04
808648,CHAPTER 126,islets,0.04
809279,CHAPTER 126,laughed,0.04
809637,CHAPTER 126,listening,0.04
809773,CHAPTER 126,look,0.04
809779,CHAPTER 126,looking,0.04
810271,CHAPTER 126,marling,0.04
810337,CHAPTER 126,mast,0.04
810374,CHAPTER 126,mathematical,0.04
810430,CHAPTER 126,meanings,0.04
810644,CHAPTER 126,midway,0.04
810944,CHAPTER 126,month,0.04
811140,CHAPTER 126,murdered,0.04
811444,CHAPTER 126,newly,0.04
811607,CHAPTER 126,numbers,0.04
811646,CHAPTER 126,obedient,0.04
811824,CHAPTER 126,oldest,0.04
811933,CHAPTER 126,ordered,0.04
812516,CHAPTER 126,pause,0.04
812566,CHAPTER 126,peculiar,0.04
812978,CHAPTER 126,pillow,0.04
813399,CHAPTER 126,possesses,0.04
813586,CHAPTER 126,preluding,0.04
813824,CHAPTER 126,profit,0.04
813842,CHAPTER 126,progress,0.04
814216,CHAPTER 126,queequeg,0.04
814507,CHAPTER 126,reason,0.04
814608,CHAPTER 126,recounted,0.04
814947,CHAPTER 126,replaced,0.04
815077,CHAPTER 126,resort,0.04
815217,CHAPTER 126,reveries,0.04
815356,CHAPTER 126,riotous,0.04
815375,CHAPTER 126,risen,0.04
816197,CHAPTER 126,semi,0.04
816546,CHAPTER 126,shop,0.04
816599,CHAPTER 126,shrieks,0.04
816623,CHAPTER 126,shuddered,0.04
816706,CHAPTER 126,signs,0.04
816926,CHAPTER 126,slender,0.04
817073,CHAPTER 126,snap,0.04
817134,CHAPTER 126,sobbing,0.04
817191,CHAPTER 126,solely,0.04
817436,CHAPTER 126,spike,0.04
817703,CHAPTER 126,startled,0.04
817713,CHAPTER 126,stash,0.04
817961,CHAPTER 126,strange,0.04
818064,CHAPTER 126,stubb,0.04
818074,CHAPTER 126,studded,0.04
818244,CHAPTER 126,sufficient,0.04
818665,CHAPTER 126,tables,0.04
818893,CHAPTER 126,tenderly,0.04
819111,CHAPTER 126,thrilling,0.04
819193,CHAPTER 126,tight,0.04
819240,CHAPTER 126,tinker,0.04
819335,CHAPTER 126,tones,0.04
819455,CHAPTER 126,trade,0.04
819533,CHAPTER 126,transition,0.04
819648,CHAPTER 126,tricks,0.04
819794,CHAPTER 126,turk,0.04
819910,CHAPTER 126,unaccompanied,0.04
820508,CHAPTER 126,unprovided,0.04
820795,CHAPTER 126,uprising,0.04
821128,CHAPTER 126,vineyard,0.04
821212,CHAPTER 126,voices,0.04
821296,CHAPTER 126,wail,0.04
821506,CHAPTER 126,wears,0.04
796846,CHAPTER 126,affected,0.03
797102,CHAPTER 126,alongside,0.03
797478,CHAPTER 126,approaching,0.03
797690,CHAPTER 126,ashore,0.03
797696,CHAPTER 126,ask,0.03
797976,CHAPTER 126,away,0.03
798312,CHAPTER 126,beat,0.03
798398,CHAPTER 126,begins,0.03
798998,CHAPTER 126,bound,0.03
799309,CHAPTER 126,bubbles,0.03
799761,CHAPTER 126,carved,0.03
800102,CHAPTER 126,cherish,0.03
800206,CHAPTER 126,christian,0.03
800288,CHAPTER 126,circumstances,0.03
800316,CHAPTER 126,civilized,0.03
800379,CHAPTER 126,clean,0.03
800521,CHAPTER 126,coat,0.03
800692,CHAPTER 126,come,0.03
801071,CHAPTER 126,connected,0.03
801825,CHAPTER 126,cunning,0.03
802010,CHAPTER 126,darkness,0.03
802504,CHAPTER 126,desperate,0.03
802745,CHAPTER 126,directly,0.03
803209,CHAPTER 126,dost,0.03
803326,CHAPTER 126,drew,0.03
803360,CHAPTER 126,dropped,0.03
803371,CHAPTER 126,drowned,0.03
803506,CHAPTER 126,eagerness,0.03
803536,CHAPTER 126,easily,0.03
803542,CHAPTER 126,eastward,0.03
803922,CHAPTER 126,endure,0.03
804127,CHAPTER 126,equator,0.03
804272,CHAPTER 126,event,0.03
804615,CHAPTER 126,faces,0.03
804652,CHAPTER 126,fair,0.03
804667,CHAPTER 126,falling,0.03
804772,CHAPTER 126,fate,0.03
804864,CHAPTER 126,feeling,0.03
804888,CHAPTER 126,fellows,0.03
805014,CHAPTER 126,final,0.03
805168,CHAPTER 126,flesh,0.03
805314,CHAPTER 126,followed,0.03
805361,CHAPTER 126,fore,0.03
805432,CHAPTER 126,forgotten,0.03
805732,CHAPTER 126,future,0.03
805920,CHAPTER 126,gentleman,0.03
806015,CHAPTER 126,giving,0.03
806295,CHAPTER 126,grave,0.03
806560,CHAPTER 126,half,0.03
806629,CHAPTER 126,hanging,0.03
806787,CHAPTER 126,head,0.03
806821,CHAPTER 126,hearing,0.03
806903,CHAPTER 126,held,0.03
807049,CHAPTER 126,hint,0.03
807086,CHAPTER 126,ho,0.03
807323,CHAPTER 126,hull,0.03
807373,CHAPTER 126,hung,0.03
808644,CHAPTER 126,islands,0.03
809351,CHAPTER 126,leaned,0.03
809372,CHAPTER 126,leave,0.03
809479,CHAPTER 126,level,0.03
809482,CHAPTER 126,levelled,0.03
809601,CHAPTER 126,lines,0.03
809665,CHAPTER 126,lively,0.03
809739,CHAPTER 126,log,0.03
810255,CHAPTER 126,mariner,0.03
810256,CHAPTER 126,mariners,0.03
810425,CHAPTER 126,mean,0.03
810482,CHAPTER 126,melancholy,0.03
810512,CHAPTER 126,men,0.03
810660,CHAPTER 126,mild,0.03
810793,CHAPTER 126,mistaken,0.03
810893,CHAPTER 126,moments,0.03
811056,CHAPTER 126,mounted,0.03
811320,CHAPTER 126,nay,0.03
811602,CHAPTER 126,number,0.03
812201,CHAPTER 126,pagan,0.03
812218,CHAPTER 126,pains,0.03
812424,CHAPTER 126,passage,0.03
812472,CHAPTER 126,path,0.03
812676,CHAPTER 126,pequod,0.03
812687,CHAPTER 126,perch,0.03
812851,CHAPTER 126,phantom,0.03
813979,CHAPTER 126,prove,0.03
814217,CHAPTER 126,queer,0.03
814378,CHAPTER 126,ran,0.03
814540,CHAPTER 126,receive,0.03
814723,CHAPTER 126,regarded,0.03
814745,CHAPTER 126,regularly,0.03
815312,CHAPTER 126,rigging,0.03
815374,CHAPTER 126,rise,0.03
815453,CHAPTER 126,roman,0.03
815485,CHAPTER 126,rose,0.03
815506,CHAPTER 126,round,0.03
815612,CHAPTER 126,rushing,0.03
815787,CHAPTER 126,sat,0.03
815903,CHAPTER 126,scene,0.03
816157,CHAPTER 126,seen,0.03
816173,CHAPTER 126,seize,0.03
816249,CHAPTER 126,separate,0.03
816668,CHAPTER 126,sideways,0.03
816900,CHAPTER 126,slave,0.03
816910,CHAPTER 126,sleep,0.03
817107,CHAPTER 126,snow,0.03
817296,CHAPTER 126,sounds,0.03
817305,CHAPTER 126,south,0.03
817317,CHAPTER 126,space,0.03
817599,CHAPTER 126,square,0.03
817701,CHAPTER 126,started,0.03
817702,CHAPTER 126,starting,0.03
817714,CHAPTER 126,state,0.03
817780,CHAPTER 126,steel,0.03
817796,CHAPTER 126,steering,0.03
818527,CHAPTER 126,swallowed,0.03
818856,CHAPTER 126,telling,0.03
819038,CHAPTER 126,things,0.03
819183,CHAPTER 126,tied,0.03
819300,CHAPTER 126,toil,0.03
819310,CHAPTER 126,told,0.03
819402,CHAPTER 126,tossed,0.03
820183,CHAPTER 126,unearthly,0.03
820393,CHAPTER 126,unless,0.03
820940,CHAPTER 126,ve,0.03
821148,CHAPTER 126,virgin,0.03
821627,CHAPTER 126,wherefore,0.03
821725,CHAPTER 126,widow,0.03
821783,CHAPTER 126,winds,0.03
821877,CHAPTER 126,won,0.03
821897,CHAPTER 126,wood,0.03
821905,CHAPTER 126,woods,0.03
822088,CHAPTER 126,yard,0.03
822127,CHAPTER 126,yield,0.03
796975,CHAPTER 126,air,0.02
797101,CHAPTER 126,aloft,0.02
798485,CHAPTER 126,beneath,0.02
798830,CHAPTER 126,blue,0.02
799445,CHAPTER 126,business,0.02
799553,CHAPTER 126,calm,0.02
799570,CHAPTER 126,came,0.02
799674,CHAPTER 126,captain,0.02
800698,CHAPTER 126,comes,0.02
800930,CHAPTER 126,concerning,0.02
801667,CHAPTER 126,cried,0.02
802002,CHAPTER 126,dark,0.02
802136,CHAPTER 126,deck,0.02
804869,CHAPTER 126,feet,0.02
805478,CHAPTER 126,forward,0.02
806165,CHAPTER 126,good,0.02
806617,CHAPTER 126,hands,0.02
806661,CHAPTER 126,hard,0.02
806696,CHAPTER 126,harpooneers,0.02
806767,CHAPTER 126,having,0.02
809062,CHAPTER 126,knew,0.02
809090,CHAPTER 126,know,0.02
809399,CHAPTER 126,leg,0.02
809594,CHAPTER 126,line,0.02
809802,CHAPTER 126,lord,0.02
810112,CHAPTER 126,making,0.02
810697,CHAPTER 126,mind,0.02
810995,CHAPTER 126,morning,0.02
811322,CHAPTER 126,near,0.02
811468,CHAPTER 126,nigh,0.02
811470,CHAPTER 126,night,0.02
812419,CHAPTER 126,parts,0.02
812428,CHAPTER 126,passed,0.02
813062,CHAPTER 126,place,0.02
815601,CHAPTER 126,run,0.02
815688,CHAPTER 126,sailor,0.02
815690,CHAPTER 126,sailors,0.02
815840,CHAPTER 126,saw,0.02
816509,CHAPTER 126,ships,0.02
816681,CHAPTER 126,sight,0.02
816991,CHAPTER 126,slowly,0.02
817898,CHAPTER 126,stood,0.02
818700,CHAPTER 126,taken,0.02
818992,CHAPTER 126,thee,0.02
819074,CHAPTER 126,thou,0.02
819075,CHAPTER 126,thought,0.02
819203,CHAPTER 126,till,0.02
819802,CHAPTER 126,turning,0.02
821258,CHAPTER 126,voyage,0.02
821438,CHAPTER 126,watch,0.02
821451,CHAPTER 126,water,0.02
821460,CHAPTER 126,waters,0.02
821468,CHAPTER 126,waves,0.02
821568,CHAPTER 126,went,0.02
821585,CHAPTER 126,whale,0.02
821878,CHAPTER 126,wonder,0.02
802652,CHAPTER 126,did,0.01
806315,CHAPTER 126,great,0.01
809653,CHAPTER 126,little,0.01
815848,CHAPTER 126,say,0.01
819213,CHAPTER 126,time,0.01
821477,CHAPTER 126,way,0.01
