,chapter,term,tfidf
3056797,CHAPTER 81,derick,0.28
3075955,CHAPTER 81,whale,0.19
3053240,CHAPTER 81,boats,0.17
3059223,CHAPTER 81,feeder,0.16
3076462,CHAPTER 81,yarman,0.16
3056037,CHAPTER 81,cried,0.15
3060314,CHAPTER 81,german,0.15
3050276,CHAPTER 81,_do_,0.13
3059383,CHAPTER 81,fin,0.12
3071141,CHAPTER 81,sinking,0.12
3063545,CHAPTER 81,lamp,0.11
3072058,CHAPTER 81,starbuck,0.11
3076474,CHAPTER 81,ye,0.11
3057552,CHAPTER 81,don,0.09
3061763,CHAPTER 81,hurrah,0.09
3063294,CHAPTER 81,jungfrau,0.09
3071915,CHAPTER 81,spout,0.09
3053175,CHAPTER 81,blood,0.08
3059498,CHAPTER 81,flask,0.08
3059627,CHAPTER 81,fluke,0.08
3066181,CHAPTER 81,oh,0.08
3066183,CHAPTER 81,oil,0.08
3070869,CHAPTER 81,ship,0.08
3054305,CHAPTER 81,chains,0.07
3063329,CHAPTER 81,keels,0.07
3052505,CHAPTER 81,bank,0.06
3053258,CHAPTER 81,body,0.06
3053405,CHAPTER 81,bows,0.06
3056384,CHAPTER 81,dart,0.06
3056385,CHAPTER 81,darted,0.06
3063971,CHAPTER 81,lines,0.06
3064882,CHAPTER 81,men,0.06
3067046,CHAPTER 81,pequod,0.06
3067415,CHAPTER 81,pitiable,0.06
3071139,CHAPTER 81,sink,0.06
3071787,CHAPTER 81,sperm,0.06
3072319,CHAPTER 81,strain,0.06
3072434,CHAPTER 81,stubb,0.06
3075687,CHAPTER 81,wake,0.06
3075821,CHAPTER 81,water,0.06
3075918,CHAPTER 81,weight,0.06
3075966,CHAPTER 81,whales,0.06
3052633,CHAPTER 81,battle,0.05
3052976,CHAPTER 81,big,0.05
3053235,CHAPTER 81,boat,0.05
3053531,CHAPTER 81,bremen,0.05
3053768,CHAPTER 81,buoyant,0.05
3059538,CHAPTER 81,flesh,0.05
3060523,CHAPTER 81,going,0.05
3060685,CHAPTER 81,great,0.05
3063517,CHAPTER 81,lads,0.05
3063932,CHAPTER 81,like,0.05
3068422,CHAPTER 81,pull,0.05
3068769,CHAPTER 81,rapid,0.05
3069763,CHAPTER 81,rivals,0.05
3070135,CHAPTER 81,sank,0.05
3071620,CHAPTER 81,soon,0.05
3072070,CHAPTER 81,start,0.05
3072805,CHAPTER 81,surface,0.05
3072948,CHAPTER 81,swell,0.05
3075847,CHAPTER 81,way,0.05
3076060,CHAPTER 81,white,0.05
3076247,CHAPTER 81,won,0.05
3076335,CHAPTER 81,wounded,0.05
3050881,CHAPTER 81,abreast,0.04
3051005,CHAPTER 81,ache,0.04
3051163,CHAPTER 81,adrift,0.04
3051247,CHAPTER 81,affrighted,0.04
3052055,CHAPTER 81,ash,0.04
3052234,CHAPTER 81,attitude,0.04
3052828,CHAPTER 81,belly,0.04
3053125,CHAPTER 81,bleeding,0.04
3053420,CHAPTER 81,boys,0.04
3053460,CHAPTER 81,brandy,0.04
3053719,CHAPTER 81,bulk,0.04
3054039,CHAPTER 81,capsizing,0.04
3054408,CHAPTER 81,chase,0.04
3054554,CHAPTER 81,choking,0.04
3054936,CHAPTER 81,coffee,0.04
3055041,CHAPTER 81,column,0.04
3056125,CHAPTER 81,cruel,0.04
3056555,CHAPTER 81,deer,0.04
3059122,CHAPTER 81,fasten,0.04
3059125,CHAPTER 81,fastening,0.04
3059429,CHAPTER 81,fish,0.04
3059684,CHAPTER 81,followed,0.04
3060992,CHAPTER 81,handspikes,0.04
3061065,CHAPTER 81,harpooneer,0.04
3061157,CHAPTER 81,head,0.04
3061965,CHAPTER 81,immovable,0.04
3062960,CHAPTER 81,iron,0.04
3063547,CHAPTER 81,lance,0.04
3063598,CHAPTER 81,lard,0.04
3063856,CHAPTER 81,leviathan,0.04
3063903,CHAPTER 81,life,0.04
3063964,CHAPTER 81,line,0.04
3064131,CHAPTER 81,long,0.04
3064229,CHAPTER 81,lowers,0.04
3064378,CHAPTER 81,mad,0.04
3064848,CHAPTER 81,meet,0.04
3065693,CHAPTER 81,neared,0.04
3066006,CHAPTER 81,oarsman,0.04
3066097,CHAPTER 81,occasionally,0.04
3066191,CHAPTER 81,old,0.04
3066532,CHAPTER 81,owing,0.04
3066677,CHAPTER 81,panting,0.04
3067075,CHAPTER 81,perfectly,0.04
3067602,CHAPTER 81,pod,0.04
3068024,CHAPTER 81,pressure,0.04
3068877,CHAPTER 81,reason,0.04
3069684,CHAPTER 81,right,0.04
3069979,CHAPTER 81,rush,0.04
3070048,CHAPTER 81,said,0.04
3070431,CHAPTER 81,sea,0.04
3070933,CHAPTER 81,shot,0.04
3071324,CHAPTER 81,sling,0.04
3071740,CHAPTER 81,species,0.04
3072259,CHAPTER 81,stomach,0.04
3072512,CHAPTER 81,submerged,0.04
3072690,CHAPTER 81,sunken,0.04
3072870,CHAPTER 81,suspended,0.04
3073595,CHAPTER 81,tin,0.04
3051259,CHAPTER 81,afraid,0.03
3051316,CHAPTER 81,agony,0.03
3051345,CHAPTER 81,air,0.03
3052308,CHAPTER 81,avast,0.03
3052545,CHAPTER 81,barbs,0.03
3052676,CHAPTER 81,bearing,0.03
3052682,CHAPTER 81,beat,0.03
3052855,CHAPTER 81,beneath,0.03
3053017,CHAPTER 81,bird,0.03
3053147,CHAPTER 81,blind,0.03
3053629,CHAPTER 81,broke,0.03
3053630,CHAPTER 81,broken,0.03
3053675,CHAPTER 81,brute,0.03
3053744,CHAPTER 81,bunch,0.03
3053785,CHAPTER 81,buried,0.03
3054053,CHAPTER 81,captured,0.03
3054137,CHAPTER 81,case,0.03
3054826,CHAPTER 81,closely,0.03
3055483,CHAPTER 81,considerably,0.03
3055598,CHAPTER 81,continually,0.03
3056033,CHAPTER 81,crews,0.03
3056222,CHAPTER 81,curious,0.03
3056353,CHAPTER 81,danger,0.03
3056449,CHAPTER 81,death,0.03
3057022,CHAPTER 81,did,0.03
3057508,CHAPTER 81,dog,0.03
3057696,CHAPTER 81,drew,0.03
3057731,CHAPTER 81,dropping,0.03
3057845,CHAPTER 81,dutch,0.03
3057874,CHAPTER 81,eager,0.03
3058288,CHAPTER 81,ends,0.03
3058547,CHAPTER 81,escape,0.03
3058970,CHAPTER 81,eyes,0.03
3059090,CHAPTER 81,far,0.03
3059152,CHAPTER 81,fathoms,0.03
3059185,CHAPTER 81,fear,0.03
3059187,CHAPTER 81,fearful,0.03
3059726,CHAPTER 81,force,0.03
3060097,CHAPTER 81,fury,0.03
3060118,CHAPTER 81,gained,0.03
3060163,CHAPTER 81,game,0.03
3060777,CHAPTER 81,ground,0.03
3060968,CHAPTER 81,hand,0.03
3061122,CHAPTER 81,haul,0.03
3061137,CHAPTER 81,having,0.03
3061169,CHAPTER 81,heads,0.03
3061484,CHAPTER 81,hold,0.03
3061617,CHAPTER 81,horses,0.03
3061944,CHAPTER 81,immediately,0.03
3062066,CHAPTER 81,impossible,0.03
3062174,CHAPTER 81,inches,0.03
3062640,CHAPTER 81,instant,0.03
3062964,CHAPTER 81,irons,0.03
3063137,CHAPTER 81,jet,0.03
3063434,CHAPTER 81,knife,0.03
3063460,CHAPTER 81,know,0.03
3063605,CHAPTER 81,largest,0.03
3063682,CHAPTER 81,lay,0.03
3063766,CHAPTER 81,leeward,0.03
3064109,CHAPTER 81,log,0.03
3064187,CHAPTER 81,lost,0.03
3064208,CHAPTER 81,love,0.03
3064707,CHAPTER 81,mast,0.03
3065259,CHAPTER 81,moment,0.03
3065838,CHAPTER 81,nigh,0.03
3067118,CHAPTER 81,perpendicular,0.03
3067437,CHAPTER 81,places,0.03
3067622,CHAPTER 81,pointing,0.03
3067624,CHAPTER 81,points,0.03
3068561,CHAPTER 81,quantity,0.03
3069749,CHAPTER 81,rising,0.03
3069850,CHAPTER 81,rope,0.03
3069971,CHAPTER 81,run,0.03
3070050,CHAPTER 81,sail,0.03
3070218,CHAPTER 81,say,0.03
3070496,CHAPTER 81,secured,0.03
3070580,CHAPTER 81,sending,0.03
3071038,CHAPTER 81,sideways,0.03
3071051,CHAPTER 81,sight,0.03
3071115,CHAPTER 81,simultaneously,0.03
3071358,CHAPTER 81,slow,0.03
3071443,CHAPTER 81,snap,0.03
3071646,CHAPTER 81,sort,0.03
3071730,CHAPTER 81,spear,0.03
3071733,CHAPTER 81,spears,0.03
3071935,CHAPTER 81,spring,0.03
3072261,CHAPTER 81,stone,0.03
3072404,CHAPTER 81,striving,0.03
3072406,CHAPTER 81,stroke,0.03
3072598,CHAPTER 81,sudden,0.03
3073059,CHAPTER 81,tail,0.03
3073148,CHAPTER 81,tashtego,0.03
3073310,CHAPTER 81,terrific,0.03
3073407,CHAPTER 81,thing,0.03
3073453,CHAPTER 81,thousand,0.03
3073583,CHAPTER 81,time,0.03
3074821,CHAPTER 81,unnatural,0.03
3075175,CHAPTER 81,upwards,0.03
3075301,CHAPTER 81,vast,0.03
3075402,CHAPTER 81,vessels,0.03
3075518,CHAPTER 81,virgin,0.03
3076089,CHAPTER 81,wide,0.03
3076334,CHAPTER 81,wound,0.03
3050084,CHAPTER 81,2000,0.02
3050239,CHAPTER 81,_clean_,0.02
3050275,CHAPTER 81,_do,0.02
3050279,CHAPTER 81,_don,0.02
3050888,CHAPTER 81,abruptly,0.02
3050889,CHAPTER 81,absence,0.02
3050936,CHAPTER 81,accelerating,0.02
3050952,CHAPTER 81,accident,0.02
3050981,CHAPTER 81,accosted,0.02
3050987,CHAPTER 81,accounted,0.02
3051035,CHAPTER 81,acre,0.02
3051087,CHAPTER 81,adequately,0.02
3051177,CHAPTER 81,advantage,0.02
3051189,CHAPTER 81,adverse,0.02
3051213,CHAPTER 81,affairs,0.02
3051237,CHAPTER 81,afflicted,0.02
3051268,CHAPTER 81,afternoon,0.02
3051274,CHAPTER 81,aged,0.02
3051455,CHAPTER 81,alluded,0.02
3051511,CHAPTER 81,amazing,0.02
3051537,CHAPTER 81,america,0.02
3051635,CHAPTER 81,anguish,0.02
3051639,CHAPTER 81,animal,0.02
3051641,CHAPTER 81,animals,0.02
3051663,CHAPTER 81,announcing,0.02
3051769,CHAPTER 81,appal,0.02
3051773,CHAPTER 81,appalling,0.02
3051846,CHAPTER 81,approached,0.02
3051953,CHAPTER 81,arm,0.02
3051968,CHAPTER 81,army,0.02
3051996,CHAPTER 81,arrival,0.02
3052003,CHAPTER 81,arrow,0.02
3052013,CHAPTER 81,arterial,0.02
3052026,CHAPTER 81,artificially,0.02
3052044,CHAPTER 81,ascended,0.02
3052071,CHAPTER 81,aslant,0.02
3052081,CHAPTER 81,aspirations,0.02
3052107,CHAPTER 81,assert,0.02
3052147,CHAPTER 81,astern,0.02
3052153,CHAPTER 81,astonishing,0.02
3052179,CHAPTER 81,atmospheres,0.02
3052180,CHAPTER 81,atmospheric,0.02
3052317,CHAPTER 81,average,0.02
3052337,CHAPTER 81,awaiting,0.02
3052345,CHAPTER 81,aware,0.02
3052370,CHAPTER 81,aye,0.02
3052397,CHAPTER 81,backing,0.02
3052398,CHAPTER 81,backs,0.02
3052402,CHAPTER 81,backward,0.02
3052417,CHAPTER 81,baffled,0.02
3052435,CHAPTER 81,baked,0.02
3052464,CHAPTER 81,balloon,0.02
3052542,CHAPTER 81,barbed,0.02
3052577,CHAPTER 81,barreller,0.02
3052648,CHAPTER 81,bays,0.02
3052678,CHAPTER 81,bears,0.02
3052687,CHAPTER 81,beating,0.02
3052699,CHAPTER 81,becalmed,0.02
3052732,CHAPTER 81,beef,0.02
3052754,CHAPTER 81,began,0.02
3052763,CHAPTER 81,begging,0.02
3052774,CHAPTER 81,begun,0.02
3052832,CHAPTER 81,belonging,0.02
3052888,CHAPTER 81,bernard,0.02
3052905,CHAPTER 81,bespattering,0.02
3052911,CHAPTER 81,best,0.02
3052996,CHAPTER 81,billow,0.02
3053039,CHAPTER 81,bits,0.02
3053071,CHAPTER 81,blade,0.02
3053151,CHAPTER 81,blinding,0.02
3053152,CHAPTER 81,blindly,0.02
3053154,CHAPTER 81,blinds,0.02
3053200,CHAPTER 81,blue,0.02
3053224,CHAPTER 81,board,0.02
3053253,CHAPTER 81,bodies,0.02
3053299,CHAPTER 81,bone,0.02
3053346,CHAPTER 81,borrowing,0.02
3053365,CHAPTER 81,bounce,0.02
3053413,CHAPTER 81,boxes,0.02
3053480,CHAPTER 81,brawny,0.02
3053493,CHAPTER 81,breadth,0.02
3053547,CHAPTER 81,bridals,0.02
3053562,CHAPTER 81,brief,0.02
3053612,CHAPTER 81,broad,0.02
3053677,CHAPTER 81,bubble,0.02
3053696,CHAPTER 81,budding,0.02
3053697,CHAPTER 81,budge,0.02
3053717,CHAPTER 81,bulbs,0.02
3053737,CHAPTER 81,bumped,0.02
3053766,CHAPTER 81,buoy,0.02
3053767,CHAPTER 81,buoyancy,0.02
3053771,CHAPTER 81,buoys,0.02
3053773,CHAPTER 81,burden,0.02
3053786,CHAPTER 81,buries,0.02
3053811,CHAPTER 81,bushel,0.02
3053830,CHAPTER 81,butter,0.02
3053863,CHAPTER 81,cabinet,0.02
3053865,CHAPTER 81,cabins,0.02
3053869,CHAPTER 81,cables,0.02
3053916,CHAPTER 81,called,0.02
3053940,CHAPTER 81,came,0.02
3054000,CHAPTER 81,canst,0.02
3054038,CHAPTER 81,capsized,0.02
3054044,CHAPTER 81,captain,0.02
3054061,CHAPTER 81,carcase,0.02
3054072,CHAPTER 81,careens,0.02
3054159,CHAPTER 81,casting,0.02
3054203,CHAPTER 81,caught,0.02
3054213,CHAPTER 81,causing,0.02
3054231,CHAPTER 81,ceasing,0.02
3054284,CHAPTER 81,certain,0.02
3054304,CHAPTER 81,chained,0.02
3054352,CHAPTER 81,chap,0.02
3054543,CHAPTER 81,chivalrous,0.02
3054546,CHAPTER 81,chocks,0.02
3054566,CHAPTER 81,chose,0.02
3054581,CHAPTER 81,christmas,0.02
3054603,CHAPTER 81,churches,0.02
3054624,CHAPTER 81,circles,0.02
3054703,CHAPTER 81,clams,0.02
3054809,CHAPTER 81,clipped,0.02
3054867,CHAPTER 81,clumsy,0.02
3054884,CHAPTER 81,coals,0.02
3054957,CHAPTER 81,coils,0.02
3055052,CHAPTER 81,combined,0.02
3055083,CHAPTER 81,coming,0.02
3055136,CHAPTER 81,commotions,0.02
3055169,CHAPTER 81,comparatively,0.02
3055312,CHAPTER 81,concluding,0.02
3055347,CHAPTER 81,conducting,0.02
3055370,CHAPTER 81,confident,0.02
3055474,CHAPTER 81,consequence,0.02
3055476,CHAPTER 81,consequent,0.02
3055478,CHAPTER 81,consequently,0.02
3055619,CHAPTER 81,contradict,0.02
3055670,CHAPTER 81,conversation,0.02
3055751,CHAPTER 81,cords,0.02
3055807,CHAPTER 81,corroded,0.02
3055834,CHAPTER 81,cougar,0.02
3055846,CHAPTER 81,counted,0.02
3055930,CHAPTER 81,crab,0.02
3056004,CHAPTER 81,creature,0.02
3056007,CHAPTER 81,credible,0.02
3056110,CHAPTER 81,crowding,0.02
3056118,CHAPTER 81,crows,0.02
3056193,CHAPTER 81,cumbrous,0.02
3056232,CHAPTER 81,currents,0.02
3056264,CHAPTER 81,cut,0.02
3056317,CHAPTER 81,dam,0.02
3056347,CHAPTER 81,dancing,0.02
3056367,CHAPTER 81,dares,0.02
3056388,CHAPTER 81,darts,0.02
3056412,CHAPTER 81,davy,0.02
3056429,CHAPTER 81,dead,0.02
3056497,CHAPTER 81,decided,0.02
3056506,CHAPTER 81,deck,0.02
3056514,CHAPTER 81,declare,0.02
3056578,CHAPTER 81,deficiency,0.02
3056603,CHAPTER 81,defy,0.02
3056612,CHAPTER 81,degree,0.02
3056717,CHAPTER 81,denote,0.02
3056718,CHAPTER 81,denoted,0.02
3056724,CHAPTER 81,dense,0.02
3056788,CHAPTER 81,depths,0.02
3056798,CHAPTER 81,dericks,0.02
3056800,CHAPTER 81,deriding,0.02
3056813,CHAPTER 81,descended,0.02
3056818,CHAPTER 81,described,0.02
3056839,CHAPTER 81,deserving,0.02
3056955,CHAPTER 81,devious,0.02
3056984,CHAPTER 81,dexterous,0.02
3056994,CHAPTER 81,diagonal,0.02
3056997,CHAPTER 81,diagonically,0.02
3057080,CHAPTER 81,diminished,0.02
3057114,CHAPTER 81,directions,0.02
3057171,CHAPTER 81,disclosed,0.02
3057180,CHAPTER 81,discoloured,0.02
3057200,CHAPTER 81,discovered,0.02
3057203,CHAPTER 81,discoveries,0.02
3057282,CHAPTER 81,dislocation,0.02
3057349,CHAPTER 81,disposed,0.02
3057388,CHAPTER 81,distance,0.02
3057405,CHAPTER 81,distinctly,0.02
3057420,CHAPTER 81,distressed,0.02
3057511,CHAPTER 81,dogger,0.02
3057515,CHAPTER 81,dogs,0.02
3057523,CHAPTER 81,dollars,0.02
3057596,CHAPTER 81,doubted,0.02
3057615,CHAPTER 81,downward,0.02
3057636,CHAPTER 81,drain,0.02
3057712,CHAPTER 81,dripping,0.02
3057737,CHAPTER 81,drought,0.02
3057786,CHAPTER 81,duff,0.02
3057797,CHAPTER 81,duly,0.02
3057798,CHAPTER 81,dumb,0.02
3057868,CHAPTER 81,dying,0.02
3057915,CHAPTER 81,eat,0.02
3057947,CHAPTER 81,economically,0.02
3057988,CHAPTER 81,effected,0.02
3058015,CHAPTER 81,egress,0.02
3058072,CHAPTER 81,elephant,0.02
3058221,CHAPTER 81,enabled,0.02
3058236,CHAPTER 81,enchanted,0.02
3058405,CHAPTER 81,entered,0.02
3058428,CHAPTER 81,entire,0.02
3058515,CHAPTER 81,ere,0.02
3058585,CHAPTER 81,esteemeth,0.02
3058590,CHAPTER 81,estimated,0.02
3058641,CHAPTER 81,evenly,0.02
3058651,CHAPTER 81,everlasting,0.02
3058707,CHAPTER 81,exceeding,0.02
3058789,CHAPTER 81,exhaust,0.02
3058790,CHAPTER 81,exhausted,0.02
3058792,CHAPTER 81,exhaustion,0.02
3058802,CHAPTER 81,exhilarating,0.02
3058850,CHAPTER 81,expending,0.02
3058869,CHAPTER 81,expiring,0.02
3058892,CHAPTER 81,expose,0.02
3058944,CHAPTER 81,extraordinary,0.02
3058953,CHAPTER 81,extremity,0.02
3059053,CHAPTER 81,faltering,0.02
3059123,CHAPTER 81,fastened,0.02
3059186,CHAPTER 81,feared,0.02
3059224,CHAPTER 81,feeders,0.02
3059237,CHAPTER 81,feels,0.02
3059239,CHAPTER 81,feet,0.02
3059345,CHAPTER 81,fiercely,0.02
3059433,CHAPTER 81,fisherman,0.02
3059463,CHAPTER 81,flag,0.02
3059486,CHAPTER 81,flank,0.02
3059489,CHAPTER 81,flanks,0.02
3059492,CHAPTER 81,flapped,0.02
3059524,CHAPTER 81,flee,0.02
3059552,CHAPTER 81,flight,0.02
3059567,CHAPTER 81,flitting,0.02
3059575,CHAPTER 81,floats,0.02
3059608,CHAPTER 81,flow,0.02
3059631,CHAPTER 81,flung,0.02
3059634,CHAPTER 81,flush,0.02
3059646,CHAPTER 81,flying,0.02
3059651,CHAPTER 81,foaming,0.02
3059658,CHAPTER 81,foes,0.02
3059669,CHAPTER 81,foiled,0.02
3059749,CHAPTER 81,foreign,0.02
3059849,CHAPTER 81,forwards,0.02
3059857,CHAPTER 81,foul,0.02
3059870,CHAPTER 81,fountain,0.02
3059871,CHAPTER 81,fountains,0.02
3059923,CHAPTER 81,free,0.02
3059975,CHAPTER 81,fright,0.02
3059978,CHAPTER 81,frightened,0.02
3060107,CHAPTER 81,gabled,0.02
3060135,CHAPTER 81,gallantry,0.02
3060206,CHAPTER 81,gases,0.02
3060210,CHAPTER 81,gasp,0.02
3060211,CHAPTER 81,gasped,0.02
3060217,CHAPTER 81,gates,0.02
3060219,CHAPTER 81,gather,0.02
3060236,CHAPTER 81,gayhead,0.02
3060269,CHAPTER 81,generated,0.02
3060300,CHAPTER 81,gently,0.02
3060316,CHAPTER 81,germans,0.02
3060324,CHAPTER 81,gesture,0.02
3060382,CHAPTER 81,given,0.02
3060467,CHAPTER 81,glorying,0.02
3060497,CHAPTER 81,goaded,0.02
3060533,CHAPTER 81,gone,0.02
3060544,CHAPTER 81,gore,0.02
3060567,CHAPTER 81,gouge,0.02
3060597,CHAPTER 81,gradually,0.02
3060658,CHAPTER 81,grating,0.02
3060675,CHAPTER 81,gravity,0.02
3060687,CHAPTER 81,greatest,0.02
3060721,CHAPTER 81,greyhounds,0.02
3060749,CHAPTER 81,groan,0.02
3060750,CHAPTER 81,groaned,0.02
3060764,CHAPTER 81,grooves,0.02
3060789,CHAPTER 81,growing,0.02
3060858,CHAPTER 81,guns,0.02
3060861,CHAPTER 81,gunwales,0.02
3060863,CHAPTER 81,gurglings,0.02
3060865,CHAPTER 81,gush,0.02
3060883,CHAPTER 81,habergeon,0.02
3060922,CHAPTER 81,haired,0.02
3060930,CHAPTER 81,half,0.02
3060935,CHAPTER 81,halloo,0.02
3061037,CHAPTER 81,hardly,0.02
3061060,CHAPTER 81,harness,0.02
3061063,CHAPTER 81,harpoon,0.02
3061098,CHAPTER 81,hatchet,0.02
3061143,CHAPTER 81,hawks,0.02
3061151,CHAPTER 81,hazard,0.02
3061167,CHAPTER 81,headlong,0.02
3061170,CHAPTER 81,headsman,0.02
3061176,CHAPTER 81,healed,0.02
3061178,CHAPTER 81,health,0.02
3061235,CHAPTER 81,heavy,0.02
3061246,CHAPTER 81,heedful,0.02
3061249,CHAPTER 81,heeding,0.02
3061264,CHAPTER 81,heightened,0.02
3061291,CHAPTER 81,helplessly,0.02
3061318,CHAPTER 81,herd,0.02
3061338,CHAPTER 81,heroes,0.02
3061368,CHAPTER 81,hide,0.02
3061382,CHAPTER 81,highest,0.02
3061397,CHAPTER 81,hills,0.02
3061414,CHAPTER 81,hindostan,0.02
3061422,CHAPTER 81,hinting,0.02
3061477,CHAPTER 81,hogshead,0.02
3061489,CHAPTER 81,holding,0.02
3061493,CHAPTER 81,holes,0.02
3061561,CHAPTER 81,hooking,0.02
3061574,CHAPTER 81,hopeful,0.02
3061606,CHAPTER 81,horribly,0.02
3061627,CHAPTER 81,host,0.02
3061629,CHAPTER 81,hostile,0.02
3061684,CHAPTER 81,huge,0.02
3061697,CHAPTER 81,humane,0.02
3061735,CHAPTER 81,humped,0.02
3061743,CHAPTER 81,hung,0.02
3061770,CHAPTER 81,hurry,0.02
3061823,CHAPTER 81,icefield,0.02
3061871,CHAPTER 81,ignorance,0.02
3061893,CHAPTER 81,illuminate,0.02
3061928,CHAPTER 81,imbedded,0.02
3061943,CHAPTER 81,immediate,0.02
3061948,CHAPTER 81,immensely,0.02
3061994,CHAPTER 81,impatiently,0.02
3062001,CHAPTER 81,impelled,0.02
3062032,CHAPTER 81,impetus,0.02
3062074,CHAPTER 81,impotently,0.02
3062122,CHAPTER 81,imputable,0.02
3062169,CHAPTER 81,incessant,0.02
3062185,CHAPTER 81,incited,0.02
3062193,CHAPTER 81,inclined,0.02
3062250,CHAPTER 81,increasing,0.02
3062251,CHAPTER 81,incredible,0.02
3062256,CHAPTER 81,incrustations,0.02
3062262,CHAPTER 81,incumbrance,0.02
3062291,CHAPTER 81,indiaman,0.02
3062293,CHAPTER 81,indian,0.02
3062350,CHAPTER 81,indubitably,0.02
3062383,CHAPTER 81,inevitable,0.02
3062442,CHAPTER 81,infirmity,0.02
3062538,CHAPTER 81,inlayings,0.02
3062565,CHAPTER 81,inoffensiveness,0.02
3062651,CHAPTER 81,instinctively,0.02
3062799,CHAPTER 81,intervals,0.02
3062892,CHAPTER 81,invertedly,0.02
3063056,CHAPTER 81,jacks,0.02
3063088,CHAPTER 81,jaundice,0.02
3063138,CHAPTER 81,jets,0.02
3063213,CHAPTER 81,jones,0.02
3063261,CHAPTER 81,judgment,0.02
3063292,CHAPTER 81,juncture,0.02
3063353,CHAPTER 81,kettles,0.02
3063454,CHAPTER 81,knot,0.02
3063487,CHAPTER 81,laborious,0.02
3063565,CHAPTER 81,landsman,0.02
3063592,CHAPTER 81,lapse,0.02
3063643,CHAPTER 81,latitude,0.02
3063650,CHAPTER 81,laugheth,0.02
3063687,CHAPTER 81,layeth,0.02
3063690,CHAPTER 81,lays,0.02
3063752,CHAPTER 81,led,0.02
3063807,CHAPTER 81,length,0.02
3063811,CHAPTER 81,lengths,0.02
3063833,CHAPTER 81,let,0.02
3063869,CHAPTER 81,liable,0.02
3063969,CHAPTER 81,lined,0.02
3063977,CHAPTER 81,lingo,0.02
3064049,CHAPTER 81,ll,0.02
3064053,CHAPTER 81,load,0.02
3064058,CHAPTER 81,loads,0.02
3064090,CHAPTER 81,locking,0.02
3064114,CHAPTER 81,loggerheads,0.02
3064139,CHAPTER 81,longitude,0.02
3064143,CHAPTER 81,look,0.02
3064172,CHAPTER 81,lord,0.02
3064183,CHAPTER 81,lose,0.02
3064186,CHAPTER 81,loss,0.02
3064222,CHAPTER 81,low,0.02
3064240,CHAPTER 81,lubber,0.02
3064384,CHAPTER 81,maddening,0.02
3064421,CHAPTER 81,magnetic,0.02
3064449,CHAPTER 81,mail,0.02
3064476,CHAPTER 81,make,0.02
3064479,CHAPTER 81,makes,0.02
3064483,CHAPTER 81,makings,0.02
3064517,CHAPTER 81,man,0.02
3064524,CHAPTER 81,management,0.02
3064655,CHAPTER 81,marring,0.02
3064686,CHAPTER 81,marvels,0.02
3064702,CHAPTER 81,masses,0.02
3064790,CHAPTER 81,meagre,0.02
3064852,CHAPTER 81,melancholy,0.02
3064941,CHAPTER 81,merry,0.02
3065008,CHAPTER 81,midship,0.02
3065023,CHAPTER 81,mighty,0.02
3065067,CHAPTER 81,mind,0.02
3065141,CHAPTER 81,misgrown,0.02
3065163,CHAPTER 81,mistaken,0.02
3065208,CHAPTER 81,mocks,0.02
3065242,CHAPTER 81,moisture,0.02
3065260,CHAPTER 81,momentarily,0.02
3065261,CHAPTER 81,momentary,0.02
3065303,CHAPTER 81,monster,0.02
3065305,CHAPTER 81,monstrous,0.02
3065406,CHAPTER 81,motions,0.02
3065470,CHAPTER 81,muffins,0.02
3065510,CHAPTER 81,murdered,0.02
3065580,CHAPTER 81,muzzle,0.02
3065692,CHAPTER 81,near,0.02
3065695,CHAPTER 81,nearest,0.02
3065715,CHAPTER 81,necessities,0.02
3065809,CHAPTER 81,new,0.02
3065810,CHAPTER 81,newcastle,0.02
3065825,CHAPTER 81,nice,0.02
3065872,CHAPTER 81,noblest,0.02
3065892,CHAPTER 81,non,0.02
3066002,CHAPTER 81,oaks,0.02
3066096,CHAPTER 81,occasional,0.02
3066107,CHAPTER 81,occupied,0.02
3066214,CHAPTER 81,omnipotent,0.02
3066304,CHAPTER 81,ordering,0.02
3066310,CHAPTER 81,ordinarily,0.02
3066460,CHAPTER 81,overgrowing,0.02
3066475,CHAPTER 81,overladen,0.02
3066510,CHAPTER 81,overtake,0.02
3066570,CHAPTER 81,pads,0.02
3066714,CHAPTER 81,parchment,0.02
3066721,CHAPTER 81,paregoric,0.02
3066767,CHAPTER 81,partially,0.02
3066890,CHAPTER 81,pausing,0.02
3066937,CHAPTER 81,peculiarities,0.02
3066996,CHAPTER 81,pen,0.02
3067088,CHAPTER 81,perilously,0.02
3067147,CHAPTER 81,persisting,0.02
3067222,CHAPTER 81,phantoms,0.02
3067286,CHAPTER 81,picked,0.02
3067308,CHAPTER 81,pierced,0.02
3067330,CHAPTER 81,pile,0.02
3067391,CHAPTER 81,piratical,0.02
3067403,CHAPTER 81,pitched,0.02
3067408,CHAPTER 81,pitching,0.02
3067412,CHAPTER 81,piteous,0.02
3067416,CHAPTER 81,pitied,0.02
3067424,CHAPTER 81,pity,0.02
3067439,CHAPTER 81,placidity,0.02
3067450,CHAPTER 81,plain,0.02
3067453,CHAPTER 81,plainly,0.02
3067458,CHAPTER 81,plaintive,0.02
3067465,CHAPTER 81,plane,0.02
3067512,CHAPTER 81,playing,0.02
3067616,CHAPTER 81,point,0.02
3067618,CHAPTER 81,pointed,0.02
3067686,CHAPTER 81,ponderosity,0.02
3067699,CHAPTER 81,poor,0.02
3067731,CHAPTER 81,portcullis,0.02
3067742,CHAPTER 81,porthole,0.02
3067797,CHAPTER 81,pot,0.02
3067830,CHAPTER 81,pour,0.02
3067874,CHAPTER 81,prayer,0.02
3067879,CHAPTER 81,preach,0.02
3067921,CHAPTER 81,predestinated,0.02
3067959,CHAPTER 81,prematurely,0.02
3067995,CHAPTER 81,present,0.02
3068029,CHAPTER 81,presume,0.02
3068066,CHAPTER 81,prick,0.02
3068212,CHAPTER 81,progress,0.02
3068234,CHAPTER 81,prominence,0.02
3068284,CHAPTER 81,prophets,0.02
3068324,CHAPTER 81,prostrate,0.02
3068340,CHAPTER 81,protruded,0.02
3068343,CHAPTER 81,protuberance,0.02
3068348,CHAPTER 81,proudly,0.02
3068351,CHAPTER 81,proverb,0.02
3068389,CHAPTER 81,pry,0.02
3068391,CHAPTER 81,prying,0.02
3068423,CHAPTER 81,pulled,0.02
3068518,CHAPTER 81,puts,0.02
3068546,CHAPTER 81,quahogs,0.02
3068586,CHAPTER 81,queequeg,0.02
3068600,CHAPTER 81,questionable,0.02
3068634,CHAPTER 81,quite,0.02
3068686,CHAPTER 81,rage,0.02
3068756,CHAPTER 81,ranged,0.02
3068758,CHAPTER 81,ranging,0.02
3068787,CHAPTER 81,rascal,0.02
3068878,CHAPTER 81,reasonable,0.02
3068917,CHAPTER 81,recently,0.02
3069183,CHAPTER 81,relieve,0.02
3069184,CHAPTER 81,relieved,0.02
3069188,CHAPTER 81,religion,0.02
3069214,CHAPTER 81,remarks,0.02
3069439,CHAPTER 81,resolutely,0.02
3069466,CHAPTER 81,respects,0.02
3069467,CHAPTER 81,respiration,0.02
3069523,CHAPTER 81,retarded,0.02
3069524,CHAPTER 81,retarding,0.02
3069614,CHAPTER 81,revolved,0.02
3069629,CHAPTER 81,rheumatic,0.02
3069639,CHAPTER 81,rib,0.02
3069685,CHAPTER 81,righted,0.02
3069686,CHAPTER 81,righteous,0.02
3069737,CHAPTER 81,ripple,0.02
3069745,CHAPTER 81,risen,0.02
3069746,CHAPTER 81,rises,0.02
3069759,CHAPTER 81,rival,0.02
3069765,CHAPTER 81,river,0.02
3069816,CHAPTER 81,rolled,0.02
3069818,CHAPTER 81,rolling,0.02
3069836,CHAPTER 81,roof,0.02
3069878,CHAPTER 81,rounded,0.02
3069897,CHAPTER 81,row,0.02
3069915,CHAPTER 81,rubbing,0.02
3069962,CHAPTER 81,rummaged,0.02
3070260,CHAPTER 81,scared,0.02
3070490,CHAPTER 81,secrets,0.02
3070714,CHAPTER 81,shade,0.02
3070742,CHAPTER 81,shaking,0.02
3070783,CHAPTER 81,sharp,0.02
3070924,CHAPTER 81,short,0.02
3070941,CHAPTER 81,shout,0.02
3070954,CHAPTER 81,showers,0.02
3070963,CHAPTER 81,shreds,0.02
3071069,CHAPTER 81,significantly,0.02
3071131,CHAPTER 81,single,0.02
3071255,CHAPTER 81,slantingly,0.02
3071257,CHAPTER 81,slap,0.02
3071262,CHAPTER 81,slashing,0.02
3071299,CHAPTER 81,slewed,0.02
3071310,CHAPTER 81,slides,0.02
3071349,CHAPTER 81,sloping,0.02
3071384,CHAPTER 81,small,0.02
3071514,CHAPTER 81,social,0.02
3071537,CHAPTER 81,sog,0.02
3071539,CHAPTER 81,sogger,0.02
3071659,CHAPTER 81,sounded,0.02
3071662,CHAPTER 81,soundings,0.02
3071669,CHAPTER 81,source,0.02
3071691,CHAPTER 81,spade,0.02
3071705,CHAPTER 81,spans,0.02
3071713,CHAPTER 81,sparks,0.02
3071719,CHAPTER 81,spasmodically,0.02
3071741,CHAPTER 81,specific,0.02
3071773,CHAPTER 81,speed,0.02
3071782,CHAPTER 81,spending,0.02
3071786,CHAPTER 81,spent,0.02
3071813,CHAPTER 81,spilled,0.02
3071820,CHAPTER 81,spine,0.02
3071828,CHAPTER 81,spiracle,0.02
3071852,CHAPTER 81,spit,0.02
3071882,CHAPTER 81,spokes,0.02
3071920,CHAPTER 81,spouting,0.02
3071927,CHAPTER 81,sprang,0.02
3071937,CHAPTER 81,springs,0.02
3072043,CHAPTER 81,stand,0.02
3072049,CHAPTER 81,standing,0.02
3072121,CHAPTER 81,stays,0.02
3072153,CHAPTER 81,steep,0.02
3072191,CHAPTER 81,sterns,0.02
3072209,CHAPTER 81,stiffest,0.02
3072212,CHAPTER 81,stifled,0.02
3072237,CHAPTER 81,stirs,0.02
3072288,CHAPTER 81,stores,0.02
3072300,CHAPTER 81,stoutest,0.02
3072312,CHAPTER 81,straight,0.02
3072331,CHAPTER 81,strange,0.02
3072346,CHAPTER 81,straw,0.02
3072358,CHAPTER 81,streams,0.02
3072370,CHAPTER 81,stretching,0.02
3072408,CHAPTER 81,strokes,0.02
3072423,CHAPTER 81,structure,0.02
3072436,CHAPTER 81,stubble,0.02
3072442,CHAPTER 81,stuck,0.02
3072466,CHAPTER 81,stump,0.02
3072467,CHAPTER 81,stumped,0.02
3072469,CHAPTER 81,stumps,0.02
3072554,CHAPTER 81,subterranean,0.02
3072601,CHAPTER 81,suds,0.02
3072605,CHAPTER 81,sufferable,0.02
3072679,CHAPTER 81,sunbeam,0.02
3072692,CHAPTER 81,sunlight,0.02
3072775,CHAPTER 81,supplied,0.02
3072778,CHAPTER 81,supply,0.02
3072845,CHAPTER 81,surrounded,0.02
3072921,CHAPTER 81,swaying,0.02
3072950,CHAPTER 81,swelling,0.02
3073017,CHAPTER 81,symptoms,0.02
3073175,CHAPTER 81,taunts,0.02
3073205,CHAPTER 81,technically,0.02
3073223,CHAPTER 81,tell,0.02
3073259,CHAPTER 81,tendency,0.02
3073403,CHAPTER 81,thighs,0.02
3073466,CHAPTER 81,threads,0.02
3073493,CHAPTER 81,throbs,0.02
3073524,CHAPTER 81,thundering,0.02
3073541,CHAPTER 81,ticklish,0.02
3073562,CHAPTER 81,tigers,0.02
3073569,CHAPTER 81,tilbury,0.02
3073575,CHAPTER 81,tiller,0.02
3073578,CHAPTER 81,tilted,0.02
3073580,CHAPTER 81,timber,0.02
3073581,CHAPTER 81,timberheads,0.02
3073702,CHAPTER 81,ton,0.02
3073714,CHAPTER 81,tons,0.02
3073751,CHAPTER 81,torments,0.02
3073771,CHAPTER 81,toss,0.02
3073884,CHAPTER 81,transferred,0.02
3073943,CHAPTER 81,travellers,0.02
3073960,CHAPTER 81,treasures,0.02
3074045,CHAPTER 81,triumphantly,0.02
3074149,CHAPTER 81,tumultuously,0.02
3074172,CHAPTER 81,turning,0.02
3074261,CHAPTER 81,ulceration,0.02
3074262,CHAPTER 81,ulcerous,0.02
3074360,CHAPTER 81,uncapturable,0.02
3074419,CHAPTER 81,unconditional,0.02
3074513,CHAPTER 81,undiscernible,0.02
3074648,CHAPTER 81,unfulfilments,0.02
3074660,CHAPTER 81,ungracious,0.02
3074663,CHAPTER 81,ungrateful,0.02
3074788,CHAPTER 81,unmannerly,0.02
3074823,CHAPTER 81,unnearable,0.02
3074868,CHAPTER 81,unprecedentedly,0.02
3074944,CHAPTER 81,unrifled,0.02
3074951,CHAPTER 81,unrolling,0.02
3075001,CHAPTER 81,unskilful,0.02
3075016,CHAPTER 81,unspeakably,0.02
3075077,CHAPTER 81,untouched,0.02
3075096,CHAPTER 81,unusually,0.02
3075143,CHAPTER 81,upbubble,0.02
3075152,CHAPTER 81,upheld,0.02
3075200,CHAPTER 81,using,0.02
3075202,CHAPTER 81,usually,0.02
3075246,CHAPTER 81,vainly,0.02
3075249,CHAPTER 81,valiant,0.02
3075259,CHAPTER 81,valuable,0.02
3075263,CHAPTER 81,valves,0.02
3075264,CHAPTER 81,valvular,0.02
3075278,CHAPTER 81,vapors,0.02
3075327,CHAPTER 81,veins,0.02
3075329,CHAPTER 81,velocity,0.02
3075333,CHAPTER 81,venerable,0.02
3075338,CHAPTER 81,venetian,0.02
3075346,CHAPTER 81,vent,0.02
3075424,CHAPTER 81,vibrated,0.02
3075447,CHAPTER 81,victor,0.02
3075481,CHAPTER 81,villainous,0.02
3075555,CHAPTER 81,vital,0.02
3075578,CHAPTER 81,voice,0.02
3075679,CHAPTER 81,wait,0.02
3075699,CHAPTER 81,walking,0.02
3075709,CHAPTER 81,wallows,0.02
3075732,CHAPTER 81,waning,0.02
3075840,CHAPTER 81,wavingly,0.02
3075916,CHAPTER 81,weighing,0.02
3075938,CHAPTER 81,went,0.02
3075971,CHAPTER 81,whaling,0.02
3075981,CHAPTER 81,wheel,0.02
3076047,CHAPTER 81,whisper,0.02
3076140,CHAPTER 81,wind,0.02
3076159,CHAPTER 81,wing,0.02
3076179,CHAPTER 81,wires,0.02
3076359,CHAPTER 81,wreck,0.02
3076365,CHAPTER 81,wrenching,0.02
3076396,CHAPTER 81,writhing,0.02
3076412,CHAPTER 81,xerxes,0.02
3076467,CHAPTER 81,yaw,0.02
3076468,CHAPTER 81,yawed,0.02
3076489,CHAPTER 81,yellowish,0.02
3076513,CHAPTER 81,young,0.02
3076529,CHAPTER 81,zealand,0.02
3050858,CHAPTER 81,aboard,0.01
3050983,CHAPTER 81,account,0.01
3051040,CHAPTER 81,act,0.01
3051070,CHAPTER 81,added,0.01
3051172,CHAPTER 81,advance,0.01
3051176,CHAPTER 81,advancing,0.01
3051273,CHAPTER 81,age,0.01
3051306,CHAPTER 81,ago,0.01
3051328,CHAPTER 81,ahab,0.01
3051472,CHAPTER 81,alongside,0.01
3051606,CHAPTER 81,anchor,0.01
3051966,CHAPTER 81,arms,0.01
3051998,CHAPTER 81,arrived,0.01
3052065,CHAPTER 81,aside,0.01
3052346,CHAPTER 81,away,0.01
3052667,CHAPTER 81,bear,0.01
3052783,CHAPTER 81,beheld,0.01
3052831,CHAPTER 81,belonged,0.01
3053031,CHAPTER 81,bit,0.01
3053192,CHAPTER 81,blow,0.01
3053267,CHAPTER 81,boiling,0.01
3053271,CHAPTER 81,bold,0.01
3053302,CHAPTER 81,bones,0.01
3053311,CHAPTER 81,book,0.01
3053341,CHAPTER 81,born,0.01
3053411,CHAPTER 81,box,0.01
3053495,CHAPTER 81,break,0.01
3053525,CHAPTER 81,breeze,0.01
3053655,CHAPTER 81,brought,0.01
3053725,CHAPTER 81,bull,0.01
3053734,CHAPTER 81,bulwarks,0.01
3053802,CHAPTER 81,burst,0.01
3054098,CHAPTER 81,carpenter,0.01
3054110,CHAPTER 81,carries,0.01
3054120,CHAPTER 81,carrying,0.01
3054152,CHAPTER 81,cast,0.01
3054209,CHAPTER 81,cause,0.01
3054210,CHAPTER 81,caused,0.01
3054331,CHAPTER 81,chance,0.01
3054332,CHAPTER 81,chanced,0.01
3054756,CHAPTER 81,clear,0.01
3054815,CHAPTER 81,clock,0.01
3054888,CHAPTER 81,coast,0.01
3055062,CHAPTER 81,come,0.01
3055085,CHAPTER 81,command,0.01
3055212,CHAPTER 81,complete,0.01
3055214,CHAPTER 81,completely,0.01
3055345,CHAPTER 81,conduct,0.01
3055482,CHAPTER 81,considerable,0.01
3055597,CHAPTER 81,continual,0.01
3055884,CHAPTER 81,course,0.01
3055946,CHAPTER 81,craft,0.01
3056005,CHAPTER 81,creatures,0.01
3056032,CHAPTER 81,crew,0.01
3056040,CHAPTER 81,cries,0.01
3056090,CHAPTER 81,cross,0.01
3056260,CHAPTER 81,customary,0.01
3056274,CHAPTER 81,cutting,0.01
3056305,CHAPTER 81,daggoo,0.01
3056380,CHAPTER 81,darkness,0.01
3056391,CHAPTER 81,dashed,0.01
3056416,CHAPTER 81,day,0.01
3056421,CHAPTER 81,days,0.01
3056435,CHAPTER 81,deadly,0.01
3056547,CHAPTER 81,deep,0.01
3056741,CHAPTER 81,departed,0.01
3056951,CHAPTER 81,devil,0.01
3056954,CHAPTER 81,devils,0.01
3057026,CHAPTER 81,die,0.01
3057027,CHAPTER 81,died,0.01
3057037,CHAPTER 81,difference,0.01
3057039,CHAPTER 81,different,0.01
3057135,CHAPTER 81,disappeared,0.01
3057390,CHAPTER 81,distant,0.01
3057588,CHAPTER 81,double,0.01
3057595,CHAPTER 81,doubt,0.01
3057630,CHAPTER 81,dragged,0.01
3057658,CHAPTER 81,drawing,0.01
3057664,CHAPTER 81,drawn,0.01
3057729,CHAPTER 81,drop,0.01
3058078,CHAPTER 81,elevated,0.01
3058282,CHAPTER 81,endless,0.01
3058323,CHAPTER 81,england,0.01
3058378,CHAPTER 81,enormous,0.01
3058491,CHAPTER 81,equal,0.01
3058597,CHAPTER 81,eternal,0.01
3058667,CHAPTER 81,evinced,0.01
3058948,CHAPTER 81,extreme,0.01
3058993,CHAPTER 81,fact,0.01
3059256,CHAPTER 81,fellow,0.01
3059262,CHAPTER 81,felt,0.01
3059376,CHAPTER 81,filled,0.01
3059391,CHAPTER 81,fine,0.01
3059420,CHAPTER 81,firm,0.01
3059434,CHAPTER 81,fishermen,0.01
3059436,CHAPTER 81,fishery,0.01
3059543,CHAPTER 81,flew,0.01
3059583,CHAPTER 81,flood,0.01
3059628,CHAPTER 81,flukes,0.01
3059644,CHAPTER 81,fly,0.01
3059649,CHAPTER 81,foam,0.01
3059683,CHAPTER 81,follow,0.01
3059811,CHAPTER 81,form,0.01
3059817,CHAPTER 81,formed,0.01
3059832,CHAPTER 81,forth,0.01
3059949,CHAPTER 81,frequently,0.01
3059966,CHAPTER 81,friend,0.01
3060044,CHAPTER 81,fully,0.01
3060231,CHAPTER 81,gave,0.01
3060232,CHAPTER 81,gay,0.01
3060246,CHAPTER 81,gazing,0.01
3060384,CHAPTER 81,gives,0.01
3060385,CHAPTER 81,giving,0.01
3060400,CHAPTER 81,glance,0.01
3060508,CHAPTER 81,god,0.01
3060517,CHAPTER 81,goes,0.01
3060535,CHAPTER 81,good,0.01
3060563,CHAPTER 81,got,0.01
3060645,CHAPTER 81,grass,0.01
3060686,CHAPTER 81,greater,0.01
3060796,CHAPTER 81,grown,0.01
3060958,CHAPTER 81,hammock,0.01
3060987,CHAPTER 81,hands,0.01
3061014,CHAPTER 81,happens,0.01
3061031,CHAPTER 81,hard,0.01
3061066,CHAPTER 81,harpooneers,0.01
3061069,CHAPTER 81,harpoons,0.01
3061187,CHAPTER 81,heard,0.01
3061200,CHAPTER 81,hearted,0.01
3061223,CHAPTER 81,heave,0.01
3061273,CHAPTER 81,held,0.01
3061380,CHAPTER 81,high,0.01
3061394,CHAPTER 81,hill,0.01
3061492,CHAPTER 81,hole,0.01
3061539,CHAPTER 81,honor,0.01
3061643,CHAPTER 81,hours,0.01
3061644,CHAPTER 81,house,0.01
3061732,CHAPTER 81,hump,0.01
3061752,CHAPTER 81,hunters,0.01
3061947,CHAPTER 81,immense,0.01
3062173,CHAPTER 81,inch,0.01
3062639,CHAPTER 81,instances,0.01
3062645,CHAPTER 81,instantly,0.01
3062646,CHAPTER 81,instead,0.01
3062706,CHAPTER 81,intense,0.01
3062714,CHAPTER 81,intent,0.01
3062743,CHAPTER 81,interior,0.01
3063041,CHAPTER 81,ivory,0.01
3063097,CHAPTER 81,jaw,0.01
3063308,CHAPTER 81,just,0.01
3063326,CHAPTER 81,keel,0.01
3063349,CHAPTER 81,kept,0.01
3063373,CHAPTER 81,killed,0.01
3063381,CHAPTER 81,kind,0.01
3063432,CHAPTER 81,knew,0.01
3063466,CHAPTER 81,known,0.01
3063550,CHAPTER 81,lances,0.01
3063552,CHAPTER 81,land,0.01
3063627,CHAPTER 81,late,0.01
3063699,CHAPTER 81,lead,0.01
3063721,CHAPTER 81,leaned,0.01
3063768,CHAPTER 81,left,0.01
3063859,CHAPTER 81,leviathans,0.01
3063914,CHAPTER 81,light,0.01
3064023,CHAPTER 81,little,0.01
3064028,CHAPTER 81,live,0.01
3064133,CHAPTER 81,longer,0.01
3064160,CHAPTER 81,loose,0.01
3064223,CHAPTER 81,lower,0.01
3064224,CHAPTER 81,lowered,0.01
3064225,CHAPTER 81,lowering,0.01
3064438,CHAPTER 81,magnitude,0.01
3064482,CHAPTER 81,making,0.01
3064631,CHAPTER 81,mark,0.01
3064710,CHAPTER 81,master,0.01
3064742,CHAPTER 81,mates,0.01
3064755,CHAPTER 81,matter,0.01
3064805,CHAPTER 81,meantime,0.01
3064956,CHAPTER 81,met,0.01
3065094,CHAPTER 81,minutes,0.01
3065263,CHAPTER 81,moments,0.01
3065373,CHAPTER 81,mortal,0.01
3065424,CHAPTER 81,mountains,0.01
3065426,CHAPTER 81,mounted,0.01
3065462,CHAPTER 81,mr,0.01
3065624,CHAPTER 81,nantucket,0.01
3065666,CHAPTER 81,natural,0.01
3065690,CHAPTER 81,nay,0.01
3065727,CHAPTER 81,need,0.01
3065737,CHAPTER 81,needs,0.01
3065840,CHAPTER 81,night,0.01
3065867,CHAPTER 81,noble,0.01
3065900,CHAPTER 81,noon,0.01
3065981,CHAPTER 81,numerous,0.01
3066093,CHAPTER 81,obvious,0.01
3066117,CHAPTER 81,ocean,0.01
3066302,CHAPTER 81,order,0.01
3066306,CHAPTER 81,orders,0.01
3066331,CHAPTER 81,original,0.01
3066448,CHAPTER 81,overboard,0.01
3066550,CHAPTER 81,pacific,0.01
3066782,CHAPTER 81,partly,0.01
3066793,CHAPTER 81,pass,0.01
3066806,CHAPTER 81,passing,0.01
3066902,CHAPTER 81,pay,0.01
3067040,CHAPTER 81,people,0.01
3067086,CHAPTER 81,peril,0.01
3067091,CHAPTER 81,period,0.01
3067304,CHAPTER 81,pieces,0.01
3067432,CHAPTER 81,place,0.01
3067542,CHAPTER 81,plenty,0.01
3067763,CHAPTER 81,position,0.01
3067841,CHAPTER 81,power,0.01
3068002,CHAPTER 81,presently,0.01
3068063,CHAPTER 81,prey,0.01
3068156,CHAPTER 81,prodigious,0.01
3068200,CHAPTER 81,profound,0.01
3068350,CHAPTER 81,proved,0.01
3068507,CHAPTER 81,pursuit,0.01
3068572,CHAPTER 81,quarter,0.01
3068606,CHAPTER 81,quick,0.01
3068662,CHAPTER 81,race,0.01
3068710,CHAPTER 81,raised,0.01
3068862,CHAPTER 81,really,0.01
3068873,CHAPTER 81,rear,0.01
3068995,CHAPTER 81,red,0.01
3069205,CHAPTER 81,remained,0.01
3069297,CHAPTER 81,repeated,0.01
3069484,CHAPTER 81,rest,0.01
3069558,CHAPTER 81,revealed,0.01
3069821,CHAPTER 81,rolls,0.01
3069851,CHAPTER 81,ropes,0.01
3069876,CHAPTER 81,round,0.01
3070052,CHAPTER 81,sailed,0.01
3070196,CHAPTER 81,save,0.01
3070210,CHAPTER 81,saw,0.01
3070458,CHAPTER 81,seas,0.01
3070463,CHAPTER 81,seat,0.01
3070517,CHAPTER 81,seeing,0.01
3070527,CHAPTER 81,seen,0.01
3070546,CHAPTER 81,seizing,0.01
3070602,CHAPTER 81,sent,0.01
3070679,CHAPTER 81,settled,0.01
3070727,CHAPTER 81,shadows,0.01
3070745,CHAPTER 81,shall,0.01
3070782,CHAPTER 81,sharks,0.01
3070879,CHAPTER 81,ships,0.01
3070909,CHAPTER 81,shook,0.01
3070918,CHAPTER 81,shore,0.01
3070950,CHAPTER 81,showed,0.01
3071003,CHAPTER 81,shut,0.01
3071034,CHAPTER 81,sides,0.01
3071078,CHAPTER 81,silence,0.01
3071096,CHAPTER 81,similar,0.01
3071182,CHAPTER 81,size,0.01
3071208,CHAPTER 81,skin,0.01
3071233,CHAPTER 81,sky,0.01
3071361,CHAPTER 81,slowly,0.01
3071419,CHAPTER 81,smoking,0.01
3071562,CHAPTER 81,solemn,0.01
3071621,CHAPTER 81,sooner,0.01
3071658,CHAPTER 81,sound,0.01
3071661,CHAPTER 81,sounding,0.01
3071725,CHAPTER 81,speak,0.01
3071853,CHAPTER 81,spite,0.01
3071910,CHAPTER 81,spot,0.01
3071929,CHAPTER 81,spray,0.01
3071969,CHAPTER 81,square,0.01
3071992,CHAPTER 81,st,0.01
3072057,CHAPTER 81,starboard,0.01
3072071,CHAPTER 81,started,0.01
3072132,CHAPTER 81,steady,0.01
3072150,CHAPTER 81,steel,0.01
3072186,CHAPTER 81,stern,0.01
3072268,CHAPTER 81,stood,0.01
3072275,CHAPTER 81,stop,0.01
3072332,CHAPTER 81,strangely,0.01
3072362,CHAPTER 81,strength,0.01
3072374,CHAPTER 81,stricken,0.01
3072382,CHAPTER 81,strike,0.01
3072419,CHAPTER 81,strongly,0.01
3072421,CHAPTER 81,struck,0.01
3072599,CHAPTER 81,suddenly,0.01
3072762,CHAPTER 81,supper,0.01
3072899,CHAPTER 81,swam,0.01
3072951,CHAPTER 81,swells,0.01
3072955,CHAPTER 81,swift,0.01
3072962,CHAPTER 81,swimming,0.01
3072984,CHAPTER 81,sword,0.01
3073070,CHAPTER 81,taken,0.01
3073226,CHAPTER 81,telling,0.01
3073362,CHAPTER 81,thee,0.01
3073409,CHAPTER 81,think,0.01
3073444,CHAPTER 81,thou,0.01
3073445,CHAPTER 81,thought,0.01
3073520,CHAPTER 81,thunder,0.01
3073573,CHAPTER 81,till,0.01
3073678,CHAPTER 81,token,0.01
3073715,CHAPTER 81,took,0.01
3073747,CHAPTER 81,tormented,0.01
3073752,CHAPTER 81,torn,0.01
3073788,CHAPTER 81,touching,0.01
3074170,CHAPTER 81,turn,0.01
3074171,CHAPTER 81,turned,0.01
3074176,CHAPTER 81,turns,0.01
3074401,CHAPTER 81,uncommon,0.01
3074755,CHAPTER 81,unknown,0.01
3074763,CHAPTER 81,unless,0.01
3074981,CHAPTER 81,unseen,0.01
3075095,CHAPTER 81,unusual,0.01
3075161,CHAPTER 81,upper,0.01
3075189,CHAPTER 81,use,0.01
3075212,CHAPTER 81,utmost,0.01
3075244,CHAPTER 81,vain,0.01
3075401,CHAPTER 81,vessel,0.01
3075457,CHAPTER 81,view,0.01
3075534,CHAPTER 81,visible,0.01
3075763,CHAPTER 81,warm,0.01
3075830,CHAPTER 81,waters,0.01
3075943,CHAPTER 81,west,0.01
3075962,CHAPTER 81,whaleman,0.01
3076076,CHAPTER 81,wholly,0.01
3076153,CHAPTER 81,winds,0.01
3076303,CHAPTER 81,world,0.01
