,chapter,term,tfidf
2416190,CHAPTER 6,bedford,0.38
2429281,CHAPTER 6,new,0.23
2437279,CHAPTER 6,town,0.2
2419823,CHAPTER 6,dandy,0.16
2435832,CHAPTER 6,streets,0.16
2416656,CHAPTER 6,bloom,0.15
2435812,CHAPTER 6,straps,0.15
2419343,CHAPTER 6,country,0.13
2424168,CHAPTER 6,green,0.13
2435831,CHAPTER 6,street,0.12
2423660,CHAPTER 6,gardens,0.1
2433920,CHAPTER 6,seaport,0.1
2417313,CHAPTER 6,buttons,0.09
2418554,CHAPTER 6,comical,0.09
2433329,CHAPTER 6,roses,0.09
2416990,CHAPTER 6,bred,0.08
2417454,CHAPTER 6,cannibals,0.08
2425125,CHAPTER 6,houses,0.08
2425140,CHAPTER 6,howling,0.07
2427024,CHAPTER 6,land,0.07
2436135,CHAPTER 6,summer,0.07
2415482,CHAPTER 6,art,0.06
2416759,CHAPTER 6,bombay,0.06
2417044,CHAPTER 6,brighggians,0.06
2417412,CHAPTER 6,came,0.06
2417566,CHAPTER 6,carnation,0.06
2421080,CHAPTER 6,dowers,0.06
2422005,CHAPTER 6,erromanggoans,0.06
2422700,CHAPTER 6,feegeeans,0.06
2424819,CHAPTER 6,herr,0.06
2426662,CHAPTER 6,joins,0.06
2426694,CHAPTER 6,jostle,0.06
2427081,CHAPTER 6,lascars,0.06
2427404,CHAPTER 6,like,0.06
2428074,CHAPTER 6,maples,0.06
2428928,CHAPTER 6,mow,0.06
2429306,CHAPTER 6,nieces,0.06
2430136,CHAPTER 6,pannangians,0.06
2430206,CHAPTER 6,parks,0.06
2430274,CHAPTER 6,passer,0.06
2431953,CHAPTER 6,puritanic,0.06
2432891,CHAPTER 6,reservoirs,0.06
2433798,CHAPTER 6,scoria,0.06
2433835,CHAPTER 6,scraggy,0.06
2435904,CHAPTER 6,strutting,0.06
2437178,CHAPTER 6,tongatobooarrs,0.06
2438854,CHAPTER 6,vermonters,0.06
2439148,CHAPTER 6,waistcoats,0.06
2439416,CHAPTER 6,wester,0.06
2414508,CHAPTER 6,acres,0.05
2414525,CHAPTER 6,actual,0.05
2414870,CHAPTER 6,alexander,0.05
2415226,CHAPTER 6,apollo,0.05
2415469,CHAPTER 6,arrive,0.05
2415644,CHAPTER 6,athirst,0.05
2415788,CHAPTER 6,avenues,0.05
2415836,CHAPTER 6,axe,0.05
2416051,CHAPTER 6,barren,0.05
2416160,CHAPTER 6,beats,0.05
2416378,CHAPTER 6,bespeaking,0.05
2416515,CHAPTER 6,bitterly,0.05
2416659,CHAPTER 6,blossoms,0.05
2416760,CHAPTER 6,bombazine,0.05
2416854,CHAPTER 6,bountiful,0.05
2416981,CHAPTER 6,breathe,0.05
2417054,CHAPTER 6,brilliant,0.05
2417092,CHAPTER 6,broadway,0.05
2417166,CHAPTER 6,buckskin,0.05
2417213,CHAPTER 6,bumpkin,0.05
2417214,CHAPTER 6,bumpkins,0.05
2417424,CHAPTER 6,canaan,0.05
2417434,CHAPTER 6,candelabra,0.05
2417904,CHAPTER 6,chatting,0.05
2417958,CHAPTER 6,chestnut,0.05
2417959,CHAPTER 6,chestnuts,0.05
2418108,CHAPTER 6,circulating,0.05
2418284,CHAPTER 6,cloak,0.05
2418823,CHAPTER 6,cones,0.05
2418894,CHAPTER 6,congregated,0.05
2419877,CHAPTER 6,daughters,0.05
2419918,CHAPTER 6,dearest,0.05
2420900,CHAPTER 6,district,0.05
2421482,CHAPTER 6,eggs,0.05
2421618,CHAPTER 6,emblematical,0.05
2422725,CHAPTER 6,felled,0.05
2422863,CHAPTER 6,fine,0.05
2422908,CHAPTER 6,fishery,0.05
2423086,CHAPTER 6,flowery,0.05
2423365,CHAPTER 6,frames,0.05
2423449,CHAPTER 6,frighten,0.05
2423844,CHAPTER 6,girdled,0.05
2423946,CHAPTER 6,gloves,0.05
2424435,CHAPTER 6,hampshire,0.05
2424603,CHAPTER 6,haunts,0.05
2426965,CHAPTER 6,labrador,0.05
2427500,CHAPTER 6,live,0.05
2427961,CHAPTER 6,malays,0.05
2428053,CHAPTER 6,mansion,0.05
2428730,CHAPTER 6,moluccas,0.05
2429010,CHAPTER 6,musk,0.05
2429136,CHAPTER 6,natives,0.05
2429310,CHAPTER 6,nigh,0.05
2429367,CHAPTER 6,nondescripts,0.05
2429610,CHAPTER 6,odorous,0.05
2429655,CHAPTER 6,oil,0.05
2429755,CHAPTER 6,opulent,0.05
2429862,CHAPTER 6,outfit,0.05
2429891,CHAPTER 6,outright,0.05
2430261,CHAPTER 6,parts,0.05
2430324,CHAPTER 6,patrician,0.05
2430363,CHAPTER 6,pave,0.05
2430540,CHAPTER 6,perennial,0.05
2430549,CHAPTER 6,perform,0.05
2431216,CHAPTER 6,portion,0.05
2431658,CHAPTER 6,proffer,0.05
2432060,CHAPTER 6,queerest,0.05
2432504,CHAPTER 6,reel,0.05
2432572,CHAPTER 6,regent,0.05
2433530,CHAPTER 6,sailor,0.05
2433547,CHAPTER 6,salem,0.05
2433596,CHAPTER 6,sands,0.05
2433732,CHAPTER 6,scared,0.05
2433796,CHAPTER 6,scores,0.05
2433986,CHAPTER 6,seed,0.05
2435124,CHAPTER 6,sou,0.05
2435217,CHAPTER 6,specimens,0.05
2435502,CHAPTER 6,stalwart,0.05
2435532,CHAPTER 6,stare,0.05
2436202,CHAPTER 6,superinduced,0.05
2436414,CHAPTER 6,sweethearts,0.05
2436533,CHAPTER 6,tailed,0.05
2436581,CHAPTER 6,tanning,0.05
2436773,CHAPTER 6,terraces,0.05
2436913,CHAPTER 6,thoroughfares,0.05
2437295,CHAPTER 6,tract,0.05
2438152,CHAPTER 6,unheeded,0.05
2438159,CHAPTER 6,unholy,0.05
2439020,CHAPTER 6,visitors,0.05
2439215,CHAPTER 6,wapping,0.05
2439377,CHAPTER 6,weekly,0.05
2439929,CHAPTER 6,yankees,0.05
2439985,CHAPTER 6,young,0.05
2414719,CHAPTER 6,affrighted,0.04
2415009,CHAPTER 6,america,0.04
2415623,CHAPTER 6,astonished,0.04
2415626,CHAPTER 6,astonishment,0.04
2415740,CHAPTER 6,august,0.04
2416165,CHAPTER 6,beautiful,0.04
2416170,CHAPTER 6,beaver,0.04
2416289,CHAPTER 6,bell,0.04
2416310,CHAPTER 6,belt,0.04
2416780,CHAPTER 6,bony,0.04
2417263,CHAPTER 6,burn,0.04
2417444,CHAPTER 6,candles,0.04
2417654,CHAPTER 6,catching,0.04
2417824,CHAPTER 6,chap,0.04
2417921,CHAPTER 6,cheeks,0.04
2418158,CHAPTER 6,civilized,0.04
2418642,CHAPTER 6,compare,0.04
2418812,CHAPTER 6,condition,0.04
2419234,CHAPTER 6,corn,0.04
2419235,CHAPTER 6,corner,0.04
2419236,CHAPTER 6,corners,0.04
2419471,CHAPTER 6,creation,0.04
2419891,CHAPTER 6,daylight,0.04
2420213,CHAPTER 6,departed,0.04
2420880,CHAPTER 6,distinguished,0.04
2420963,CHAPTER 6,docks,0.04
2420980,CHAPTER 6,dog,0.04
2421084,CHAPTER 6,downright,0.04
2421187,CHAPTER 6,driven,0.04
2422621,CHAPTER 6,fathers,0.04
2422673,CHAPTER 6,feat,0.04
2422730,CHAPTER 6,fellows,0.04
2423085,CHAPTER 6,flowers,0.04
2423221,CHAPTER 6,foreign,0.04
2423243,CHAPTER 6,forests,0.04
2423421,CHAPTER 6,frequently,0.04
2423589,CHAPTER 6,gain,0.04
2423710,CHAPTER 6,gaze,0.04
2423851,CHAPTER 6,girls,0.04
2423910,CHAPTER 6,glimpse,0.04
2424536,CHAPTER 6,harpooned,0.04
2424620,CHAPTER 6,hay,0.04
2424700,CHAPTER 6,heavens,0.04
2424922,CHAPTER 6,hither,0.04
2425804,CHAPTER 6,individual,0.04
2426986,CHAPTER 6,ladies,0.04
2427283,CHAPTER 6,lengths,0.04
2428200,CHAPTER 6,match,0.04
2428312,CHAPTER 6,mediterranean,0.04
2428514,CHAPTER 6,milk,0.04
2428896,CHAPTER 6,mountains,0.04
2429624,CHAPTER 6,offer,0.04
2429686,CHAPTER 6,omnipotent,0.04
2429867,CHAPTER 6,outlandish,0.04
2430904,CHAPTER 6,place,0.04
2431123,CHAPTER 6,polite,0.04
2431197,CHAPTER 6,porpoises,0.04
2432315,CHAPTER 6,reaching,0.04
2432411,CHAPTER 6,recklessly,0.04
2432550,CHAPTER 6,refuse,0.04
2432848,CHAPTER 6,reputation,0.04
2433666,CHAPTER 6,savages,0.04
2433990,CHAPTER 6,seek,0.04
2434161,CHAPTER 6,seventh,0.04
2434278,CHAPTER 6,sheath,0.04
2434526,CHAPTER 6,sights,0.04
2434867,CHAPTER 6,smell,0.04
2434926,CHAPTER 6,snatch,0.04
2434989,CHAPTER 6,society,0.04
2435260,CHAPTER 6,spermaceti,0.04
2435883,CHAPTER 6,stroll,0.04
2436164,CHAPTER 6,sunlight,0.04
2436368,CHAPTER 6,swallow,0.04
2436589,CHAPTER 6,tapering,0.04
2436710,CHAPTER 6,tempest,0.04
2436836,CHAPTER 6,theirs,0.04
2436880,CHAPTER 6,things,0.04
2436881,CHAPTER 6,think,0.04
2436959,CHAPTER 6,throat,0.04
2437555,CHAPTER 6,trowsers,0.04
2438636,CHAPTER 6,upright,0.04
2439348,CHAPTER 6,wears,0.04
2439366,CHAPTER 6,wedding,0.04
2439629,CHAPTER 6,wine,0.04
2439718,CHAPTER 6,women,0.04
2414799,CHAPTER 6,ah,0.03
2415159,CHAPTER 6,answered,0.03
2415537,CHAPTER 6,aside,0.03
2415648,CHAPTER 6,atlantic,0.03
2416774,CHAPTER 6,bones,0.03
2416940,CHAPTER 6,brave,0.03
2417045,CHAPTER 6,bright,0.03
2417274,CHAPTER 6,burst,0.03
2417481,CHAPTER 6,canvas,0.03
2417591,CHAPTER 6,carry,0.03
2417757,CHAPTER 6,certainly,0.03
2418360,CHAPTER 6,coast,0.03
2418363,CHAPTER 6,coat,0.03
2418540,CHAPTER 6,comes,0.03
2418954,CHAPTER 6,considerable,0.03
2419418,CHAPTER 6,craft,0.03
2419888,CHAPTER 6,day,0.03
2421102,CHAPTER 6,dragged,0.03
2421130,CHAPTER 6,drawing,0.03
2421201,CHAPTER 6,drop,0.03
2421795,CHAPTER 6,england,0.03
2422539,CHAPTER 6,famous,0.03
2422657,CHAPTER 6,fear,0.03
2422728,CHAPTER 6,fellow,0.03
2422856,CHAPTER 6,final,0.03
2423010,CHAPTER 6,flesh,0.03
2423422,CHAPTER 6,fresh,0.03
2423600,CHAPTER 6,gale,0.03
2423937,CHAPTER 6,glory,0.03
2423999,CHAPTER 6,gold,0.03
2424538,CHAPTER 6,harpooneers,0.03
2424541,CHAPTER 6,harpoons,0.03
2424565,CHAPTER 6,hat,0.03
2425085,CHAPTER 6,horse,0.03
2425115,CHAPTER 6,hours,0.03
2425116,CHAPTER 6,house,0.03
2425765,CHAPTER 6,indian,0.03
2426118,CHAPTER 6,instead,0.03
2426906,CHAPTER 6,knife,0.03
2427019,CHAPTER 6,lance,0.03
2427580,CHAPTER 6,lofty,0.03
2427615,CHAPTER 6,look,0.03
2427951,CHAPTER 6,makes,0.03
2428098,CHAPTER 6,mariners,0.03
2428267,CHAPTER 6,mean,0.03
2428372,CHAPTER 6,mentioned,0.03
2428508,CHAPTER 6,miles,0.03
2429591,CHAPTER 6,oceans,0.03
2429778,CHAPTER 6,orders,0.03
2430022,CHAPTER 6,pacific,0.03
2430775,CHAPTER 6,piece,0.03
2430953,CHAPTER 6,planted,0.03
2432059,CHAPTER 6,queer,0.03
2432071,CHAPTER 6,question,0.03
2432467,CHAPTER 6,red,0.03
2433275,CHAPTER 6,rocks,0.03
2433348,CHAPTER 6,round,0.03
2433668,CHAPTER 6,save,0.03
2433690,CHAPTER 6,say,0.03
2433903,CHAPTER 6,sea,0.03
2434390,CHAPTER 6,shore,0.03
2435325,CHAPTER 6,spite,0.03
2435407,CHAPTER 6,spring,0.03
2435806,CHAPTER 6,stranger,0.03
2436409,CHAPTER 6,sweet,0.03
2436543,CHAPTER 6,takes,0.03
2436979,CHAPTER 6,thrown,0.03
2437055,CHAPTER 6,time,0.03
2438227,CHAPTER 6,unknown,0.03
2439427,CHAPTER 6,whale,0.03
2439655,CHAPTER 6,wise,0.03
2439981,CHAPTER 6,yonder,0.03
2414817,CHAPTER 6,air,0.02
2419694,CHAPTER 6,curious,0.02
2419893,CHAPTER 6,days,0.02
2420977,CHAPTER 6,does,0.02
2424459,CHAPTER 6,hands,0.02
2424629,CHAPTER 6,head,0.02
2424852,CHAPTER 6,high,0.02
2426432,CHAPTER 6,iron,0.02
2427621,CHAPTER 6,looking,0.02
2427948,CHAPTER 6,make,0.02
2428354,CHAPTER 6,men,0.02
2429312,CHAPTER 6,night,0.02
2431171,CHAPTER 6,poor,0.02
2432058,CHAPTER 6,queequeg,0.02
2433443,CHAPTER 6,run,0.02
2433532,CHAPTER 6,sailors,0.02
2435092,CHAPTER 6,soon,0.02
2435515,CHAPTER 6,stand,0.02
2436544,CHAPTER 6,taking,0.02
2436695,CHAPTER 6,tell,0.02
2436916,CHAPTER 6,thou,0.02
2437562,CHAPTER 6,true,0.02
2438929,CHAPTER 6,view,0.02
2439293,CHAPTER 6,water,0.02
2439435,CHAPTER 6,whalemen,0.02
2439438,CHAPTER 6,whales,0.02
2439443,CHAPTER 6,whaling,0.02
2439579,CHAPTER 6,wild,0.02
2439946,CHAPTER 6,ye,0.02
2439967,CHAPTER 6,yes,0.02
2424157,CHAPTER 6,great,0.01
2427603,CHAPTER 6,long,0.01
2429663,CHAPTER 6,old,0.01
