,chapter,term,tfidf
3246698,CHAPTER 88,harem,0.4
3255950,CHAPTER 88,schools,0.23
3255946,CHAPTER 88,school,0.18
3252024,CHAPTER 88,ottoman,0.17
3255948,CHAPTER 88,schoolmaster,0.16
3262167,CHAPTER 88,young,0.16
3250148,CHAPTER 88,males,0.13
3238229,CHAPTER 88,barrel,0.12
3249168,CHAPTER 88,ladies,0.12
3249826,CHAPTER 88,lord,0.12
3250144,CHAPTER 88,male,0.11
3261620,CHAPTER 88,whales,0.11
3238252,CHAPTER 88,bashaw,0.09
3240974,CHAPTER 88,concubines,0.09
3249844,CHAPTER 88,lothario,0.09
3238149,CHAPTER 88,bands,0.08
3238811,CHAPTER 88,bliss,0.08
3239385,CHAPTER 88,bulls,0.08
3244917,CHAPTER 88,female,0.08
3244918,CHAPTER 88,females,0.08
3246450,CHAPTER 88,grown,0.08
3249586,CHAPTER 88,like,0.08
3249862,CHAPTER 88,love,0.08
3238008,CHAPTER 88,awhile,0.07
3242059,CHAPTER 88,daughters,0.07
3257272,CHAPTER 88,sons,0.07
3259822,CHAPTER 88,turks,0.07
3239379,CHAPTER 88,bull,0.06
3241282,CHAPTER 88,contrast,0.06
3243190,CHAPTER 88,domestic,0.06
3244086,CHAPTER 88,entitled,0.06
3248991,CHAPTER 88,keeps,0.06
3249510,CHAPTER 88,leviathan,0.06
3256113,CHAPTER 88,season,0.06
3258317,CHAPTER 88,summer,0.06
3261119,CHAPTER 88,vigorous,0.06
3236830,CHAPTER 88,advancing,0.05
3238361,CHAPTER 88,bed,0.05
3239373,CHAPTER 88,bulk,0.05
3239863,CHAPTER 88,cause,0.05
3245011,CHAPTER 88,fight,0.05
3245088,CHAPTER 88,fishermen,0.05
3258036,CHAPTER 88,strike,0.05
3261609,CHAPTER 88,whale,0.05
3235954,CHAPTER 88,_en,0.04
3236770,CHAPTER 88,admirably,0.04
3236779,CHAPTER 88,admirers,0.04
3236795,CHAPTER 88,admonitory,0.04
3236945,CHAPTER 88,aggregations,0.04
3237204,CHAPTER 88,amorous,0.04
3237336,CHAPTER 88,anonymous,0.04
3237364,CHAPTER 88,anticipation,0.04
3237378,CHAPTER 88,antlers,0.04
3237571,CHAPTER 88,ardour,0.04
3237745,CHAPTER 88,assails,0.04
3237866,CHAPTER 88,attendance,0.04
3237971,CHAPTER 88,average,0.04
3238033,CHAPTER 88,babies,0.04
3238580,CHAPTER 88,betake,0.04
3238582,CHAPTER 88,betakes,0.04
3238944,CHAPTER 88,bon,0.04
3238977,CHAPTER 88,boone,0.04
3239048,CHAPTER 88,bower,0.04
3239872,CHAPTER 88,cavalier,0.04
3240019,CHAPTER 88,characteristic,0.04
3240020,CHAPTER 88,characteristically,0.04
3240066,CHAPTER 88,chases,0.04
3240094,CHAPTER 88,cheating,0.04
3240658,CHAPTER 88,collegians,0.04
3240894,CHAPTER 88,composed,0.04
3240897,CHAPTER 88,composing,0.04
3241027,CHAPTER 88,confidentially,0.04
3242011,CHAPTER 88,daniel,0.04
3242174,CHAPTER 88,declines,0.04
3242362,CHAPTER 88,denied,0.04
3242496,CHAPTER 88,designated,0.04
3242630,CHAPTER 88,devoutly,0.04
3242801,CHAPTER 88,disbands,0.04
3242935,CHAPTER 88,dislocated,0.04
3243113,CHAPTER 88,diverting,0.04
3243275,CHAPTER 88,dozen,0.04
3243439,CHAPTER 88,duels,0.04
3243461,CHAPTER 88,dumps,0.04
3243743,CHAPTER 88,elks,0.04
3243815,CHAPTER 88,embracing,0.04
3243907,CHAPTER 88,encounters,0.04
3243921,CHAPTER 88,endearments,0.04
3244064,CHAPTER 88,enters,0.04
3244191,CHAPTER 88,errors,0.04
3244280,CHAPTER 88,evade,0.04
3244322,CHAPTER 88,evinces,0.04
3244378,CHAPTER 88,excessive,0.04
3244423,CHAPTER 88,exemplary,0.04
3244475,CHAPTER 88,exotic,0.04
3244770,CHAPTER 88,fashionables,0.04
3244923,CHAPTER 88,fence,0.04
3245264,CHAPTER 88,flower,0.04
3245343,CHAPTER 88,folly,0.04
3245484,CHAPTER 88,forswears,0.04
3245529,CHAPTER 88,fourths,0.04
3245593,CHAPTER 88,frenchman,0.04
3245744,CHAPTER 88,furrowed,0.04
3245789,CHAPTER 88,gallantry,0.04
3246225,CHAPTER 88,gout,0.04
3246264,CHAPTER 88,grand,0.04
3246284,CHAPTER 88,granting,0.04
3246401,CHAPTER 88,grizzled,0.04
3246452,CHAPTER 88,growth,0.04
3246699,CHAPTER 88,harems,0.04
3246734,CHAPTER 88,harvard,0.04
3246791,CHAPTER 88,having,0.04
3246972,CHAPTER 88,herd,0.04
3246979,CHAPTER 88,hereditarily,0.04
3247727,CHAPTER 88,impotent,0.04
3247902,CHAPTER 88,increase,0.04
3247913,CHAPTER 88,inculcated,0.04
3247914,CHAPTER 88,inculcating,0.04
3247996,CHAPTER 88,individuals,0.04
3248010,CHAPTER 88,inducing,0.04
3248121,CHAPTER 88,informed,0.04
3248272,CHAPTER 88,insinuates,0.04
3248338,CHAPTER 88,insure,0.04
3248461,CHAPTER 88,interweave,0.04
3248517,CHAPTER 88,invade,0.04
3248519,CHAPTER 88,invader,0.04
3248677,CHAPTER 88,isolation,0.04
3248885,CHAPTER 88,journeys,0.04
3249120,CHAPTER 88,known,0.04
3249273,CHAPTER 88,lassitude,0.04
3249323,CHAPTER 88,lavish,0.04
3249454,CHAPTER 88,leisurely,0.04
3249460,CHAPTER 88,lends,0.04
3249485,CHAPTER 88,lessons,0.04
3249744,CHAPTER 88,locking,0.04
3249856,CHAPTER 88,lounged,0.04
3249869,CHAPTER 88,lovers,0.04
3249963,CHAPTER 88,luxurious,0.04
3250101,CHAPTER 88,maidens,0.04
3250395,CHAPTER 88,maternal,0.04
3250528,CHAPTER 88,memoirs,0.04
3250579,CHAPTER 88,meridians,0.04
3250847,CHAPTER 88,mob,0.04
3251045,CHAPTER 88,moss,0.04
3251208,CHAPTER 88,mustering,0.04
3251324,CHAPTER 88,nature,0.04
3251346,CHAPTER 88,near,0.04
3251601,CHAPTER 88,notorious,0.04
3251641,CHAPTER 88,nursery,0.04
3251755,CHAPTER 88,occult,0.04
3251874,CHAPTER 88,omnivorous,0.04
3252166,CHAPTER 88,overtakes,0.04
3252357,CHAPTER 88,parallels,0.04
3252543,CHAPTER 88,pauses,0.04
3252651,CHAPTER 88,penal,0.04
3252824,CHAPTER 88,pert,0.04
3253271,CHAPTER 88,point_,0.04
3253683,CHAPTER 88,presume,0.04
3253883,CHAPTER 88,promenade,0.04
3253947,CHAPTER 88,proportions,0.04
3254007,CHAPTER 88,proverbially,0.04
3254008,CHAPTER 88,proves,0.04
3254074,CHAPTER 88,pugnacious,0.04
3254118,CHAPTER 88,pupils,0.04
3254372,CHAPTER 88,rakes,0.04
3254389,CHAPTER 88,ramblings,0.04
3254847,CHAPTER 88,relinquish,0.04
3254963,CHAPTER 88,repentant,0.04
3255224,CHAPTER 88,revels,0.04
3255380,CHAPTER 88,riotous,0.04
3255413,CHAPTER 88,rival,0.04
3255471,CHAPTER 88,rollicking,0.04
3255550,CHAPTER 88,roving,0.04
3255771,CHAPTER 88,sanctity,0.04
3255814,CHAPTER 88,sated,0.04
3255820,CHAPTER 88,satirical,0.04
3255921,CHAPTER 88,scars,0.04
3255966,CHAPTER 88,scolloped,0.04
3256127,CHAPTER 88,secludedness,0.04
3256290,CHAPTER 88,serenely,0.04
3256336,CHAPTER 88,settlements,0.04
3256360,CHAPTER 88,sexes,0.04
3257205,CHAPTER 88,solaces,0.04
3258029,CHAPTER 88,strict,0.04
3258304,CHAPTER 88,sulky,0.04
3258420,CHAPTER 88,supplants,0.04
3258449,CHAPTER 88,supremacy,0.04
3258473,CHAPTER 88,surmised,0.04
3258501,CHAPTER 88,surroundingly,0.04
3258532,CHAPTER 88,suspicious,0.04
3258765,CHAPTER 88,tantalizing,0.04
3258888,CHAPTER 88,temperature,0.04
3259799,CHAPTER 88,tumbling,0.04
3259815,CHAPTER 88,turbulence,0.04
3260102,CHAPTER 88,unctuousness,0.04
3260151,CHAPTER 88,underwriter,0.04
3260397,CHAPTER 88,universally,0.04
3260512,CHAPTER 88,unpleasant,0.04
3260527,CHAPTER 88,unprincipled,0.04
3260763,CHAPTER 88,unwarrantably,0.04
3260940,CHAPTER 88,variety,0.04
3260955,CHAPTER 88,vast,0.04
3261107,CHAPTER 88,vidocq,0.04
3261424,CHAPTER 88,warmth,0.04
3261442,CHAPTER 88,warringly,0.04
3261447,CHAPTER 88,wary,0.04
3261462,CHAPTER 88,watch,0.04
3261484,CHAPTER 88,waters,0.04
3261526,CHAPTER 88,weariness,0.04
3261739,CHAPTER 88,wickedness,0.04
3261762,CHAPTER 88,wilderness,0.04
3261957,CHAPTER 88,world,0.04
3262109,CHAPTER 88,yale,0.04
3262168,CHAPTER 88,younger,0.04
3236539,CHAPTER 88,abroad,0.03
3236618,CHAPTER 88,accompanied,0.03
3236928,CHAPTER 88,aged,0.03
3237021,CHAPTER 88,alarm,0.03
3237027,CHAPTER 88,alas,0.03
3238000,CHAPTER 88,away,0.03
3238036,CHAPTER 88,baby,0.03
3238287,CHAPTER 88,battle,0.03
3238324,CHAPTER 88,bearded,0.03
3238410,CHAPTER 88,beget,0.03
3238571,CHAPTER 88,bestowed,0.03
3238907,CHAPTER 88,bodies,0.03
3239149,CHAPTER 88,break,0.03
3239570,CHAPTER 88,called,0.03
3239707,CHAPTER 88,captured,0.03
3239723,CHAPTER 88,care,0.03
3240017,CHAPTER 88,character,0.03
3240816,CHAPTER 88,companions,0.03
3240823,CHAPTER 88,comparatively,0.03
3240925,CHAPTER 88,comrades,0.03
3240952,CHAPTER 88,concern,0.03
3241366,CHAPTER 88,cool,0.03
3241525,CHAPTER 88,country,0.03
3241561,CHAPTER 88,covering,0.03
3242008,CHAPTER 88,dangerous,0.03
3242019,CHAPTER 88,dare,0.03
3242089,CHAPTER 88,deadly,0.03
3242291,CHAPTER 88,delicate,0.03
3242460,CHAPTER 88,derived,0.03
3242558,CHAPTER 88,detached,0.03
3242691,CHAPTER 88,difference,0.03
3243307,CHAPTER 88,draw,0.03
3243555,CHAPTER 88,ease,0.03
3243903,CHAPTER 88,encounter,0.03
3243904,CHAPTER 88,encountered,0.03
3244151,CHAPTER 88,equator,0.03
3244152,CHAPTER 88,equatorial,0.03
3244353,CHAPTER 88,exasperated,0.03
3244359,CHAPTER 88,exceed,0.03
3244372,CHAPTER 88,excepting,0.03
3244691,CHAPTER 88,falling,0.03
3244714,CHAPTER 88,familiarly,0.03
3244716,CHAPTER 88,family,0.03
3244879,CHAPTER 88,feeding,0.03
3244997,CHAPTER 88,fiends,0.03
3245063,CHAPTER 88,fins,0.03
3245206,CHAPTER 88,flight,0.03
3245706,CHAPTER 88,fun,0.03
3245751,CHAPTER 88,fury,0.03
3245944,CHAPTER 88,gentleman,0.03
3245954,CHAPTER 88,gently,0.03
3246371,CHAPTER 88,grey,0.03
3246386,CHAPTER 88,grim,0.03
3246813,CHAPTER 88,headed,0.03
3247601,CHAPTER 88,immense,0.03
3248000,CHAPTER 88,indolent,0.03
3248387,CHAPTER 88,interesting,0.03
3248529,CHAPTER 88,invariably,0.03
3248962,CHAPTER 88,just,0.03
3249164,CHAPTER 88,lad,0.03
3249258,CHAPTER 88,larger,0.03
3249259,CHAPTER 88,largest,0.03
3249388,CHAPTER 88,learned,0.03
3249397,CHAPTER 88,leaves,0.03
3249511,CHAPTER 88,leviathanic,0.03
3249513,CHAPTER 88,leviathans,0.03
3249628,CHAPTER 88,lingering,0.03
3249779,CHAPTER 88,lone,0.03
3250092,CHAPTER 88,magnitude,0.03
3250364,CHAPTER 88,master,0.03
3250502,CHAPTER 88,meet,0.03
3250521,CHAPTER 88,member,0.03
3250554,CHAPTER 88,mentioned,0.03
3250610,CHAPTER 88,met,0.03
3250978,CHAPTER 88,moody,0.03
3251099,CHAPTER 88,mouths,0.03
3251270,CHAPTER 88,named,0.03
3251323,CHAPTER 88,naturally,0.03
3251567,CHAPTER 88,northern,0.03
3251722,CHAPTER 88,observed,0.03
3251751,CHAPTER 88,occasionally,0.03
3251806,CHAPTER 88,offer,0.03
3251980,CHAPTER 88,oriental,0.03
3252767,CHAPTER 88,permitted,0.03
3253033,CHAPTER 88,pious,0.03
3253529,CHAPTER 88,prayers,0.03
3253716,CHAPTER 88,previously,0.03
3253717,CHAPTER 88,prey,0.03
3253778,CHAPTER 88,probable,0.03
3253810,CHAPTER 88,prodigious,0.03
3254038,CHAPTER 88,prudent,0.03
3254252,CHAPTER 88,quest,0.03
3254287,CHAPTER 88,quit,0.03
3254452,CHAPTER 88,rate,0.03
3254500,CHAPTER 88,read,0.03
3254527,CHAPTER 88,rear,0.03
3254592,CHAPTER 88,reckless,0.03
3254712,CHAPTER 88,reflection,0.03
3255205,CHAPTER 88,returned,0.03
3255633,CHAPTER 88,rush,0.03
3256104,CHAPTER 88,search,0.03
3256144,CHAPTER 88,secrets,0.03
3256181,CHAPTER 88,seen,0.03
3256275,CHAPTER 88,separately,0.03
3256708,CHAPTER 88,sights,0.03
3256837,CHAPTER 88,sized,0.03
3257038,CHAPTER 88,small,0.03
3257216,CHAPTER 88,solemn,0.03
3257242,CHAPTER 88,solitary,0.03
3257247,CHAPTER 88,solomon,0.03
3257300,CHAPTER 88,sort,0.03
3257304,CHAPTER 88,sorts,0.03
3257436,CHAPTER 88,spending,0.03
3257441,CHAPTER 88,sperm,0.03
3257659,CHAPTER 88,stage,0.03
3257724,CHAPTER 88,start,0.03
3258058,CHAPTER 88,striving,0.03
3258441,CHAPTER 88,supposing,0.03
3258614,CHAPTER 88,swim,0.03
3258616,CHAPTER 88,swimming,0.03
3258809,CHAPTER 88,taste,0.03
3258859,CHAPTER 88,technically,0.03
3258960,CHAPTER 88,terrible,0.03
3259237,CHAPTER 88,time,0.03
3259241,CHAPTER 88,times,0.03
3259242,CHAPTER 88,timid,0.03
3259295,CHAPTER 88,title,0.03
3259332,CHAPTER 88,token,0.03
3259596,CHAPTER 88,traveller,0.03
3259818,CHAPTER 88,turk,0.03
3260987,CHAPTER 88,venerable,0.03
3261093,CHAPTER 88,vicinity,0.03
3261179,CHAPTER 88,virtue,0.03
3261326,CHAPTER 88,waist,0.03
3261428,CHAPTER 88,warning,0.03
3261755,CHAPTER 88,wife,0.03
3261883,CHAPTER 88,wives,0.03
3261977,CHAPTER 88,worshipping,0.03
3262018,CHAPTER 88,wrenched,0.03
3262114,CHAPTER 88,yards,0.03
3262136,CHAPTER 88,years,0.03
3262175,CHAPTER 88,youth,0.03
3236637,CHAPTER 88,account,0.02
3237265,CHAPTER 88,ancient,0.02
3237714,CHAPTER 88,ashore,0.02
3238565,CHAPTER 88,best,0.02
3238912,CHAPTER 88,body,0.02
3239284,CHAPTER 88,broken,0.02
3239938,CHAPTER 88,certain,0.02
3240015,CHAPTER 88,chapter,0.02
3240062,CHAPTER 88,chase,0.02
3240478,CHAPTER 88,close,0.02
3240737,CHAPTER 88,coming,0.02
3240780,CHAPTER 88,common,0.02
3241876,CHAPTER 88,curious,0.02
3242075,CHAPTER 88,days,0.02
3242201,CHAPTER 88,deep,0.02
3242605,CHAPTER 88,devil,0.02
3244083,CHAPTER 88,entirely,0.02
3244616,CHAPTER 88,eye,0.02
3244688,CHAPTER 88,fall,0.02
3244721,CHAPTER 88,famous,0.02
3245083,CHAPTER 88,fish,0.02
3245885,CHAPTER 88,gave,0.02
3245915,CHAPTER 88,general,0.02
3245920,CHAPTER 88,generally,0.02
3246036,CHAPTER 88,given,0.02
3246171,CHAPTER 88,goes,0.02
3246177,CHAPTER 88,going,0.02
3246339,CHAPTER 88,great,0.02
3246823,CHAPTER 88,heads,0.02
3246939,CHAPTER 88,help,0.02
3247034,CHAPTER 88,high,0.02
3248293,CHAPTER 88,instances,0.02
3248753,CHAPTER 88,jaws,0.02
3249618,CHAPTER 88,line,0.02
3249785,CHAPTER 88,long,0.02
3249877,CHAPTER 88,lower,0.02
3251845,CHAPTER 88,old,0.02
3253270,CHAPTER 88,point,0.02
3253353,CHAPTER 88,poor,0.02
3253649,CHAPTER 88,present,0.02
3253715,CHAPTER 88,previous,0.02
3255530,CHAPTER 88,round,0.02
3255872,CHAPTER 88,say,0.02
3255875,CHAPTER 88,saying,0.02
3256112,CHAPTER 88,seas,0.02
3256203,CHAPTER 88,seldom,0.02
3256578,CHAPTER 88,short,0.02
3256705,CHAPTER 88,sight,0.02
3257274,CHAPTER 88,soon,0.02
3257308,CHAPTER 88,soul,0.02
3257985,CHAPTER 88,strange,0.02
3258016,CHAPTER 88,strength,0.02
3258038,CHAPTER 88,striking,0.02
3258069,CHAPTER 88,strong,0.02
3258725,CHAPTER 88,takes,0.02
3258869,CHAPTER 88,teeth,0.02
3259107,CHAPTER 88,thousand,0.02
3259744,CHAPTER 88,true,0.02
3259764,CHAPTER 88,truth,0.02
3261487,CHAPTER 88,watery,0.02
3261914,CHAPTER 88,wondrous,0.02
3262130,CHAPTER 88,year,0.02
3240716,CHAPTER 88,come,0.01
3242070,CHAPTER 88,day,0.01
3244744,CHAPTER 88,far,0.01
3246189,CHAPTER 88,good,0.01
3246584,CHAPTER 88,half,0.01
3249557,CHAPTER 88,life,0.01
3250171,CHAPTER 88,man,0.01
3261501,CHAPTER 88,way,0.01
