,chapter,term,tfidf
2453958,CHAPTER 60,line,0.35
2443229,CHAPTER 60,boat,0.3
2464113,CHAPTER 60,tub,0.23
2451296,CHAPTER 60,hemp,0.2
2465949,CHAPTER 60,whale,0.14
2459844,CHAPTER 60,rope,0.13
2444950,CHAPTER 60,coiling,0.11
2460458,CHAPTER 60,seated,0.11
2463117,CHAPTER 60,tar,0.1
2444949,CHAPTER 60,coiled,0.09
2445604,CHAPTER 60,contortions,0.09
2464118,CHAPTER 60,tubs,0.09
2465184,CHAPTER 60,used,0.09
2441977,CHAPTER 60,arrangement,0.08
2442184,CHAPTER 60,attached,0.08
2445120,CHAPTER 60,common,0.08
2448257,CHAPTER 60,end,0.08
2448422,CHAPTER 60,entire,0.08
2450879,CHAPTER 60,habit,0.08
2451057,CHAPTER 60,harpoon,0.08
2452167,CHAPTER 60,inch,0.08
2453926,CHAPTER 60,like,0.08
2462286,CHAPTER 60,storm,0.08
2441532,CHAPTER 60,american,0.07
2444456,CHAPTER 60,cheese,0.07
2444540,CHAPTER 60,chocks,0.07
2454473,CHAPTER 60,makes,0.07
2454548,CHAPTER 60,manilla,0.07
2457499,CHAPTER 60,play,0.07
2463393,CHAPTER 60,thickness,0.07
2465772,CHAPTER 60,warp,0.07
2444131,CHAPTER 60,case,0.06
2449146,CHAPTER 60,fathoms,0.06
2451597,CHAPTER 60,horrible,0.06
2452394,CHAPTER 60,infallibly,0.06
2454217,CHAPTER 60,lower,0.06
2456001,CHAPTER 60,oarsmen,0.06
2456327,CHAPTER 60,originally,0.06
2461159,CHAPTER 60,sit,0.06
2462313,CHAPTER 60,strain,0.06
2465912,CHAPTER 60,weight,0.06
2441259,CHAPTER 60,aft,0.05
2443405,CHAPTER 60,box,0.05
2443771,CHAPTER 60,burghers,0.05
2444615,CHAPTER 60,circassian,0.05
2444651,CHAPTER 60,circumstanced,0.05
2447823,CHAPTER 60,durability,0.05
2448983,CHAPTER 60,facilitate,0.05
2449294,CHAPTER 60,festooning,0.05
2449930,CHAPTER 60,freight,0.05
2450675,CHAPTER 60,grazing,0.05
2450938,CHAPTER 60,halters,0.05
2451193,CHAPTER 60,heart,0.05
2452074,CHAPTER 60,impregnated,0.05
2453175,CHAPTER 60,jogs,0.05
2453267,CHAPTER 60,jugglers,0.05
2453694,CHAPTER 60,leaded,0.05
2453965,CHAPTER 60,lines,0.05
2454152,CHAPTER 60,loop,0.05
2454773,CHAPTER 60,mazeppa,0.05
2455084,CHAPTER 60,minute,0.05
2455593,CHAPTER 60,mystifications,0.05
2455897,CHAPTER 60,nooses,0.05
2455998,CHAPTER 60,oar,0.05
2456305,CHAPTER 60,ordinary,0.05
2456800,CHAPTER 60,passing,0.05
2457084,CHAPTER 60,perils,0.05
2457539,CHAPTER 60,pliable,0.05
2457627,CHAPTER 60,poker,0.05
2458274,CHAPTER 60,prophesies,0.05
2459284,CHAPTER 60,repartees,0.05
2461828,CHAPTER 60,spiralizations,0.05
2461833,CHAPTER 60,spirally,0.05
2461898,CHAPTER 60,sportively,0.05
2462200,CHAPTER 60,stiffen,0.05
2463309,CHAPTER 60,terror,0.05
2464217,CHAPTER 60,twists,0.05
2465206,CHAPTER 60,utmost,0.05
2465269,CHAPTER 60,vapored,0.05
2466068,CHAPTER 60,whizzings,0.05
2466545,CHAPTER 60,æsthetics,0.05
2440965,CHAPTER 60,accomplish,0.04
2441047,CHAPTER 60,actual,0.04
2441078,CHAPTER 60,adds,0.04
2441102,CHAPTER 60,adjusting,0.04
2441386,CHAPTER 60,ale,0.04
2441485,CHAPTER 60,alternately,0.04
2442112,CHAPTER 60,assist,0.04
2442657,CHAPTER 60,beam,0.04
2442661,CHAPTER 60,bear,0.04
2442704,CHAPTER 60,bedded,0.04
2442937,CHAPTER 60,better,0.04
2443399,CHAPTER 60,bows,0.04
2443569,CHAPTER 60,brighter,0.04
2443718,CHAPTER 60,bulky,0.04
2443761,CHAPTER 60,buoyancy,0.04
2443886,CHAPTER 60,cake,0.04
2443890,CHAPTER 60,calais,0.04
2443917,CHAPTER 60,calm,0.04
2444160,CHAPTER 60,casually,0.04
2444226,CHAPTER 60,cedar,0.04
2444580,CHAPTER 60,chronicled,0.04
2444707,CHAPTER 60,clapped,0.04
2445149,CHAPTER 60,compactness,0.04
2445237,CHAPTER 60,composing,0.04
2445282,CHAPTER 60,concentrated,0.04
2445287,CHAPTER 60,concentric,0.04
2445496,CHAPTER 60,consort,0.04
2445536,CHAPTER 60,consume,0.04
2445598,CHAPTER 60,continues,0.04
2445601,CHAPTER 60,continuously,0.04
2445937,CHAPTER 60,cradle,0.04
2446032,CHAPTER 60,crier,0.04
2446091,CHAPTER 60,crosswise,0.04
2446427,CHAPTER 60,deadliest,0.04
2446443,CHAPTER 60,death,0.04
2446719,CHAPTER 60,densely,0.04
2446997,CHAPTER 60,diameter,0.04
2447138,CHAPTER 60,disasters,0.04
2447232,CHAPTER 60,disengaged,0.04
2447418,CHAPTER 60,distributed,0.04
2447558,CHAPTER 60,doomed,0.04
2447824,CHAPTER 60,durable,0.04
2447974,CHAPTER 60,edward,0.04
2448214,CHAPTER 60,enable,0.04
2448313,CHAPTER 60,engine,0.04
2448450,CHAPTER 60,envelope,0.04
2448451,CHAPTER 60,enveloped,0.04
2448853,CHAPTER 60,experiment,0.04
2448882,CHAPTER 60,explosion,0.04
2448956,CHAPTER 60,eye,0.04
2449119,CHAPTER 60,fastening,0.04
2449292,CHAPTER 60,festoon,0.04
2449430,CHAPTER 60,fishery,0.04
2450227,CHAPTER 60,gayer,0.04
2450462,CHAPTER 60,gloss,0.04
2450579,CHAPTER 60,graceful,0.04
2450758,CHAPTER 60,grooves,0.04
2450916,CHAPTER 60,haired,0.04
2450937,CHAPTER 60,halter,0.04
2450982,CHAPTER 60,handsome,0.04
2450995,CHAPTER 60,hangman,0.04
2451656,CHAPTER 60,hovers,0.04
2452287,CHAPTER 60,indian,0.04
2452828,CHAPTER 60,intricacies,0.04
2453110,CHAPTER 60,jelly,0.04
2453195,CHAPTER 60,jokes,0.04
2453396,CHAPTER 60,kink,0.04
2453680,CHAPTER 60,layers,0.04
2453801,CHAPTER 60,length,0.04
2453919,CHAPTER 60,lightnings,0.04
2454107,CHAPTER 60,loggerhead,0.04
2454147,CHAPTER 60,loom,0.04
2454402,CHAPTER 60,magical,0.04
2454435,CHAPTER 60,mahogany,0.04
2454471,CHAPTER 60,maker,0.04
2454546,CHAPTER 60,manifold,0.04
2454650,CHAPTER 60,marrow,0.04
2454805,CHAPTER 60,measures,0.04
2454876,CHAPTER 60,men,0.04
2455102,CHAPTER 60,mirth,0.04
2455470,CHAPTER 60,mug,0.04
2455691,CHAPTER 60,nearly,0.04
2455718,CHAPTER 60,necks,0.04
2455751,CHAPTER 60,neighboring,0.04
2456304,CHAPTER 60,ordinarily,0.04
2457238,CHAPTER 60,philosopher,0.04
2457301,CHAPTER 60,pierce,0.04
2457823,CHAPTER 60,pounds,0.04
2457884,CHAPTER 60,precaution,0.04
2457893,CHAPTER 60,precedes,0.04
2457989,CHAPTER 60,present,0.04
2458054,CHAPTER 60,prevents,0.04
2458199,CHAPTER 60,profundity,0.04
2458284,CHAPTER 60,proportionate,0.04
2458622,CHAPTER 60,quill,0.04
2458633,CHAPTER 60,quiver,0.04
2458853,CHAPTER 60,realize,0.04
2459034,CHAPTER 60,reeving,0.04
2459261,CHAPTER 60,renders,0.04
2459667,CHAPTER 60,rifle,0.04
2459705,CHAPTER 60,ringed,0.04
2459965,CHAPTER 60,run,0.04
2460076,CHAPTER 60,sallies,0.04
2460647,CHAPTER 60,serpentines,0.04
2460725,CHAPTER 60,shaft,0.04
2460731,CHAPTER 60,shaken,0.04
2460805,CHAPTER 60,sheaves,0.04
2460845,CHAPTER 60,shifted,0.04
2460918,CHAPTER 60,short,0.04
2460986,CHAPTER 60,shudder,0.04
2461110,CHAPTER 60,simultaneousness,0.04
2461190,CHAPTER 60,skewer,0.04
2461435,CHAPTER 60,snakes,0.04
2462303,CHAPTER 60,stowing,0.04
2462410,CHAPTER 60,stronger,0.04
2462497,CHAPTER 60,subjected,0.04
2462681,CHAPTER 60,sundry,0.04
2462744,CHAPTER 60,superseded,0.04
2462863,CHAPTER 60,suspend,0.04
2463064,CHAPTER 60,taken,0.04
2463097,CHAPTER 60,tangle,0.04
2463201,CHAPTER 60,tedious,0.04
2463289,CHAPTER 60,terminating,0.04
2463462,CHAPTER 60,threaten,0.04
2463708,CHAPTER 60,tons,0.04
2464216,CHAPTER 60,twisting,0.04
2464477,CHAPTER 60,understanding,0.04
2465888,CHAPTER 60,wedding,0.04
2466053,CHAPTER 60,whit,0.04
2466300,CHAPTER 60,worm,0.04
2466340,CHAPTER 60,wrapper,0.04
2466390,CHAPTER 60,writhing,0.04
2466460,CHAPTER 60,yarns,0.04
2440983,CHAPTER 60,accounts,0.03
2441038,CHAPTER 60,action,0.03
2441063,CHAPTER 60,add,0.03
2441071,CHAPTER 60,additional,0.03
2441171,CHAPTER 60,advantage,0.03
2441206,CHAPTER 60,affair,0.03
2441539,CHAPTER 60,amid,0.03
2441774,CHAPTER 60,apparently,0.03
2442340,CHAPTER 60,away,0.03
2442345,CHAPTER 60,awful,0.03
2442359,CHAPTER 60,axis,0.03
2442450,CHAPTER 60,ball,0.03
2442760,CHAPTER 60,beginning,0.03
2442780,CHAPTER 60,behold,0.03
2442923,CHAPTER 60,bethink,0.03
2443160,CHAPTER 60,block,0.03
2444003,CHAPTER 60,canvas,0.03
2444104,CHAPTER 60,carries,0.03
2444114,CHAPTER 60,carrying,0.03
2444951,CHAPTER 60,coils,0.03
2445217,CHAPTER 60,complicated,0.03
2445435,CHAPTER 60,connected,0.03
2445441,CHAPTER 60,connexion,0.03
2445554,CHAPTER 60,contains,0.03
2445656,CHAPTER 60,convenient,0.03
2445899,CHAPTER 60,cover,0.03
2446060,CHAPTER 60,critical,0.03
2446348,CHAPTER 60,dangerous,0.03
2446380,CHAPTER 60,darting,0.03
2446781,CHAPTER 60,depth,0.03
2446812,CHAPTER 60,described,0.03
2447107,CHAPTER 60,direction,0.03
2447611,CHAPTER 60,downwards,0.03
2447624,CHAPTER 60,dragged,0.03
2447832,CHAPTER 60,dusky,0.03
2447954,CHAPTER 60,edge,0.03
2448033,CHAPTER 60,elastic,0.03
2448282,CHAPTER 60,ends,0.03
2448319,CHAPTER 60,english,0.03
2448485,CHAPTER 60,equal,0.03
2448633,CHAPTER 60,evening,0.03
2448887,CHAPTER 60,exposed,0.03
2448942,CHAPTER 60,extreme,0.03
2449130,CHAPTER 60,fatal,0.03
2449439,CHAPTER 60,fit,0.03
2449668,CHAPTER 60,folds,0.03
2449811,CHAPTER 60,formed,0.03
2450522,CHAPTER 60,golden,0.03
2450854,CHAPTER 60,gunwale,0.03
2450855,CHAPTER 60,gunwales,0.03
2450924,CHAPTER 60,half,0.03
2450976,CHAPTER 60,handle,0.03
2450993,CHAPTER 60,hanging,0.03
2450996,CHAPTER 60,hangs,0.03
2451048,CHAPTER 60,harmless,0.03
2451297,CHAPTER 60,hempen,0.03
2451485,CHAPTER 60,holds,0.03
2451500,CHAPTER 60,hollow,0.03
2451938,CHAPTER 60,immediately,0.03
2452314,CHAPTER 60,indispensable,0.03
2452601,CHAPTER 60,inside,0.03
2452936,CHAPTER 60,involved,0.03
2453559,CHAPTER 60,landsman,0.03
2453727,CHAPTER 60,learn,0.03
2453942,CHAPTER 60,limbs,0.03
2454017,CHAPTER 60,little,0.03
2454219,CHAPTER 60,lowering,0.03
2454511,CHAPTER 60,man,0.03
2454730,CHAPTER 60,material,0.03
2454935,CHAPTER 60,merry,0.03
2455006,CHAPTER 60,midst,0.03
2455372,CHAPTER 60,mortals,0.03
2455397,CHAPTER 60,motionless,0.03
2455704,CHAPTER 60,necessary,0.03
2455712,CHAPTER 60,neck,0.03
2456263,CHAPTER 60,opposite,0.03
2456585,CHAPTER 60,painted,0.03
2457081,CHAPTER 60,perilous,0.03
2457348,CHAPTER 60,pin,0.03
2457376,CHAPTER 60,pipe,0.03
2457397,CHAPTER 60,pitched,0.03
2457832,CHAPTER 60,powder,0.03
2457992,CHAPTER 60,presented,0.03
2458150,CHAPTER 60,prodigious,0.03
2458194,CHAPTER 60,profound,0.03
2458373,CHAPTER 60,prow,0.03
2458416,CHAPTER 60,pull,0.03
2458418,CHAPTER 60,pulling,0.03
2458555,CHAPTER 60,quantity,0.03
2458843,CHAPTER 60,readily,0.03
2459038,CHAPTER 60,reference,0.03
2459291,CHAPTER 60,repeated,0.03
2459328,CHAPTER 60,repose,0.03
2459481,CHAPTER 60,resting,0.03
2459795,CHAPTER 60,rocking,0.03
2459845,CHAPTER 60,ropes,0.03
2459870,CHAPTER 60,round,0.03
2459894,CHAPTER 60,rowing,0.03
2460032,CHAPTER 60,safety,0.03
2460060,CHAPTER 60,sake,0.03
2460269,CHAPTER 60,scenes,0.03
2460457,CHAPTER 60,seat,0.03
2460518,CHAPTER 60,seemingly,0.03
2460765,CHAPTER 60,shaped,0.03
2460925,CHAPTER 60,shortly,0.03
2461076,CHAPTER 60,silently,0.03
2461090,CHAPTER 60,similar,0.03
2461176,CHAPTER 60,size,0.03
2461308,CHAPTER 60,slight,0.03
2461310,CHAPTER 60,slightest,0.03
2461311,CHAPTER 60,slightly,0.03
2461331,CHAPTER 60,slipping,0.03
2461413,CHAPTER 60,smoking,0.03
2461596,CHAPTER 60,somebody,0.03
2461604,CHAPTER 60,son,0.03
2461860,CHAPTER 60,splice,0.03
2462137,CHAPTER 60,steam,0.03
2462316,CHAPTER 60,straining,0.03
2462368,CHAPTER 60,stricken,0.03
2462557,CHAPTER 60,subtle,0.03
2462949,CHAPTER 60,swift,0.03
2463401,CHAPTER 60,thing,0.03
2463418,CHAPTER 60,thirds,0.03
2463582,CHAPTER 60,timid,0.03
2463801,CHAPTER 60,town,0.03
2464116,CHAPTER 60,tube,0.03
2464203,CHAPTER 60,twin,0.03
2465389,CHAPTER 60,vertical,0.03
2465583,CHAPTER 60,volition,0.03
2465768,CHAPTER 60,warning,0.03
2465841,CHAPTER 60,way,0.03
2465965,CHAPTER 60,whaling,0.03
2465975,CHAPTER 60,wheel,0.03
2466235,CHAPTER 60,woman,0.03
2466309,CHAPTER 60,worse,0.03
2466379,CHAPTER 60,wrinkles,0.03
2466381,CHAPTER 60,wrist,0.03
2440977,CHAPTER 60,account,0.02
2441034,CHAPTER 60,act,0.02
2441465,CHAPTER 60,aloft,0.02
2441947,CHAPTER 60,arm,0.02
2442068,CHAPTER 60,aspect,0.02
2442905,CHAPTER 60,best,0.02
2443234,CHAPTER 60,boats,0.02
2443252,CHAPTER 60,body,0.02
2443296,CHAPTER 60,bones,0.02
2443335,CHAPTER 60,born,0.02
2443649,CHAPTER 60,brought,0.02
2443809,CHAPTER 60,business,0.02
2444102,CHAPTER 60,carried,0.02
2444113,CHAPTER 60,carry,0.02
2444197,CHAPTER 60,caught,0.02
2444278,CHAPTER 60,certain,0.02
2444402,CHAPTER 60,chase,0.02
2444818,CHAPTER 60,close,0.02
2445077,CHAPTER 60,coming,0.02
2445208,CHAPTER 60,completely,0.02
2445476,CHAPTER 60,considerable,0.02
2445878,CHAPTER 60,course,0.02
2445940,CHAPTER 60,craft,0.02
2446026,CHAPTER 60,crew,0.02
2446366,CHAPTER 60,dark,0.02
2446379,CHAPTER 60,darted,0.02
2446541,CHAPTER 60,deep,0.02
2447499,CHAPTER 60,does,0.02
2448423,CHAPTER 60,entirely,0.02
2448541,CHAPTER 60,escape,0.02
2449226,CHAPTER 60,feel,0.02
2449233,CHAPTER 60,feet,0.02
2449250,CHAPTER 60,fellow,0.02
2449640,CHAPTER 60,flying,0.02
2449805,CHAPTER 60,form,0.02
2449842,CHAPTER 60,forward,0.02
2449917,CHAPTER 60,free,0.02
2450255,CHAPTER 60,general,0.02
2450511,CHAPTER 60,goes,0.02
2451060,CHAPTER 60,harpooneers,0.02
2451180,CHAPTER 60,hear,0.02
2451181,CHAPTER 60,heard,0.02
2451374,CHAPTER 60,high,0.02
2451737,CHAPTER 60,hung,0.02
2451813,CHAPTER 60,ice,0.02
2452633,CHAPTER 60,instances,0.02
2452634,CHAPTER 60,instant,0.02
2452640,CHAPTER 60,instead,0.02
2453093,CHAPTER 60,jaws,0.02
2453390,CHAPTER 60,king,0.02
2453621,CHAPTER 60,late,0.02
2453763,CHAPTER 60,leg,0.02
2454022,CHAPTER 60,live,0.02
2454146,CHAPTER 60,looks,0.02
2454181,CHAPTER 60,lost,0.02
2454691,CHAPTER 60,mass,0.02
2454797,CHAPTER 60,means,0.02
2455359,CHAPTER 60,morning,0.02
2455367,CHAPTER 60,mortal,0.02
2456296,CHAPTER 60,order,0.02
2456792,CHAPTER 60,passed,0.02
2457467,CHAPTER 60,planks,0.02
2457612,CHAPTER 60,pointed,0.02
2457770,CHAPTER 60,possible,0.02
2458055,CHAPTER 60,previous,0.02
2458856,CHAPTER 60,really,0.02
2459968,CHAPTER 60,running,0.02
2460052,CHAPTER 60,sailor,0.02
2460212,CHAPTER 60,say,0.02
2460267,CHAPTER 60,scene,0.02
2460437,CHAPTER 60,seamen,0.02
2460469,CHAPTER 60,second,0.02
2460511,CHAPTER 60,seeing,0.02
2460549,CHAPTER 60,self,0.02
2461045,CHAPTER 60,sight,0.02
2461075,CHAPTER 60,silent,0.02
2461125,CHAPTER 60,single,0.02
2461522,CHAPTER 60,soft,0.02
2461652,CHAPTER 60,sound,0.02
2461719,CHAPTER 60,speak,0.02
2461781,CHAPTER 60,sperm,0.02
2462180,CHAPTER 60,stern,0.02
2462269,CHAPTER 60,stop,0.02
2462325,CHAPTER 60,strange,0.02
2462356,CHAPTER 60,strength,0.02
2462409,CHAPTER 60,strong,0.02
2462592,CHAPTER 60,sudden,0.02
2462672,CHAPTER 60,sun,0.02
2463403,CHAPTER 60,think,0.02
2464084,CHAPTER 60,true,0.02
2464164,CHAPTER 60,turn,0.02
2464749,CHAPTER 60,unknown,0.02
2465155,CHAPTER 60,upper,0.02
2465183,CHAPTER 60,use,0.02
2465960,CHAPTER 60,whales,0.02
2466264,CHAPTER 60,wooden,0.02
2466476,CHAPTER 60,years,0.02
2443910,CHAPTER 60,called,0.01
2449084,CHAPTER 60,far,0.01
2450679,CHAPTER 60,great,0.01
2450962,CHAPTER 60,hand,0.01
2453897,CHAPTER 60,life,0.01
2460425,CHAPTER 60,sea,0.01
2460863,CHAPTER 60,ship,0.01
2461378,CHAPTER 60,small,0.01
2461640,CHAPTER 60,sort,0.01
2463402,CHAPTER 60,things,0.01
2463439,CHAPTER 60,thought,0.01
2463577,CHAPTER 60,time,0.01
2466054,CHAPTER 60,white,0.01
