,chapter,term,tfidf
2628844,CHAPTER 67,blubber,0.28
2651793,CHAPTER 67,windlass,0.25
2648039,CHAPTER 67,strip,0.24
2648694,CHAPTER 67,tackle,0.14
2636877,CHAPTER 67,heavers,0.13
2636882,CHAPTER 67,heaving,0.13
2640345,CHAPTER 67,mass,0.13
2648695,CHAPTER 67,tackles,0.13
2637140,CHAPTER 67,hole,0.12
2637207,CHAPTER 67,hook,0.12
2640104,CHAPTER 67,main,0.12
2646218,CHAPTER 67,semicircular,0.12
2639871,CHAPTER 67,lower,0.11
2641935,CHAPTER 67,orange,0.11
2645653,CHAPTER 67,sabbath,0.11
2651603,CHAPTER 67,whale,0.11
2628740,CHAPTER 67,blanket,0.1
2630604,CHAPTER 67,coiling,0.1
2633911,CHAPTER 67,end,0.1
2640390,CHAPTER 67,mates,0.1
2647341,CHAPTER 67,spades,0.1
2648618,CHAPTER 67,swings,0.1
2628814,CHAPTER 67,block,0.09
2629564,CHAPTER 67,called,0.09
2637130,CHAPTER 67,hoisting,0.09
2646763,CHAPTER 67,simultaneously,0.09
2648044,CHAPTER 67,stripped,0.09
2636871,CHAPTER 67,heave,0.08
2637029,CHAPTER 67,higher,0.08
2639873,CHAPTER 67,lowering,0.08
2642951,CHAPTER 67,piece,0.08
2627781,CHAPTER 67,assuaging,0.07
2628906,CHAPTER 67,body,0.07
2631922,CHAPTER 67,cutting,0.07
2635613,CHAPTER 67,friction,0.07
2636328,CHAPTER 67,grazes,0.07
2636333,CHAPTER 67,great,0.07
2636635,CHAPTER 67,hands,0.07
2641816,CHAPTER 67,officio,0.07
2642611,CHAPTER 67,peeling,0.07
2643560,CHAPTER 67,precisely,0.07
2645487,CHAPTER 67,room,0.07
2645909,CHAPTER 67,scarf,0.07
2645910,CHAPTER 67,scarfing,0.07
2646346,CHAPTER 67,severs,0.07
2646404,CHAPTER 67,shamble,0.07
2646517,CHAPTER 67,ship,0.07
2646881,CHAPTER 67,sky,0.07
2646953,CHAPTER 67,slicings,0.07
2647485,CHAPTER 67,spiralizing,0.07
2648562,CHAPTER 67,swash,0.07
2648635,CHAPTER 67,swordsman,0.07
2650347,CHAPTER 67,uniformly,0.07
2650809,CHAPTER 67,upper,0.07
2629472,CHAPTER 67,butcher,0.06
2629720,CHAPTER 67,careens,0.06
2630743,CHAPTER 67,commence,0.06
2630994,CHAPTER 67,conducted,0.06
2631912,CHAPTER 67,cut,0.06
2632633,CHAPTER 67,dexterously,0.06
2633148,CHAPTER 67,dodge,0.06
2634106,CHAPTER 67,envelopes,0.06
2634327,CHAPTER 67,ex,0.06
2634768,CHAPTER 67,fast,0.06
2635624,CHAPTER 67,frighted,0.06
2636793,CHAPTER 67,hawser,0.06
2638253,CHAPTER 67,insertion,0.06
2639373,CHAPTER 67,leans,0.06
2639779,CHAPTER 67,long,0.06
2639928,CHAPTER 67,lunging,0.06
2641528,CHAPTER 67,nods,0.06
2642612,CHAPTER 67,peels,0.06
2643623,CHAPTER 67,prepare,0.06
2643833,CHAPTER 67,professors,0.06
2644290,CHAPTER 67,quivers,0.06
2645160,CHAPTER 67,resume,0.06
2645354,CHAPTER 67,rind,0.06
2646123,CHAPTER 67,second,0.06
2646951,CHAPTER 67,slices,0.06
2647706,CHAPTER 67,starbuck,0.06
2648571,CHAPTER 67,sways,0.06
2649627,CHAPTER 67,trembles,0.06
2650299,CHAPTER 67,unfurnished,0.06
2626620,CHAPTER 67,accomplished,0.05
2626823,CHAPTER 67,advances,0.05
2627140,CHAPTER 67,alternating,0.05
2627391,CHAPTER 67,apartment,0.05
2627864,CHAPTER 67,attending,0.05
2628052,CHAPTER 67,backwards,0.05
2628820,CHAPTER 67,blocks,0.05
2628876,CHAPTER 67,boarding,0.05
2628926,CHAPTER 67,bolt,0.05
2629392,CHAPTER 67,bunch,0.05
2629875,CHAPTER 67,cease,0.05
2630212,CHAPTER 67,chorus,0.05
2630518,CHAPTER 67,cluster,0.05
2630909,CHAPTER 67,comprising,0.05
2631163,CHAPTER 67,constantly,0.05
2631756,CHAPTER 67,crowd,0.05
2632372,CHAPTER 67,dense,0.05
2632886,CHAPTER 67,disengaged,0.05
2633279,CHAPTER 67,dragging,0.05
2635336,CHAPTER 67,follows,0.05
2635663,CHAPTER 67,frosty,0.05
2635860,CHAPTER 67,gasping,0.05
2635944,CHAPTER 67,gentlemen,0.05
2636281,CHAPTER 67,grapes,0.05
2636750,CHAPTER 67,hatchway,0.05
2636815,CHAPTER 67,headlong,0.05
2636817,CHAPTER 67,heads,0.05
2636892,CHAPTER 67,heed,0.05
2636935,CHAPTER 67,helping,0.05
2637208,CHAPTER 67,hooked,0.05
2638482,CHAPTER 67,intricacies,0.05
2638956,CHAPTER 67,just,0.05
2638985,CHAPTER 67,keeps,0.05
2639612,CHAPTER 67,line,0.05
2640355,CHAPTER 67,mast,0.05
2641255,CHAPTER 67,nail,0.05
2641497,CHAPTER 67,nimble,0.05
2641802,CHAPTER 67,offering,0.05
2642189,CHAPTER 67,oxen,0.05
2642386,CHAPTER 67,parlor,0.05
2642610,CHAPTER 67,peeled,0.05
2643110,CHAPTER 67,plaited,0.05
2643477,CHAPTER 67,pounds,0.05
2643787,CHAPTER 67,proceeds,0.05
2645166,CHAPTER 67,retain,0.05
2645394,CHAPTER 67,rises,0.05
2645827,CHAPTER 67,saturday,0.05
2645950,CHAPTER 67,scientific,0.05
2646304,CHAPTER 67,serpents,0.05
2646681,CHAPTER 67,sidelong,0.05
2646892,CHAPTER 67,slackened,0.05
2647091,CHAPTER 67,snap,0.05
2647259,CHAPTER 67,song,0.05
2647654,CHAPTER 67,stages,0.05
2647723,CHAPTER 67,startling,0.05
2647725,CHAPTER 67,starts,0.05
2647967,CHAPTER 67,strain,0.05
2647970,CHAPTER 67,straining,0.05
2648065,CHAPTER 67,strongest,0.05
2648082,CHAPTER 67,stubb,0.05
2648335,CHAPTER 67,sundry,0.05
2648568,CHAPTER 67,swayed,0.05
2648569,CHAPTER 67,swaying,0.05
2648573,CHAPTER 67,swearing,0.05
2649221,CHAPTER 67,till,0.05
2649692,CHAPTER 67,triumphant,0.05
2649839,CHAPTER 67,twain,0.05
2649854,CHAPTER 67,twilight,0.05
2651422,CHAPTER 67,warning,0.05
2651511,CHAPTER 67,weapon,0.05
2651564,CHAPTER 67,weighing,0.05
2651791,CHAPTER 67,winding,0.05
2627335,CHAPTER 67,answered,0.04
2627605,CHAPTER 67,armed,0.04
2627838,CHAPTER 67,attached,0.04
2627994,CHAPTER 67,away,0.04
2628645,CHAPTER 67,billows,0.04
2629059,CHAPTER 67,box,0.04
2629148,CHAPTER 67,breaking,0.04
2631246,CHAPTER 67,continually,0.04
2632037,CHAPTER 67,dash,0.04
2632522,CHAPTER 67,desperate,0.04
2633360,CHAPTER 67,dripping,0.04
2634026,CHAPTER 67,enormous,0.04
2635057,CHAPTER 67,fins,0.04
2635074,CHAPTER 67,firmly,0.04
2635332,CHAPTER 67,followed,0.04
2635640,CHAPTER 67,fro,0.04
2636164,CHAPTER 67,gods,0.04
2638251,CHAPTER 67,inserted,0.04
2638978,CHAPTER 67,keen,0.04
2639259,CHAPTER 67,lashed,0.04
2639556,CHAPTER 67,lift,0.04
2641343,CHAPTER 67,nearest,0.04
2641745,CHAPTER 67,occasionally,0.04
2642239,CHAPTER 67,painted,0.04
2643050,CHAPTER 67,pitch,0.04
2643335,CHAPTER 67,ponderous,0.04
2643804,CHAPTER 67,prodigious,0.04
2645469,CHAPTER 67,rolls,0.04
2646777,CHAPTER 67,singing,0.04
2648603,CHAPTER 67,swift,0.04
2648632,CHAPTER 67,sword,0.04
2648639,CHAPTER 67,swung,0.04
2650823,CHAPTER 67,upwards,0.04
2651464,CHAPTER 67,watching,0.04
2626688,CHAPTER 67,act,0.03
2627119,CHAPTER 67,aloft,0.03
2628402,CHAPTER 67,began,0.03
2628503,CHAPTER 67,beneath,0.03
2628823,CHAPTER 67,blood,0.03
2629260,CHAPTER 67,broad,0.03
2629979,CHAPTER 67,chance,0.03
2630404,CHAPTER 67,clear,0.03
2630862,CHAPTER 67,completely,0.03
2631130,CHAPTER 67,considerable,0.03
2633153,CHAPTER 67,does,0.03
2633541,CHAPTER 67,ears,0.03
2634076,CHAPTER 67,entire,0.03
2635496,CHAPTER 67,forward,0.03
2635914,CHAPTER 67,generally,0.03
2636165,CHAPTER 67,goes,0.03
2636344,CHAPTER 67,green,0.03
2636714,CHAPTER 67,harpooneers,0.03
2637128,CHAPTER 67,hoisted,0.03
2637292,CHAPTER 67,house,0.03
2637332,CHAPTER 67,huge,0.03
2638293,CHAPTER 67,instantly,0.03
2638689,CHAPTER 67,ivory,0.03
2638997,CHAPTER 67,kept,0.03
2639580,CHAPTER 67,like,0.03
2639676,CHAPTER 67,live,0.03
2640127,CHAPTER 67,makes,0.03
2641950,CHAPTER 67,order,0.03
2642096,CHAPTER 67,overboard,0.03
2643425,CHAPTER 67,possibly,0.03
2643643,CHAPTER 67,present,0.03
2644502,CHAPTER 67,ready,0.03
2644643,CHAPTER 67,red,0.03
2645466,CHAPTER 67,rolling,0.03
2645498,CHAPTER 67,rope,0.03
2645706,CHAPTER 67,sailor,0.03
2646572,CHAPTER 67,short,0.03
2646779,CHAPTER 67,single,0.03
2647009,CHAPTER 67,slowly,0.03
2648032,CHAPTER 67,striking,0.03
2648518,CHAPTER 67,suspended,0.03
2649101,CHAPTER 67,thousand,0.03
2649819,CHAPTER 67,turned,0.03
2650949,CHAPTER 67,vast,0.03
2651527,CHAPTER 67,weather,0.03
2651611,CHAPTER 67,whalemen,0.03
2651755,CHAPTER 67,wild,0.03
2651940,CHAPTER 67,work,0.03
2631680,CHAPTER 67,crew,0.02
2632154,CHAPTER 67,deck,0.02
2635909,CHAPTER 67,general,0.02
2636183,CHAPTER 67,good,0.02
2636805,CHAPTER 67,head,0.02
2636835,CHAPTER 67,heard,0.02
2637132,CHAPTER 67,hold,0.02
2639481,CHAPTER 67,let,0.02
2640530,CHAPTER 67,men,0.02
2640907,CHAPTER 67,moment,0.02
2641488,CHAPTER 67,night,0.02
2641839,CHAPTER 67,old,0.02
2642694,CHAPTER 67,pequod,0.02
2643080,CHAPTER 67,place,0.02
2643264,CHAPTER 67,point,0.02
2645332,CHAPTER 67,right,0.02
2645524,CHAPTER 67,round,0.02
2646079,CHAPTER 67,sea,0.02
2646699,CHAPTER 67,sight,0.02
2647691,CHAPTER 67,stand,0.02
2649056,CHAPTER 67,things,0.02
2649093,CHAPTER 67,thought,0.02
2649231,CHAPTER 67,time,0.02
2651469,CHAPTER 67,water,0.02
2651495,CHAPTER 67,way,0.02
2640165,CHAPTER 67,man,0.01
