,chapter,term,tfidf
3178003,CHAPTER 85,spout,0.32
3181362,CHAPTER 85,vapor,0.19
3182043,CHAPTER 85,whale,0.19
3160044,CHAPTER 85,canal,0.18
3181909,CHAPTER 85,water,0.15
3157433,CHAPTER 85,air,0.13
3178009,CHAPTER 85,spoutings,0.13
3178893,CHAPTER 85,surface,0.13
3159596,CHAPTER 85,breath,0.12
3159605,CHAPTER 85,breaths,0.12
3163689,CHAPTER 85,doubts,0.12
3178008,CHAPTER 85,spouting,0.12
3177875,CHAPTER 85,sperm,0.11
3168943,CHAPTER 85,intuitions,0.1
3171805,CHAPTER 85,necessity,0.1
3176778,CHAPTER 85,seventy,0.1
3180902,CHAPTER 85,unmolested,0.1
3159597,CHAPTER 85,breathe,0.09
3159599,CHAPTER 85,breathes,0.09
3159601,CHAPTER 85,breathing,0.09
3171528,CHAPTER 85,mouth,0.09
3177916,CHAPTER 85,spiracle,0.09
3161642,CHAPTER 85,contact,0.08
3167245,CHAPTER 85,head,0.08
3168587,CHAPTER 85,inhaling,0.08
3171256,CHAPTER 85,mistifying,0.08
3178922,CHAPTER 85,surplus,0.08
3182239,CHAPTER 85,windpipe,0.08
3159263,CHAPTER 85,blood,0.07
3160198,CHAPTER 85,carries,0.07
3164875,CHAPTER 85,exhaled,0.07
3166292,CHAPTER 85,gas,0.07
3166448,CHAPTER 85,gills,0.07
3169582,CHAPTER 85,labyrinth,0.07
3173184,CHAPTER 85,periods,0.07
3178028,CHAPTER 85,sprinkling,0.07
3158266,CHAPTER 85,atmosphere,0.06
3158943,CHAPTER 85,beneath,0.06
3162919,CHAPTER 85,desert,0.06
3163821,CHAPTER 85,drops,0.06
3167315,CHAPTER 85,heavenly,0.06
3167925,CHAPTER 85,identical,0.06
3171249,CHAPTER 85,mist,0.06
3171330,CHAPTER 85,moisture,0.06
3173470,CHAPTER 85,pipe,0.06
3174288,CHAPTER 85,profound,0.06
3176306,CHAPTER 85,say,0.06
3176522,CHAPTER 85,seal,0.06
3178876,CHAPTER 85,supposition,0.06
3180851,CHAPTER 85,unless,0.06
3160912,CHAPTER 85,close,0.05
3162310,CHAPTER 85,curious,0.05
3164156,CHAPTER 85,element,0.05
3165240,CHAPTER 85,fathoms,0.05
3165958,CHAPTER 85,fountain,0.05
3166172,CHAPTER 85,furnished,0.05
3167580,CHAPTER 85,hole,0.05
3167838,CHAPTER 85,hunter,0.05
3168233,CHAPTER 85,inasmuch,0.05
3169030,CHAPTER 85,involved,0.05
3169226,CHAPTER 85,jets,0.05
3170116,CHAPTER 85,live,0.05
3171178,CHAPTER 85,minute,0.05
3171270,CHAPTER 85,mixed,0.05
3172008,CHAPTER 85,nose,0.05
3173775,CHAPTER 85,ponderous,0.05
3176390,CHAPTER 85,scientific,0.05
3176519,CHAPTER 85,sea,0.05
3179495,CHAPTER 85,thing,0.05
3179496,CHAPTER 85,things,0.05
3179541,CHAPTER 85,thousand,0.05
3179876,CHAPTER 85,touching,0.05
3181490,CHAPTER 85,vessels,0.05
3181644,CHAPTER 85,vitality,0.05
3182085,CHAPTER 85,wherefore,0.05
3156454,CHAPTER 85,_having,0.04
3157125,CHAPTER 85,acridness,0.04
3157295,CHAPTER 85,aerated,0.04
3158319,CHAPTER 85,attic,0.04
3160011,CHAPTER 85,calm,0.04
3160372,CHAPTER 85,certain,0.04
3161954,CHAPTER 85,countersunk,0.04
3162635,CHAPTER 85,deep,0.04
3162795,CHAPTER 85,denials,0.04
3163127,CHAPTER 85,different,0.04
3164447,CHAPTER 85,enkindling,0.04
3165393,CHAPTER 85,fetches,0.04
3165404,CHAPTER 85,feverishly,0.04
3165496,CHAPTER 85,finny,0.04
3166141,CHAPTER 85,function,0.04
3167729,CHAPTER 85,hour,0.04
3167901,CHAPTER 85,hypothesize,0.04
3168411,CHAPTER 85,indisputable,0.04
3168988,CHAPTER 85,investigator,0.04
3169056,CHAPTER 85,irradiate,0.04
3169225,CHAPTER 85,jet,0.04
3169545,CHAPTER 85,knottiest,0.04
3169548,CHAPTER 85,know,0.04
3169555,CHAPTER 85,knows,0.04
3169612,CHAPTER 85,laid,0.04
3169944,CHAPTER 85,leviathan,0.04
3170093,CHAPTER 85,listener,0.04
3170567,CHAPTER 85,makes,0.04
3171182,CHAPTER 85,minutes,0.04
3172129,CHAPTER 85,obliterated,0.04
3172166,CHAPTER 85,obstinacy,0.04
3172399,CHAPTER 85,ordinary,0.04
3172620,CHAPTER 85,owing,0.04
3172631,CHAPTER 85,oxygenated,0.04
3173280,CHAPTER 85,pester,0.04
3173538,CHAPTER 85,plain,0.04
3174000,CHAPTER 85,precisely,0.04
3174617,CHAPTER 85,pyrrho,0.04
3174950,CHAPTER 85,really,0.04
3175201,CHAPTER 85,regular,0.04
3175557,CHAPTER 85,respires,0.04
3175613,CHAPTER 85,retention,0.04
3175837,CHAPTER 85,rising,0.04
3175838,CHAPTER 85,risings,0.04
3176045,CHAPTER 85,rumbles,0.04
3176142,CHAPTER 85,sailing,0.04
3176952,CHAPTER 85,shingled,0.04
3177268,CHAPTER 85,sixteenth,0.04
3177296,CHAPTER 85,skin,0.04
3178029,CHAPTER 85,sprinklings,0.04
3179540,CHAPTER 85,thoughts,0.04
3179671,CHAPTER 85,time,0.04
3179675,CHAPTER 85,times,0.04
3180543,CHAPTER 85,undecided,0.04
3180633,CHAPTER 85,undulation,0.04
3181249,CHAPTER 85,upper,0.04
3181277,CHAPTER 85,use,0.04
3181467,CHAPTER 85,vermicelli,0.04
3181659,CHAPTER 85,vivifying,0.04
3181915,CHAPTER 85,waterless,0.04
3182295,CHAPTER 85,withdraws,0.04
3182377,CHAPTER 85,words,0.04
3182391,CHAPTER 85,world,0.04
3182396,CHAPTER 85,worming,0.04
3156167,CHAPTER 85,1851,0.03
3156982,CHAPTER 85,absolute,0.03
3157042,CHAPTER 85,accidentally,0.03
3157455,CHAPTER 85,alarm,0.03
3157503,CHAPTER 85,alike,0.03
3157535,CHAPTER 85,allowance,0.03
3157685,CHAPTER 85,anatomical,0.03
3157765,CHAPTER 85,anomalous,0.03
3157777,CHAPTER 85,answers,0.03
3158014,CHAPTER 85,argument,0.03
3158222,CHAPTER 85,assume,0.03
3158299,CHAPTER 85,attend,0.03
3158322,CHAPTER 85,attitude,0.03
3158356,CHAPTER 85,august,0.03
3158692,CHAPTER 85,basin,0.03
3158882,CHAPTER 85,beings,0.03
3158898,CHAPTER 85,believer,0.03
3159199,CHAPTER 85,blazing,0.03
3160029,CHAPTER 85,camel,0.03
3160087,CHAPTER 85,canopy,0.03
3160224,CHAPTER 85,cascading,0.03
3160313,CHAPTER 85,cavity,0.03
3160354,CHAPTER 85,central,0.03
3160364,CHAPTER 85,century,0.03
3160375,CHAPTER 85,certainty,0.03
3160535,CHAPTER 85,cheek,0.03
3160908,CHAPTER 85,clogged,0.03
3160916,CHAPTER 85,closer,0.03
3161011,CHAPTER 85,cod,0.03
3161030,CHAPTER 85,cogent,0.03
3161102,CHAPTER 85,cologne,0.03
3161138,CHAPTER 85,combination,0.03
3161140,CHAPTER 85,combined,0.03
3161171,CHAPTER 85,coming,0.03
3161223,CHAPTER 85,commotion,0.03
3161228,CHAPTER 85,communicates,0.03
3161331,CHAPTER 85,composing,0.03
3161401,CHAPTER 85,conclusion,0.03
3161421,CHAPTER 85,condensed,0.03
3161535,CHAPTER 85,connexion,0.03
3161575,CHAPTER 85,considerations,0.03
3161653,CHAPTER 85,contemplations,0.03
3161684,CHAPTER 85,contingent,0.03
3161690,CHAPTER 85,continue,0.03
3161772,CHAPTER 85,conveyance,0.03
3161782,CHAPTER 85,convinced,0.03
3162117,CHAPTER 85,cretan,0.03
3162292,CHAPTER 85,cups,0.03
3162309,CHAPTER 85,curiosity,0.03
3162447,CHAPTER 85,dante,0.03
3162576,CHAPTER 85,december,0.03
3162602,CHAPTER 85,declare,0.03
3162826,CHAPTER 85,deny,0.03
3162903,CHAPTER 85,descending,0.03
3163247,CHAPTER 85,discharged,0.03
3163249,CHAPTER 85,discharging,0.03
3163326,CHAPTER 85,disengaged,0.03
3163483,CHAPTER 85,distended,0.03
3163555,CHAPTER 85,divine,0.03
3163590,CHAPTER 85,dodging,0.03
3163787,CHAPTER 85,dried,0.03
3163811,CHAPTER 85,dromedary,0.03
3164159,CHAPTER 85,elements,0.03
3164405,CHAPTER 85,engendered,0.03
3164547,CHAPTER 85,enveloping,0.03
3164603,CHAPTER 85,ere,0.03
3164612,CHAPTER 85,erie,0.03
3164615,CHAPTER 85,err,0.03
3164664,CHAPTER 85,establish,0.03
3164689,CHAPTER 85,eternity,0.03
3164714,CHAPTER 85,evade,0.03
3164835,CHAPTER 85,exclusion,0.03
3164928,CHAPTER 85,expected,0.03
3164982,CHAPTER 85,exposes,0.03
3165081,CHAPTER 85,fact,0.03
3165127,CHAPTER 85,falls,0.03
3165313,CHAPTER 85,feeding,0.03
3165327,CHAPTER 85,feet,0.03
3165390,CHAPTER 85,fetch,0.03
3165529,CHAPTER 85,fissure,0.03
3165749,CHAPTER 85,fog,0.03
3165776,CHAPTER 85,follows,0.03
3165950,CHAPTER 85,founded,0.03
3166180,CHAPTER 85,furthermore,0.03
3166276,CHAPTER 85,gardens,0.03
3166548,CHAPTER 85,glorified,0.03
3166773,CHAPTER 85,great,0.03
3167098,CHAPTER 85,happen,0.03
3167107,CHAPTER 85,happy,0.03
3167240,CHAPTER 85,hazards,0.03
3167436,CHAPTER 85,herring,0.03
3167677,CHAPTER 85,horizontally,0.03
3167900,CHAPTER 85,hypothesis,0.03
3168075,CHAPTER 85,imparts,0.03
3168089,CHAPTER 85,impelled,0.03
3168258,CHAPTER 85,incessantly,0.03
3168301,CHAPTER 85,incommunicable,0.03
3168430,CHAPTER 85,individuals,0.03
3168479,CHAPTER 85,inexplicable,0.03
3168518,CHAPTER 85,infidel,0.03
3168589,CHAPTER 85,inherent,0.03
3168711,CHAPTER 85,insist,0.03
3168760,CHAPTER 85,insult,0.03
3168792,CHAPTER 85,intended,0.03
3168821,CHAPTER 85,interesting,0.03
3168854,CHAPTER 85,internal,0.03
3168961,CHAPTER 85,invariable,0.03
3169127,CHAPTER 85,items,0.03
3169389,CHAPTER 85,jupiter,0.03
3169396,CHAPTER 85,just,0.03
3170020,CHAPTER 85,like,0.03
3170179,CHAPTER 85,locks,0.03
3170184,CHAPTER 85,lodged,0.03
3170605,CHAPTER 85,man,0.03
3171143,CHAPTER 85,millions,0.03
3171193,CHAPTER 85,mirror,0.03
3171261,CHAPTER 85,mists,0.03
3171262,CHAPTER 85,misty,0.03
3171677,CHAPTER 85,mystery,0.03
3171803,CHAPTER 85,necessities,0.03
3171880,CHAPTER 85,net,0.03
3171961,CHAPTER 85,nobly,0.03
3172015,CHAPTER 85,nostrils,0.03
3172025,CHAPTER 85,noteworthy,0.03
3172284,CHAPTER 85,olfactories,0.03
3172325,CHAPTER 85,open,0.03
3172331,CHAPTER 85,opens,0.03
3172345,CHAPTER 85,opine,0.03
3172466,CHAPTER 85,out_,0.03
3172561,CHAPTER 85,overhung,0.03
3172860,CHAPTER 85,particle,0.03
3173050,CHAPTER 85,peeled,0.03
3173061,CHAPTER 85,peering,0.03
3173180,CHAPTER 85,periodical,0.03
3173347,CHAPTER 85,phrase,0.03
3173492,CHAPTER 85,pitcher,0.03
3173582,CHAPTER 85,plato,0.03
3173674,CHAPTER 85,plunged,0.03
3173718,CHAPTER 85,poisonous,0.03
3173898,CHAPTER 85,pots,0.03
3174182,CHAPTER 85,principle,0.03
3174218,CHAPTER 85,problem,0.03
3174472,CHAPTER 85,prudent,0.03
3174518,CHAPTER 85,pulsations,0.03
3174724,CHAPTER 85,quits,0.03
3174791,CHAPTER 85,rain,0.03
3174792,CHAPTER 85,rainbow,0.03
3174794,CHAPTER 85,rainbows,0.03
3174797,CHAPTER 85,raise,0.03
3174799,CHAPTER 85,raises,0.03
3174888,CHAPTER 85,rates,0.03
3174921,CHAPTER 85,ray,0.03
3174966,CHAPTER 85,reasonable,0.03
3174971,CHAPTER 85,reasoning,0.03
3175144,CHAPTER 85,reflected,0.03
3175180,CHAPTER 85,regard,0.03
3175186,CHAPTER 85,regards,0.03
3175296,CHAPTER 85,remark,0.03
3175409,CHAPTER 85,replenish,0.03
3175506,CHAPTER 85,reservoir,0.03
3175555,CHAPTER 85,respiration,0.03
3175642,CHAPTER 85,returns,0.03
3175726,CHAPTER 85,rhyme,0.03
3175734,CHAPTER 85,ribs,0.03
3175834,CHAPTER 85,rises,0.03
3175945,CHAPTER 85,roses,0.03
3176655,CHAPTER 85,semi,0.03
3176757,CHAPTER 85,serving,0.03
3176766,CHAPTER 85,settle,0.03
3176777,CHAPTER 85,seventh,0.03
3176836,CHAPTER 85,shallow,0.03
3176999,CHAPTER 85,shoot,0.03
3177009,CHAPTER 85,shores,0.03
3177051,CHAPTER 85,shreds,0.03
3177291,CHAPTER 85,skill,0.03
3177402,CHAPTER 85,slight,0.03
3177476,CHAPTER 85,smart,0.03
3177483,CHAPTER 85,smell,0.03
3177486,CHAPTER 85,smelling,0.03
3177568,CHAPTER 85,snowy,0.03
3177649,CHAPTER 85,solely,0.03
3177654,CHAPTER 85,solemnly,0.03
3177750,CHAPTER 85,soundings,0.03
3177800,CHAPTER 85,sparkling,0.03
3177908,CHAPTER 85,spine,0.03
3178004,CHAPTER 85,spouted,0.03
3178119,CHAPTER 85,stammer,0.03
3178209,CHAPTER 85,stays,0.03
3178231,CHAPTER 85,steam,0.03
3178332,CHAPTER 85,stock,0.03
3178348,CHAPTER 85,stomachs,0.03
3178447,CHAPTER 85,street,0.03
3178511,CHAPTER 85,structure,0.03
3178598,CHAPTER 85,sublimity,0.03
3178618,CHAPTER 85,subsequently,0.03
3178754,CHAPTER 85,summit,0.03
3178766,CHAPTER 85,sun,0.03
3178770,CHAPTER 85,sunday,0.03
3178780,CHAPTER 85,sunlight,0.03
3178808,CHAPTER 85,superficially,0.03
3178812,CHAPTER 85,superfluous,0.03
3178857,CHAPTER 85,supplementary,0.03
3178866,CHAPTER 85,supply,0.03
3178888,CHAPTER 85,sure,0.03
3178889,CHAPTER 85,surely,0.03
3179111,CHAPTER 85,systematically,0.03
3179173,CHAPTER 85,talks,0.03
3179273,CHAPTER 85,tea,0.03
3179311,CHAPTER 85,tell,0.03
3179380,CHAPTER 85,term,0.03
3179497,CHAPTER 85,think,0.03
3179955,CHAPTER 85,tranquilly,0.03
3180054,CHAPTER 85,treatise,0.03
3180092,CHAPTER 85,tribes,0.03
3180157,CHAPTER 85,tropical,0.03
3180200,CHAPTER 85,truthfully,0.03
3180210,CHAPTER 85,tube,0.03
3180595,CHAPTER 85,undeviating,0.03
3180610,CHAPTER 85,undisputed,0.03
3180785,CHAPTER 85,uniform,0.03
3181261,CHAPTER 85,upward,0.03
3181367,CHAPTER 85,vapory,0.03
3181389,CHAPTER 85,vast,0.03
3181539,CHAPTER 85,victory,0.03
3181545,CHAPTER 85,view,0.03
3181603,CHAPTER 85,violets,0.03
3181637,CHAPTER 85,visits,0.03
3181781,CHAPTER 85,waking,0.03
3182054,CHAPTER 85,whales,0.03
3182275,CHAPTER 85,wisest,0.03
3157071,CHAPTER 85,account,0.02
3157128,CHAPTER 85,act,0.02
3157158,CHAPTER 85,added,0.02
3157165,CHAPTER 85,additional,0.02
3157367,CHAPTER 85,ages,0.02
3158041,CHAPTER 85,arm,0.02
3158086,CHAPTER 85,arrived,0.02
3158874,CHAPTER 85,behold,0.02
3159223,CHAPTER 85,blessed,0.02
3159235,CHAPTER 85,blind,0.02
3159680,CHAPTER 85,bring,0.02
3159743,CHAPTER 85,brought,0.02
3159873,CHAPTER 85,buried,0.02
3159903,CHAPTER 85,business,0.02
3160225,CHAPTER 85,case,0.02
3160291,CHAPTER 85,caught,0.02
3160362,CHAPTER 85,centuries,0.02
3160373,CHAPTER 85,certainly,0.02
3160496,CHAPTER 85,chase,0.02
3160585,CHAPTER 85,chiefly,0.02
3160765,CHAPTER 85,city,0.02
3160844,CHAPTER 85,clear,0.02
3160903,CHAPTER 85,clock,0.02
3160914,CHAPTER 85,closely,0.02
3161214,CHAPTER 85,common,0.02
3161302,CHAPTER 85,completely,0.02
3161368,CHAPTER 85,conceit,0.02
3161569,CHAPTER 85,consider,0.02
3161570,CHAPTER 85,considerable,0.02
3162092,CHAPTER 85,creature,0.02
3162182,CHAPTER 85,crossing,0.02
3162283,CHAPTER 85,cunning,0.02
3162504,CHAPTER 85,day,0.02
3162523,CHAPTER 85,deadly,0.02
3162533,CHAPTER 85,dear,0.02
3162632,CHAPTER 85,deemed,0.02
3162700,CHAPTER 85,degree,0.02
3163039,CHAPTER 85,devil,0.02
3163114,CHAPTER 85,die,0.02
3163150,CHAPTER 85,dignity,0.02
3163164,CHAPTER 85,dim,0.02
3163605,CHAPTER 85,doing,0.02
3163683,CHAPTER 85,doubt,0.02
3163703,CHAPTER 85,downward,0.02
3163746,CHAPTER 85,drawing,0.02
3163795,CHAPTER 85,drink,0.02
3163984,CHAPTER 85,earthly,0.02
3164002,CHAPTER 85,easy,0.02
3164166,CHAPTER 85,elevated,0.02
3164579,CHAPTER 85,equal,0.02
3164772,CHAPTER 85,exactly,0.02
3164801,CHAPTER 85,excellent,0.02
3165050,CHAPTER 85,eye,0.02
3165114,CHAPTER 85,fairly,0.02
3165224,CHAPTER 85,fatal,0.02
3165464,CHAPTER 85,filled,0.02
3165473,CHAPTER 85,finally,0.02
3165522,CHAPTER 85,fishermen,0.02
3165782,CHAPTER 85,food,0.02
3165815,CHAPTER 85,forced,0.02
3166190,CHAPTER 85,future,0.02
3166417,CHAPTER 85,getting,0.02
3166472,CHAPTER 85,gives,0.02
3166605,CHAPTER 85,goes,0.02
3166623,CHAPTER 85,good,0.02
3166698,CHAPTER 85,grand,0.02
3166775,CHAPTER 85,greatest,0.02
3167009,CHAPTER 85,hair,0.02
3167225,CHAPTER 85,having,0.02
3167257,CHAPTER 85,heads,0.02
3167313,CHAPTER 85,heaven,0.02
3167455,CHAPTER 85,hidden,0.02
3167647,CHAPTER 85,hook,0.02
3167722,CHAPTER 85,hot,0.02
3167784,CHAPTER 85,human,0.02
3167820,CHAPTER 85,hump,0.02
3167840,CHAPTER 85,hunters,0.02
3168403,CHAPTER 85,indirectly,0.02
3168408,CHAPTER 85,indispensable,0.02
3168887,CHAPTER 85,intervals,0.02
3169554,CHAPTER 85,known,0.02
3169921,CHAPTER 85,let,0.02
3170111,CHAPTER 85,little,0.02
3170129,CHAPTER 85,lives,0.02
3170132,CHAPTER 85,living,0.02
3170219,CHAPTER 85,long,0.02
3170370,CHAPTER 85,lungs,0.02
3170720,CHAPTER 85,marked,0.02
3170883,CHAPTER 85,mean,0.02
3171006,CHAPTER 85,mere,0.02
3171007,CHAPTER 85,merely,0.02
3171086,CHAPTER 85,mid,0.02
3171111,CHAPTER 85,mighty,0.02
3171118,CHAPTER 85,mild,0.02
3171155,CHAPTER 85,mind,0.02
3171391,CHAPTER 85,monster,0.02
3171758,CHAPTER 85,nature,0.02
3171780,CHAPTER 85,near,0.02
3171988,CHAPTER 85,noon,0.02
3172113,CHAPTER 85,object,0.02
3172181,CHAPTER 85,obvious,0.02
3172476,CHAPTER 85,outer,0.02
3172907,CHAPTER 85,past,0.02
3173024,CHAPTER 85,peculiar,0.02
3173138,CHAPTER 85,perceived,0.02
3173179,CHAPTER 85,period,0.02
3173865,CHAPTER 85,possibly,0.02
3173929,CHAPTER 85,power,0.02
3173999,CHAPTER 85,precise,0.02
3174244,CHAPTER 85,prodigious,0.02
3174361,CHAPTER 85,proper,0.02
3174437,CHAPTER 85,prove,0.02
3174438,CHAPTER 85,proved,0.02
3174578,CHAPTER 85,purpose,0.02
3174608,CHAPTER 85,putting,0.02
3174660,CHAPTER 85,quarter,0.02
3174687,CHAPTER 85,question,0.02
3174965,CHAPTER 85,reason,0.02
3174972,CHAPTER 85,reasons,0.02
3175291,CHAPTER 85,remain,0.02
3175297,CHAPTER 85,remarkable,0.02
3175305,CHAPTER 85,remember,0.02
3175885,CHAPTER 85,rock,0.02
3176136,CHAPTER 85,said,0.02
3176309,CHAPTER 85,saying,0.02
3176637,CHAPTER 85,seldom,0.02
3176679,CHAPTER 85,sense,0.02
3176833,CHAPTER 85,shall,0.02
3177091,CHAPTER 85,shut,0.02
3177219,CHAPTER 85,single,0.02
3177242,CHAPTER 85,sir,0.02
3177373,CHAPTER 85,sleeping,0.02
3177754,CHAPTER 85,sounds,0.02
3177813,CHAPTER 85,speak,0.02
3178010,CHAPTER 85,spouts,0.02
3178206,CHAPTER 85,stay,0.02
3178420,CHAPTER 85,strangely,0.02
3178470,CHAPTER 85,strike,0.02
3178590,CHAPTER 85,subject,0.02
3178863,CHAPTER 85,supplied,0.02
3179048,CHAPTER 85,swim,0.02
3179050,CHAPTER 85,swimming,0.02
3179158,CHAPTER 85,taken,0.02
3179159,CHAPTER 85,takes,0.02
3179436,CHAPTER 85,thank,0.02
3179450,CHAPTER 85,thee,0.02
3179502,CHAPTER 85,thinking,0.02
3179542,CHAPTER 85,thousands,0.02
3179619,CHAPTER 85,thy,0.02
3179768,CHAPTER 85,told,0.02
3180203,CHAPTER 85,try,0.02
3181622,CHAPTER 85,visible,0.02
3181628,CHAPTER 85,visit,0.02
3181666,CHAPTER 85,voice,0.02
3181822,CHAPTER 85,want,0.02
3181896,CHAPTER 85,watch,0.02
3181904,CHAPTER 85,watching,0.02
3181935,CHAPTER 85,way,0.02
3182051,CHAPTER 85,whalemen,0.02
3158434,CHAPTER 85,away,0.01
3159346,CHAPTER 85,body,0.01
3163593,CHAPTER 85,does,0.01
3165058,CHAPTER 85,eyes,0.01
3165070,CHAPTER 85,face,0.01
3165178,CHAPTER 85,far,0.01
3166349,CHAPTER 85,general,0.01
3166596,CHAPTER 85,god,0.01
3166611,CHAPTER 85,going,0.01
3167275,CHAPTER 85,heard,0.01
3170231,CHAPTER 85,look,0.01
3170564,CHAPTER 85,make,0.01
3170843,CHAPTER 85,matter,0.01
3172269,CHAPTER 85,oh,0.01
3173520,CHAPTER 85,place,0.01
3176298,CHAPTER 85,saw,0.01
3176615,CHAPTER 85,seen,0.01
3177472,CHAPTER 85,small,0.01
3177734,CHAPTER 85,sort,0.01
3178131,CHAPTER 85,stand,0.01
3179533,CHAPTER 85,thought,0.01
3179661,CHAPTER 85,till,0.01
3180178,CHAPTER 85,true,0.01
3182562,CHAPTER 85,ye,0.01
3182570,CHAPTER 85,years,0.01
