,chapter,term,tfidf
1486530,CHAPTER 28,ahab,0.18
1499944,CHAPTER 28,mates,0.12
1506071,CHAPTER 28,ship,0.11
1491708,CHAPTER 28,deck,0.1
1495919,CHAPTER 28,grey,0.1
1499833,CHAPTER 28,mark,0.1
1501363,CHAPTER 28,officers,0.1
1487255,CHAPTER 28,ascribed,0.09
1488657,CHAPTER 28,branded,0.09
1489246,CHAPTER 28,captain,0.09
1492224,CHAPTER 28,did,0.09
1492493,CHAPTER 28,dismasted,0.09
1495658,CHAPTER 28,gloomy,0.09
1499798,CHAPTER 28,manxman,0.09
1501393,CHAPTER 28,old,0.09
1501649,CHAPTER 28,overbearing,0.09
1506603,CHAPTER 28,smile,0.09
1511374,CHAPTER 28,wintry,0.09
1487464,CHAPTER 28,aught,0.08
1493717,CHAPTER 28,ere,0.08
1495799,CHAPTER 28,gradually,0.08
1496694,CHAPTER 28,hole,0.08
1498887,CHAPTER 28,layer,0.08
1498946,CHAPTER 28,leaving,0.08
1499225,CHAPTER 28,little,0.08
1505254,CHAPTER 28,sailed,0.08
1505633,CHAPTER 28,sea,0.08
1507470,CHAPTER 28,stood,0.08
1511081,CHAPTER 28,weather,0.08
1487737,CHAPTER 28,barbaric,0.07
1489063,CHAPTER 28,cabin,0.07
1489142,CHAPTER 28,came,0.07
1490050,CHAPTER 28,clouds,0.07
1496717,CHAPTER 28,home,0.07
1498971,CHAPTER 28,leg,0.07
1504317,CHAPTER 28,regularly,0.07
1511014,CHAPTER 28,watches,0.07
1486547,CHAPTER 28,air,0.06
1487548,CHAPTER 28,away,0.06
1491234,CHAPTER 28,crew,0.06
1494184,CHAPTER 28,face,0.06
1495434,CHAPTER 28,gay,0.06
1495602,CHAPTER 28,glance,0.06
1496239,CHAPTER 28,hardly,0.06
1498726,CHAPTER 28,laid,0.06
1509175,CHAPTER 28,tree,0.06
1511309,CHAPTER 28,wild,0.06
1486011,CHAPTER 28,abandonedly,0.05
1486621,CHAPTER 28,allay,0.05
1486665,CHAPTER 28,allurings,0.05
1487276,CHAPTER 28,aspect,0.05
1487463,CHAPTER 28,auger,0.05
1487756,CHAPTER 28,barest,0.05
1488321,CHAPTER 28,bleakness,0.05
1488388,CHAPTER 28,blossom,0.05
1488501,CHAPTER 28,bone,0.05
1488541,CHAPTER 28,bored,0.05
1488656,CHAPTER 28,brand,0.05
1488836,CHAPTER 28,bronze,0.05
1489448,CHAPTER 28,cellini,0.05
1489656,CHAPTER 28,cheerfulness,0.05
1490054,CHAPTER 28,cloven,0.05
1490234,CHAPTER 28,colourless,0.05
1490355,CHAPTER 28,compacted,0.05
1490674,CHAPTER 28,consent,0.05
1490822,CHAPTER 28,contradicted,0.05
1491215,CHAPTER 28,credulities,0.05
1491325,CHAPTER 28,crucifixion,0.05
1491739,CHAPTER 28,dedication,0.05
1492191,CHAPTER 28,diabolical,0.05
1492220,CHAPTER 28,dictator,0.05
1492357,CHAPTER 28,discernment,0.05
1492563,CHAPTER 28,disquietude,0.05
1493271,CHAPTER 28,elemental,0.05
1493325,CHAPTER 28,embarked,0.05
1493403,CHAPTER 28,employ,0.05
1493759,CHAPTER 28,especially,0.05
1493933,CHAPTER 28,excite,0.05
1494111,CHAPTER 28,expressions,0.05
1494627,CHAPTER 28,firmest,0.05
1494813,CHAPTER 28,flowered,0.05
1495034,CHAPTER 28,forth,0.05
1495116,CHAPTER 28,fray,0.05
1495580,CHAPTER 28,girlish,0.05
1495906,CHAPTER 28,greenly,0.05
1495937,CHAPTER 28,grimness,0.05
1496696,CHAPTER 28,holiday,0.05
1497093,CHAPTER 28,illness,0.05
1497407,CHAPTER 28,incoherences,0.05
1497495,CHAPTER 28,indian,0.05
1497622,CHAPTER 28,inferentially,0.05
1497641,CHAPTER 28,infinity,0.05
1497819,CHAPTER 28,insinuated,0.05
1498243,CHAPTER 28,ivory,0.05
1499134,CHAPTER 28,like,0.05
1499137,CHAPTER 28,likely,0.05
1499244,CHAPTER 28,livid,0.05
1499245,CHAPTER 28,lividly,0.05
1499719,CHAPTER 28,man,0.05
1500117,CHAPTER 28,merciless,0.05
1500314,CHAPTER 28,misanthropic,0.05
1500568,CHAPTER 28,mornings,0.05
1500611,CHAPTER 28,motley,0.05
1500933,CHAPTER 28,needing,0.05
1500943,CHAPTER 28,negatived,0.05
1501137,CHAPTER 28,noted,0.05
1501618,CHAPTER 28,outran,0.05
1501695,CHAPTER 28,overrunningly,0.05
1501786,CHAPTER 28,painful,0.05
1501995,CHAPTER 28,pass,0.05
1502118,CHAPTER 28,peaks,0.05
1502166,CHAPTER 28,peels,0.05
1502257,CHAPTER 28,perceptibly,0.05
1502269,CHAPTER 28,peremptory,0.05
1502339,CHAPTER 28,perseus,0.05
1502371,CHAPTER 28,persuasiveness,0.05
1502380,CHAPTER 28,perturbation,0.05
1502903,CHAPTER 28,poorly,0.05
1503045,CHAPTER 28,powerfully,0.05
1503175,CHAPTER 28,preparatives,0.05
1503205,CHAPTER 28,presentment,0.05
1503774,CHAPTER 28,quarter,0.05
1503972,CHAPTER 28,rapidity,0.05
1504151,CHAPTER 28,recluse,0.05
1504196,CHAPTER 28,recurring,0.05
1504675,CHAPTER 28,respond,0.05
1504893,CHAPTER 28,rightly,0.05
1505144,CHAPTER 28,ruggedest,0.05
1505176,CHAPTER 28,running,0.05
1505250,CHAPTER 28,said,0.05
1505448,CHAPTER 28,scandinavian,0.05
1505641,CHAPTER 28,seam,0.05
1505673,CHAPTER 28,secluded,0.05
1505676,CHAPTER 28,seclusion,0.05
1505786,CHAPTER 28,senior,0.05
1505828,CHAPTER 28,sepulchral,0.05
1506097,CHAPTER 28,shivers,0.05
1506881,CHAPTER 28,southward,0.05
1507146,CHAPTER 28,sprouts,0.05
1507222,CHAPTER 28,stake,0.05
1507329,CHAPTER 28,steadied,0.05
1507514,CHAPTER 28,straight,0.05
1507553,CHAPTER 28,streaked,0.05
1507583,CHAPTER 28,strife,0.05
1507957,CHAPTER 28,superstitiously,0.05
1507960,CHAPTER 28,supervision,0.05
1508241,CHAPTER 28,tacit,0.05
1508398,CHAPTER 28,tearingly,0.05
1508666,CHAPTER 28,threading,0.05
1509757,CHAPTER 28,uneasiness,0.05
1509758,CHAPTER 28,uneasy,0.05
1509933,CHAPTER 28,uninvitedly,0.05
1509936,CHAPTER 28,uniqueness,0.05
1510248,CHAPTER 28,unsurrenderable,0.05
1510635,CHAPTER 28,vicariously,0.05
1510701,CHAPTER 28,vineyarder,0.05
1510736,CHAPTER 28,visible,0.05
1510744,CHAPTER 28,visitants,0.05
1510950,CHAPTER 28,warbling,0.05
1510986,CHAPTER 28,warrantry,0.05
1511221,CHAPTER 28,whimsicalities,0.05
1511272,CHAPTER 28,whitish,0.05
1511317,CHAPTER 28,wilfulness,0.05
1486224,CHAPTER 28,acquainted,0.04
1486416,CHAPTER 28,affect,0.04
1486476,CHAPTER 28,aged,0.04
1486666,CHAPTER 28,allusion,0.04
1486741,CHAPTER 28,americans,0.04
1487037,CHAPTER 28,apprehension,0.04
1487041,CHAPTER 28,apprehensiveness,0.04
1487066,CHAPTER 28,april,0.04
1487246,CHAPTER 28,ascended,0.04
1487310,CHAPTER 28,asserted,0.04
1487762,CHAPTER 28,bark,0.04
1488222,CHAPTER 28,birth,0.04
1488239,CHAPTER 28,biting,0.04
1489103,CHAPTER 28,calculated,0.04
1489592,CHAPTER 28,charm,0.04
1489650,CHAPTER 28,cheeked,0.04
1489674,CHAPTER 28,cherish,0.04
1489761,CHAPTER 28,choose,0.04
1489783,CHAPTER 28,christmas,0.04
1490042,CHAPTER 28,clothing,0.04
1490290,CHAPTER 28,commanders,0.04
1490359,CHAPTER 28,companies,0.04
1490393,CHAPTER 28,competent,0.04
1490487,CHAPTER 28,conceived,0.04
1490571,CHAPTER 28,confidence,0.04
1490667,CHAPTER 28,consciousness,0.04
1490748,CHAPTER 28,consuming,0.04
1490807,CHAPTER 28,continuing,0.04
1491549,CHAPTER 28,dancing,0.04
1491590,CHAPTER 28,darts,0.04
1491631,CHAPTER 28,dead,0.04
1492122,CHAPTER 28,determinate,0.04
1493288,CHAPTER 28,elijah,0.04
1493391,CHAPTER 28,emotions,0.04
1493504,CHAPTER 28,energy,0.04
1493718,CHAPTER 28,erect,0.04
1494060,CHAPTER 28,experiences,0.04
1494164,CHAPTER 28,eye,0.04
1494217,CHAPTER 28,faint,0.04
1494319,CHAPTER 28,fashioned,0.04
1494393,CHAPTER 28,fearless,0.04
1494546,CHAPTER 28,fierce,0.04
1494931,CHAPTER 28,forcibly,0.04
1494934,CHAPTER 28,foreboding,0.04
1494961,CHAPTER 28,forenoon,0.04
1495040,CHAPTER 28,fortitude,0.04
1495299,CHAPTER 28,fury,0.04
1495441,CHAPTER 28,gazed,0.04
1495480,CHAPTER 28,genial,0.04
1495527,CHAPTER 28,gestures,0.04
1495581,CHAPTER 28,girls,0.04
1495593,CHAPTER 28,glad,0.04
1495966,CHAPTER 28,grooves,0.04
1496126,CHAPTER 28,hairs,0.04
1496299,CHAPTER 28,hatches,0.04
1496422,CHAPTER 28,heathenish,0.04
1496434,CHAPTER 28,heavily,0.04
1496466,CHAPTER 28,heightened,0.04
1497147,CHAPTER 28,immemorial,0.04
1497553,CHAPTER 28,induce,0.04
1498024,CHAPTER 28,intolerable,0.04
1498230,CHAPTER 28,issued,0.04
1498280,CHAPTER 28,japan,0.04
1498845,CHAPTER 28,latitude,0.04
1499054,CHAPTER 28,levelled,0.04
1499150,CHAPTER 28,limbs,0.04
1499307,CHAPTER 28,loftiest,0.04
1499663,CHAPTER 28,maintained,0.04
1499909,CHAPTER 28,mast,0.04
1500054,CHAPTER 28,melancholy,0.04
1500297,CHAPTER 28,minutest,0.04
1500342,CHAPTER 28,misgivings,0.04
1500389,CHAPTER 28,mizzen,0.04
1500522,CHAPTER 28,mood,0.04
1500525,CHAPTER 28,moods,0.04
1500614,CHAPTER 28,mould,0.04
1500826,CHAPTER 28,nantucket,0.04
1501202,CHAPTER 28,oak,0.04
1501359,CHAPTER 28,office,0.04
1501597,CHAPTER 28,outlandish,0.04
1501974,CHAPTER 28,particle,0.04
1502212,CHAPTER 28,penetrate,0.04
1502248,CHAPTER 28,pequod,0.04
1502315,CHAPTER 28,permitted,0.04
1502320,CHAPTER 28,perpendicular,0.04
1502532,CHAPTER 28,pile,0.04
1502610,CHAPTER 28,pitching,0.04
1502627,CHAPTER 28,pivot,0.04
1502711,CHAPTER 28,playful,0.04
1502839,CHAPTER 28,polar,0.04
1502849,CHAPTER 28,polished,0.04
1502913,CHAPTER 28,popularly,0.04
1502998,CHAPTER 28,posture,0.04
1503048,CHAPTER 28,powers,0.04
1503249,CHAPTER 28,preternatural,0.04
1503484,CHAPTER 28,prophet,0.04
1503841,CHAPTER 28,quiver,0.04
1503890,CHAPTER 28,ragged,0.04
1504060,CHAPTER 28,reality,0.04
1504186,CHAPTER 28,recovery,0.04
1504288,CHAPTER 28,regal,0.04
1504386,CHAPTER 28,relieved,0.04
1504604,CHAPTER 28,resembled,0.04
1504743,CHAPTER 28,retreat,0.04
1504998,CHAPTER 28,robustness,0.04
1505007,CHAPTER 28,rod,0.04
1505220,CHAPTER 28,sacred,0.04
1505456,CHAPTER 28,scar,0.04
1505521,CHAPTER 28,scorched,0.04
1505781,CHAPTER 28,send,0.04
1505849,CHAPTER 28,seriously,0.04
1505973,CHAPTER 28,shaped,0.04
1506078,CHAPTER 28,shipped,0.04
1506185,CHAPTER 28,shroud,0.04
1506188,CHAPTER 28,shrouds,0.04
1506335,CHAPTER 28,singular,0.04
1506498,CHAPTER 28,slender,0.04
1506743,CHAPTER 28,soil,0.04
1506761,CHAPTER 28,sole,0.04
1506822,CHAPTER 28,soon,0.04
1507471,CHAPTER 28,stool,0.04
1507896,CHAPTER 28,sunny,0.04
1507998,CHAPTER 28,supreme,0.04
1508254,CHAPTER 28,taffrail,0.04
1508297,CHAPTER 28,tame,0.04
1508383,CHAPTER 28,tawny,0.04
1508775,CHAPTER 28,till,0.04
1509033,CHAPTER 28,traditions,0.04
1509069,CHAPTER 28,tranquilly,0.04
1509105,CHAPTER 28,transition,0.04
1509237,CHAPTER 28,trip,0.04
1509404,CHAPTER 28,twig,0.04
1509496,CHAPTER 28,unalterable,0.04
1510027,CHAPTER 28,unnecessary,0.04
1510441,CHAPTER 28,vague,0.04
1510694,CHAPTER 28,vindictive,0.04
1510742,CHAPTER 28,visit,0.04
1510830,CHAPTER 28,voyage,0.04
1510901,CHAPTER 28,walking,0.04
1511006,CHAPTER 28,wasted,0.04
1511049,CHAPTER 28,way,0.04
1511126,CHAPTER 28,welcome,0.04
1511176,CHAPTER 28,wharves,0.04
1511262,CHAPTER 28,white,0.04
1511410,CHAPTER 28,withdrew,0.04
1511416,CHAPTER 28,withstand,0.04
1511477,CHAPTER 28,woods,0.04
1511567,CHAPTER 28,wrenching,0.04
1486467,CHAPTER 28,aft,0.03
1486619,CHAPTER 28,alive,0.03
1488457,CHAPTER 28,bodily,0.03
1488543,CHAPTER 28,born,0.03
1488858,CHAPTER 28,brow,0.03
1489220,CHAPTER 28,cape,0.03
1489354,CHAPTER 28,cast,0.03
1489487,CHAPTER 28,certainly,0.03
1489610,CHAPTER 28,chase,0.03
1489698,CHAPTER 28,chief,0.03
1490264,CHAPTER 28,come,0.03
1490288,CHAPTER 28,commanded,0.03
1490800,CHAPTER 28,continually,0.03
1490829,CHAPTER 28,contrary,0.03
1491316,CHAPTER 28,crown,0.03
1491342,CHAPTER 28,cruising,0.03
1491814,CHAPTER 28,degree,0.03
1492076,CHAPTER 28,desperate,0.03
1492241,CHAPTER 28,different,0.03
1492264,CHAPTER 28,dignity,0.03
1492337,CHAPTER 28,disappeared,0.03
1493280,CHAPTER 28,elevated,0.03
1493314,CHAPTER 28,em,0.03
1494224,CHAPTER 28,fair,0.03
1494464,CHAPTER 28,felt,0.03
1494659,CHAPTER 28,fixed,0.03
1495246,CHAPTER 28,fully,0.03
1495887,CHAPTER 28,great,0.03
1495898,CHAPTER 28,green,0.03
1495918,CHAPTER 28,grew,0.03
1495934,CHAPTER 28,grim,0.03
1495990,CHAPTER 28,grow,0.03
1496224,CHAPTER 28,harbor,0.03
1496268,CHAPTER 28,harpooneers,0.03
1496359,CHAPTER 28,head,0.03
1496402,CHAPTER 28,hearted,0.03
1496621,CHAPTER 28,hint,0.03
1496653,CHAPTER 28,hitherto,0.03
1496691,CHAPTER 28,holding,0.03
1497375,CHAPTER 28,inch,0.03
1497847,CHAPTER 28,instantly,0.03
1498000,CHAPTER 28,interval,0.03
1498097,CHAPTER 28,invested,0.03
1498299,CHAPTER 28,jaw,0.03
1498551,CHAPTER 28,kept,0.03
1498931,CHAPTER 28,leaping,0.03
1499126,CHAPTER 28,lightning,0.03
1499310,CHAPTER 28,lofty,0.03
1499333,CHAPTER 28,long,0.03
1499345,CHAPTER 28,look,0.03
1499427,CHAPTER 28,lowering,0.03
1499912,CHAPTER 28,master,0.03
1500110,CHAPTER 28,merchant,0.03
1500292,CHAPTER 28,minute,0.03
1500465,CHAPTER 28,moments,0.03
1500526,CHAPTER 28,moody,0.03
1500575,CHAPTER 28,mortal,0.03
1500628,CHAPTER 28,mounted,0.03
1500775,CHAPTER 28,muttered,0.03
1500819,CHAPTER 28,nameless,0.03
1500827,CHAPTER 28,nantucketer,0.03
1500872,CHAPTER 28,nature,0.03
1500899,CHAPTER 28,nearly,0.03
1500920,CHAPTER 28,neck,0.03
1501508,CHAPTER 28,orders,0.03
1501734,CHAPTER 28,owing,0.03
1501984,CHAPTER 28,partly,0.03
1501996,CHAPTER 28,passage,0.03
1502533,CHAPTER 28,piled,0.03
1502652,CHAPTER 28,plain,0.03
1502674,CHAPTER 28,plank,0.03
1502724,CHAPTER 28,pleasant,0.03
1503253,CHAPTER 28,pretty,0.03
1503263,CHAPTER 28,previous,0.03
1503264,CHAPTER 28,previously,0.03
1503581,CHAPTER 28,prow,0.03
1503950,CHAPTER 28,ran,0.03
1504051,CHAPTER 28,readily,0.03
1504197,CHAPTER 28,red,0.03
1505184,CHAPTER 28,rushing,0.03
1505420,CHAPTER 28,say,0.03
1505666,CHAPTER 28,seated,0.03
1505729,CHAPTER 28,seen,0.03
1506135,CHAPTER 28,shot,0.03
1506152,CHAPTER 28,showed,0.03
1506257,CHAPTER 28,sign,0.03
1506435,CHAPTER 28,sky,0.03
1506764,CHAPTER 28,solemn,0.03
1506779,CHAPTER 28,solid,0.03
1506889,CHAPTER 28,space,0.03
1507082,CHAPTER 28,spoke,0.03
1507534,CHAPTER 28,strangely,0.03
1507576,CHAPTER 28,stricken,0.03
1507765,CHAPTER 28,subtle,0.03
1507800,CHAPTER 28,sudden,0.03
1508350,CHAPTER 28,tashtego,0.03
1508722,CHAPTER 28,thunder,0.03
1508785,CHAPTER 28,time,0.03
1509275,CHAPTER 28,troubled,0.03
1509305,CHAPTER 28,trunk,0.03
1509957,CHAPTER 28,unknown,0.03
1510183,CHAPTER 28,unseen,0.03
1510363,CHAPTER 28,upper,0.03
1510776,CHAPTER 28,vocation,0.03
1510965,CHAPTER 28,warm,0.03
1511372,CHAPTER 28,winter,0.03
1511434,CHAPTER 28,woe,0.03
1511536,CHAPTER 28,wound,0.03
1487155,CHAPTER 28,arm,0.02
1487572,CHAPTER 28,aye,0.02
1487956,CHAPTER 28,began,0.02
1488145,CHAPTER 28,better,0.02
1488460,CHAPTER 28,body,0.02
1488814,CHAPTER 28,broad,0.02
1490026,CHAPTER 28,close,0.02
1490285,CHAPTER 28,coming,0.02
1490328,CHAPTER 28,common,0.02
1491148,CHAPTER 28,craft,0.02
1491466,CHAPTER 28,cut,0.02
1491618,CHAPTER 28,day,0.02
1491623,CHAPTER 28,days,0.02
1493465,CHAPTER 28,end,0.02
1494172,CHAPTER 28,eyes,0.02
1494292,CHAPTER 28,far,0.02
1495013,CHAPTER 28,form,0.02
1495050,CHAPTER 28,forward,0.02
1496132,CHAPTER 28,half,0.02
1496339,CHAPTER 28,having,0.02
1496582,CHAPTER 28,high,0.02
1498970,CHAPTER 28,left,0.02
1499346,CHAPTER 28,looked,0.02
1499351,CHAPTER 28,looking,0.02
1499374,CHAPTER 28,lord,0.02
1499684,CHAPTER 28,making,0.02
1500084,CHAPTER 28,men,0.02
1500225,CHAPTER 28,mighty,0.02
1500567,CHAPTER 28,morning,0.02
1502655,CHAPTER 28,plainly,0.02
1504056,CHAPTER 28,ready,0.02
1504886,CHAPTER 28,right,0.02
1505260,CHAPTER 28,sailor,0.02
1505412,CHAPTER 28,saw,0.02
1505874,CHAPTER 28,set,0.02
1506333,CHAPTER 28,single,0.02
1506848,CHAPTER 28,sort,0.02
1506989,CHAPTER 28,sperm,0.02
1507251,CHAPTER 28,standing,0.02
1507533,CHAPTER 28,strange,0.02
1507623,CHAPTER 28,struck,0.02
1508274,CHAPTER 28,taking,0.02
1508789,CHAPTER 28,times,0.02
1508990,CHAPTER 28,touching,0.02
1511010,CHAPTER 28,watch,0.02
1511023,CHAPTER 28,water,0.02
1511173,CHAPTER 28,whaling,0.02
1511342,CHAPTER 28,wind,0.02
1511489,CHAPTER 28,word,0.02
1511684,CHAPTER 28,years,0.02
1511697,CHAPTER 28,yes,0.02
1511157,CHAPTER 28,whale,0.01
