,chapter,term,tfidf
851909,CHAPTER 128,boat,0.22
871008,CHAPTER 128,stranger,0.22
863826,CHAPTER 128,missing,0.2
850002,CHAPTER 128,ahab,0.18
852718,CHAPTER 128,captain,0.16
869543,CHAPTER 128,ship,0.15
867339,CHAPTER 128,rachel,0.14
852089,CHAPTER 128,boy,0.12
870284,CHAPTER 128,son,0.12
851914,CHAPTER 128,boats,0.1
858548,CHAPTER 128,fourth,0.1
858863,CHAPTER 128,gardiner,0.1
871149,CHAPTER 128,stunsail,0.1
853565,CHAPTER 128,coat,0.09
857820,CHAPTER 128,father,0.09
869201,CHAPTER 128,seen,0.09
874829,CHAPTER 128,windward,0.09
875134,CHAPTER 128,yards,0.09
852523,CHAPTER 128,bye,0.08
856062,CHAPTER 128,distance,0.08
872072,CHAPTER 128,thickly,0.08
853082,CHAPTER 128,chase,0.07
856562,CHAPTER 128,earnest,0.07
859861,CHAPTER 128,heard,0.07
864490,CHAPTER 128,news,0.07
865720,CHAPTER 128,pequod,0.07
865959,CHAPTER 128,pick,0.07
868645,CHAPTER 128,run,0.07
872247,CHAPTER 128,till,0.07
874482,CHAPTER 128,watch,0.07
874629,CHAPTER 128,whale,0.07
849947,CHAPTER 128,age,0.06
851083,CHAPTER 128,bad,0.06
853174,CHAPTER 128,child,0.06
854277,CHAPTER 128,continued,0.06
854711,CHAPTER 128,cried,0.06
857189,CHAPTER 128,ere,0.06
858401,CHAPTER 128,forced,0.06
860618,CHAPTER 128,immediately,0.06
862004,CHAPTER 128,keen,0.06
862898,CHAPTER 128,lowered,0.06
863710,CHAPTER 128,miles,0.06
864299,CHAPTER 128,nantucketer,0.06
864646,CHAPTER 128,number,0.06
865280,CHAPTER 128,pale,0.06
865561,CHAPTER 128,paused,0.06
865576,CHAPTER 128,pay,0.06
868724,CHAPTER 128,sail,0.06
871629,CHAPTER 128,swift,0.06
872257,CHAPTER 128,time,0.06
848834,CHAPTER 128,_aye_,0.05
849297,CHAPTER 128,_shall_,0.05
849822,CHAPTER 128,adopting,0.05
851329,CHAPTER 128,beacon,0.05
851744,CHAPTER 128,bladders,0.05
851906,CHAPTER 128,boastful,0.05
851996,CHAPTER 128,boon,0.05
853077,CHAPTER 128,charter,0.05
853151,CHAPTER 128,cherry,0.05
853152,CHAPTER 128,cherrying,0.05
853545,CHAPTER 128,clustered,0.05
853546,CHAPTER 128,clustering,0.05
854108,CHAPTER 128,conjure,0.05
854801,CHAPTER 128,cruellest,0.05
856015,CHAPTER 128,display,0.05
856914,CHAPTER 128,enchantment,0.05
857926,CHAPTER 128,fell,0.05
858172,CHAPTER 128,flask,0.05
858471,CHAPTER 128,forgive,0.05
859089,CHAPTER 128,gleam,0.05
859209,CHAPTER 128,good,0.05
859710,CHAPTER 128,hardihood,0.05
860249,CHAPTER 128,hopefully,0.05
860317,CHAPTER 128,hours,0.05
860502,CHAPTER 128,icily,0.05
860503,CHAPTER 128,iciness,0.05
861191,CHAPTER 128,initiate,0.05
862047,CHAPTER 128,killed,0.05
862817,CHAPTER 128,look,0.05
863269,CHAPTER 128,manx,0.05
864087,CHAPTER 128,moulded,0.05
864387,CHAPTER 128,necessitated,0.05
864416,CHAPTER 128,negatively,0.05
864462,CHAPTER 128,nestling,0.05
864865,CHAPTER 128,old,0.05
865440,CHAPTER 128,partiality,0.05
865875,CHAPTER 128,petition,0.05
866107,CHAPTER 128,placed,0.05
866901,CHAPTER 128,prolongingly,0.05
867099,CHAPTER 128,pulls,0.05
867819,CHAPTER 128,rejection,0.05
867846,CHAPTER 128,relent,0.05
868158,CHAPTER 128,rest,0.05
868556,CHAPTER 128,roundly,0.05
871630,CHAPTER 128,swiftest,0.05
872177,CHAPTER 128,throttling,0.05
872563,CHAPTER 128,transfixed,0.05
873215,CHAPTER 128,undue,0.05
873240,CHAPTER 128,unenervated,0.05
873482,CHAPTER 128,unmisgiving,0.05
874075,CHAPTER 128,vessel,0.05
874252,CHAPTER 128,voice,0.05
874495,CHAPTER 128,water,0.05
874521,CHAPTER 128,way,0.05
874613,CHAPTER 128,wept,0.05
874734,CHAPTER 128,white,0.05
875141,CHAPTER 128,yaw,0.05
875148,CHAPTER 128,ye,0.05
849473,CHAPTER 128,_you_,0.04
849564,CHAPTER 128,absent,0.04
849837,CHAPTER 128,adrift,0.04
850041,CHAPTER 128,alarm,0.04
850128,CHAPTER 128,allude,0.04
850405,CHAPTER 128,anvil,0.04
850410,CHAPTER 128,anxious,0.04
850509,CHAPTER 128,apprehension,0.04
850513,CHAPTER 128,apprehensiveness,0.04
850999,CHAPTER 128,averted,0.04
851427,CHAPTER 128,beg,0.04
851568,CHAPTER 128,beseeching,0.04
851765,CHAPTER 128,blank,0.04
851808,CHAPTER 128,bless,0.04
851899,CHAPTER 128,boarded,0.04
851902,CHAPTER 128,boarding,0.04
852037,CHAPTER 128,boughs,0.04
852096,CHAPTER 128,brace,0.04
852269,CHAPTER 128,brings,0.04
852354,CHAPTER 128,bubbling,0.04
852515,CHAPTER 128,buttons,0.04
852747,CHAPTER 128,career,0.04
853475,CHAPTER 128,clinched,0.04
853746,CHAPTER 128,comfort,0.04
853972,CHAPTER 128,concern,0.04
854198,CHAPTER 128,constitutional,0.04
854706,CHAPTER 128,crew,0.04
854783,CHAPTER 128,crowded,0.04
855046,CHAPTER 128,dark,0.04
855093,CHAPTER 128,daylight,0.04
855487,CHAPTER 128,descended,0.04
855489,CHAPTER 128,descending,0.04
855568,CHAPTER 128,destiny,0.04
855754,CHAPTER 128,diminished,0.04
856122,CHAPTER 128,diverged,0.04
856137,CHAPTER 128,divided,0.04
856260,CHAPTER 128,dotted,0.04
856843,CHAPTER 128,emergencies,0.04
857402,CHAPTER 128,exchanged,0.04
857764,CHAPTER 128,far,0.04
857799,CHAPTER 128,fastening,0.04
858063,CHAPTER 128,finding,0.04
858197,CHAPTER 128,fled,0.04
858486,CHAPTER 128,formal,0.04
859072,CHAPTER 128,gladly,0.04
859182,CHAPTER 128,god,0.04
859619,CHAPTER 128,halting,0.04
859831,CHAPTER 128,head,0.04
860441,CHAPTER 128,hurried,0.04
860442,CHAPTER 128,hurriedly,0.04
860620,CHAPTER 128,immemorially,0.04
860849,CHAPTER 128,incident,0.04
860922,CHAPTER 128,increase,0.04
860951,CHAPTER 128,indefinitely,0.04
861325,CHAPTER 128,instinctively,0.04
861795,CHAPTER 128,jeopardized,0.04
862001,CHAPTER 128,keeled,0.04
862062,CHAPTER 128,kindling,0.04
862270,CHAPTER 128,larboard,0.04
862426,CHAPTER 128,led,0.04
862828,CHAPTER 128,loomed,0.04
862857,CHAPTER 128,lose,0.04
863149,CHAPTER 128,majority,0.04
863270,CHAPTER 128,manxman,0.04
863447,CHAPTER 128,mayhap,0.04
863526,CHAPTER 128,melancholy,0.04
863556,CHAPTER 128,men,0.04
863575,CHAPTER 128,mentioning,0.04
864785,CHAPTER 128,occur,0.04
864855,CHAPTER 128,oh,0.04
865375,CHAPTER 128,parallel,0.04
865514,CHAPTER 128,paternal,0.04
865804,CHAPTER 128,perplexity,0.04
866053,CHAPTER 128,pious,0.04
866260,CHAPTER 128,plunged,0.04
866438,CHAPTER 128,positive,0.04
866704,CHAPTER 128,presumed,0.04
866807,CHAPTER 128,procedure,0.04
867012,CHAPTER 128,protracted,0.04
867179,CHAPTER 128,pursuers,0.04
867315,CHAPTER 128,quivering,0.04
867573,CHAPTER 128,recall,0.04
867741,CHAPTER 128,refrained,0.04
868087,CHAPTER 128,reserved,0.04
868231,CHAPTER 128,reveal,0.04
868353,CHAPTER 128,rigged,0.04
868709,CHAPTER 128,safe,0.04
868710,CHAPTER 128,safely,0.04
868771,CHAPTER 128,salutation,0.04
868884,CHAPTER 128,saw,0.04
869105,CHAPTER 128,sea,0.04
869124,CHAPTER 128,search,0.04
869133,CHAPTER 128,season,0.04
869294,CHAPTER 128,separated,0.04
869553,CHAPTER 128,ships,0.04
869570,CHAPTER 128,shoal,0.04
869573,CHAPTER 128,shock,0.04
869733,CHAPTER 128,signals,0.04
870088,CHAPTER 128,smitten,0.04
870273,CHAPTER 128,solved,0.04
870292,CHAPTER 128,sons,0.04
870849,CHAPTER 128,stepped,0.04
870942,CHAPTER 128,stood,0.04
870950,CHAPTER 128,stopped,0.04
871005,CHAPTER 128,strange,0.04
871009,CHAPTER 128,strangers,0.04
871108,CHAPTER 128,stubb,0.04
871251,CHAPTER 128,succeeded,0.04
871288,CHAPTER 128,sufficient,0.04
871314,CHAPTER 128,suit,0.04
871717,CHAPTER 128,tack,0.04
871934,CHAPTER 128,tender,0.04
872770,CHAPTER 128,trumpet,0.04
873093,CHAPTER 128,unconditional,0.04
873267,CHAPTER 128,unexpected,0.04
873318,CHAPTER 128,unfrequently,0.04
873410,CHAPTER 128,unite,0.04
873745,CHAPTER 128,untimely,0.04
873887,CHAPTER 128,utter,0.04
874118,CHAPTER 128,vicissitudes,0.04
874328,CHAPTER 128,wager,0.04
874366,CHAPTER 128,wakes,0.04
874446,CHAPTER 128,warn,0.04
874473,CHAPTER 128,wasn,0.04
874584,CHAPTER 128,weeping,0.04
874722,CHAPTER 128,whispered,0.04
874817,CHAPTER 128,winding,0.04
874834,CHAPTER 128,winged,0.04
874908,CHAPTER 128,woeful,0.04
874933,CHAPTER 128,wonders,0.04
875049,CHAPTER 128,wretched,0.04
875138,CHAPTER 128,yarn,0.04
875156,CHAPTER 128,years,0.04
875169,CHAPTER 128,yes,0.04
849532,CHAPTER 128,aboard,0.03
849850,CHAPTER 128,advancing,0.03
849942,CHAPTER 128,afternoon,0.03
850361,CHAPTER 128,answered,0.03
850416,CHAPTER 128,apart,0.03
850982,CHAPTER 128,avast,0.03
851020,CHAPTER 128,away,0.03
851350,CHAPTER 128,bearing,0.03
851356,CHAPTER 128,beat,0.03
851682,CHAPTER 128,binnacle,0.03
852094,CHAPTER 128,boys,0.03
852476,CHAPTER 128,burst,0.03
852720,CHAPTER 128,captains,0.03
852979,CHAPTER 128,chains,0.03
853170,CHAPTER 128,chief,0.03
853181,CHAPTER 128,children,0.03
853330,CHAPTER 128,circumstance,0.03
853500,CHAPTER 128,closely,0.03
853761,CHAPTER 128,commander,0.03
853984,CHAPTER 128,concluded,0.03
854707,CHAPTER 128,crews,0.03
854814,CHAPTER 128,cruising,0.03
854909,CHAPTER 128,cursed,0.03
855054,CHAPTER 128,darkness,0.03
855065,CHAPTER 128,dashed,0.03
855090,CHAPTER 128,day,0.03
855495,CHAPTER 128,descried,0.03
855525,CHAPTER 128,desired,0.03
855686,CHAPTER 128,dick,0.03
855787,CHAPTER 128,direction,0.03
855789,CHAPTER 128,directly,0.03
856191,CHAPTER 128,doing,0.03
856262,CHAPTER 128,double,0.03
856415,CHAPTER 128,drowned,0.03
856559,CHAPTER 128,early,0.03
856786,CHAPTER 128,em,0.03
856986,CHAPTER 128,engaged,0.03
857413,CHAPTER 128,exclaimed,0.03
857688,CHAPTER 128,fain,0.03
857816,CHAPTER 128,fate,0.03
858791,CHAPTER 128,gain,0.03
859112,CHAPTER 128,glimpse,0.03
859588,CHAPTER 128,hail,0.03
859688,CHAPTER 128,happens,0.03
859760,CHAPTER 128,hast,0.03
859936,CHAPTER 128,height,0.03
860124,CHAPTER 128,hither,0.03
860233,CHAPTER 128,hook,0.03
860260,CHAPTER 128,horizon,0.03
860367,CHAPTER 128,hull,0.03
860406,CHAPTER 128,hump,0.03
861319,CHAPTER 128,instantly,0.03
861909,CHAPTER 128,joy,0.03
862000,CHAPTER 128,keel,0.03
862138,CHAPTER 128,knowledge,0.03
862184,CHAPTER 128,lad,0.03
862301,CHAPTER 128,late,0.03
862416,CHAPTER 128,leave,0.03
862440,CHAPTER 128,leeward,0.03
862507,CHAPTER 128,let,0.03
862645,CHAPTER 128,lines,0.03
862826,CHAPTER 128,looks,0.03
862882,CHAPTER 128,love,0.03
863191,CHAPTER 128,man,0.03
863399,CHAPTER 128,masts,0.03
863479,CHAPTER 128,meantime,0.03
863680,CHAPTER 128,midnight,0.03
863768,CHAPTER 128,minutes,0.03
863871,CHAPTER 128,moby,0.03
864247,CHAPTER 128,muttered,0.03
864340,CHAPTER 128,natural,0.03
864898,CHAPTER 128,ones,0.03
864943,CHAPTER 128,opposite,0.03
864985,CHAPTER 128,ordinary,0.03
865764,CHAPTER 128,perils,0.03
866484,CHAPTER 128,pots,0.03
866586,CHAPTER 128,precisely,0.03
867096,CHAPTER 128,pull,0.03
867186,CHAPTER 128,pushed,0.03
867272,CHAPTER 128,quest,0.03
867273,CHAPTER 128,question,0.03
867336,CHAPTER 128,race,0.03
867585,CHAPTER 128,received,0.03
867588,CHAPTER 128,receiving,0.03
867626,CHAPTER 128,recognised,0.03
867879,CHAPTER 128,remained,0.03
868225,CHAPTER 128,returned,0.03
868356,CHAPTER 128,rigging,0.03
868524,CHAPTER 128,rope,0.03
868722,CHAPTER 128,said,0.03
868726,CHAPTER 128,sailed,0.03
868728,CHAPTER 128,sailing,0.03
868740,CHAPTER 128,sake,0.03
868870,CHAPTER 128,save,0.03
868897,CHAPTER 128,says,0.03
869253,CHAPTER 128,send,0.03
869605,CHAPTER 128,shortly,0.03
869607,CHAPTER 128,shot,0.03
869756,CHAPTER 128,silently,0.03
870279,CHAPTER 128,somewhat,0.03
870294,CHAPTER 128,soon,0.03
870327,CHAPTER 128,sought,0.03
870381,CHAPTER 128,spare,0.03
870389,CHAPTER 128,spars,0.03
870447,CHAPTER 128,speed,0.03
870520,CHAPTER 128,spirits,0.03
870584,CHAPTER 128,spot,0.03
870601,CHAPTER 128,sprang,0.03
870603,CHAPTER 128,spray,0.03
870643,CHAPTER 128,square,0.03
870731,CHAPTER 128,starboard,0.03
870746,CHAPTER 128,starting,0.03
870972,CHAPTER 128,story,0.03
871048,CHAPTER 128,stricken,0.03
871608,CHAPTER 128,sweeping,0.03
871665,CHAPTER 128,swung,0.03
871760,CHAPTER 128,tall,0.03
872107,CHAPTER 128,thither,0.03
872354,CHAPTER 128,told,0.03
872458,CHAPTER 128,touch,0.03
872648,CHAPTER 128,trees,0.03
874248,CHAPTER 128,vocation,0.03
874965,CHAPTER 128,wore,0.03
875170,CHAPTER 128,yesterday,0.03
850145,CHAPTER 128,aloft,0.02
851044,CHAPTER 128,aye,0.02
851585,CHAPTER 128,best,0.02
852286,CHAPTER 128,broad,0.02
852535,CHAPTER 128,cabin,0.02
852614,CHAPTER 128,came,0.02
852811,CHAPTER 128,case,0.02
853005,CHAPTER 128,chance,0.02
854558,CHAPTER 128,course,0.02
855180,CHAPTER 128,deck,0.02
856179,CHAPTER 128,does,0.02
857644,CHAPTER 128,eyes,0.02
857656,CHAPTER 128,face,0.02
858522,CHAPTER 128,forward,0.02
859197,CHAPTER 128,going,0.02
859642,CHAPTER 128,hand,0.02
859811,CHAPTER 128,having,0.02
860189,CHAPTER 128,home,0.02
861314,CHAPTER 128,instant,0.02
862106,CHAPTER 128,knew,0.02
862274,CHAPTER 128,large,0.02
862418,CHAPTER 128,leaving,0.02
862577,CHAPTER 128,life,0.02
862606,CHAPTER 128,like,0.02
862861,CHAPTER 128,lost,0.02
862897,CHAPTER 128,lower,0.02
863130,CHAPTER 128,main,0.02
863156,CHAPTER 128,making,0.02
863381,CHAPTER 128,mast,0.02
863408,CHAPTER 128,mate,0.02
864114,CHAPTER 128,mouth,0.02
864136,CHAPTER 128,mr,0.02
864298,CHAPTER 128,nantucket,0.02
864366,CHAPTER 128,near,0.02
864512,CHAPTER 128,nigh,0.02
864514,CHAPTER 128,night,0.02
864699,CHAPTER 128,object,0.02
866106,CHAPTER 128,place,0.02
866127,CHAPTER 128,plainly,0.02
866373,CHAPTER 128,poor,0.02
866669,CHAPTER 128,present,0.02
866735,CHAPTER 128,previous,0.02
867551,CHAPTER 128,reason,0.02
868732,CHAPTER 128,sailor,0.02
868735,CHAPTER 128,sails,0.02
869419,CHAPTER 128,shall,0.02
870058,CHAPTER 128,small,0.02
870717,CHAPTER 128,stand,0.02
870723,CHAPTER 128,standing,0.02
870732,CHAPTER 128,starbuck,0.02
871273,CHAPTER 128,suddenly,0.02
871897,CHAPTER 128,tell,0.02
872789,CHAPTER 128,try,0.02
872845,CHAPTER 128,turned,0.02
872846,CHAPTER 128,turning,0.02
873429,CHAPTER 128,unknown,0.02
874131,CHAPTER 128,view,0.02
874302,CHAPTER 128,voyage,0.02
874612,CHAPTER 128,went,0.02
874636,CHAPTER 128,whaleman,0.02
874640,CHAPTER 128,whales,0.02
874645,CHAPTER 128,whaling,0.02
874814,CHAPTER 128,wind,0.02
874961,CHAPTER 128,word,0.02
855696,CHAPTER 128,did,0.01
862697,CHAPTER 128,little,0.01
862805,CHAPTER 128,long,0.01
868550,CHAPTER 128,round,0.01
868892,CHAPTER 128,say,0.01
872081,CHAPTER 128,thing,0.01
