,chapter,term,tfidf
2488950,CHAPTER 61,stubb,0.23
2488586,CHAPTER 61,start,0.21
2469751,CHAPTER 61,boat,0.15
2492471,CHAPTER 61,whale,0.15
2477759,CHAPTER 61,hee,0.12
2480448,CHAPTER 61,like,0.12
2480480,CHAPTER 61,line,0.12
2483898,CHAPTER 61,pipe,0.11
2467861,CHAPTER 61,air,0.1
2475945,CHAPTER 61,fish,0.1
2492337,CHAPTER 61,water,0.1
2487931,CHAPTER 61,smoke,0.09
2489664,CHAPTER 61,tashtego,0.09
2472553,CHAPTER 61,cried,0.08
2479841,CHAPTER 61,kee,0.08
2485511,CHAPTER 61,red,0.08
2486947,CHAPTER 61,sea,0.08
2469922,CHAPTER 61,bowsman,0.07
2470107,CHAPTER 61,brine,0.07
2471123,CHAPTER 61,churned,0.07
2472453,CHAPTER 61,cracking,0.07
2472900,CHAPTER 61,dart,0.07
2476149,CHAPTER 61,flurry,0.07
2479653,CHAPTER 61,jet,0.07
2480629,CHAPTER 61,loggerhead,0.07
2482392,CHAPTER 61,nodded,0.07
2484932,CHAPTER 61,puffing,0.07
2484938,CHAPTER 61,pull,0.07
2467884,CHAPTER 61,alarmed,0.06
2471124,CHAPTER 61,churning,0.06
2474815,CHAPTER 61,enemy,0.06
2477381,CHAPTER 61,gush,0.06
2477638,CHAPTER 61,haul,0.06
2477799,CHAPTER 61,helmsman,0.06
2479845,CHAPTER 61,keels,0.06
2479994,CHAPTER 61,la,0.06
2481819,CHAPTER 61,monster,0.06
2481956,CHAPTER 61,mouth,0.06
2482554,CHAPTER 61,obliquely,0.06
2483314,CHAPTER 61,passed,0.06
2484930,CHAPTER 61,puff,0.06
2485274,CHAPTER 61,ranging,0.06
2487299,CHAPTER 61,sharp,0.06
2487449,CHAPTER 61,shot,0.06
2487502,CHAPTER 61,shrouds,0.06
2487760,CHAPTER 61,slackened,0.06
2488836,CHAPTER 61,strained,0.06
2490372,CHAPTER 61,trance,0.06
2490635,CHAPTER 61,tub,0.06
2491942,CHAPTER 61,vibrating,0.06
2469756,CHAPTER 61,boats,0.05
2469783,CHAPTER 61,boiling,0.05
2472228,CHAPTER 61,cool,0.05
2472462,CHAPTER 61,craft,0.05
2472821,CHAPTER 61,daggoo,0.05
2472907,CHAPTER 61,dashed,0.05
2475031,CHAPTER 61,ere,0.05
2476002,CHAPTER 61,flank,0.05
2477376,CHAPTER 61,gunwale,0.05
2477673,CHAPTER 61,head,0.05
2480323,CHAPTER 61,length,0.05
2482520,CHAPTER 61,oar,0.05
2482521,CHAPTER 61,oars,0.05
2482522,CHAPTER 61,oarsman,0.05
2485285,CHAPTER 61,rapid,0.05
2485359,CHAPTER 61,reaching,0.05
2486979,CHAPTER 61,seat,0.05
2486980,CHAPTER 61,seated,0.05
2487118,CHAPTER 61,sent,0.05
2488648,CHAPTER 61,steady,0.05
2488922,CHAPTER 61,stroke,0.05
2489194,CHAPTER 61,sun,0.05
2489413,CHAPTER 61,swallowed,0.05
2489415,CHAPTER 61,swam,0.05
2489473,CHAPTER 61,swiftly,0.05
2492467,CHAPTER 61,wet,0.05
2467337,CHAPTER 61,abating,0.04
2467647,CHAPTER 61,admitting,0.04
2467761,CHAPTER 61,affords,0.04
2467828,CHAPTER 61,agonized,0.04
2467831,CHAPTER 61,agonizingly,0.04
2468007,CHAPTER 61,alternately,0.04
2468693,CHAPTER 61,atlantics,0.04
2468944,CHAPTER 61,bailer,0.04
2469270,CHAPTER 61,began,0.04
2469678,CHAPTER 61,blisteringly,0.04
2469691,CHAPTER 61,blood,0.04
2469774,CHAPTER 61,body,0.04
2469882,CHAPTER 61,bounced,0.04
2469906,CHAPTER 61,bow,0.04
2470054,CHAPTER 61,brewed,0.04
2470161,CHAPTER 61,brooks,0.04
2470194,CHAPTER 61,bubbled,0.04
2470292,CHAPTER 61,burgher,0.04
2470402,CHAPTER 61,cage,0.04
2470456,CHAPTER 61,came,0.04
2470554,CHAPTER 61,capsized,0.04
2470651,CHAPTER 61,cascade,0.04
2470732,CHAPTER 61,cautiously,0.04
2470733,CHAPTER 61,cautiousness,0.04
2470967,CHAPTER 61,cheered,0.04
2471142,CHAPTER 61,circlings,0.04
2471272,CHAPTER 61,clear,0.04
2471280,CHAPTER 61,cleat,0.04
2471283,CHAPTER 61,cleaving,0.04
2471357,CHAPTER 61,cloths,0.04
2471358,CHAPTER 61,clotted,0.04
2472544,CHAPTER 61,crests,0.04
2472548,CHAPTER 61,crew,0.04
2472691,CHAPTER 61,cucumbers,0.04
2472780,CHAPTER 61,cut,0.04
2472945,CHAPTER 61,dead,0.04
2473228,CHAPTER 61,denizens,0.04
2473389,CHAPTER 61,desperadoes,0.04
2473585,CHAPTER 61,dilating,0.04
2474246,CHAPTER 61,dropped,0.04
2474262,CHAPTER 61,drowsy,0.04
2474430,CHAPTER 61,easy,0.04
2474471,CHAPTER 61,eddy,0.04
2474477,CHAPTER 61,edged,0.04
2474595,CHAPTER 61,elevates,0.04
2474754,CHAPTER 61,enchanter,0.04
2474771,CHAPTER 61,encouraged,0.04
2474827,CHAPTER 61,engage,0.04
2475127,CHAPTER 61,ethiopian,0.04
2475834,CHAPTER 61,fewer,0.04
2476082,CHAPTER 61,flitted,0.04
2476162,CHAPTER 61,flying,0.04
2476308,CHAPTER 61,forgetfulness,0.04
2476492,CHAPTER 61,frighted,0.04
2476567,CHAPTER 61,fumes,0.04
2476594,CHAPTER 61,furlongs,0.04
2476659,CHAPTER 61,galliot,0.04
2476747,CHAPTER 61,gave,0.04
2476992,CHAPTER 61,glowed,0.04
2477043,CHAPTER 61,gold,0.04
2477145,CHAPTER 61,granted,0.04
2477187,CHAPTER 61,graves,0.04
2477230,CHAPTER 61,grenadier,0.04
2477503,CHAPTER 61,hands,0.04
2477579,CHAPTER 61,harpoon,0.04
2477586,CHAPTER 61,harpstring,0.04
2477609,CHAPTER 61,hat,0.04
2478005,CHAPTER 61,holding,0.04
2478054,CHAPTER 61,honing,0.04
2478068,CHAPTER 61,hoo,0.04
2478380,CHAPTER 61,igniting,0.04
2478534,CHAPTER 61,imperilled,0.04
2478809,CHAPTER 61,indian,0.04
2478837,CHAPTER 61,indispensableness,0.04
2479655,CHAPTER 61,jetted,0.04
2479833,CHAPTER 61,ka,0.04
2479986,CHAPTER 61,koo,0.04
2480063,CHAPTER 61,lance,0.04
2480281,CHAPTER 61,lees,0.04
2480421,CHAPTER 61,lifelessly,0.04
2480658,CHAPTER 61,loo,0.04
2480770,CHAPTER 61,luff,0.04
2480894,CHAPTER 61,mad,0.04
2480924,CHAPTER 61,magical,0.04
2480972,CHAPTER 61,main,0.04
2480986,CHAPTER 61,majestically,0.04
2481592,CHAPTER 61,mingled,0.04
2481855,CHAPTER 61,mop,0.04
2482391,CHAPTER 61,nod,0.04
2482746,CHAPTER 61,ontario,0.04
2483041,CHAPTER 61,overwrapped,0.04
2483068,CHAPTER 61,pacifics,0.04
2483082,CHAPTER 61,paddled,0.04
2483257,CHAPTER 61,parm,0.04
2483524,CHAPTER 61,pendulum,0.04
2483784,CHAPTER 61,phrensied,0.04
2483837,CHAPTER 61,piggin,0.04
2483948,CHAPTER 61,place,0.04
2484003,CHAPTER 61,plata,0.04
2484022,CHAPTER 61,played,0.04
2484197,CHAPTER 61,pond,0.04
2485133,CHAPTER 61,quid,0.04
2485147,CHAPTER 61,quilted,0.04
2485150,CHAPTER 61,quite,0.04
2485949,CHAPTER 61,resist,0.04
2485984,CHAPTER 61,respirations,0.04
2485986,CHAPTER 61,respite,0.04
2486036,CHAPTER 61,retaining,0.04
2486239,CHAPTER 61,rio,0.04
2486255,CHAPTER 61,ripples,0.04
2486332,CHAPTER 61,rolled,0.04
2486392,CHAPTER 61,round,0.04
2486564,CHAPTER 61,said,0.04
2486897,CHAPTER 61,screamed,0.04
2486899,CHAPTER 61,screams,0.04
2487049,CHAPTER 61,seethed,0.04
2487306,CHAPTER 61,sharppointed,0.04
2487877,CHAPTER 61,slowly,0.04
2487880,CHAPTER 61,sluggish,0.04
2487897,CHAPTER 61,smacking,0.04
2487933,CHAPTER 61,smoker,0.04
2488234,CHAPTER 61,spasmodic,0.04
2488390,CHAPTER 61,spluttering,0.04
2488525,CHAPTER 61,staggering,0.04
2488650,CHAPTER 61,steak,0.04
2488702,CHAPTER 61,stern,0.04
2488704,CHAPTER 61,sterning,0.04
2488937,CHAPTER 61,struck,0.04
2488941,CHAPTER 61,struggle,0.04
2489331,CHAPTER 61,surging,0.04
2489964,CHAPTER 61,thoughtfully,0.04
2490381,CHAPTER 61,tranquillity,0.04
2490408,CHAPTER 61,transform,0.04
2490594,CHAPTER 61,trough,0.04
2490651,CHAPTER 61,tugged,0.04
2490692,CHAPTER 61,turns,0.04
2491677,CHAPTER 61,upper,0.04
2491706,CHAPTER 61,used,0.04
2491834,CHAPTER 61,vehement,0.04
2491953,CHAPTER 61,vices,0.04
2492149,CHAPTER 61,voyaging,0.04
2492158,CHAPTER 61,wa,0.04
2492203,CHAPTER 61,wake,0.04
2492206,CHAPTER 61,wakefulness,0.04
2492222,CHAPTER 61,wallow,0.04
2492223,CHAPTER 61,wallowed,0.04
2492236,CHAPTER 61,wand,0.04
2492324,CHAPTER 61,watch,0.04
2492594,CHAPTER 61,whoop,0.04
2492782,CHAPTER 61,woo,0.04
2492999,CHAPTER 61,yeast,0.04
2493006,CHAPTER 61,yells,0.04
2467470,CHAPTER 61,accidentally,0.03
2467519,CHAPTER 61,accustomed,0.03
2467593,CHAPTER 61,additional,0.03
2467658,CHAPTER 61,ado,0.03
2467784,CHAPTER 61,afternoon,0.03
2467792,CHAPTER 61,agency,0.03
2467844,CHAPTER 61,ahab,0.03
2468176,CHAPTER 61,announcement,0.03
2468197,CHAPTER 61,anon,0.03
2468296,CHAPTER 61,apparently,0.03
2468297,CHAPTER 61,apparition,0.03
2468575,CHAPTER 61,ashes,0.03
2468611,CHAPTER 61,assault,0.03
2468861,CHAPTER 61,aware,0.03
2468910,CHAPTER 61,backed,0.03
2468920,CHAPTER 61,backwards,0.03
2469587,CHAPTER 61,blade,0.03
2469668,CHAPTER 61,blindly,0.03
2469711,CHAPTER 61,blows,0.03
2469720,CHAPTER 61,bluff,0.03
2469908,CHAPTER 61,bowed,0.03
2470009,CHAPTER 61,breadth,0.03
2470195,CHAPTER 61,bubbles,0.03
2470284,CHAPTER 61,buoyant,0.03
2470301,CHAPTER 61,buried,0.03
2470319,CHAPTER 61,bursting,0.03
2470517,CHAPTER 61,canted,0.03
2470568,CHAPTER 61,capture,0.03
2470591,CHAPTER 61,carefully,0.03
2470745,CHAPTER 61,ceaseless,0.03
2470855,CHAPTER 61,change,0.03
2470856,CHAPTER 61,changed,0.03
2471233,CHAPTER 61,claps,0.03
2471321,CHAPTER 61,clinging,0.03
2471340,CHAPTER 61,close,0.03
2471341,CHAPTER 61,closed,0.03
2471383,CHAPTER 61,clumsy,0.03
2471390,CHAPTER 61,clutch,0.03
2471651,CHAPTER 61,commotion,0.03
2471981,CHAPTER 61,consciousness,0.03
2472014,CHAPTER 61,consists,0.03
2472119,CHAPTER 61,continued,0.03
2472132,CHAPTER 61,contracting,0.03
2472178,CHAPTER 61,convenient,0.03
2472362,CHAPTER 61,counted,0.03
2472567,CHAPTER 61,crimson,0.03
2472599,CHAPTER 61,crooked,0.03
2472620,CHAPTER 61,crouching,0.03
2472905,CHAPTER 61,dash,0.03
2474044,CHAPTER 61,dolphins,0.03
2474198,CHAPTER 61,dreamy,0.03
2474228,CHAPTER 61,dripping,0.03
2474390,CHAPTER 61,eager,0.03
2474417,CHAPTER 61,ease,0.03
2474553,CHAPTER 61,elapsed,0.03
2474587,CHAPTER 61,elements,0.03
2474596,CHAPTER 61,elevating,0.03
2474752,CHAPTER 61,enchanted,0.03
2474944,CHAPTER 61,entire,0.03
2475224,CHAPTER 61,exceedingly,0.03
2475248,CHAPTER 61,excited,0.03
2475258,CHAPTER 61,exclamations,0.03
2475434,CHAPTER 61,extending,0.03
2475508,CHAPTER 61,facing,0.03
2475553,CHAPTER 61,falling,0.03
2475668,CHAPTER 61,fathoms,0.03
2475703,CHAPTER 61,fearful,0.03
2475913,CHAPTER 61,finger,0.03
2475925,CHAPTER 61,fins,0.03
2475942,CHAPTER 61,firmly,0.03
2476005,CHAPTER 61,flanks,0.03
2476068,CHAPTER 61,flight,0.03
2476072,CHAPTER 61,fling,0.03
2476272,CHAPTER 61,foremast,0.03
2476331,CHAPTER 61,formation,0.03
2476365,CHAPTER 61,forwards,0.03
2476489,CHAPTER 61,frigate,0.03
2476946,CHAPTER 61,glided,0.03
2476955,CHAPTER 61,glimpses,0.03
2476957,CHAPTER 61,glistening,0.03
2476987,CHAPTER 61,glossy,0.03
2477039,CHAPTER 61,going,0.03
2477060,CHAPTER 61,gore,0.03
2477106,CHAPTER 61,gracious,0.03
2477158,CHAPTER 61,grasped,0.03
2477191,CHAPTER 61,gravity,0.03
2477248,CHAPTER 61,grim,0.03
2477257,CHAPTER 61,grinning,0.03
2477293,CHAPTER 61,ground,0.03
2477377,CHAPTER 61,gunwales,0.03
2477498,CHAPTER 61,handle,0.03
2477640,CHAPTER 61,hauling,0.03
2477676,CHAPTER 61,header,0.03
2477686,CHAPTER 61,headsman,0.03
2477819,CHAPTER 61,hempen,0.03
2477952,CHAPTER 61,hissing,0.03
2478122,CHAPTER 61,horribly,0.03
2478183,CHAPTER 61,howled,0.03
2478193,CHAPTER 61,hue,0.03
2478273,CHAPTER 61,hurled,0.03
2478286,CHAPTER 61,hurry,0.03
2478370,CHAPTER 61,idly,0.03
2478460,CHAPTER 61,immediately,0.03
2478523,CHAPTER 61,impenetrable,0.03
2478765,CHAPTER 61,increased,0.03
2478810,CHAPTER 61,indians,0.03
2478862,CHAPTER 61,indolent,0.03
2478868,CHAPTER 61,induced,0.03
2479064,CHAPTER 61,innermost,0.03
2479259,CHAPTER 61,interior,0.03
2479391,CHAPTER 61,invariably,0.03
2479454,CHAPTER 61,involuntarily,0.03
2479639,CHAPTER 61,jeopardy,0.03
2479939,CHAPTER 61,knee,0.03
2480209,CHAPTER 61,lazily,0.03
2480221,CHAPTER 61,leading,0.03
2480510,CHAPTER 61,lips,0.03
2480551,CHAPTER 61,lively,0.03
2480647,CHAPTER 61,long,0.03
2480701,CHAPTER 61,losing,0.03
2480714,CHAPTER 61,loudly,0.03
2481221,CHAPTER 61,massive,0.03
2481244,CHAPTER 61,match,0.03
2481398,CHAPTER 61,men,0.03
2481621,CHAPTER 61,mirror,0.03
2481703,CHAPTER 61,mizzen,0.03
2481775,CHAPTER 61,moment,0.03
2481836,CHAPTER 61,mood,0.03
2481919,CHAPTER 61,motionless,0.03
2481958,CHAPTER 61,mouthful,0.03
2482210,CHAPTER 61,nearer,0.03
2482398,CHAPTER 61,noiseless,0.03
2482452,CHAPTER 61,notes,0.03
2482456,CHAPTER 61,noticed,0.03
2482523,CHAPTER 61,oarsmen,0.03
2482537,CHAPTER 61,obeying,0.03
2482609,CHAPTER 61,obvious,0.03
2482743,CHAPTER 61,onset,0.03
2482784,CHAPTER 61,opposing,0.03
2482818,CHAPTER 61,order,0.03
2483069,CHAPTER 61,pacing,0.03
2483083,CHAPTER 61,paddles,0.03
2483634,CHAPTER 61,perpendicular,0.03
2483635,CHAPTER 61,perpendicularly,0.03
2483695,CHAPTER 61,peru,0.03
2483900,CHAPTER 61,pipes,0.03
2483999,CHAPTER 61,planting,0.03
2484028,CHAPTER 61,playing,0.03
2484241,CHAPTER 61,porpoises,0.03
2484253,CHAPTER 61,portents,0.03
2484264,CHAPTER 61,portly,0.03
2484347,CHAPTER 61,poured,0.03
2484524,CHAPTER 61,preserved,0.03
2484573,CHAPTER 61,prevent,0.03
2484681,CHAPTER 61,producing,0.03
2484737,CHAPTER 61,projecting,0.03
2485001,CHAPTER 61,purple,0.03
2485021,CHAPTER 61,pursuers,0.03
2485102,CHAPTER 61,queequeg,0.03
2485225,CHAPTER 61,raise,0.03
2485229,CHAPTER 61,raising,0.03
2485272,CHAPTER 61,ranged,0.03
2485350,CHAPTER 61,rays,0.03
2485574,CHAPTER 61,reflection,0.03
2485683,CHAPTER 61,relaxed,0.03
2485843,CHAPTER 61,reply,0.03
2485956,CHAPTER 61,resolution,0.03
2486317,CHAPTER 61,rocking,0.03
2486496,CHAPTER 61,rushed,0.03
2486651,CHAPTER 61,sank,0.03
2486786,CHAPTER 61,scattered,0.03
2486839,CHAPTER 61,score,0.03
2487036,CHAPTER 61,seeking,0.03
2487188,CHAPTER 61,set,0.03
2487415,CHAPTER 61,shock,0.03
2487454,CHAPTER 61,shoulders,0.03
2487458,CHAPTER 61,shouted,0.03
2487631,CHAPTER 61,simultaneously,0.03
2487715,CHAPTER 61,skies,0.03
2487770,CHAPTER 61,slanting,0.03
2487798,CHAPTER 61,sleeper,0.03
2487805,CHAPTER 61,sleepy,0.03
2487888,CHAPTER 61,slumbering,0.03
2487932,CHAPTER 61,smoked,0.03
2487974,CHAPTER 61,snatching,0.03
2488228,CHAPTER 61,sparkling,0.03
2488231,CHAPTER 61,spars,0.03
2488235,CHAPTER 61,spasmodically,0.03
2488289,CHAPTER 61,speed,0.03
2488293,CHAPTER 61,spell,0.03
2488303,CHAPTER 61,sperm,0.03
2488344,CHAPTER 61,spiracle,0.03
2488398,CHAPTER 61,spokes,0.03
2488432,CHAPTER 61,spouted,0.03
2488436,CHAPTER 61,spouting,0.03
2488487,CHAPTER 61,squares,0.03
2488502,CHAPTER 61,squid,0.03
2488559,CHAPTER 61,stand,0.03
2488588,CHAPTER 61,starting,0.03
2488601,CHAPTER 61,stated,0.03
2488682,CHAPTER 61,steering,0.03
2488685,CHAPTER 61,stem,0.03
2488751,CHAPTER 61,stirring,0.03
2488830,CHAPTER 61,straightened,0.03
2488838,CHAPTER 61,straining,0.03
2488920,CHAPTER 61,striving,0.03
2489174,CHAPTER 61,sultry,0.03
2489435,CHAPTER 61,sway,0.03
2489436,CHAPTER 61,swayed,0.03
2489484,CHAPTER 61,swing,0.03
2489633,CHAPTER 61,tapering,0.03
2489663,CHAPTER 61,tash,0.03
2490060,CHAPTER 61,tide,0.03
2490077,CHAPTER 61,tiger,0.03
2490079,CHAPTER 61,tight,0.03
2490089,CHAPTER 61,till,0.03
2490316,CHAPTER 61,towed,0.03
2490319,CHAPTER 61,tower,0.03
2490383,CHAPTER 61,tranquilly,0.03
2490499,CHAPTER 61,tremendous,0.03
2490722,CHAPTER 61,twilight,0.03
2491060,CHAPTER 61,undulating,0.03
2491531,CHAPTER 61,unspeakable,0.03
2491742,CHAPTER 61,vacant,0.03
2491781,CHAPTER 61,van,0.03
2491795,CHAPTER 61,vapory,0.03
2492077,CHAPTER 61,vivacious,0.03
2492098,CHAPTER 61,voices,0.03
2492248,CHAPTER 61,waning,0.03
2492440,CHAPTER 61,welcome,0.03
2492454,CHAPTER 61,went,0.03
2492549,CHAPTER 61,whirling,0.03
2492568,CHAPTER 61,whispers,0.03
2492623,CHAPTER 61,wild,0.03
2492673,CHAPTER 61,wine,0.03
2492721,CHAPTER 61,withdrawing,0.03
2492722,CHAPTER 61,withdrawn,0.03
2492730,CHAPTER 61,withstand,0.03
2492803,CHAPTER 61,word,0.03
2492826,CHAPTER 61,worn,0.03
2492868,CHAPTER 61,wrath,0.03
2492882,CHAPTER 61,wrest,0.03
2492905,CHAPTER 61,wrists,0.03
2493002,CHAPTER 61,yelled,0.03
2493011,CHAPTER 61,yes,0.03
2493027,CHAPTER 61,york,0.03
2467556,CHAPTER 61,act,0.02
2467688,CHAPTER 61,advance,0.02
2467933,CHAPTER 61,alive,0.02
2467987,CHAPTER 61,aloft,0.02
2468013,CHAPTER 61,altogether,0.02
2468203,CHAPTER 61,answered,0.02
2468258,CHAPTER 61,apart,0.02
2468663,CHAPTER 61,astern,0.02
2468706,CHAPTER 61,attached,0.02
2468862,CHAPTER 61,away,0.02
2469371,CHAPTER 61,beneath,0.02
2469716,CHAPTER 61,blue,0.02
2469921,CHAPTER 61,bows,0.02
2469931,CHAPTER 61,boy,0.02
2469936,CHAPTER 61,boys,0.02
2470016,CHAPTER 61,breaking,0.02
2470108,CHAPTER 61,bring,0.02
2470128,CHAPTER 61,broad,0.02
2470318,CHAPTER 61,burst,0.02
2470331,CHAPTER 61,business,0.02
2470439,CHAPTER 61,calm,0.02
2470525,CHAPTER 61,canvas,0.02
2470719,CHAPTER 61,caught,0.02
2470786,CHAPTER 61,centre,0.02
2470924,CHAPTER 61,chase,0.02
2471601,CHAPTER 61,command,0.02
2472113,CHAPTER 61,continual,0.02
2472296,CHAPTER 61,corpse,0.02
2472901,CHAPTER 61,darted,0.02
2472932,CHAPTER 61,day,0.02
2472965,CHAPTER 61,death,0.02
2473470,CHAPTER 61,devils,0.02
2473555,CHAPTER 61,different,0.02
2474021,CHAPTER 61,does,0.02
2474068,CHAPTER 61,don,0.02
2474104,CHAPTER 61,double,0.02
2474247,CHAPTER 61,dropping,0.02
2474361,CHAPTER 61,dutch,0.02
2474423,CHAPTER 61,east,0.02
2474628,CHAPTER 61,em,0.02
2474894,CHAPTER 61,enormous,0.02
2475482,CHAPTER 61,eyeing,0.02
2475498,CHAPTER 61,face,0.02
2475606,CHAPTER 61,far,0.02
2475748,CHAPTER 61,feel,0.02
2475952,CHAPTER 61,fishery,0.02
2476059,CHAPTER 61,flew,0.02
2476144,CHAPTER 61,flukes,0.02
2476165,CHAPTER 61,foam,0.02
2476200,CHAPTER 61,followed,0.02
2476327,CHAPTER 61,form,0.02
2476348,CHAPTER 61,forth,0.02
2476364,CHAPTER 61,forward,0.02
2476508,CHAPTER 61,fro,0.02
2476748,CHAPTER 61,gay,0.02
2476868,CHAPTER 61,gigantic,0.02
2477553,CHAPTER 61,hardly,0.02
2477685,CHAPTER 61,heads,0.02
2477715,CHAPTER 61,heart,0.02
2477795,CHAPTER 61,helm,0.02
2477910,CHAPTER 61,hill,0.02
2477996,CHAPTER 61,hoisted,0.02
2478008,CHAPTER 61,hole,0.02
2478055,CHAPTER 61,honor,0.02
2478075,CHAPTER 61,hook,0.02
2478119,CHAPTER 61,horrible,0.02
2478150,CHAPTER 61,hot,0.02
2478209,CHAPTER 61,hull,0.02
2479156,CHAPTER 61,instant,0.02
2479161,CHAPTER 61,instantly,0.02
2479314,CHAPTER 61,interval,0.02
2479436,CHAPTER 61,invisible,0.02
2479865,CHAPTER 61,kept,0.02
2480198,CHAPTER 61,lay,0.02
2480239,CHAPTER 61,leaning,0.02
2480273,CHAPTER 61,lee,0.02
2480282,CHAPTER 61,leeward,0.02
2480419,CHAPTER 61,life,0.02
2480430,CHAPTER 61,light,0.02
2480568,CHAPTER 61,lo,0.02
2480649,CHAPTER 61,longer,0.02
2480660,CHAPTER 61,looked,0.02
2480739,CHAPTER 61,lower,0.02
2480998,CHAPTER 61,making,0.02
2481033,CHAPTER 61,man,0.02
2481223,CHAPTER 61,mast,0.02
2481539,CHAPTER 61,mighty,0.02
2481916,CHAPTER 61,motion,0.02
2481964,CHAPTER 61,moved,0.02
2481978,CHAPTER 61,mr,0.02
2482541,CHAPTER 61,object,0.02
2482633,CHAPTER 61,ocean,0.02
2482707,CHAPTER 61,old,0.02
2482822,CHAPTER 61,orders,0.02
2483298,CHAPTER 61,partly,0.02
2483305,CHAPTER 61,parts,0.02
2483867,CHAPTER 61,pilot,0.02
2483953,CHAPTER 61,places,0.02
2484021,CHAPTER 61,play,0.02
2484058,CHAPTER 61,plenty,0.02
2484215,CHAPTER 61,poor,0.02
2484357,CHAPTER 61,power,0.02
2484518,CHAPTER 61,presently,0.02
2484940,CHAPTER 61,pulling,0.02
2485006,CHAPTER 61,purpose,0.02
2485122,CHAPTER 61,quick,0.02
2485264,CHAPTER 61,ran,0.02
2485393,CHAPTER 61,reason,0.02
2485631,CHAPTER 61,regularly,0.02
2486334,CHAPTER 61,rolling,0.02
2486371,CHAPTER 61,rose,0.02
2486421,CHAPTER 61,royal,0.02
2486490,CHAPTER 61,running,0.02
2486577,CHAPTER 61,sails,0.02
2486707,CHAPTER 61,savage,0.02
2486959,CHAPTER 61,seamen,0.02
2487295,CHAPTER 61,shark,0.02
2487395,CHAPTER 61,ships,0.02
2487434,CHAPTER 61,shore,0.02
2487550,CHAPTER 61,sides,0.02
2487594,CHAPTER 61,silence,0.02
2487598,CHAPTER 61,silently,0.02
2487796,CHAPTER 61,sleep,0.02
2487832,CHAPTER 61,slightest,0.02
2487935,CHAPTER 61,smoking,0.02
2488121,CHAPTER 61,somewhat,0.02
2488169,CHAPTER 61,sought,0.02
2488170,CHAPTER 61,soul,0.02
2488177,CHAPTER 61,sounding,0.02
2488241,CHAPTER 61,speak,0.02
2488250,CHAPTER 61,special,0.02
2488396,CHAPTER 61,spoke,0.02
2488431,CHAPTER 61,spout,0.02
2488445,CHAPTER 61,spray,0.02
2488574,CHAPTER 61,starbuck,0.02
2488587,CHAPTER 61,started,0.02
2488784,CHAPTER 61,stood,0.02
2488931,CHAPTER 61,strong,0.02
2489055,CHAPTER 61,substance,0.02
2489114,CHAPTER 61,sudden,0.02
2489115,CHAPTER 61,suddenly,0.02
2489500,CHAPTER 61,sword,0.02
2489507,CHAPTER 61,swung,0.02
2489575,CHAPTER 61,tail,0.02
2489586,CHAPTER 61,taken,0.02
2489602,CHAPTER 61,tall,0.02
2489923,CHAPTER 61,thing,0.02
2489930,CHAPTER 61,thinking,0.02
2490036,CHAPTER 61,thunder,0.02
2490047,CHAPTER 61,thy,0.02
2490099,CHAPTER 61,time,0.02
2490263,CHAPTER 61,tormented,0.02
2490288,CHAPTER 61,tossed,0.02
2490609,CHAPTER 61,truly,0.02
2490686,CHAPTER 61,turn,0.02
2490688,CHAPTER 61,turning,0.02
2491705,CHAPTER 61,use,0.02
2491728,CHAPTER 61,utmost,0.02
2491817,CHAPTER 61,vast,0.02
2491917,CHAPTER 61,vessel,0.02
2491973,CHAPTER 61,view,0.02
2492260,CHAPTER 61,war,0.02
2492279,CHAPTER 61,warm,0.02
2492346,CHAPTER 61,waters,0.02
2492354,CHAPTER 61,waves,0.02
2492363,CHAPTER 61,way,0.02
2492459,CHAPTER 61,west,0.02
2492479,CHAPTER 61,whalemen,0.02
2492605,CHAPTER 61,wide,0.02
2492786,CHAPTER 61,wooden,0.02
2470432,CHAPTER 61,called,0.01
2471578,CHAPTER 61,come,0.01
2475486,CHAPTER 61,eyes,0.01
2475755,CHAPTER 61,feet,0.01
2477201,CHAPTER 61,great,0.01
2477484,CHAPTER 61,hand,0.01
2477703,CHAPTER 61,heard,0.01
2479824,CHAPTER 61,just,0.01
2480539,CHAPTER 61,little,0.01
2482325,CHAPTER 61,new,0.01
2483562,CHAPTER 61,pequod,0.01
2484132,CHAPTER 61,point,0.01
2487043,CHAPTER 61,seen,0.01
2487385,CHAPTER 61,ship,0.01
2487567,CHAPTER 61,sight,0.01
2488136,CHAPTER 61,soon,0.01
2489961,CHAPTER 61,thought,0.01
2490103,CHAPTER 61,times,0.01
2492576,CHAPTER 61,white,0.01
