,chapter,term,tfidf
1773375,CHAPTER 37,swerve,0.35
1776896,CHAPTER 37,ye,0.32
1775732,CHAPTER 37,ve,0.17
1776541,CHAPTER 37,willed,0.14
1758932,CHAPTER 37,er,0.13
1756749,CHAPTER 37,damned,0.12
1763382,CHAPTER 37,iron,0.12
1765150,CHAPTER 37,match,0.11
1776287,CHAPTER 37,wear,0.11
1764814,CHAPTER 37,madness,0.1
1766096,CHAPTER 37,naught,0.1
1753866,CHAPTER 37,brain,0.09
1756536,CHAPTER 37,crown,0.09
1766159,CHAPTER 37,needs,0.09
1774050,CHAPTER 37,tis,0.09
1751190,CHAPTER 37,_waving,0.08
1751218,CHAPTER 37,_ye_,0.08
1753273,CHAPTER 37,bendigoes,0.08
1754078,CHAPTER 37,brow,0.08
1754211,CHAPTER 37,burkes,0.08
1755365,CHAPTER 37,cogged,0.08
1755822,CHAPTER 37,confounds,0.08
1757721,CHAPTER 37,dismemberer,0.08
1759919,CHAPTER 37,flashings,0.08
1760458,CHAPTER 37,fulfiller,0.08
1760574,CHAPTER 37,galls,0.08
1760949,CHAPTER 37,gold,0.08
1761185,CHAPTER 37,grooved,0.08
1767032,CHAPTER 37,paler,0.08
1767995,CHAPTER 37,plumbs,0.08
1770096,CHAPTER 37,rifled,0.08
1772376,CHAPTER 37,spurred,0.08
1776291,CHAPTER 37,wearies,0.08
1776570,CHAPTER 37,window_,0.08
1750902,CHAPTER 37,_me,0.07
1752112,CHAPTER 37,ant,0.07
1752847,CHAPTER 37,bags,0.07
1753570,CHAPTER 37,blinded,0.07
1753637,CHAPTER 37,blush,0.07
1754010,CHAPTER 37,brimming,0.07
1754151,CHAPTER 37,bullies,0.07
1755484,CHAPTER 37,come,0.07
1755653,CHAPTER 37,compliments,0.07
1756458,CHAPTER 37,cricket,0.07
1756849,CHAPTER 37,dazzlingly,0.07
1757718,CHAPTER 37,dismember,0.07
1757720,CHAPTER 37,dismembered,0.07
1758775,CHAPTER 37,enjoying,0.07
1758884,CHAPTER 37,envious,0.07
1759654,CHAPTER 37,feel,0.07
1760673,CHAPTER 37,gem,0.07
1760928,CHAPTER 37,goblet,0.07
1760971,CHAPTER 37,gorges,0.07
1761702,CHAPTER 37,helmet,0.07
1761989,CHAPTER 37,hoot,0.07
1763485,CHAPTER 37,jagged,0.07
1763924,CHAPTER 37,lack,0.07
1764545,CHAPTER 37,lombardy,0.07
1764633,CHAPTER 37,loveliness,0.07
1764924,CHAPTER 37,malignantly,0.07
1766113,CHAPTER 37,ne,0.07
1766295,CHAPTER 37,nobly,0.07
1766497,CHAPTER 37,obstacle,0.07
1766800,CHAPTER 37,out_,0.07
1767478,CHAPTER 37,perception,0.07
1767930,CHAPTER 37,players,0.07
1768095,CHAPTER 37,pommel,0.07
1768703,CHAPTER 37,prophesy,0.07
1768841,CHAPTER 37,pugilists,0.07
1769121,CHAPTER 37,rails,0.07
1770035,CHAPTER 37,revolve,0.07
1770122,CHAPTER 37,rim,0.07
1770393,CHAPTER 37,run,0.07
1770715,CHAPTER 37,schoolboys,0.07
1772991,CHAPTER 37,subtly,0.07
1774184,CHAPTER 37,torrents,0.07
1774582,CHAPTER 37,turbid,0.07
1776227,CHAPTER 37,wasting,0.07
1776288,CHAPTER 37,wearer,0.07
1776413,CHAPTER 37,whelm,0.07
1751127,CHAPTER 37,_the,0.06
1752792,CHAPTER 37,aye,0.06
1753053,CHAPTER 37,battering,0.06
1753145,CHAPTER 37,beds,0.06
1755670,CHAPTER 37,comprehend,0.06
1756253,CHAPTER 37,cotton,0.06
1756788,CHAPTER 37,dared,0.06
1756801,CHAPTER 37,darkly,0.06
1756858,CHAPTER 37,deaf,0.06
1757115,CHAPTER 37,demoniac,0.06
1757869,CHAPTER 37,diver,0.06
1758382,CHAPTER 37,edge,0.06
1758773,CHAPTER 37,enjoy,0.06
1759873,CHAPTER 37,fits,0.06
1760771,CHAPTER 37,gifted,0.06
1761453,CHAPTER 37,hard,0.06
1763870,CHAPTER 37,knocked,0.06
1764805,CHAPTER 37,maddened,0.06
1765379,CHAPTER 37,metal,0.06
1765850,CHAPTER 37,mounts,0.06
1765873,CHAPTER 37,moves,0.06
1766603,CHAPTER 37,oh,0.06
1767119,CHAPTER 37,paradise,0.06
1768700,CHAPTER 37,prophecy,0.06
1772047,CHAPTER 37,soothed,0.06
1772076,CHAPTER 37,soul,0.06
1772859,CHAPTER 37,stubborn,0.06
1774243,CHAPTER 37,track,0.06
1774614,CHAPTER 37,twas,0.06
1775002,CHAPTER 37,unerringly,0.06
1775434,CHAPTER 37,unsounded,0.06
1776408,CHAPTER 37,wheels,0.06
1776421,CHAPTER 37,whereon,0.06
1776572,CHAPTER 37,windows,0.06
1751750,CHAPTER 37,ahab,0.05
1752053,CHAPTER 37,angle,0.05
1752057,CHAPTER 37,anguish,0.05
1753419,CHAPTER 37,billows,0.05
1754871,CHAPTER 37,cheeks,0.05
1757868,CHAPTER 37,dived,0.05
1758187,CHAPTER 37,dry,0.05
1758704,CHAPTER 37,endless,0.05
1760957,CHAPTER 37,good,0.05
1761275,CHAPTER 37,gun,0.05
1761638,CHAPTER 37,heat,0.05
1761816,CHAPTER 37,hill,0.05
1761819,CHAPTER 37,hills,0.05
1764069,CHAPTER 37,laugh,0.05
1764348,CHAPTER 37,lights,0.05
1764635,CHAPTER 37,lovely,0.05
1765434,CHAPTER 37,midst,0.05
1765846,CHAPTER 37,mountains,0.05
1766262,CHAPTER 37,night,0.05
1767028,CHAPTER 37,pale,0.05
1767264,CHAPTER 37,path,0.05
1768260,CHAPTER 37,powder,0.05
1768704,CHAPTER 37,prophet,0.05
1769262,CHAPTER 37,reach,0.05
1770401,CHAPTER 37,rush,0.05
1771455,CHAPTER 37,sidelong,0.05
1771604,CHAPTER 37,size,0.05
1771652,CHAPTER 37,skull,0.05
1771780,CHAPTER 37,slow,0.05
1771999,CHAPTER 37,solid,0.05
1772294,CHAPTER 37,split,0.05
1773117,CHAPTER 37,sunrise,0.05
1773119,CHAPTER 37,sunset,0.05
1773370,CHAPTER 37,swell,0.05
1773571,CHAPTER 37,task,0.05
1776579,CHAPTER 37,wine,0.05
1776931,CHAPTER 37,yonder,0.05
1753104,CHAPTER 37,beat,0.04
1753995,CHAPTER 37,bright,0.04
1754345,CHAPTER 37,calm,0.04
1755044,CHAPTER 37,circle,0.04
1759779,CHAPTER 37,fight,0.04
1759879,CHAPTER 37,fixed,0.04
1760668,CHAPTER 37,gazing,0.04
1760938,CHAPTER 37,gods,0.04
1761635,CHAPTER 37,hearts,0.04
1761657,CHAPTER 37,heavy,0.04
1761789,CHAPTER 37,hidden,0.04
1763946,CHAPTER 37,laid,0.04
1764164,CHAPTER 37,leave,0.04
1764191,CHAPTER 37,leg,0.04
1764609,CHAPTER 37,lost,0.04
1764644,CHAPTER 37,low,0.04
1764800,CHAPTER 37,mad,0.04
1766322,CHAPTER 37,noon,0.04
1767215,CHAPTER 37,pass,0.04
1768263,CHAPTER 37,power,0.04
1768912,CHAPTER 37,purpose,0.04
1771596,CHAPTER 37,sitting,0.04
1772572,CHAPTER 37,steel,0.04
1772608,CHAPTER 37,stern,0.04
1775709,CHAPTER 37,various,0.04
1776109,CHAPTER 37,wake,0.04
1776185,CHAPTER 37,warm,0.04
1776260,CHAPTER 37,waves,0.04
1753622,CHAPTER 37,blue,0.03
1754283,CHAPTER 37,cabin,0.03
1757927,CHAPTER 37,does,0.03
1757974,CHAPTER 37,don,0.03
1760254,CHAPTER 37,forth,0.03
1760939,CHAPTER 37,goes,0.03
1761802,CHAPTER 37,high,0.03
1763882,CHAPTER 37,know,0.03
1764336,CHAPTER 37,light,0.03
1764354,CHAPTER 37,like,0.03
1764471,CHAPTER 37,ll,0.03
1770472,CHAPTER 37,sail,0.03
1772465,CHAPTER 37,stand,0.03
1772480,CHAPTER 37,starbuck,0.03
1773100,CHAPTER 37,sun,0.03
1773831,CHAPTER 37,think,0.03
1776252,CHAPTER 37,waters,0.03
1776529,CHAPTER 37,wild,0.03
1759512,CHAPTER 37,far,0.02
1761107,CHAPTER 37,great,0.02
1761390,CHAPTER 37,hand,0.02
1764255,CHAPTER 37,let,0.02
1764553,CHAPTER 37,long,0.02
1764939,CHAPTER 37,man,0.02
1770640,CHAPTER 37,say,0.02
1772068,CHAPTER 37,sort,0.02
1773867,CHAPTER 37,thought,0.02
1774005,CHAPTER 37,time,0.02
1776269,CHAPTER 37,way,0.02
1776482,CHAPTER 37,white,0.02
