,chapter,term,tfidf
2688267,CHAPTER 69,floats,0.26
2688570,CHAPTER 69,fowls,0.19
2698527,CHAPTER 69,roods,0.18
2699474,CHAPTER 69,sharks,0.16
2688752,CHAPTER 69,funeral,0.15
2689029,CHAPTER 69,ghosts,0.13
2704647,CHAPTER 69,whale,0.13
2689026,CHAPTER 69,ghost,0.12
2704752,CHAPTER 69,white,0.12
2681950,CHAPTER 69,body,0.1
2679326,CHAPTER 69,_shoals,0.09
2680037,CHAPTER 69,air,0.09
2689858,CHAPTER 69,headless,0.09
2690335,CHAPTER 69,hours,0.09
2693389,CHAPTER 69,mass,0.09
2694746,CHAPTER 69,obscuring,0.09
2695047,CHAPTER 69,orthodoxy,0.09
2695850,CHAPTER 69,perspectives,0.09
2700440,CHAPTER 69,speckled,0.09
2700551,CHAPTER 69,splashed,0.09
2701548,CHAPTER 69,survival,0.09
2703364,CHAPTER 69,unharming,0.09
2704331,CHAPTER 69,vultureism,0.09
2704599,CHAPTER 69,ween,0.09
2681210,CHAPTER 69,banquet,0.08
2681353,CHAPTER 69,beaks,0.08
2681498,CHAPTER 69,beliefs,0.08
2681502,CHAPTER 69,believer,0.08
2681902,CHAPTER 69,blundering,0.08
2682050,CHAPTER 69,bottomed,0.08
2684865,CHAPTER 69,cubic,0.08
2685520,CHAPTER 69,desecrated,0.08
2686185,CHAPTER 69,doctor,0.08
2686212,CHAPTER 69,doleful,0.08
2686586,CHAPTER 69,earth,0.08
2687250,CHAPTER 69,espied,0.08
2688187,CHAPTER 69,flashes,0.08
2688245,CHAPTER 69,flights,0.08
2690354,CHAPTER 69,hovers,0.08
2691278,CHAPTER 69,insatiate,0.08
2691368,CHAPTER 69,insulting,0.08
2691877,CHAPTER 69,johnson,0.08
2691932,CHAPTER 69,joyous,0.08
2692259,CHAPTER 69,lane,0.08
2692394,CHAPTER 69,leader,0.08
2692879,CHAPTER 69,lost,0.08
2693898,CHAPTER 69,mocking,0.08
2694127,CHAPTER 69,mourning,0.08
2694771,CHAPTER 69,obstinate,0.08
2695654,CHAPTER 69,peeled,0.08
2695739,CHAPTER 69,peradventure,0.08
2695747,CHAPTER 69,perceptibly,0.08
2696072,CHAPTER 69,piously,0.08
2696382,CHAPTER 69,poniards,0.08
2696513,CHAPTER 69,pounce,0.08
2696536,CHAPTER 69,powerless,0.08
2696590,CHAPTER 69,precedents,0.08
2697139,CHAPTER 69,punctiliously,0.08
2697459,CHAPTER 69,rapacious,0.08
2698951,CHAPTER 69,scare,0.08
2699319,CHAPTER 69,sepulchre,0.08
2699692,CHAPTER 69,shun,0.08
2701551,CHAPTER 69,survives,0.08
2703086,CHAPTER 69,unclouded,0.08
2703903,CHAPTER 69,utility,0.08
2703928,CHAPTER 69,vacuum,0.08
2704110,CHAPTER 69,vexed,0.08
2704332,CHAPTER 69,vultures,0.08
2704344,CHAPTER 69,wafted,0.08
2679901,CHAPTER 69,afar,0.07
2680955,CHAPTER 69,augment,0.07
2681066,CHAPTER 69,azure,0.07
2681473,CHAPTER 69,beheaded,0.07
2681641,CHAPTER 69,beware,0.07
2682188,CHAPTER 69,breakers,0.07
2682220,CHAPTER 69,breezes,0.07
2682753,CHAPTER 69,carcase,0.07
2683603,CHAPTER 69,cock,0.07
2683719,CHAPTER 69,colossal,0.07
2685141,CHAPTER 69,death,0.07
2685781,CHAPTER 69,din,0.07
2688350,CHAPTER 69,foes,0.07
2689814,CHAPTER 69,haul,0.07
2690014,CHAPTER 69,hereabouts,0.07
2693712,CHAPTER 69,mightiest,0.07
2694420,CHAPTER 69,needed,0.07
2695354,CHAPTER 69,panic,0.07
2699074,CHAPTER 69,screaming,0.07
2699508,CHAPTER 69,sheep,0.07
2699651,CHAPTER 69,shows,0.07
2699782,CHAPTER 69,silly,0.07
2700788,CHAPTER 69,stationary,0.07
2700891,CHAPTER 69,stick,0.07
2701601,CHAPTER 69,swarming,0.07
2702523,CHAPTER 69,traditions,0.07
2702672,CHAPTER 69,trembling,0.07
2703993,CHAPTER 69,vast,0.07
2704033,CHAPTER 69,vengeful,0.07
2682997,CHAPTER 69,chains,0.06
2683032,CHAPTER 69,changed,0.06
2684472,CHAPTER 69,corpse,0.06
2685243,CHAPTER 69,deeper,0.06
2685898,CHAPTER 69,discovery,0.06
2688091,CHAPTER 69,fingers,0.06
2689926,CHAPTER 69,heaving,0.06
2689978,CHAPTER 69,helped,0.06
2690061,CHAPTER 69,hideous,0.06
2690295,CHAPTER 69,horrible,0.06
2690352,CHAPTER 69,hovering,0.06
2690369,CHAPTER 69,hue,0.06
2691127,CHAPTER 69,infinite,0.06
2692363,CHAPTER 69,law,0.06
2692418,CHAPTER 69,leap,0.06
2692419,CHAPTER 69,leaped,0.06
2692421,CHAPTER 69,leaping,0.06
2692595,CHAPTER 69,life,0.06
2692801,CHAPTER 69,log,0.06
2693298,CHAPTER 69,marble,0.06
2694206,CHAPTER 69,murderous,0.06
2695025,CHAPTER 69,originally,0.06
2695913,CHAPTER 69,phantom,0.06
2696071,CHAPTER 69,pious,0.06
2696214,CHAPTER 69,pleasant,0.06
2698495,CHAPTER 69,rocks,0.06
2698497,CHAPTER 69,rod,0.06
2700661,CHAPTER 69,square,0.06
2701010,CHAPTER 69,straightway,0.06
2701739,CHAPTER 69,tackles,0.06
2702007,CHAPTER 69,terror,0.06
2702280,CHAPTER 69,timid,0.06
2702444,CHAPTER 69,torn,0.06
2680839,CHAPTER 69,astern,0.05
2681500,CHAPTER 69,believe,0.05
2682411,CHAPTER 69,bulk,0.05
2686080,CHAPTER 69,distance,0.05
2686544,CHAPTER 69,duty,0.05
2687714,CHAPTER 69,fair,0.05
2688264,CHAPTER 69,floating,0.05
2688615,CHAPTER 69,free,0.05
2688658,CHAPTER 69,friend,0.05
2689377,CHAPTER 69,great,0.05
2689965,CHAPTER 69,held,0.05
2693722,CHAPTER 69,mild,0.05
2697547,CHAPTER 69,real,0.05
2699123,CHAPTER 69,sea,0.05
2699561,CHAPTER 69,ship,0.05
2699925,CHAPTER 69,sky,0.05
2700621,CHAPTER 69,spray,0.05
2700990,CHAPTER 69,story,0.05
2704436,CHAPTER 69,war,0.05
2681547,CHAPTER 69,beneath,0.04
2681740,CHAPTER 69,black,0.04
2692624,CHAPTER 69,like,0.04
2699364,CHAPTER 69,set,0.04
2699571,CHAPTER 69,ships,0.04
2700053,CHAPTER 69,slowly,0.04
2701370,CHAPTER 69,sun,0.04
2704093,CHAPTER 69,vessel,0.04
2705174,CHAPTER 69,years,0.04
2681038,CHAPTER 69,away,0.03
2686955,CHAPTER 69,end,0.03
2687674,CHAPTER 69,face,0.03
2687782,CHAPTER 69,far,0.03
2690072,CHAPTER 69,high,0.03
2692525,CHAPTER 69,let,0.03
2693574,CHAPTER 69,men,0.03
2694873,CHAPTER 69,oh,0.03
2696124,CHAPTER 69,place,0.03
2699219,CHAPTER 69,seen,0.03
2699743,CHAPTER 69,sight,0.03
2702265,CHAPTER 69,till,0.03
2704513,CHAPTER 69,water,0.03
2704995,CHAPTER 69,world,0.03
2693209,CHAPTER 69,man,0.02
2694883,CHAPTER 69,old,0.02
2698568,CHAPTER 69,round,0.02
