,chapter,term,tfidf
2396644,CHAPTER 59,food,0.18
2408936,CHAPTER 59,squid,0.17
2388916,CHAPTER 59,arms,0.13
2408311,CHAPTER 59,slowly,0.13
2412905,CHAPTER 59,whale,0.13
2389977,CHAPTER 59,bishop,0.12
2393255,CHAPTER 59,daggoo,0.12
2397366,CHAPTER 59,gleamed,0.11
2413010,CHAPTER 59,white,0.11
2393962,CHAPTER 59,dick,0.1
2398786,CHAPTER 59,ideas,0.1
2401647,CHAPTER 59,mass,0.1
2402147,CHAPTER 59,moby,0.1
2405454,CHAPTER 59,pursued,0.1
2407477,CHAPTER 59,seen,0.1
2388278,CHAPTER 59,ahab,0.09
2407085,CHAPTER 59,sank,0.09
2389733,CHAPTER 59,beheld,0.08
2398331,CHAPTER 59,higher,0.08
2400087,CHAPTER 59,jet,0.08
2406699,CHAPTER 59,rising,0.08
2406805,CHAPTER 59,rose,0.08
2408032,CHAPTER 59,silently,0.08
2408690,CHAPTER 59,species,0.08
2388531,CHAPTER 59,anak,0.07
2389067,CHAPTER 59,assigns,0.07
2392390,CHAPTER 59,connect,0.07
2394192,CHAPTER 59,disgorge,0.07
2395299,CHAPTER 59,enjoining,0.07
2397342,CHAPTER 59,glade,0.07
2400424,CHAPTER 59,kraken,0.07
2402591,CHAPTER 59,narrates,0.07
2402975,CHAPTER 59,object,0.07
2403038,CHAPTER 59,obtains,0.07
2403256,CHAPTER 59,orders,0.07
2404642,CHAPTER 59,pontoppodan,0.07
2405379,CHAPTER 59,pulpy,0.07
2408713,CHAPTER 59,spectre,0.07
2408737,CHAPTER 59,sperm,0.07
2409167,CHAPTER 59,stiletto,0.07
2387770,CHAPTER 59,abatement,0.06
2388411,CHAPTER 59,alluring,0.06
2388441,CHAPTER 59,alternately,0.06
2388528,CHAPTER 59,anacondas,0.06
2388742,CHAPTER 59,appearing,0.06
2388927,CHAPTER 59,arose,0.06
2389162,CHAPTER 59,attendance,0.06
2389687,CHAPTER 59,bees,0.06
2390313,CHAPTER 59,boughs,0.06
2390439,CHAPTER 59,breaches,0.06
2390555,CHAPTER 59,brit,0.06
2390746,CHAPTER 59,burnished,0.06
2391680,CHAPTER 59,class,0.06
2391757,CHAPTER 59,clings,0.06
2392743,CHAPTER 59,correspond,0.06
2392942,CHAPTER 59,cream,0.06
2393225,CHAPTER 59,cuttle,0.06
2393769,CHAPTER 59,describes,0.06
2394191,CHAPTER 59,disentangling,0.06
2395745,CHAPTER 59,exhibited,0.06
2396744,CHAPTER 59,forgetting,0.06
2396770,CHAPTER 59,formless,0.06
2397028,CHAPTER 59,furlongs,0.06
2397958,CHAPTER 59,hapless,0.06
2398729,CHAPTER 59,hush,0.06
2398952,CHAPTER 59,impelling,0.06
2399245,CHAPTER 59,indicated,0.06
2399512,CHAPTER 59,innumerable,0.06
2400042,CHAPTER 59,java,0.06
2400523,CHAPTER 59,languid,0.06
2400757,CHAPTER 59,length,0.06
2400882,CHAPTER 59,like,0.06
2401737,CHAPTER 59,meadows,0.06
2402825,CHAPTER 59,nod,0.06
2403067,CHAPTER 59,ocean,0.06
2403260,CHAPTER 59,ordinarily,0.06
2403380,CHAPTER 59,outstretched,0.06
2404004,CHAPTER 59,perceptible,0.06
2404686,CHAPTER 59,portentousness,0.06
2405626,CHAPTER 59,radiating,0.06
2405732,CHAPTER 59,rarely,0.06
2405821,CHAPTER 59,reappearance,0.06
2406392,CHAPTER 59,resolve,0.06
2406916,CHAPTER 59,rumors,0.06
2407431,CHAPTER 59,secrecy,0.06
2407538,CHAPTER 59,sensation,0.06
2408043,CHAPTER 59,silvery,0.06
2408281,CHAPTER 59,slippered,0.06
2408740,CHAPTER 59,sphere,0.06
2408962,CHAPTER 59,stagnant,0.06
2409168,CHAPTER 59,stillness,0.06
2409608,CHAPTER 59,sultry,0.06
2411172,CHAPTER 59,twisting,0.06
2411215,CHAPTER 59,ultimately,0.06
2411268,CHAPTER 59,unattended,0.06
2411492,CHAPTER 59,undulated,0.06
2412597,CHAPTER 59,wading,0.06
2412771,CHAPTER 59,water,0.06
2412780,CHAPTER 59,waters,0.06
2412960,CHAPTER 59,whichever,0.06
2413496,CHAPTER 59,zones,0.06
2388250,CHAPTER 59,agitated,0.05
2388593,CHAPTER 59,animated,0.05
2388731,CHAPTER 59,apparition,0.05
2389143,CHAPTER 59,attack,0.05
2389287,CHAPTER 59,awaiting,0.05
2389324,CHAPTER 59,azure,0.05
2389498,CHAPTER 59,bare,0.05
2389780,CHAPTER 59,belong,0.05
2389889,CHAPTER 59,betrayed,0.05
2390102,CHAPTER 59,blindly,0.05
2390358,CHAPTER 59,bowsprit,0.05
2390443,CHAPTER 59,breadth,0.05
2391234,CHAPTER 59,certain,0.05
2391824,CHAPTER 59,clutch,0.05
2391979,CHAPTER 59,colour,0.05
2392233,CHAPTER 59,conceivable,0.05
2392391,CHAPTER 59,connected,0.05
2392448,CHAPTER 59,consists,0.05
2393176,CHAPTER 59,curling,0.05
2393464,CHAPTER 59,declare,0.05
2393854,CHAPTER 59,detached,0.05
2394355,CHAPTER 59,distinctly,0.05
2394826,CHAPTER 59,eagerness,0.05
2394862,CHAPTER 59,eastward,0.05
2395657,CHAPTER 59,exceeding,0.05
2395878,CHAPTER 59,external,0.05
2396175,CHAPTER 59,feeding,0.05
2396517,CHAPTER 59,flitting,0.05
2396806,CHAPTER 59,fought,0.05
2397033,CHAPTER 59,furnish,0.05
2397189,CHAPTER 59,gazed,0.05
2397239,CHAPTER 59,gentle,0.05
2397284,CHAPTER 59,ghost,0.05
2397353,CHAPTER 59,glancing,0.05
2397388,CHAPTER 59,glimpse,0.05
2397391,CHAPTER 59,glistening,0.05
2397547,CHAPTER 59,gradually,0.05
2397635,CHAPTER 59,great,0.05
2398233,CHAPTER 59,helmsman,0.05
2398347,CHAPTER 59,hills,0.05
2398871,CHAPTER 59,imagine,0.05
2399149,CHAPTER 59,included,0.05
2399201,CHAPTER 59,incredible,0.05
2399368,CHAPTER 59,inference,0.05
2399599,CHAPTER 59,instinct,0.05
2399663,CHAPTER 59,intensity,0.05
2399844,CHAPTER 59,invest,0.05
2400643,CHAPTER 59,lazily,0.05
2401077,CHAPTER 59,lonely,0.05
2401983,CHAPTER 59,mildly,0.05
2401984,CHAPTER 59,mildness,0.05
2402209,CHAPTER 59,moment,0.05
2402353,CHAPTER 59,motionless,0.05
2402535,CHAPTER 59,mysterious,0.05
2402618,CHAPTER 59,naturalists,0.05
2402660,CHAPTER 59,necessary,0.05
2402733,CHAPTER 59,nest,0.05
2402898,CHAPTER 59,notwithstanding,0.05
2403726,CHAPTER 59,particulars,0.05
2403999,CHAPTER 59,perceive,0.05
2404179,CHAPTER 59,phenomenon,0.05
2404705,CHAPTER 59,ports,0.05
2404926,CHAPTER 59,prepared,0.05
2404997,CHAPTER 59,preternatural,0.05
2405800,CHAPTER 59,readiness,0.05
2406284,CHAPTER 59,repose,0.05
2406416,CHAPTER 59,respects,0.05
2406501,CHAPTER 59,returned,0.05
2407590,CHAPTER 59,serenity,0.05
2408001,CHAPTER 59,sight,0.05
2408091,CHAPTER 59,sinking,0.05
2408258,CHAPTER 59,slide,0.05
2408485,CHAPTER 59,softly,0.05
2408570,CHAPTER 59,soon,0.05
2408738,CHAPTER 59,spermaceti,0.05
2409023,CHAPTER 59,startled,0.05
2409484,CHAPTER 59,subsided,0.05
2409543,CHAPTER 59,sucking,0.05
2409628,CHAPTER 59,sun,0.05
2409639,CHAPTER 59,sunk,0.05
2409703,CHAPTER 59,superstitions,0.05
2409725,CHAPTER 59,supplied,0.05
2409796,CHAPTER 59,surrounding,0.05
2409859,CHAPTER 59,swarming,0.05
2410067,CHAPTER 59,tapering,0.05
2410142,CHAPTER 59,tear,0.05
2410173,CHAPTER 59,tell,0.05
2410868,CHAPTER 59,transparent,0.05
2410953,CHAPTER 59,tribe,0.05
2411716,CHAPTER 59,unlike,0.05
2412189,CHAPTER 59,vague,0.05
2412190,CHAPTER 59,vaguely,0.05
2412785,CHAPTER 59,wave,0.05
2412786,CHAPTER 59,waved,0.05
2412888,CHAPTER 59,went,0.05
2412998,CHAPTER 59,whispered,0.05
2413244,CHAPTER 59,worked,0.05
2413436,CHAPTER 59,yelled,0.05
2388122,CHAPTER 59,advance,0.04
2388283,CHAPTER 59,ahead,0.04
2389758,CHAPTER 59,believe,0.04
2389781,CHAPTER 59,belonged,0.04
2389947,CHAPTER 59,billows,0.04
2390475,CHAPTER 59,breeze,0.04
2390669,CHAPTER 59,bulk,0.04
2391220,CHAPTER 59,centre,0.04
2391606,CHAPTER 59,circumstance,0.04
2391776,CHAPTER 59,closely,0.04
2393972,CHAPTER 59,did,0.04
2394063,CHAPTER 59,direction,0.04
2394085,CHAPTER 59,disappeared,0.04
2394824,CHAPTER 59,eager,0.04
2395689,CHAPTER 59,exclaimed,0.04
2396026,CHAPTER 59,fancy,0.04
2396040,CHAPTER 59,far,0.04
2396347,CHAPTER 59,finger,0.04
2396522,CHAPTER 59,floating,0.04
2396637,CHAPTER 59,following,0.04
2397196,CHAPTER 59,gazing,0.04
2397350,CHAPTER 59,glance,0.04
2397478,CHAPTER 59,golden,0.04
2398109,CHAPTER 59,headed,0.04
2398401,CHAPTER 59,hitherto,0.04
2399595,CHAPTER 59,instantly,0.04
2399962,CHAPTER 59,island,0.04
2400276,CHAPTER 59,keel,0.04
2400474,CHAPTER 59,laid,0.04
2400555,CHAPTER 59,largest,0.04
2401002,CHAPTER 59,lo,0.04
2401172,CHAPTER 59,low,0.04
2401175,CHAPTER 59,lowering,0.04
2401510,CHAPTER 59,mankind,0.04
2401675,CHAPTER 59,masts,0.04
2401980,CHAPTER 59,mild,0.04
2402700,CHAPTER 59,negro,0.04
2402860,CHAPTER 59,north,0.04
2402955,CHAPTER 59,oars,0.04
2403576,CHAPTER 59,palms,0.04
2404171,CHAPTER 59,phantom,0.04
2405013,CHAPTER 59,prey,0.04
2405150,CHAPTER 59,profound,0.04
2405329,CHAPTER 59,prow,0.04
2405374,CHAPTER 59,pulling,0.04
2405462,CHAPTER 59,pushed,0.04
2405698,CHAPTER 59,ran,0.04
2405790,CHAPTER 59,reach,0.04
2406406,CHAPTER 59,respect,0.04
2406508,CHAPTER 59,revealed,0.04
2406929,CHAPTER 59,rush,0.04
2406930,CHAPTER 59,rushed,0.04
2406998,CHAPTER 59,said,0.04
2407432,CHAPTER 59,secret,0.04
2408256,CHAPTER 59,slid,0.04
2408427,CHAPTER 59,snow,0.04
2408538,CHAPTER 59,solitary,0.04
2408571,CHAPTER 59,sooner,0.04
2408831,CHAPTER 59,spoken,0.04
2408860,CHAPTER 59,spot,0.04
2408880,CHAPTER 59,spread,0.04
2409735,CHAPTER 59,supposed,0.04
2409755,CHAPTER 59,surface,0.04
2409820,CHAPTER 59,suspended,0.04
2409907,CHAPTER 59,swiftly,0.04
2410036,CHAPTER 59,tall,0.04
2410380,CHAPTER 59,thirty,0.04
2410628,CHAPTER 59,token,0.04
2411503,CHAPTER 59,unearthly,0.04
2412045,CHAPTER 59,unusual,0.04
2413408,CHAPTER 59,yard,0.04
2387990,CHAPTER 59,act,0.03
2388421,CHAPTER 59,aloft,0.03
2388903,CHAPTER 59,arm,0.03
2389657,CHAPTER 59,bed,0.03
2390150,CHAPTER 59,blue,0.03
2390190,CHAPTER 59,boats,0.03
2390873,CHAPTER 59,calm,0.03
2391102,CHAPTER 59,cast,0.03
2391281,CHAPTER 59,chance,0.03
2392250,CHAPTER 59,concerning,0.03
2392954,CHAPTER 59,creature,0.03
2394338,CHAPTER 59,distance,0.03
2395932,CHAPTER 59,face,0.03
2396448,CHAPTER 59,flask,0.03
2396761,CHAPTER 59,form,0.03
2397181,CHAPTER 59,gave,0.03
2397211,CHAPTER 59,general,0.03
2397483,CHAPTER 59,gone,0.03
2397727,CHAPTER 59,ground,0.03
2398223,CHAPTER 59,held,0.03
2399749,CHAPTER 59,intervals,0.03
2400632,CHAPTER 59,lay,0.03
2400978,CHAPTER 59,live,0.03
2401081,CHAPTER 59,long,0.03
2401406,CHAPTER 59,main,0.03
2401467,CHAPTER 59,man,0.03
2401518,CHAPTER 59,manner,0.03
2401657,CHAPTER 59,mast,0.03
2402253,CHAPTER 59,monster,0.03
2402315,CHAPTER 59,morning,0.03
2402620,CHAPTER 59,nature,0.03
2402759,CHAPTER 59,new,0.03
2403252,CHAPTER 59,order,0.03
2403724,CHAPTER 59,particular,0.03
2404400,CHAPTER 59,plain,0.03
2404862,CHAPTER 59,precisely,0.03
2405556,CHAPTER 59,quick,0.03
2406434,CHAPTER 59,rest,0.03
2407002,CHAPTER 59,sailed,0.03
2407393,CHAPTER 59,seamen,0.03
2407408,CHAPTER 59,seas,0.03
2407829,CHAPTER 59,ships,0.03
2408104,CHAPTER 59,sir,0.03
2408608,CHAPTER 59,sound,0.03
2409008,CHAPTER 59,starbuck,0.03
2409218,CHAPTER 59,stood,0.03
2410165,CHAPTER 59,teeth,0.03
2410312,CHAPTER 59,thee,0.03
2410394,CHAPTER 59,thou,0.03
2410402,CHAPTER 59,thoughts,0.03
2411122,CHAPTER 59,turning,0.03
2411705,CHAPTER 59,unknown,0.03
2412251,CHAPTER 59,vast,0.03
2412351,CHAPTER 59,vessel,0.03
2412484,CHAPTER 59,visible,0.03
2412528,CHAPTER 59,voice,0.03
2412788,CHAPTER 59,waves,0.03
2412797,CHAPTER 59,way,0.03
2412913,CHAPTER 59,whalemen,0.03
2413039,CHAPTER 59,wide,0.03
2413057,CHAPTER 59,wild,0.03
2413210,CHAPTER 59,wondrous,0.03
2388295,CHAPTER 59,air,0.02
2390185,CHAPTER 59,boat,0.02
2396189,CHAPTER 59,feet,0.02
2396379,CHAPTER 59,fish,0.02
2397918,CHAPTER 59,hand,0.02
2398107,CHAPTER 59,head,0.02
2398137,CHAPTER 59,heard,0.02
2400853,CHAPTER 59,life,0.02
2402790,CHAPTER 59,night,0.02
2403996,CHAPTER 59,pequod,0.02
2406634,CHAPTER 59,right,0.02
2407168,CHAPTER 59,say,0.02
2407381,CHAPTER 59,sea,0.02
2409281,CHAPTER 59,strange,0.02
2410357,CHAPTER 59,thing,0.02
2410395,CHAPTER 59,thought,0.02
2410533,CHAPTER 59,time,0.02
2410537,CHAPTER 59,times,0.02
2411040,CHAPTER 59,true,0.02
2412916,CHAPTER 59,whales,0.02
