,chapter,term,tfidf
2579859,CHAPTER 65,dish,0.23
2575072,CHAPTER 65,balls,0.18
2587417,CHAPTER 65,meat,0.17
2580522,CHAPTER 65,eating,0.16
2589144,CHAPTER 65,ox,0.14
2576052,CHAPTER 65,brains,0.13
2577290,CHAPTER 65,civilized,0.12
2580519,CHAPTER 65,eat,0.12
2581082,CHAPTER 65,epicures,0.12
2581738,CHAPTER 65,fat,0.12
2583173,CHAPTER 65,gourmand,0.12
2576512,CHAPTER 65,calf,0.11
2581188,CHAPTER 65,esteemed,0.11
2581848,CHAPTER 65,fejee,0.11
2576537,CHAPTER 65,calves,0.1
2578310,CHAPTER 65,cooked,0.1
2579699,CHAPTER 65,dining,0.1
2580970,CHAPTER 65,enlightened,0.1
2588115,CHAPTER 65,murderer,0.1
2592008,CHAPTER 65,resembling,0.1
2592977,CHAPTER 65,scraps,0.1
2598559,CHAPTER 65,whale,0.1
2587918,CHAPTER 65,month,0.09
2588114,CHAPTER 65,murdered,0.09
2590329,CHAPTER 65,porpoises,0.09
2596285,CHAPTER 65,tolerable,0.09
2591384,CHAPTER 65,rare,0.08
2594121,CHAPTER 65,society,0.08
2575800,CHAPTER 65,blubber,0.07
2576582,CHAPTER 65,cannibal,0.07
2578092,CHAPTER 65,considered,0.07
2580109,CHAPTER 65,does,0.07
2581995,CHAPTER 65,fine,0.07
2583586,CHAPTER 65,handle,0.07
2586518,CHAPTER 65,light,0.07
2595038,CHAPTER 65,stubb,0.07
2573910,CHAPTER 65,ago,0.06
2575136,CHAPTER 65,barbacued,0.06
2575619,CHAPTER 65,bipeds,0.06
2575769,CHAPTER 65,bloated,0.06
2576889,CHAPTER 65,certainly,0.06
2577235,CHAPTER 65,circulars,0.06
2577525,CHAPTER 65,cocoanut,0.06
2579382,CHAPTER 65,depreciates,0.06
2580419,CHAPTER 65,dunfermline,0.06
2580520,CHAPTER 65,eatable,0.06
2581802,CHAPTER 65,feastest,0.06
2582271,CHAPTER 65,foie,0.06
2583244,CHAPTER 65,gras,0.06
2583761,CHAPTER 65,head,0.06
2584259,CHAPTER 65,housewives,0.06
2585719,CHAPTER 65,jellied,0.06
2586735,CHAPTER 65,long,0.06
2587892,CHAPTER 65,monks,0.06
2588213,CHAPTER 65,nailest,0.06
2588557,CHAPTER 65,nourishing,0.06
2588795,CHAPTER 65,old,0.06
2588805,CHAPTER 65,oly,0.06
2589474,CHAPTER 65,patronize,0.06
2589483,CHAPTER 65,paté,0.06
2591144,CHAPTER 65,quadrupeds,0.06
2591570,CHAPTER 65,recommends,0.06
2596722,CHAPTER 65,tu,0.06
2596783,CHAPTER 65,turtle,0.06
2597473,CHAPTER 65,unprejudiced,0.06
2597915,CHAPTER 65,veal,0.06
2598073,CHAPTER 65,viiith,0.06
2598570,CHAPTER 65,whales,0.06
2599147,CHAPTER 65,zogranda,0.06
2573445,CHAPTER 65,abhorrence,0.05
2573508,CHAPTER 65,absorbing,0.05
2573558,CHAPTER 65,accidentally,0.05
2573678,CHAPTER 65,adding,0.05
2574175,CHAPTER 65,amsterdam,0.05
2574406,CHAPTER 65,appetite,0.05
2574968,CHAPTER 65,axe,0.05
2575596,CHAPTER 65,billiard,0.05
2575689,CHAPTER 65,bland,0.05
2576288,CHAPTER 65,buck,0.05
2576297,CHAPTER 65,bucks,0.05
2576304,CHAPTER 65,buffalo,0.05
2576752,CHAPTER 65,casket,0.05
2576847,CHAPTER 65,cellar,0.05
2578314,CHAPTER 65,cooks,0.05
2578491,CHAPTER 65,court,0.05
2578598,CHAPTER 65,creamy,0.05
2578664,CHAPTER 65,crisp,0.05
2578715,CHAPTER 65,crowds,0.05
2578735,CHAPTER 65,cruelty,0.05
2579229,CHAPTER 65,delectable,0.05
2579242,CHAPTER 65,delicately,0.05
2579343,CHAPTER 65,denying,0.05
2579441,CHAPTER 65,deserved,0.05
2579577,CHAPTER 65,devouring,0.05
2579819,CHAPTER 65,discrimination,0.05
2580099,CHAPTER 65,doctors,0.05
2580521,CHAPTER 65,eaten,0.05
2580523,CHAPTER 65,eats,0.05
2580931,CHAPTER 65,englishmen,0.05
2581170,CHAPTER 65,esquimaux,0.05
2581200,CHAPTER 65,et,0.05
2581329,CHAPTER 65,excessively,0.05
2581668,CHAPTER 65,famine,0.05
2581733,CHAPTER 65,fastidious,0.05
2581806,CHAPTER 65,feather,0.05
2581826,CHAPTER 65,feed,0.05
2581830,CHAPTER 65,feeds,0.05
2582115,CHAPTER 65,flavor,0.05
2582203,CHAPTER 65,flour,0.05
2582418,CHAPTER 65,formally,0.05
2582593,CHAPTER 65,fritters,0.05
2582634,CHAPTER 65,fry,0.05
2582775,CHAPTER 65,ganders,0.05
2582853,CHAPTER 65,geese,0.05
2583145,CHAPTER 65,goose,0.05
2583232,CHAPTER 65,grant,0.05
2583289,CHAPTER 65,great,0.05
2583292,CHAPTER 65,greatly,0.05
2583402,CHAPTER 65,growth,0.05
2583592,CHAPTER 65,handsome,0.05
2583913,CHAPTER 65,henry,0.05
2584934,CHAPTER 65,indite,0.05
2585012,CHAPTER 65,infants,0.05
2585130,CHAPTER 65,injury,0.05
2585485,CHAPTER 65,inventing,0.05
2585884,CHAPTER 65,juicy,0.05
2586204,CHAPTER 65,large,0.05
2586372,CHAPTER 65,left,0.05
2586536,CHAPTER 65,like,0.05
2586632,CHAPTER 65,live,0.05
2586643,CHAPTER 65,livers,0.05
2586678,CHAPTER 65,lobes,0.05
2586747,CHAPTER 65,look,0.05
2587548,CHAPTER 65,mess,0.05
2587576,CHAPTER 65,method,0.05
2587759,CHAPTER 65,missionary,0.05
2588021,CHAPTER 65,mouldy,0.05
2588600,CHAPTER 65,nuts,0.05
2588787,CHAPTER 65,oil,0.05
2589145,CHAPTER 65,oxen,0.05
2589360,CHAPTER 65,partake,0.05
2589363,CHAPTER 65,partaking,0.05
2589634,CHAPTER 65,pens,0.05
2589855,CHAPTER 65,philosophy,0.05
2589906,CHAPTER 65,pie,0.05
2590183,CHAPTER 65,plump,0.05
2590327,CHAPTER 65,porpoise,0.05
2590669,CHAPTER 65,prices,0.05
2590722,CHAPTER 65,prize,0.05
2590962,CHAPTER 65,provident,0.05
2591017,CHAPTER 65,puddings,0.05
2591129,CHAPTER 65,pyramid,0.05
2591232,CHAPTER 65,quill,0.05
2591833,CHAPTER 65,reminds,0.05
2591963,CHAPTER 65,reproachfully,0.05
2591989,CHAPTER 65,requires,0.05
2592005,CHAPTER 65,resemble,0.05
2592044,CHAPTER 65,resolution,0.05
2592225,CHAPTER 65,reward,0.05
2592258,CHAPTER 65,richness,0.05
2592386,CHAPTER 65,roast,0.05
2592634,CHAPTER 65,saddest,0.05
2592783,CHAPTER 65,saturday,0.05
2592787,CHAPTER 65,sauce,0.05
2593064,CHAPTER 65,seasoned,0.05
2593088,CHAPTER 65,secretary,0.05
2594002,CHAPTER 65,smelling,0.05
2594401,CHAPTER 65,spiced,0.05
2595002,CHAPTER 65,strips,0.05
2595152,CHAPTER 65,substitute,0.05
2595397,CHAPTER 65,suppression,0.05
2596011,CHAPTER 65,thing,0.05
2596447,CHAPTER 65,train,0.05
2596602,CHAPTER 65,trial,0.05
2598106,CHAPTER 65,vintages,0.05
2598567,CHAPTER 65,whalemen,0.05
2598674,CHAPTER 65,whitish,0.05
2598810,CHAPTER 65,withdrawn,0.05
2599117,CHAPTER 65,young,0.05
2573006,CHAPTER 65,_i,0.04
2573459,CHAPTER 65,able,0.04
2573591,CHAPTER 65,accounted,0.04
2573658,CHAPTER 65,actually,0.04
2573719,CHAPTER 65,admirable,0.04
2574397,CHAPTER 65,appears,0.04
2574958,CHAPTER 65,awhile,0.04
2575336,CHAPTER 65,beef,0.04
2575629,CHAPTER 65,biscuit,0.04
2576255,CHAPTER 65,brother,0.04
2576262,CHAPTER 65,brown,0.04
2576279,CHAPTER 65,brute,0.04
2576434,CHAPTER 65,butter,0.04
2576586,CHAPTER 65,cannibals,0.04
2576878,CHAPTER 65,centuries,0.04
2576888,CHAPTER 65,certain,0.04
2578090,CHAPTER 65,consideration,0.04
2578307,CHAPTER 65,cook,0.04
2578718,CHAPTER 65,crown,0.04
2579020,CHAPTER 65,day,0.04
2579240,CHAPTER 65,delicacy,0.04
2579706,CHAPTER 65,dip,0.04
2580206,CHAPTER 65,dough,0.04
2580449,CHAPTER 65,dutch,0.04
2581311,CHAPTER 65,exceeding,0.04
2581312,CHAPTER 65,exceedingly,0.04
2581512,CHAPTER 65,expression,0.04
2582294,CHAPTER 65,fond,0.04
2582480,CHAPTER 65,fowl,0.04
2582500,CHAPTER 65,france,0.04
2583139,CHAPTER 65,good,0.04
2583591,CHAPTER 65,hands,0.04
2584048,CHAPTER 65,history,0.04
2584336,CHAPTER 65,hump,0.04
2585276,CHAPTER 65,insult,0.04
2585302,CHAPTER 65,intelligent,0.04
2585865,CHAPTER 65,judgment,0.04
2586170,CHAPTER 65,landsmen,0.04
2586323,CHAPTER 65,lean,0.04
2586633,CHAPTER 65,lived,0.04
2587121,CHAPTER 65,man,0.04
2587238,CHAPTER 65,market,0.04
2587786,CHAPTER 65,mixed,0.04
2588418,CHAPTER 65,newly,0.04
2588444,CHAPTER 65,night,0.04
2588566,CHAPTER 65,nowadays,0.04
2588690,CHAPTER 65,obtained,0.04
2588999,CHAPTER 65,outlandish,0.04
2589889,CHAPTER 65,pick,0.04
2590414,CHAPTER 65,pots,0.04
2590684,CHAPTER 65,prime,0.04
2591579,CHAPTER 65,record,0.04
2591696,CHAPTER 65,regard,0.04
2592112,CHAPTER 65,result,0.04
2592252,CHAPTER 65,rich,0.04
2592507,CHAPTER 65,rows,0.04
2592694,CHAPTER 65,salted,0.04
2593658,CHAPTER 65,sights,0.04
2593769,CHAPTER 65,sit,0.04
2593786,CHAPTER 65,size,0.04
2593834,CHAPTER 65,skull,0.04
2594181,CHAPTER 65,solid,0.04
2594392,CHAPTER 65,spermaceti,0.04
2594666,CHAPTER 65,staring,0.04
2595382,CHAPTER 65,supply,0.04
2595827,CHAPTER 65,tell,0.04
2596312,CHAPTER 65,tongue,0.04
2596322,CHAPTER 65,tooth,0.04
2596522,CHAPTER 65,transparent,0.04
2596720,CHAPTER 65,trying,0.04
2597005,CHAPTER 65,uncommon,0.04
2597051,CHAPTER 65,unctuous,0.04
2598416,CHAPTER 65,watches,0.04
2574664,CHAPTER 65,ashore,0.03
2575906,CHAPTER 65,bones,0.03
2576234,CHAPTER 65,broken,0.03
2577690,CHAPTER 65,commanded,0.03
2577730,CHAPTER 65,common,0.03
2578202,CHAPTER 65,continually,0.03
2578608,CHAPTER 65,creature,0.03
2580199,CHAPTER 65,doubt,0.03
2581033,CHAPTER 65,entirely,0.03
2581597,CHAPTER 65,fact,0.03
2581671,CHAPTER 65,famous,0.03
2582554,CHAPTER 65,fresh,0.03
2583305,CHAPTER 65,greenland,0.03
2583641,CHAPTER 65,hardly,0.03
2584288,CHAPTER 65,huge,0.03
2584347,CHAPTER 65,hung,0.03
2584356,CHAPTER 65,hunters,0.03
2585701,CHAPTER 65,jaw,0.03
2586038,CHAPTER 65,knife,0.03
2586071,CHAPTER 65,knows,0.03
2586149,CHAPTER 65,lamp,0.03
2586627,CHAPTER 65,little,0.03
2586756,CHAPTER 65,looks,0.03
2587486,CHAPTER 65,men,0.03
2587504,CHAPTER 65,mentioned,0.03
2587920,CHAPTER 65,months,0.03
2587977,CHAPTER 65,mortal,0.03
2588301,CHAPTER 65,nearly,0.03
2588341,CHAPTER 65,needs,0.03
2588471,CHAPTER 65,noble,0.03
2589402,CHAPTER 65,passed,0.03
2590516,CHAPTER 65,precisely,0.03
2591238,CHAPTER 65,quite,0.03
2591481,CHAPTER 65,reason,0.03
2591697,CHAPTER 65,regarded,0.03
2591821,CHAPTER 65,remember,0.03
2592822,CHAPTER 65,say,0.03
2593035,CHAPTER 65,sea,0.03
2593047,CHAPTER 65,seamen,0.03
2593159,CHAPTER 65,self,0.03
2594209,CHAPTER 65,somewhat,0.03
2594344,CHAPTER 65,species,0.03
2594754,CHAPTER 65,steel,0.03
2594938,CHAPTER 65,stranger,0.03
2595143,CHAPTER 65,substance,0.03
2595366,CHAPTER 65,supper,0.03
2595674,CHAPTER 65,taken,0.03
2595675,CHAPTER 65,takes,0.03
2595819,CHAPTER 65,teeth,0.03
2596135,CHAPTER 65,thy,0.03
2596719,CHAPTER 65,try,0.03
2598005,CHAPTER 65,vessel,0.03
2574950,CHAPTER 65,away,0.02
2576520,CHAPTER 65,called,0.02
2576741,CHAPTER 65,case,0.02
2577666,CHAPTER 65,come,0.02
2577687,CHAPTER 65,coming,0.02
2579033,CHAPTER 65,dead,0.02
2579626,CHAPTER 65,did,0.02
2581694,CHAPTER 65,far,0.02
2581843,CHAPTER 65,feet,0.02
2583381,CHAPTER 65,ground,0.02
2583534,CHAPTER 65,half,0.02
2583773,CHAPTER 65,heads,0.02
2586064,CHAPTER 65,know,0.02
2586437,CHAPTER 65,let,0.02
2586753,CHAPTER 65,looking,0.02
2592288,CHAPTER 65,right,0.02
2593473,CHAPTER 65,ship,0.02
2593655,CHAPTER 65,sight,0.02
2593988,CHAPTER 65,small,0.02
2594250,CHAPTER 65,sort,0.02
2594391,CHAPTER 65,sperm,0.02
2595966,CHAPTER 65,thee,0.02
2598575,CHAPTER 65,whaling,0.02
2598664,CHAPTER 65,white,0.02
2596187,CHAPTER 65,time,0.01
2598451,CHAPTER 65,way,0.01
