,chapter,term,tfidf
2619908,CHAPTER 66,sharks,0.3
2610759,CHAPTER 66,hosts,0.15
2620819,CHAPTER 66,spades,0.14
2604609,CHAPTER 66,considerably,0.13
2605400,CHAPTER 66,cutting,0.13
2609634,CHAPTER 66,god,0.12
2612475,CHAPTER 66,kept,0.12
2617712,CHAPTER 66,queequeg,0.11
2600732,CHAPTER 66,anchor,0.1
2619905,CHAPTER 66,shark,0.1
2621276,CHAPTER 66,steel,0.1
2625097,CHAPTER 66,whaling,0.1
2606358,CHAPTER 66,disembowelments,0.09
2607563,CHAPTER 66,entrails,0.09
2610654,CHAPTER 66,honed,0.09
2611610,CHAPTER 66,ingin,0.09
2613528,CHAPTER 66,maggots,0.09
2613764,CHAPTER 66,marksmen,0.09
2624709,CHAPTER 66,voided,0.09
2624933,CHAPTER 66,wat,0.09
2600441,CHAPTER 66,agonizingly,0.08
2602781,CHAPTER 66,brought,0.08
2604907,CHAPTER 66,corpses,0.08
2604925,CHAPTER 66,corresponds,0.08
2605632,CHAPTER 66,deck,0.08
2608370,CHAPTER 66,fejee,0.08
2608779,CHAPTER 66,foamy,0.08
2609307,CHAPTER 66,gaping,0.08
2610094,CHAPTER 66,hand,0.08
2611277,CHAPTER 66,incalculable,0.08
2613257,CHAPTER 66,long,0.08
2613950,CHAPTER 66,meddle,0.08
2614774,CHAPTER 66,narrower,0.08
2615396,CHAPTER 66,oppositely,0.08
2615798,CHAPTER 66,pantheistic,0.08
2617963,CHAPTER 66,razor,0.08
2618536,CHAPTER 66,reservation,0.08
2618691,CHAPTER 66,revelations,0.08
2618990,CHAPTER 66,rotation,0.08
2619909,CHAPTER 66,sharp,0.08
2621998,CHAPTER 66,suspending,0.08
2622664,CHAPTER 66,tickle,0.08
2623286,CHAPTER 66,turbid,0.08
2623410,CHAPTER 66,unaccustomed,0.08
2624084,CHAPTER 66,unsafe,0.08
2624316,CHAPTER 66,used,0.08
2624567,CHAPTER 66,viciously,0.08
2624736,CHAPTER 66,voracity,0.08
2625019,CHAPTER 66,wedder,0.08
2600001,CHAPTER 66,abound,0.07
2602106,CHAPTER 66,bigness,0.07
2602941,CHAPTER 66,business,0.07
2603187,CHAPTER 66,carcase,0.07
2604534,CHAPTER 66,confusion,0.07
2605003,CHAPTER 66,couple,0.07
2605122,CHAPTER 66,created,0.07
2608408,CHAPTER 66,ferocity,0.07
2608671,CHAPTER 66,flexible,0.07
2609310,CHAPTER 66,garden,0.07
2609345,CHAPTER 66,gather,0.07
2609398,CHAPTER 66,generic,0.07
2609545,CHAPTER 66,gleams,0.07
2611164,CHAPTER 66,implement,0.07
2611295,CHAPTER 66,incessant,0.07
2612320,CHAPTER 66,joints,0.07
2612613,CHAPTER 66,laborious,0.07
2612707,CHAPTER 66,lanterns,0.07
2612736,CHAPTER 66,lash,0.07
2614639,CHAPTER 66,murdering,0.07
2616201,CHAPTER 66,perfectly,0.07
2617259,CHAPTER 66,procedure,0.07
2618511,CHAPTER 66,requires,0.07
2619002,CHAPTER 66,round,0.07
2619871,CHAPTER 66,shall,0.07
2620358,CHAPTER 66,skulls,0.07
2620645,CHAPTER 66,socket,0.07
2621132,CHAPTER 66,stages,0.07
2621361,CHAPTER 66,stirring,0.07
2621554,CHAPTER 66,struggling,0.07
2624592,CHAPTER 66,vigorously,0.07
2600105,CHAPTER 66,accordingly,0.06
2600175,CHAPTER 66,activity,0.06
2603588,CHAPTER 66,cheese,0.06
2604339,CHAPTER 66,completed,0.06
2605443,CHAPTER 66,dam,0.06
2605545,CHAPTER 66,daylight,0.06
2606206,CHAPTER 66,diminished,0.06
2607860,CHAPTER 66,excitement,0.06
2608626,CHAPTER 66,flat,0.06
2608783,CHAPTER 66,foe,0.06
2609387,CHAPTER 66,general,0.06
2609463,CHAPTER 66,ghosts,0.06
2610571,CHAPTER 66,hit,0.06
2611377,CHAPTER 66,incredible,0.06
2612728,CHAPTER 66,largely,0.06
2613017,CHAPTER 66,lid,0.06
2613036,CHAPTER 66,lifting,0.06
2613419,CHAPTER 66,lurk,0.06
2614308,CHAPTER 66,mixed,0.06
2614459,CHAPTER 66,moored,0.06
2614546,CHAPTER 66,mount,0.06
2614640,CHAPTER 66,murderous,0.06
2614742,CHAPTER 66,named,0.06
2614966,CHAPTER 66,night,0.06
2615074,CHAPTER 66,notwithstanding,0.06
2615223,CHAPTER 66,occasionally,0.06
2616590,CHAPTER 66,plan,0.06
2617261,CHAPTER 66,proceed,0.06
2619566,CHAPTER 66,seaman,0.06
2619650,CHAPTER 66,seemingly,0.06
2619705,CHAPTER 66,send,0.06
2619803,CHAPTER 66,setting,0.06
2619896,CHAPTER 66,shape,0.06
2620180,CHAPTER 66,sights,0.06
2620571,CHAPTER 66,snapped,0.06
2620803,CHAPTER 66,southern,0.06
2620817,CHAPTER 66,spade,0.06
2621331,CHAPTER 66,stiff,0.06
2621492,CHAPTER 66,stretch,0.06
2622023,CHAPTER 66,swallowed,0.06
2622699,CHAPTER 66,till,0.06
2622796,CHAPTER 66,toil,0.06
2624313,CHAPTER 66,usage,0.06
2624681,CHAPTER 66,vital,0.06
2624682,CHAPTER 66,vitality,0.06
2624938,CHAPTER 66,watches,0.06
2624989,CHAPTER 66,weapon,0.06
2625460,CHAPTER 66,wound,0.06
2600598,CHAPTER 66,alongside,0.05
2600812,CHAPTER 66,answer,0.05
2602004,CHAPTER 66,bent,0.05
2602157,CHAPTER 66,bit,0.05
2603179,CHAPTER 66,captured,0.05
2603195,CHAPTER 66,care,0.05
2604436,CHAPTER 66,concluded,0.05
2605386,CHAPTER 66,customary,0.05
2605512,CHAPTER 66,darting,0.05
2605867,CHAPTER 66,departed,0.05
2607834,CHAPTER 66,exceedingly,0.05
2608863,CHAPTER 66,forecastle,0.05
2609812,CHAPTER 66,greater,0.05
2610084,CHAPTER 66,hammock,0.05
2610108,CHAPTER 66,handle,0.05
2610405,CHAPTER 66,helm,0.05
2610606,CHAPTER 66,hoisted,0.05
2610810,CHAPTER 66,huge,0.05
2611070,CHAPTER 66,immediately,0.05
2611458,CHAPTER 66,individual,0.05
2611729,CHAPTER 66,inserted,0.05
2611765,CHAPTER 66,instances,0.05
2612456,CHAPTER 66,keen,0.05
2612499,CHAPTER 66,killed,0.05
2612753,CHAPTER 66,late,0.05
2612883,CHAPTER 66,lee,0.05
2613351,CHAPTER 66,lowering,0.05
2613752,CHAPTER 66,mariners,0.05
2615676,CHAPTER 66,pacific,0.05
2616764,CHAPTER 66,pole,0.05
2616902,CHAPTER 66,possible,0.05
2619192,CHAPTER 66,sake,0.05
2620129,CHAPTER 66,shut,0.05
2620160,CHAPTER 66,sides,0.05
2620312,CHAPTER 66,skeleton,0.05
2620334,CHAPTER 66,skin,0.05
2621056,CHAPTER 66,spread,0.05
2621510,CHAPTER 66,striking,0.05
2621888,CHAPTER 66,supper,0.05
2622556,CHAPTER 66,thirty,0.05
2623146,CHAPTER 66,tried,0.05
2624287,CHAPTER 66,upper,0.05
2625003,CHAPTER 66,weary,0.05
2602037,CHAPTER 66,best,0.04
2602428,CHAPTER 66,bones,0.04
2602531,CHAPTER 66,bows,0.04
2603263,CHAPTER 66,case,0.04
2603278,CHAPTER 66,cast,0.04
2604252,CHAPTER 66,common,0.04
2605131,CHAPTER 66,creatures,0.04
2607683,CHAPTER 66,especially,0.04
2608562,CHAPTER 66,fishery,0.04
2609643,CHAPTER 66,goes,0.04
2610767,CHAPTER 66,hour,0.04
2610769,CHAPTER 66,hours,0.04
2612223,CHAPTER 66,jaw,0.04
2612894,CHAPTER 66,left,0.04
2613040,CHAPTER 66,light,0.04
2613058,CHAPTER 66,like,0.04
2613270,CHAPTER 66,looked,0.04
2613349,CHAPTER 66,lower,0.04
2613643,CHAPTER 66,man,0.04
2613757,CHAPTER 66,mark,0.04
2614491,CHAPTER 66,morning,0.04
2614566,CHAPTER 66,mouth,0.04
2614750,CHAPTER 66,nantucket,0.04
2615243,CHAPTER 66,ocean,0.04
2615915,CHAPTER 66,parts,0.04
2617121,CHAPTER 66,present,0.04
2619317,CHAPTER 66,savage,0.04
2619557,CHAPTER 66,sea,0.04
2621926,CHAPTER 66,sure,0.04
2622841,CHAPTER 66,took,0.04
2624660,CHAPTER 66,visible,0.04
2624934,CHAPTER 66,watch,0.04
2625386,CHAPTER 66,wondrous,0.04
2603042,CHAPTER 66,called,0.03
2603066,CHAPTER 66,came,0.03
2605158,CHAPTER 66,crew,0.03
2605555,CHAPTER 66,dead,0.03
2605673,CHAPTER 66,deep,0.03
2607389,CHAPTER 66,end,0.03
2608365,CHAPTER 66,feet,0.03
2608555,CHAPTER 66,fish,0.03
2610113,CHAPTER 66,hands,0.03
2612434,CHAPTER 66,just,0.03
2613029,CHAPTER 66,life,0.03
2613090,CHAPTER 66,line,0.03
2613149,CHAPTER 66,little,0.03
2614935,CHAPTER 66,new,0.03
2616172,CHAPTER 66,pequod,0.03
2616825,CHAPTER 66,poor,0.03
2619174,CHAPTER 66,said,0.03
2619176,CHAPTER 66,sail,0.03
2619798,CHAPTER 66,set,0.03
2620510,CHAPTER 66,small,0.03
2620746,CHAPTER 66,soon,0.03
2620772,CHAPTER 66,sort,0.03
2620913,CHAPTER 66,sperm,0.03
2621560,CHAPTER 66,stubb,0.03
2622571,CHAPTER 66,thought,0.03
2622713,CHAPTER 66,times,0.03
2619344,CHAPTER 66,say,0.02
2622533,CHAPTER 66,thing,0.02
2622709,CHAPTER 66,time,0.02
2625081,CHAPTER 66,whale,0.02
