,chapter,term,tfidf
1848574,CHAPTER 4,queequeg,0.25
1832695,CHAPTER 4,bed,0.21
1833316,CHAPTER 4,boots,0.2
1831941,CHAPTER 4,arm,0.17
1849827,CHAPTER 4,room,0.16
1855681,CHAPTER 4,waking,0.15
1843670,CHAPTER 4,lay,0.12
1835848,CHAPTER 4,counterpane,0.11
1834674,CHAPTER 4,civilized,0.09
1839250,CHAPTER 4,felt,0.09
1841081,CHAPTER 4,hat,0.09
1846822,CHAPTER 4,patchwork,0.09
1848618,CHAPTER 4,quilt,0.09
1852161,CHAPTER 4,stepmother,0.09
1830821,CHAPTER 4,abed,0.08
1837678,CHAPTER 4,dress,0.08
1841677,CHAPTER 4,hugging,0.08
1845353,CHAPTER 4,morning,0.08
1850578,CHAPTER 4,sensations,0.08
1853660,CHAPTER 4,toilet,0.08
1856303,CHAPTER 4,worse,0.08
1833028,CHAPTER 4,bitter,0.07
1834506,CHAPTER 4,chimney,0.07
1835084,CHAPTER 4,commenced,0.07
1835453,CHAPTER 4,consciousness,0.07
1838858,CHAPTER 4,explain,0.07
1839222,CHAPTER 4,feeling,0.07
1840956,CHAPTER 4,hand,0.07
1841631,CHAPTER 4,hours,0.07
1841632,CHAPTER 4,house,0.07
1844011,CHAPTER 4,little,0.07
1846061,CHAPTER 4,observing,0.07
1847764,CHAPTER 4,possible,0.07
1848846,CHAPTER 4,reality,0.07
1850702,CHAPTER 4,shade,0.07
1851167,CHAPTER 4,sixteen,0.07
1852729,CHAPTER 4,supernatural,0.07
1855782,CHAPTER 4,wash,0.07
1831267,CHAPTER 4,ages,0.06
1841051,CHAPTER 4,harpoon,0.06
1843795,CHAPTER 4,length,0.06
1848113,CHAPTER 4,probably,0.06
1850579,CHAPTER 4,sense,0.06
1851349,CHAPTER 4,slowly,0.06
1853404,CHAPTER 4,thinks,0.06
1853571,CHAPTER 4,time,0.06
1853676,CHAPTER 4,tomahawk,0.06
1854061,CHAPTER 4,troubled,0.06
1855804,CHAPTER 4,watching,0.06
1856135,CHAPTER 4,window,0.06
1856333,CHAPTER 4,wrapped,0.06
1830079,CHAPTER 4,21st,0.05
1830994,CHAPTER 4,ached,0.05
1832339,CHAPTER 4,awful,0.05
1833313,CHAPTER 4,booting,0.05
1833537,CHAPTER 4,bridegroom,0.05
1834007,CHAPTER 4,caper,0.05
1834644,CHAPTER 4,circumstance,0.05
1834867,CHAPTER 4,coaches,0.05
1835992,CHAPTER 4,creature,0.05
1836403,CHAPTER 4,dawning,0.05
1837546,CHAPTER 4,donning,0.05
1837669,CHAPTER 4,dreamt,0.05
1838887,CHAPTER 4,expostulations,0.05
1839350,CHAPTER 4,figure,0.05
1839575,CHAPTER 4,floor,0.05
1840201,CHAPTER 4,gaspings,0.05
1840317,CHAPTER 4,getting,0.05
1840551,CHAPTER 4,got,0.05
1840673,CHAPTER 4,great,0.05
1842259,CHAPTER 4,indecorous,0.05
1843627,CHAPTER 4,lathering,0.05
1845102,CHAPTER 4,misbehaviour,0.05
1846384,CHAPTER 4,outlandishness,0.05
1846751,CHAPTER 4,parti,0.05
1849205,CHAPTER 4,remember,0.05
1850505,CHAPTER 4,seeing,0.05
1850983,CHAPTER 4,shudderingly,0.05
1851084,CHAPTER 4,similar,0.05
1851273,CHAPTER 4,sleeping,0.05
1851322,CHAPTER 4,slippering,0.05
1851456,CHAPTER 4,snore,0.05
1851593,CHAPTER 4,somewhat,0.05
1852162,CHAPTER 4,stepmothers,0.05
1852234,CHAPTER 4,stockinged,0.05
1852666,CHAPTER 4,sun,0.05
1852751,CHAPTER 4,supperless,0.05
1853211,CHAPTER 4,tell,0.05
1853495,CHAPTER 4,thrown,0.05
1853988,CHAPTER 4,triangles,0.05
1854316,CHAPTER 4,unbecomingness,0.05
1854456,CHAPTER 4,undergraduate,0.05
1854979,CHAPTER 4,unsheathes,0.05
1855993,CHAPTER 4,whets,0.05
1830845,CHAPTER 4,ablutions,0.04
1830922,CHAPTER 4,accelerate,0.04
1830997,CHAPTER 4,achieved,0.04
1831207,CHAPTER 4,affectionate,0.04
1832198,CHAPTER 4,attempts,0.04
1832334,CHAPTER 4,away,0.04
1832349,CHAPTER 4,awoke,0.04
1832610,CHAPTER 4,baton,0.04
1832686,CHAPTER 4,beaver,0.04
1832704,CHAPTER 4,bedfellow,0.04
1832734,CHAPTER 4,befell,0.04
1832750,CHAPTER 4,begged,0.04
1832882,CHAPTER 4,beseeching,0.04
1832899,CHAPTER 4,best,0.04
1833118,CHAPTER 4,blended,0.04
1833312,CHAPTER 4,boot,0.04
1833511,CHAPTER 4,breeding,0.04
1833600,CHAPTER 4,broad,0.04
1833821,CHAPTER 4,butterfly,0.04
1833890,CHAPTER 4,calculating,0.04
1834176,CHAPTER 4,caterpillar,0.04
1834672,CHAPTER 4,civility,0.04
1834715,CHAPTER 4,clasp,0.04
1834973,CHAPTER 4,collar,0.04
1835070,CHAPTER 4,comical,0.04
1835213,CHAPTER 4,complied,0.04
1835215,CHAPTER 4,compliment,0.04
1835316,CHAPTER 4,condemning,0.04
1835386,CHAPTER 4,confounding,0.04
1835570,CHAPTER 4,contented,0.04
1835907,CHAPTER 4,cowhide,0.04
1835979,CHAPTER 4,creaking,0.04
1836017,CHAPTER 4,cretan,0.04
1836142,CHAPTER 4,crush,0.04
1836232,CHAPTER 4,curtains,0.04
1836256,CHAPTER 4,cutlery,0.04
1836404,CHAPTER 4,day,0.04
1836409,CHAPTER 4,days,0.04
1836717,CHAPTER 4,dented,0.04
1837010,CHAPTER 4,did,0.04
1837088,CHAPTER 4,dint,0.04
1837095,CHAPTER 4,dipped,0.04
1837276,CHAPTER 4,dismally,0.04
1837545,CHAPTER 4,donned,0.04
1837607,CHAPTER 4,doze,0.04
1837657,CHAPTER 4,dreadfully,0.04
1837682,CHAPTER 4,dressing,0.04
1837950,CHAPTER 4,edges,0.04
1837967,CHAPTER 4,education,0.04
1838024,CHAPTER 4,elapse,0.04
1838156,CHAPTER 4,emerged,0.04
1838562,CHAPTER 4,essentially,0.04
1838929,CHAPTER 4,extracting,0.04
1838958,CHAPTER 4,eyes,0.04
1838970,CHAPTER 4,face,0.04
1839024,CHAPTER 4,fallen,0.04
1839158,CHAPTER 4,favour,0.04
1839879,CHAPTER 4,frame,0.04
1840796,CHAPTER 4,grunt,0.04
1841056,CHAPTER 4,harpooning,0.04
1841086,CHAPTER 4,hatchet,0.04
1841284,CHAPTER 4,hemisphere,0.04
1841595,CHAPTER 4,horrid,0.04
1841668,CHAPTER 4,hues,0.04
1841676,CHAPTER 4,hugged,0.04
1842416,CHAPTER 4,inferred,0.04
1842534,CHAPTER 4,innate,0.04
1842745,CHAPTER 4,interminable,0.04
1842965,CHAPTER 4,irregularly,0.04
1843281,CHAPTER 4,june,0.04
1843337,CHAPTER 4,kept,0.04
1843482,CHAPTER 4,labyrinth,0.04
1843920,CHAPTER 4,like,0.04
1843949,CHAPTER 4,limping,0.04
1844122,CHAPTER 4,longest,0.04
1844478,CHAPTER 4,male,0.04
1844558,CHAPTER 4,manners,0.04
1844600,CHAPTER 4,marched,0.04
1844650,CHAPTER 4,marshal,0.04
1844737,CHAPTER 4,matrimonial,0.04
1845077,CHAPTER 4,minus,0.04
1845093,CHAPTER 4,mirror,0.04
1845125,CHAPTER 4,misfortunes,0.04
1845128,CHAPTER 4,misgivings,0.04
1845637,CHAPTER 4,narrowly,0.04
1845799,CHAPTER 4,newfoundland,0.04
1845832,CHAPTER 4,nightmare,0.04
1846505,CHAPTER 4,overture,0.04
1846658,CHAPTER 4,pantaloons,0.04
1846762,CHAPTER 4,particular,0.04
1847346,CHAPTER 4,pinched,0.04
1847914,CHAPTER 4,predicament,0.04
1848012,CHAPTER 4,pressure,0.04
1848294,CHAPTER 4,propriety,0.04
1848336,CHAPTER 4,proudly,0.04
1848509,CHAPTER 4,puzzle,0.04
1848805,CHAPTER 4,rattling,0.04
1848825,CHAPTER 4,razor,0.04
1848957,CHAPTER 4,reconciled,0.04
1848980,CHAPTER 4,recurred,0.04
1849372,CHAPTER 4,required,0.04
1849492,CHAPTER 4,restricting,0.04
1849797,CHAPTER 4,rogers,0.04
1849804,CHAPTER 4,rolled,0.04
1849872,CHAPTER 4,rouse,0.04
1849903,CHAPTER 4,rubbing,0.04
1849915,CHAPTER 4,rudeness,0.04
1850179,CHAPTER 4,savage,0.04
1850362,CHAPTER 4,scratch,0.04
1850854,CHAPTER 4,shining,0.04
1851035,CHAPTER 4,sigh,0.04
1851326,CHAPTER 4,slips,0.04
1851484,CHAPTER 4,soap,0.04
1851496,CHAPTER 4,soberly,0.04
1851890,CHAPTER 4,sporting,0.04
1851959,CHAPTER 4,squares,0.04
1852105,CHAPTER 4,staving,0.04
1852142,CHAPTER 4,steeped,0.04
1852220,CHAPTER 4,stir,0.04
1852311,CHAPTER 4,strainings,0.04
1852321,CHAPTER 4,strangeness,0.04
1852324,CHAPTER 4,strangest,0.04
1852368,CHAPTER 4,striding,0.04
1852475,CHAPTER 4,style,0.04
1852587,CHAPTER 4,suddenly,0.04
1852675,CHAPTER 4,sundry,0.04
1853554,CHAPTER 4,tightly,0.04
1853661,CHAPTER 4,toilette,0.04
1854526,CHAPTER 4,undressed,0.04
1854553,CHAPTER 4,unendurable,0.04
1854761,CHAPTER 4,unlock,0.04
1854793,CHAPTER 4,unmethodically,0.04
1855663,CHAPTER 4,waistcoat,0.04
1855783,CHAPTER 4,washed,0.04
1856017,CHAPTER 4,whipping,0.04
1856237,CHAPTER 4,wondered,0.04
1856369,CHAPTER 4,wriggling,0.04
1830991,CHAPTER 4,accustomed,0.03
1831256,CHAPTER 4,afternoon,0.03
1831498,CHAPTER 4,amazement,0.03
1831731,CHAPTER 4,apartment,0.03
1832326,CHAPTER 4,awake,0.03
1832370,CHAPTER 4,baby,0.03
1832756,CHAPTER 4,begins,0.03
1832774,CHAPTER 4,behold,0.03
1832819,CHAPTER 4,belonged,0.03
1832866,CHAPTER 4,bent,0.03
1833019,CHAPTER 4,bit,0.03
1833928,CHAPTER 4,came,0.03
1833966,CHAPTER 4,cannibal,0.03
1834258,CHAPTER 4,centre,0.03
1834351,CHAPTER 4,character,0.03
1834437,CHAPTER 4,cheeks,0.03
1834471,CHAPTER 4,chest,0.03
1834488,CHAPTER 4,child,0.03
1834564,CHAPTER 4,christian,0.03
1834803,CHAPTER 4,clock,0.03
1834814,CHAPTER 4,closely,0.03
1835018,CHAPTER 4,coloured,0.03
1835074,CHAPTER 4,commanded,0.03
1835201,CHAPTER 4,completed,0.03
1835449,CHAPTER 4,conscientious,0.03
1835474,CHAPTER 4,consideration,0.03
1835751,CHAPTER 4,corner,0.03
1835968,CHAPTER 4,crawl,0.03
1836143,CHAPTER 4,crushed,0.03
1836209,CHAPTER 4,curiosity,0.03
1836320,CHAPTER 4,damp,0.03
1836359,CHAPTER 4,daring,0.03
1836407,CHAPTER 4,daylight,0.03
1836427,CHAPTER 4,deal,0.03
1836624,CHAPTER 4,delicacy,0.03
1837064,CHAPTER 4,dim,0.03
1837496,CHAPTER 4,dog,0.03
1837617,CHAPTER 4,drag,0.03
1837618,CHAPTER 4,dragged,0.03
1837660,CHAPTER 4,dream,0.03
1837668,CHAPTER 4,dreams,0.03
1837679,CHAPTER 4,dressed,0.03
1837684,CHAPTER 4,drew,0.03
1838632,CHAPTER 4,events,0.03
1838696,CHAPTER 4,exceedingly,0.03
1838845,CHAPTER 4,experienced,0.03
1838972,CHAPTER 4,faced,0.03
1839173,CHAPTER 4,fear,0.03
1839182,CHAPTER 4,fears,0.03
1839227,CHAPTER 4,feet,0.03
1840010,CHAPTER 4,frozen,0.03
1840220,CHAPTER 4,gay,0.03
1840418,CHAPTER 4,glided,0.03
1840526,CHAPTER 4,goodness,0.03
1840675,CHAPTER 4,greatest,0.03
1840825,CHAPTER 4,guilty,0.03
1841019,CHAPTER 4,hard,0.03
1841175,CHAPTER 4,heard,0.03
1841216,CHAPTER 4,heavens,0.03
1841601,CHAPTER 4,horse,0.03
1841737,CHAPTER 4,hunted,0.03
1842157,CHAPTER 4,incessant,0.03
1842161,CHAPTER 4,inch,0.03
1843039,CHAPTER 4,jacket,0.03
1843276,CHAPTER 4,jumped,0.03
1843296,CHAPTER 4,just,0.03
1843324,CHAPTER 4,keeping,0.03
1843450,CHAPTER 4,knowing,0.03
1843659,CHAPTER 4,law,0.03
1843730,CHAPTER 4,leave,0.03
1844000,CHAPTER 4,lit,0.03
1844040,CHAPTER 4,lo,0.03
1844184,CHAPTER 4,loud,0.03
1844207,CHAPTER 4,loving,0.03
1844335,CHAPTER 4,lying,0.03
1844671,CHAPTER 4,marvellous,0.03
1845272,CHAPTER 4,monkey,0.03
1845304,CHAPTER 4,months,0.03
1845383,CHAPTER 4,mother,0.03
1845394,CHAPTER 4,motions,0.03
1845437,CHAPTER 4,movement,0.03
1845577,CHAPTER 4,mystery,0.03
1845605,CHAPTER 4,nameless,0.03
1845635,CHAPTER 4,narrow,0.03
1845662,CHAPTER 4,naught,0.03
1845706,CHAPTER 4,neck,0.03
1846113,CHAPTER 4,odd,0.03
1846212,CHAPTER 4,ones,0.03
1846226,CHAPTER 4,opened,0.03
1846238,CHAPTER 4,operation,0.03
1846257,CHAPTER 4,opposite,0.03
1846376,CHAPTER 4,outer,0.03
1846520,CHAPTER 4,owing,0.03
1846545,CHAPTER 4,packed,0.03
1846559,CHAPTER 4,pagan,0.03
1846585,CHAPTER 4,pair,0.03
1846763,CHAPTER 4,particularly,0.03
1846770,CHAPTER 4,partly,0.03
1846807,CHAPTER 4,past,0.03
1846890,CHAPTER 4,pay,0.03
1847209,CHAPTER 4,phantom,0.03
1847277,CHAPTER 4,pickle,0.03
1847291,CHAPTER 4,piece,0.03
1847314,CHAPTER 4,pike,0.03
1847319,CHAPTER 4,piled,0.03
1847339,CHAPTER 4,pilot,0.03
1847513,CHAPTER 4,pleased,0.03
1847639,CHAPTER 4,polite,0.03
1847899,CHAPTER 4,precise,0.03
1847990,CHAPTER 4,presently,0.03
1848097,CHAPTER 4,private,0.03
1848124,CHAPTER 4,proceeded,0.03
1848508,CHAPTER 4,putting,0.03
1848613,CHAPTER 4,quietly,0.03
1849083,CHAPTER 4,regarding,0.03
1849207,CHAPTER 4,remembered,0.03
1849503,CHAPTER 4,resurrection,0.03
1850182,CHAPTER 4,savages,0.03
1850359,CHAPTER 4,scraping,0.03
1850452,CHAPTER 4,seated,0.03
1850515,CHAPTER 4,seen,0.03
1850568,CHAPTER 4,sending,0.03
1850666,CHAPTER 4,settle,0.03
1850814,CHAPTER 4,sheets,0.03
1850877,CHAPTER 4,shirt,0.03
1850887,CHAPTER 4,shock,0.03
1850897,CHAPTER 4,shook,0.03
1851064,CHAPTER 4,signs,0.03
1851069,CHAPTER 4,silent,0.03
1851280,CHAPTER 4,sleeves,0.03
1851302,CHAPTER 4,slight,0.03
1851372,CHAPTER 4,small,0.03
1851523,CHAPTER 4,softly,0.03
1851608,CHAPTER 4,soon,0.03
1851641,CHAPTER 4,sought,0.03
1851654,CHAPTER 4,sounds,0.03
1851765,CHAPTER 4,spell,0.03
1851991,CHAPTER 4,staff,0.03
1851993,CHAPTER 4,stage,0.03
1852007,CHAPTER 4,stairs,0.03
1852050,CHAPTER 4,staring,0.03
1852138,CHAPTER 4,steel,0.03
1852193,CHAPTER 4,stiff,0.03
1852232,CHAPTER 4,stock,0.03
1852319,CHAPTER 4,strange,0.03
1852347,CHAPTER 4,street,0.03
1852348,CHAPTER 4,streets,0.03
1852379,CHAPTER 4,strip,0.03
1852408,CHAPTER 4,strove,0.03
1852517,CHAPTER 4,subsequent,0.03
1852565,CHAPTER 4,succeeded,0.03
1852920,CHAPTER 4,sweep,0.03
1853020,CHAPTER 4,table,0.03
1853074,CHAPTER 4,tall,0.03
1853155,CHAPTER 4,tattooed,0.03
1853397,CHAPTER 4,think,0.03
1853433,CHAPTER 4,thought,0.03
1853465,CHAPTER 4,threw,0.03
1853494,CHAPTER 4,throwing,0.03
1853735,CHAPTER 4,tormented,0.03
1853891,CHAPTER 4,transition,0.03
1853952,CHAPTER 4,treated,0.03
1854008,CHAPTER 4,tried,0.03
1854071,CHAPTER 4,trowsers,0.03
1854081,CHAPTER 4,truly,0.03
1854104,CHAPTER 4,trying,0.03
1854179,CHAPTER 4,twain,0.03
1854468,CHAPTER 4,understand,0.03
1854690,CHAPTER 4,unimaginable,0.03
1855083,CHAPTER 4,unusual,0.03
1855188,CHAPTER 4,using,0.03
1855328,CHAPTER 4,vengeance,0.03
1855453,CHAPTER 4,vigorous,0.03
1855500,CHAPTER 4,violent,0.03
1855570,CHAPTER 4,voices,0.03
1855689,CHAPTER 4,wall,0.03
1855809,CHAPTER 4,water,0.03
1855838,CHAPTER 4,ways,0.03
1855894,CHAPTER 4,weeks,0.03
1855906,CHAPTER 4,weight,0.03
1856089,CHAPTER 4,wife,0.03
1856315,CHAPTER 4,worth,0.03
1856372,CHAPTER 4,wrinkled,0.03
1856464,CHAPTER 4,year,0.03
1831405,CHAPTER 4,alive,0.02
1831485,CHAPTER 4,altogether,0.02
1831674,CHAPTER 4,answer,0.02
1831954,CHAPTER 4,arms,0.02
1832053,CHAPTER 4,aside,0.02
1832742,CHAPTER 4,began,0.02
1832931,CHAPTER 4,better,0.02
1833618,CHAPTER 4,broken,0.02
1834272,CHAPTER 4,certain,0.02
1834646,CHAPTER 4,circumstances,0.02
1834960,CHAPTER 4,cold,0.02
1836210,CHAPTER 4,curious,0.02
1836262,CHAPTER 4,cutting,0.02
1836368,CHAPTER 4,darkness,0.02
1836437,CHAPTER 4,death,0.02
1836600,CHAPTER 4,degree,0.02
1837540,CHAPTER 4,don,0.02
1838416,CHAPTER 4,entire,0.02
1838417,CHAPTER 4,entirely,0.02
1838954,CHAPTER 4,eyeing,0.02
1838981,CHAPTER 4,fact,0.02
1839244,CHAPTER 4,fellow,0.02
1839379,CHAPTER 4,fine,0.02
1839445,CHAPTER 4,fixed,0.02
1839799,CHAPTER 4,form,0.02
1840219,CHAPTER 4,gave,0.02
1840511,CHAPTER 4,going,0.02
1840975,CHAPTER 4,hands,0.02
1841025,CHAPTER 4,hardly,0.02
1841125,CHAPTER 4,having,0.02
1841145,CHAPTER 4,head,0.02
1841273,CHAPTER 4,help,0.02
1841560,CHAPTER 4,hope,0.02
1841629,CHAPTER 4,hour,0.02
1841731,CHAPTER 4,hung,0.02
1842633,CHAPTER 4,instantly,0.02
1843360,CHAPTER 4,kill,0.02
1843420,CHAPTER 4,knew,0.02
1843448,CHAPTER 4,know,0.02
1843732,CHAPTER 4,leaving,0.02
1843785,CHAPTER 4,legs,0.02
1843882,CHAPTER 4,lie,0.02
1843902,CHAPTER 4,light,0.02
1844119,CHAPTER 4,long,0.02
1844132,CHAPTER 4,looked,0.02
1844137,CHAPTER 4,looking,0.02
1844175,CHAPTER 4,lost,0.02
1844505,CHAPTER 4,man,0.02
1844556,CHAPTER 4,manner,0.02
1845055,CHAPTER 4,mind,0.02
1845678,CHAPTER 4,nay,0.02
1845828,CHAPTER 4,night,0.02
1846290,CHAPTER 4,order,0.02
1846777,CHAPTER 4,parts,0.02
1847421,CHAPTER 4,placed,0.02
1847438,CHAPTER 4,plain,0.02
1848039,CHAPTER 4,pretty,0.02
1848049,CHAPTER 4,previous,0.02
1849472,CHAPTER 4,rest,0.02
1849962,CHAPTER 4,running,0.02
1850145,CHAPTER 4,sat,0.02
1850206,CHAPTER 4,say,0.02
1850771,CHAPTER 4,sharp,0.02
1851119,CHAPTER 4,single,0.02
1851646,CHAPTER 4,sound,0.02
1852031,CHAPTER 4,stand,0.02
1852300,CHAPTER 4,straight,0.02
1852772,CHAPTER 4,suppose,0.02
1853059,CHAPTER 4,takes,0.02
1853060,CHAPTER 4,taking,0.02
1853402,CHAPTER 4,thinking,0.02
1853575,CHAPTER 4,times,0.02
1853776,CHAPTER 4,touching,0.02
1854098,CHAPTER 4,truth,0.02
1854103,CHAPTER 4,try,0.02
1855275,CHAPTER 4,various,0.02
1855445,CHAPTER 4,view,0.02
1855675,CHAPTER 4,wake,0.02
1855926,CHAPTER 4,went,0.02
1856258,CHAPTER 4,wooden,0.02
1856280,CHAPTER 4,work,0.02
1840523,CHAPTER 4,good,0.01
1840918,CHAPTER 4,half,0.01
1843821,CHAPTER 4,let,0.01
1849864,CHAPTER 4,round,0.01
1850419,CHAPTER 4,sea,0.01
1851634,CHAPTER 4,sort,0.01
1856291,CHAPTER 4,world,0.01
