,chapter,term,tfidf
213474,CHAPTER 106,ahab,0.2
213751,CHAPTER 106,ancestry,0.12
216314,CHAPTER 106,casualty,0.12
225187,CHAPTER 106,ivory,0.12
225915,CHAPTER 106,leg,0.12
227279,CHAPTER 106,miseries,0.12
229929,CHAPTER 106,posterity,0.11
231057,CHAPTER 106,received,0.11
213937,CHAPTER 106,appeared,0.1
220575,CHAPTER 106,entirely,0.1
220640,CHAPTER 106,equally,0.1
214902,CHAPTER 106,beget,0.09
219168,CHAPTER 106,did,0.09
222537,CHAPTER 106,glad,0.09
235392,CHAPTER 106,temporary,0.09
216220,CHAPTER 106,careful,0.08
216244,CHAPTER 106,carpenter,0.08
218697,CHAPTER 106,deeper,0.08
220042,CHAPTER 106,earthly,0.08
224944,CHAPTER 106,interval,0.08
225381,CHAPTER 106,joy,0.08
232891,CHAPTER 106,shall,0.08
216139,CHAPTER 106,canonic,0.07
216430,CHAPTER 106,certain,0.07
216651,CHAPTER 106,childlessness,0.07
216768,CHAPTER 106,circle,0.07
216905,CHAPTER 106,clearest,0.07
217655,CHAPTER 106,conspired,0.07
218431,CHAPTER 106,cymballing,0.07
218686,CHAPTER 106,deduction,0.07
220501,CHAPTER 106,enjoyments,0.07
221435,CHAPTER 106,fertilely,0.07
221600,CHAPTER 106,fittings,0.07
222662,CHAPTER 106,gods,0.07
222904,CHAPTER 106,groin,0.07
223360,CHAPTER 106,heartwoes,0.07
223565,CHAPTER 106,hint,0.07
224525,CHAPTER 106,inequality,0.07
226901,CHAPTER 106,matter,0.07
229192,CHAPTER 106,pequod,0.07
229271,CHAPTER 106,perpetuates,0.07
229358,CHAPTER 106,pettiness,0.07
230056,CHAPTER 106,precipitating,0.07
230233,CHAPTER 106,primogenitures,0.07
230360,CHAPTER 106,progressive,0.07
231096,CHAPTER 106,recluseness,0.07
231351,CHAPTER 106,remained,0.07
232200,CHAPTER 106,sailing,0.07
233209,CHAPTER 106,signers,0.07
233759,CHAPTER 106,songster,0.07
233816,CHAPTER 106,sourceless,0.07
234599,CHAPTER 106,studs,0.07
235164,CHAPTER 106,synod,0.07
235676,CHAPTER 106,thwart,0.07
236066,CHAPTER 106,transpire,0.07
236429,CHAPTER 106,unaccounted,0.07
237145,CHAPTER 106,unsignifying,0.07
213080,CHAPTER 106,accelerate,0.06
213137,CHAPTER 106,accumulated,0.06
213232,CHAPTER 106,adequate,0.06
213460,CHAPTER 106,agonizing,0.06
213666,CHAPTER 106,ambiguous,0.06
213734,CHAPTER 106,analysis,0.06
214033,CHAPTER 106,archangelic,0.06
214657,CHAPTER 106,banned,0.06
214950,CHAPTER 106,belie,0.06
215811,CHAPTER 106,bruited,0.06
218360,CHAPTER 106,cured,0.06
218689,CHAPTER 106,deem,0.06
218769,CHAPTER 106,delay,0.06
219217,CHAPTER 106,diligent,0.06
219317,CHAPTER 106,disclosed,0.06
219484,CHAPTER 106,displaced,0.06
219626,CHAPTER 106,divulged,0.06
220424,CHAPTER 106,enderby,0.06
220895,CHAPTER 106,exclusiveness,0.06
221021,CHAPTER 106,explanatory,0.06
221155,CHAPTER 106,failed,0.06
221392,CHAPTER 106,felicities,0.06
221394,CHAPTER 106,felicity,0.06
221930,CHAPTER 106,forge,0.06
221942,CHAPTER 106,forging,0.06
222201,CHAPTER 106,functionary,0.06
222403,CHAPTER 106,genealogies,0.06
222751,CHAPTER 106,grained,0.06
222870,CHAPTER 106,griefs,0.06
222931,CHAPTER 106,grove,0.06
223996,CHAPTER 106,idleness,0.06
224516,CHAPTER 106,ineffaceable,0.06
224600,CHAPTER 106,inflexibly,0.06
224744,CHAPTER 106,insensible,0.06
225342,CHAPTER 106,joists,0.06
225678,CHAPTER 106,lama,0.06
226451,CHAPTER 106,lusty,0.06
226628,CHAPTER 106,making,0.06
226807,CHAPTER 106,marsh,0.06
227288,CHAPTER 106,mishap,0.06
227467,CHAPTER 106,moodily,0.06
227475,CHAPTER 106,moons,0.06
227519,CHAPTER 106,mortal,0.06
227617,CHAPTER 106,muffle,0.06
228933,CHAPTER 106,partook,0.06
229776,CHAPTER 106,poisonous,0.06
229950,CHAPTER 106,potentates,0.06
230236,CHAPTER 106,princes,0.06
230280,CHAPTER 106,procedures,0.06
230356,CHAPTER 106,progeny,0.06
230404,CHAPTER 106,prone,0.06
230501,CHAPTER 106,provide,0.06
231023,CHAPTER 106,reason,0.06
231086,CHAPTER 106,recklessness,0.06
231507,CHAPTER 106,reptile,0.06
231710,CHAPTER 106,revelation,0.06
232256,CHAPTER 106,samuel,0.06
232700,CHAPTER 106,selection,0.06
232723,CHAPTER 106,senate,0.06
234016,CHAPTER 106,splintering,0.06
234166,CHAPTER 106,stake,0.06
234181,CHAPTER 106,stamp,0.06
234446,CHAPTER 106,stoutest,0.06
234842,CHAPTER 106,suns,0.06
235086,CHAPTER 106,sweetest,0.06
235336,CHAPTER 106,teachings,0.06
235553,CHAPTER 106,thing,0.06
235966,CHAPTER 106,tracings,0.06
235986,CHAPTER 106,trail,0.06
236254,CHAPTER 106,trustworthy,0.06
236365,CHAPTER 106,twist,0.06
236464,CHAPTER 106,unattended,0.06
236618,CHAPTER 106,underived,0.06
237274,CHAPTER 106,unwittingly,0.06
237328,CHAPTER 106,urgent,0.06
237465,CHAPTER 106,vehemently,0.06
237638,CHAPTER 106,vindictive,0.06
237816,CHAPTER 106,wails,0.06
238509,CHAPTER 106,wrench,0.06
238674,CHAPTER 106,zeal,0.06
213781,CHAPTER 106,anguish,0.05
213936,CHAPTER 106,appearances,0.05
213991,CHAPTER 106,approach,0.05
214556,CHAPTER 106,bade,0.05
215166,CHAPTER 106,birth,0.05
215210,CHAPTER 106,blacksmith,0.05
216190,CHAPTER 106,captain,0.05
217359,CHAPTER 106,completed,0.05
217486,CHAPTER 106,condition,0.05
217762,CHAPTER 106,contracting,0.05
217790,CHAPTER 106,contrivances,0.05
218575,CHAPTER 106,dead,0.05
219012,CHAPTER 106,despair,0.05
219190,CHAPTER 106,difficulty,0.05
219257,CHAPTER 106,directed,0.05
219264,CHAPTER 106,direful,0.05
219577,CHAPTER 106,distrusted,0.05
220183,CHAPTER 106,elapsed,0.05
220448,CHAPTER 106,energy,0.05
220550,CHAPTER 106,enter,0.05
220744,CHAPTER 106,eternally,0.05
222266,CHAPTER 106,gaining,0.05
222762,CHAPTER 106,grandeur,0.05
222869,CHAPTER 106,grief,0.05
222983,CHAPTER 106,guilty,0.05
223227,CHAPTER 106,harvest,0.05
223294,CHAPTER 106,hay,0.05
223390,CHAPTER 106,heed,0.05
223528,CHAPTER 106,highest,0.05
224429,CHAPTER 106,independent,0.05
224531,CHAPTER 106,inevitably,0.05
224537,CHAPTER 106,inexplicable,0.05
224564,CHAPTER 106,inference,0.05
225173,CHAPTER 106,issue,0.05
225610,CHAPTER 106,knowledge,0.05
226091,CHAPTER 106,limb,0.05
226441,CHAPTER 106,lurking,0.05
227276,CHAPTER 106,miserable,0.05
227437,CHAPTER 106,monomaniac,0.05
227735,CHAPTER 106,mystery,0.05
227874,CHAPTER 106,needed,0.05
227986,CHAPTER 106,night,0.05
228449,CHAPTER 106,ordered,0.05
228922,CHAPTER 106,particulars,0.05
229128,CHAPTER 106,peleg,0.05
229319,CHAPTER 106,pertaining,0.05
229332,CHAPTER 106,pervading,0.05
229454,CHAPTER 106,pierced,0.05
229571,CHAPTER 106,pivot,0.05
229914,CHAPTER 106,possessed,0.05
230141,CHAPTER 106,present,0.05
230247,CHAPTER 106,prior,0.05
230261,CHAPTER 106,privilege,0.05
230420,CHAPTER 106,properly,0.05
230783,CHAPTER 106,quitted,0.05
231221,CHAPTER 106,refuge,0.05
232172,CHAPTER 106,sad,0.05
232670,CHAPTER 106,seemingly,0.05
232818,CHAPTER 106,set,0.05
232883,CHAPTER 106,shaken,0.05
233045,CHAPTER 106,shock,0.05
233211,CHAPTER 106,significance,0.05
233560,CHAPTER 106,smitten,0.05
233786,CHAPTER 106,sorrow,0.05
233917,CHAPTER 106,speechless,0.05
233992,CHAPTER 106,spirits,0.05
234314,CHAPTER 106,steersman,0.05
234754,CHAPTER 106,suffering,0.05
235734,CHAPTER 106,timid,0.05
236848,CHAPTER 106,unimaginable,0.05
237657,CHAPTER 106,violence,0.05
237659,CHAPTER 106,violently,0.05
238129,CHAPTER 106,wheeled,0.05
213223,CHAPTER 106,additional,0.04
213358,CHAPTER 106,affair,0.04
216256,CHAPTER 106,carries,0.04
216653,CHAPTER 106,children,0.04
217231,CHAPTER 106,command,0.04
217232,CHAPTER 106,commanded,0.04
217628,CHAPTER 106,considerable,0.04
217773,CHAPTER 106,contrary,0.04
218526,CHAPTER 106,darkness,0.04
218656,CHAPTER 106,decks,0.04
219256,CHAPTER 106,direct,0.04
219877,CHAPTER 106,dropping,0.04
220790,CHAPTER 106,events,0.04
221094,CHAPTER 106,extreme,0.04
221236,CHAPTER 106,far,0.04
221830,CHAPTER 106,followed,0.04
222811,CHAPTER 106,grave,0.04
223422,CHAPTER 106,hell,0.04
223513,CHAPTER 106,hidden,0.04
223566,CHAPTER 106,hinted,0.04
223626,CHAPTER 106,hoisted,0.04
225041,CHAPTER 106,invested,0.04
226061,CHAPTER 106,lighted,0.04
226270,CHAPTER 106,london,0.04
226493,CHAPTER 106,lying,0.04
226524,CHAPTER 106,mad,0.04
226752,CHAPTER 106,marble,0.04
226888,CHAPTER 106,mates,0.04
227736,CHAPTER 106,mystic,0.04
227815,CHAPTER 106,naturally,0.04
227883,CHAPTER 106,needs,0.04
228239,CHAPTER 106,obvious,0.04
228452,CHAPTER 106,orders,0.04
228928,CHAPTER 106,partly,0.04
229237,CHAPTER 106,period,0.04
229295,CHAPTER 106,person,0.04
229997,CHAPTER 106,practical,0.04
230281,CHAPTER 106,proceed,0.04
231352,CHAPTER 106,remaining,0.04
232628,CHAPTER 106,secret,0.04
232642,CHAPTER 106,secured,0.04
233214,CHAPTER 106,significant,0.04
233530,CHAPTER 106,small,0.04
233674,CHAPTER 106,soft,0.04
233799,CHAPTER 106,sought,0.04
234312,CHAPTER 106,steering,0.04
234603,CHAPTER 106,stuff,0.04
234921,CHAPTER 106,supplied,0.04
235463,CHAPTER 106,terrors,0.04
235591,CHAPTER 106,thought,0.04
237127,CHAPTER 106,unseen,0.04
238329,CHAPTER 106,wise,0.04
238378,CHAPTER 106,woe,0.04
238480,CHAPTER 106,wound,0.04
238621,CHAPTER 106,yea,0.04
214206,CHAPTER 106,ashore,0.03
215445,CHAPTER 106,bone,0.03
215487,CHAPTER 106,born,0.03
215802,CHAPTER 106,brow,0.03
217446,CHAPTER 106,concerning,0.03
220574,CHAPTER 106,entire,0.03
221128,CHAPTER 106,face,0.03
222756,CHAPTER 106,grand,0.03
222923,CHAPTER 106,ground,0.03
223283,CHAPTER 106,having,0.03
223638,CHAPTER 106,hole,0.03
225106,CHAPTER 106,iron,0.03
225243,CHAPTER 106,jaw,0.03
225527,CHAPTER 106,kind,0.03
225698,CHAPTER 106,land,0.03
225828,CHAPTER 106,lay,0.03
226060,CHAPTER 106,light,0.03
226078,CHAPTER 106,like,0.03
226714,CHAPTER 106,manner,0.03
226777,CHAPTER 106,mark,0.03
226949,CHAPTER 106,means,0.03
227213,CHAPTER 106,mind,0.03
227770,CHAPTER 106,nantucket,0.03
227812,CHAPTER 106,natural,0.03
228448,CHAPTER 106,order,0.03
229596,CHAPTER 106,plain,0.03
229599,CHAPTER 106,plainly,0.03
232022,CHAPTER 106,round,0.03
234414,CHAPTER 106,stood,0.03
235861,CHAPTER 106,took,0.03
235934,CHAPTER 106,touching,0.03
236901,CHAPTER 106,unknown,0.03
237335,CHAPTER 106,use,0.03
237774,CHAPTER 106,voyage,0.03
238394,CHAPTER 106,wonder,0.03
213491,CHAPTER 106,air,0.02
214492,CHAPTER 106,away,0.02
215381,CHAPTER 106,boat,0.02
216062,CHAPTER 106,called,0.02
216086,CHAPTER 106,came,0.02
218652,CHAPTER 106,deck,0.02
220409,CHAPTER 106,end,0.02
223076,CHAPTER 106,half,0.02
223526,CHAPTER 106,high,0.02
223630,CHAPTER 106,hold,0.02
225979,CHAPTER 106,let,0.02
226277,CHAPTER 106,long,0.02
226663,CHAPTER 106,man,0.02
227028,CHAPTER 106,men,0.02
227955,CHAPTER 106,new,0.02
233015,CHAPTER 106,ship,0.02
233933,CHAPTER 106,sperm,0.02
235719,CHAPTER 106,till,0.02
235729,CHAPTER 106,time,0.02
235733,CHAPTER 106,times,0.02
237993,CHAPTER 106,way,0.02
238101,CHAPTER 106,whale,0.02
238449,CHAPTER 106,world,0.02
