,chapter,term,tfidf
843306,CHAPTER 127,sir,0.4
827091,CHAPTER 127,coffin,0.29
845596,CHAPTER 127,thou,0.22
824162,CHAPTER 127,art,0.16
833254,CHAPTER 127,hatchway,0.14
829731,CHAPTER 127,dost,0.13
831181,CHAPTER 127,faith,0.13
843279,CHAPTER 127,sing,0.12
826250,CHAPTER 127,carpenter,0.11
826359,CHAPTER 127,caulking,0.11
829208,CHAPTER 127,digger,0.11
836658,CHAPTER 127,mallet,0.11
845683,CHAPTER 127,thy,0.11
846424,CHAPTER 127,um,0.11
825918,CHAPTER 127,buoy,0.1
829657,CHAPTER 127,does,0.1
838155,CHAPTER 127,oakum,0.1
845265,CHAPTER 127,tap,0.1
847462,CHAPTER 127,ve,0.1
848626,CHAPTER 127,ye,0.1
825500,CHAPTER 127,bosom,0.09
827093,CHAPTER 127,coffins,0.09
837153,CHAPTER 127,middle,0.09
838333,CHAPTER 127,oh,0.09
839533,CHAPTER 127,pip,0.09
846276,CHAPTER 127,tubs,0.09
830649,CHAPTER 127,equator,0.08
833199,CHAPTER 127,hark,0.08
836055,CHAPTER 127,life,0.08
843813,CHAPTER 127,sounding,0.08
843843,CHAPTER 127,spade,0.08
832668,CHAPTER 127,gods,0.07
832817,CHAPTER 127,grave,0.07
833786,CHAPTER 127,hot,0.07
836116,CHAPTER 127,line,0.07
823508,CHAPTER 127,aisle,0.06
823530,CHAPTER 127,albemarle,0.06
824139,CHAPTER 127,arrant,0.06
825127,CHAPTER 127,bier,0.06
826682,CHAPTER 127,chipping,0.06
827214,CHAPTER 127,come,0.06
827378,CHAPTER 127,complies,0.06
827501,CHAPTER 127,conduits,0.06
828123,CHAPTER 127,craters,0.06
829022,CHAPTER 127,despatch,0.06
830613,CHAPTER 127,envied,0.06
831438,CHAPTER 127,ferrule,0.06
832297,CHAPTER 127,gallipagos,0.06
832431,CHAPTER 127,genially,0.06
832669,CHAPTER 127,goes,0.06
832871,CHAPTER 127,greyheaded,0.06
833558,CHAPTER 127,himself_,0.06
834089,CHAPTER 127,immaterial,0.06
834203,CHAPTER 127,imponderable,0.06
834906,CHAPTER 127,intermeddling,0.06
837445,CHAPTER 127,monopolising,0.06
839401,CHAPTER 127,philosophies,0.06
840161,CHAPTER 127,preserver,0.06
842391,CHAPTER 127,scamp,0.06
842631,CHAPTER 127,seconds,0.06
843284,CHAPTER 127,sings,0.06
843513,CHAPTER 127,slowly,0.06
843810,CHAPTER 127,sound,0.06
844743,CHAPTER 127,suck,0.06
844750,CHAPTER 127,sudden,0.06
845315,CHAPTER 127,tat,0.06
845687,CHAPTER 127,tick,0.06
845791,CHAPTER 127,titans,0.06
846086,CHAPTER 127,traps,0.06
846642,CHAPTER 127,undertaker,0.06
846907,CHAPTER 127,unknown,0.06
848426,CHAPTER 127,woodpecker,0.06
822285,CHAPTER 127,_ahab,0.05
822857,CHAPTER 127,_the,0.05
824522,CHAPTER 127,aye,0.05
825376,CHAPTER 127,board,0.05
825923,CHAPTER 127,buoys,0.05
826756,CHAPTER 127,churchyard,0.05
826864,CHAPTER 127,clap,0.05
827908,CHAPTER 127,cork,0.05
828423,CHAPTER 127,cuts,0.05
829819,CHAPTER 127,dreaded,0.05
830416,CHAPTER 127,endangered,0.05
830893,CHAPTER 127,exclamation,0.05
831062,CHAPTER 127,expressive,0.05
832146,CHAPTER 127,frock,0.05
832327,CHAPTER 127,gangway,0.05
832368,CHAPTER 127,gate,0.05
832795,CHAPTER 127,grasping,0.05
833146,CHAPTER 127,handy,0.05
833158,CHAPTER 127,hap,0.05
833346,CHAPTER 127,hears,0.05
833372,CHAPTER 127,heathenish,0.05
833870,CHAPTER 127,hummed,0.05
834113,CHAPTER 127,immortality,0.05
835599,CHAPTER 127,knock,0.05
836043,CHAPTER 127,lid,0.05
836201,CHAPTER 127,ll,0.05
836295,CHAPTER 127,look,0.05
836629,CHAPTER 127,maker,0.05
836892,CHAPTER 127,materials,0.05
837684,CHAPTER 127,music,0.05
837685,CHAPTER 127,musical,0.05
838984,CHAPTER 127,patched,0.05
840335,CHAPTER 127,professor,0.05
840949,CHAPTER 127,rat,0.05
841659,CHAPTER 127,rests,0.05
842598,CHAPTER 127,seams,0.05
843068,CHAPTER 127,shop,0.05
843235,CHAPTER 127,silk,0.05
843608,CHAPTER 127,snatches,0.05
843967,CHAPTER 127,spin,0.05
844117,CHAPTER 127,squalls,0.05
844538,CHAPTER 127,string,0.05
845274,CHAPTER 127,tapping,0.05
845514,CHAPTER 127,thee,0.05
845527,CHAPTER 127,theoretic,0.05
845559,CHAPTER 127,thing,0.05
845979,CHAPTER 127,trades,0.05
846358,CHAPTER 127,twilight,0.05
847025,CHAPTER 127,unprincipled,0.05
847273,CHAPTER 127,unwinding,0.05
847458,CHAPTER 127,vault,0.05
847740,CHAPTER 127,volcanoes,0.05
847805,CHAPTER 127,wag,0.05
848458,CHAPTER 127,worm,0.05
823150,CHAPTER 127,accursed,0.04
824998,CHAPTER 127,bench,0.04
825101,CHAPTER 127,beware,0.04
825299,CHAPTER 127,blind,0.04
826754,CHAPTER 127,church,0.04
828568,CHAPTER 127,day,0.04
829950,CHAPTER 127,dumb,0.04
832563,CHAPTER 127,glasses,0.04
832884,CHAPTER 127,grim,0.04
833120,CHAPTER 127,hand,0.04
833339,CHAPTER 127,heard,0.04
833438,CHAPTER 127,helped,0.04
833874,CHAPTER 127,humor,0.04
834454,CHAPTER 127,indifferent,0.04
835167,CHAPTER 127,isle,0.04
835198,CHAPTER 127,jack,0.04
835662,CHAPTER 127,lad,0.04
835676,CHAPTER 127,laid,0.04
835796,CHAPTER 127,latitudes,0.04
836049,CHAPTER 127,lies,0.04
836651,CHAPTER 127,malicious,0.04
836669,CHAPTER 127,man,0.04
837826,CHAPTER 127,naught,0.04
840154,CHAPTER 127,presently,0.04
841702,CHAPTER 127,return,0.04
841836,CHAPTER 127,right,0.04
841871,CHAPTER 127,rings,0.04
841967,CHAPTER 127,roll,0.04
842743,CHAPTER 127,sense,0.04
843135,CHAPTER 127,shroud,0.04
843203,CHAPTER 127,sight,0.04
843798,CHAPTER 127,sort,0.04
843999,CHAPTER 127,spiritual,0.04
844618,CHAPTER 127,stump,0.04
845148,CHAPTER 127,symbol,0.04
845375,CHAPTER 127,tell,0.04
845500,CHAPTER 127,thank,0.04
845560,CHAPTER 127,things,0.04
845951,CHAPTER 127,tow,0.04
846125,CHAPTER 127,tree,0.04
846372,CHAPTER 127,twisted,0.04
846519,CHAPTER 127,uncertain,0.04
847586,CHAPTER 127,vice,0.04
848450,CHAPTER 127,working,0.04
848457,CHAPTER 127,worlds,0.04
848660,CHAPTER 127,yon,0.04
823417,CHAPTER 127,aft,0.03
824960,CHAPTER 127,believe,0.03
825567,CHAPTER 127,boy,0.03
825725,CHAPTER 127,bright,0.03
826013,CHAPTER 127,cabin,0.03
826271,CHAPTER 127,carry,0.03
827220,CHAPTER 127,comes,0.03
828416,CHAPTER 127,cut,0.03
828524,CHAPTER 127,dark,0.03
829174,CHAPTER 127,did,0.03
830046,CHAPTER 127,earth,0.03
831408,CHAPTER 127,fellow,0.03
831501,CHAPTER 127,fiery,0.03
831839,CHAPTER 127,following,0.03
832685,CHAPTER 127,gone,0.03
833238,CHAPTER 127,hast,0.03
833437,CHAPTER 127,help,0.03
833658,CHAPTER 127,hollow,0.03
833724,CHAPTER 127,hope,0.03
835752,CHAPTER 127,large,0.03
835921,CHAPTER 127,leg,0.03
835949,CHAPTER 127,legs,0.03
836123,CHAPTER 127,lines,0.03
836631,CHAPTER 127,makes,0.03
836634,CHAPTER 127,making,0.03
836947,CHAPTER 127,mean,0.03
837070,CHAPTER 127,mere,0.03
837614,CHAPTER 127,mr,0.03
838343,CHAPTER 127,old,0.03
838458,CHAPTER 127,orders,0.03
839585,CHAPTER 127,placed,0.03
839657,CHAPTER 127,play,0.03
840203,CHAPTER 127,pretty,0.03
840738,CHAPTER 127,queequeg,0.03
840758,CHAPTER 127,quick,0.03
841007,CHAPTER 127,real,0.03
841029,CHAPTER 127,reason,0.03
842370,CHAPTER 127,say,0.03
843207,CHAPTER 127,sign,0.03
844210,CHAPTER 127,starbuck,0.03
845233,CHAPTER 127,talk,0.03
845604,CHAPTER 127,thoughts,0.03
845684,CHAPTER 127,thyself,0.03
846324,CHAPTER 127,turning,0.03
848412,CHAPTER 127,wondrous,0.03
848422,CHAPTER 127,wooden,0.03
823480,CHAPTER 127,ahab,0.02
825007,CHAPTER 127,beneath,0.02
825410,CHAPTER 127,body,0.02
828601,CHAPTER 127,death,0.02
831242,CHAPTER 127,far,0.02
832675,CHAPTER 127,going,0.02
835985,CHAPTER 127,let,0.02
836301,CHAPTER 127,looking,0.02
838389,CHAPTER 127,open,0.02
842824,CHAPTER 127,set,0.02
844195,CHAPTER 127,stand,0.02
845561,CHAPTER 127,think,0.02
847999,CHAPTER 127,way,0.02
836084,CHAPTER 127,like,0.01
