,chapter,term,tfidf
547160,CHAPTER 117,parsee,0.28
547761,CHAPTER 117,pilot,0.18
537436,CHAPTER 117,die,0.17
541608,CHAPTER 117,hearses,0.17
538925,CHAPTER 117,ere,0.15
553854,CHAPTER 117,thou,0.15
541606,CHAPTER 117,hearse,0.14
531738,CHAPTER 117,ahab,0.13
533645,CHAPTER 117,boat,0.13
540862,CHAPTER 117,gloom,0.13
542367,CHAPTER 117,immortal,0.12
550458,CHAPTER 117,said,0.12
551155,CHAPTER 117,shall,0.12
553772,CHAPTER 117,thee,0.12
556565,CHAPTER 117,windward,0.12
544927,CHAPTER 117,man,0.11
532489,CHAPTER 117,asphaltites,0.1
533218,CHAPTER 117,believe,0.1
534710,CHAPTER 117,chafed,0.1
547947,CHAPTER 117,pledges,0.1
547986,CHAPTER 117,plumes,0.1
550841,CHAPTER 117,sea,0.1
552171,CHAPTER 117,spectrally,0.1
555042,CHAPTER 117,unforgiven,0.1
533085,CHAPTER 117,bearers,0.09
533152,CHAPTER 117,befall,0.09
534065,CHAPTER 117,brought,0.09
536248,CHAPTER 117,couldst,0.09
537212,CHAPTER 117,derision,0.09
539959,CHAPTER 117,flickering,0.09
540942,CHAPTER 117,gomorrah,0.09
541607,CHAPTER 117,hearsed,0.09
541974,CHAPTER 117,hooped,0.09
545599,CHAPTER 117,moaning,0.09
546251,CHAPTER 117,nightfall,0.09
546601,CHAPTER 117,old,0.09
547025,CHAPTER 117,pall,0.09
547916,CHAPTER 117,played,0.09
552372,CHAPTER 117,squadrons,0.09
553531,CHAPTER 117,tapped,0.09
556248,CHAPTER 117,waves,0.09
556365,CHAPTER 117,whale,0.09
532387,CHAPTER 117,arose,0.08
534642,CHAPTER 117,cedar,0.08
536514,CHAPTER 117,crouching,0.08
538083,CHAPTER 117,dreamed,0.08
539994,CHAPTER 117,flooded,0.08
540561,CHAPTER 117,gallows,0.08
540815,CHAPTER 117,glare,0.08
540881,CHAPTER 117,glossy,0.08
543962,CHAPTER 117,land,0.08
547945,CHAPTER 117,pledge,0.08
551684,CHAPTER 117,slay,0.08
551782,CHAPTER 117,slumbering,0.08
551783,CHAPTER 117,slumbers,0.08
553214,CHAPTER 117,surf,0.08
553267,CHAPTER 117,survive,0.08
555786,CHAPTER 117,verily,0.08
556073,CHAPTER 117,waif,0.08
532198,CHAPTER 117,appear,0.07
532482,CHAPTER 117,asleep,0.07
532780,CHAPTER 117,aye,0.07
534410,CHAPTER 117,canst,0.07
536442,CHAPTER 117,crew,0.07
536823,CHAPTER 117,dawn,0.07
536839,CHAPTER 117,dead,0.07
539392,CHAPTER 117,face,0.07
539896,CHAPTER 117,flank,0.07
539961,CHAPTER 117,flies,0.07
540747,CHAPTER 117,ghosts,0.07
541712,CHAPTER 117,hemp,0.07
543989,CHAPTER 117,lantern,0.07
546250,CHAPTER 117,night,0.07
551404,CHAPTER 117,shuddering,0.07
551461,CHAPTER 117,sight,0.07
553476,CHAPTER 117,tails,0.07
553983,CHAPTER 117,till,0.07
531743,CHAPTER 117,ahead,0.06
531882,CHAPTER 117,alongside,0.06
531947,CHAPTER 117,america,0.06
532152,CHAPTER 117,apart,0.06
533060,CHAPTER 117,beach,0.06
535349,CHAPTER 117,coffin,0.06
537437,CHAPTER 117,died,0.06
537800,CHAPTER 117,distant,0.06
539049,CHAPTER 117,evening,0.06
539500,CHAPTER 117,far,0.06
540093,CHAPTER 117,follow,0.06
540710,CHAPTER 117,gently,0.06
541127,CHAPTER 117,grey,0.06
541206,CHAPTER 117,grown,0.06
544057,CHAPTER 117,laugh,0.06
544176,CHAPTER 117,leeward,0.06
544325,CHAPTER 117,lighted,0.06
544342,CHAPTER 117,like,0.06
546310,CHAPTER 117,noon,0.06
549251,CHAPTER 117,reached,0.06
550937,CHAPTER 117,seen,0.06
551192,CHAPTER 117,sharks,0.06
551656,CHAPTER 117,slain,0.06
553816,CHAPTER 117,thine,0.06
553920,CHAPTER 117,thrust,0.06
554483,CHAPTER 117,troubled,0.06
555574,CHAPTER 117,upright,0.06
556226,CHAPTER 117,watching,0.06
556884,CHAPTER 117,ye,0.06
532420,CHAPTER 117,art,0.05
532557,CHAPTER 117,astern,0.05
533800,CHAPTER 117,bow,0.05
534562,CHAPTER 117,cast,0.05
537422,CHAPTER 117,dick,0.05
539982,CHAPTER 117,floating,0.05
541288,CHAPTER 117,ha,0.05
541409,CHAPTER 117,hanging,0.05
541902,CHAPTER 117,hole,0.05
543782,CHAPTER 117,kill,0.05
543783,CHAPTER 117,killed,0.05
545205,CHAPTER 117,mean,0.05
545416,CHAPTER 117,midnight,0.05
545607,CHAPTER 117,moby,0.05
545783,CHAPTER 117,mortal,0.05
547883,CHAPTER 117,planks,0.05
548048,CHAPTER 117,pole,0.05
549158,CHAPTER 117,ran,0.05
550286,CHAPTER 117,round,0.05
550567,CHAPTER 117,sat,0.05
550631,CHAPTER 117,saying,0.05
551491,CHAPTER 117,silent,0.05
551938,CHAPTER 117,soft,0.05
552068,CHAPTER 117,sound,0.05
552325,CHAPTER 117,spout,0.05
552481,CHAPTER 117,started,0.05
553942,CHAPTER 117,thyself,0.05
555944,CHAPTER 117,visible,0.05
556677,CHAPTER 117,wood,0.05
533458,CHAPTER 117,black,0.04
534022,CHAPTER 117,broad,0.04
536447,CHAPTER 117,cried,0.04
540943,CHAPTER 117,gone,0.04
544092,CHAPTER 117,lay,0.04
544324,CHAPTER 117,light,0.04
545775,CHAPTER 117,morning,0.04
546527,CHAPTER 117,ocean,0.04
546591,CHAPTER 117,oh,0.04
553941,CHAPTER 117,thy,0.04
556038,CHAPTER 117,voyage,0.04
556499,CHAPTER 117,wide,0.04
531755,CHAPTER 117,air,0.03
534350,CHAPTER 117,came,0.03
535472,CHAPTER 117,come,0.03
537432,CHAPTER 117,did,0.03
539380,CHAPTER 117,eyes,0.03
541397,CHAPTER 117,hands,0.03
545292,CHAPTER 117,men,0.03
550620,CHAPTER 117,saw,0.03
550628,CHAPTER 117,say,0.03
551279,CHAPTER 117,ship,0.03
552030,CHAPTER 117,soon,0.03
552741,CHAPTER 117,strange,0.03
556376,CHAPTER 117,whales,0.03
556713,CHAPTER 117,world,0.03
