,chapter,term,tfidf
929568,CHAPTER 130,ahab,0.27
944990,CHAPTER 130,parsee,0.23
939333,CHAPTER 130,hat,0.14
944080,CHAPTER 130,night,0.13
934746,CHAPTER 130,deck,0.12
942947,CHAPTER 130,mast,0.11
934272,CHAPTER 130,crew,0.1
934656,CHAPTER 130,day,0.1
930589,CHAPTER 130,awed,0.09
935392,CHAPTER 130,discerned,0.09
937210,CHAPTER 130,eyes,0.09
937454,CHAPTER 130,fedallah,0.09
942757,CHAPTER 130,man,0.09
948090,CHAPTER 130,rope,0.09
948664,CHAPTER 130,scuttle,0.09
948961,CHAPTER 130,shadow,0.09
950508,CHAPTER 130,stood,0.09
951371,CHAPTER 130,tarquin,0.09
954058,CHAPTER 130,watchman,0.09
937698,CHAPTER 130,fixedly,0.08
938640,CHAPTER 130,glance,0.08
939381,CHAPTER 130,hawk,0.08
943425,CHAPTER 130,mizen,0.08
950298,CHAPTER 130,starbuck,0.08
930848,CHAPTER 130,basket,0.07
932252,CHAPTER 130,cap,0.07
932392,CHAPTER 130,cast,0.07
933752,CHAPTER 130,constant,0.07
939397,CHAPTER 130,head,0.07
939883,CHAPTER 130,hours,0.07
945594,CHAPTER 130,pin,0.07
948116,CHAPTER 130,round,0.07
950660,CHAPTER 130,strove,0.07
929711,CHAPTER 130,aloft,0.06
931095,CHAPTER 130,beneath,0.06
937202,CHAPTER 130,eye,0.06
938478,CHAPTER 130,gaze,0.06
939227,CHAPTER 130,hands,0.06
939502,CHAPTER 130,height,0.06
947879,CHAPTER 130,rib,0.06
948671,CHAPTER 130,sea,0.06
949371,CHAPTER 130,single,0.06
949817,CHAPTER 130,solid,0.06
953221,CHAPTER 130,unseen,0.06
954048,CHAPTER 130,watch,0.06
954347,CHAPTER 130,wild,0.06
929310,CHAPTER 130,added,0.05
929585,CHAPTER 130,air,0.05
932942,CHAPTER 130,clamped,0.05
933331,CHAPTER 130,commandingly,0.05
933561,CHAPTER 130,concurred,0.05
934625,CHAPTER 130,darted,0.05
935835,CHAPTER 130,doubt,0.05
936503,CHAPTER 130,end,0.05
936528,CHAPTER 130,ends,0.05
937783,CHAPTER 130,flew,0.05
937947,CHAPTER 130,foothold,0.05
938016,CHAPTER 130,forethrown,0.05
939720,CHAPTER 130,hoisted,0.05
940452,CHAPTER 130,incommodiously,0.05
942611,CHAPTER 130,machines,0.05
942995,CHAPTER 130,matter,0.05
943276,CHAPTER 130,miles,0.05
943334,CHAPTER 130,minutes,0.05
943906,CHAPTER 130,natural,0.05
945389,CHAPTER 130,person,0.05
945713,CHAPTER 130,planks,0.05
946513,CHAPTER 130,proper,0.05
947102,CHAPTER 130,really,0.05
947922,CHAPTER 130,rigging,0.05
949291,CHAPTER 130,sight,0.05
949389,CHAPTER 130,sinning,0.05
949549,CHAPTER 130,slided,0.05
949556,CHAPTER 130,slightest,0.05
949845,CHAPTER 130,somewhat,0.05
949897,CHAPTER 130,souls,0.05
950075,CHAPTER 130,spiralized,0.05
950150,CHAPTER 130,spot,0.05
950183,CHAPTER 130,sprout,0.05
950289,CHAPTER 130,standing,0.05
950412,CHAPTER 130,step,0.05
950779,CHAPTER 130,substance,0.05
951340,CHAPTER 130,tanaquil,0.05
951823,CHAPTER 130,time,0.05
951827,CHAPTER 130,times,0.05
952791,CHAPTER 130,unearthed,0.05
953003,CHAPTER 130,unless,0.05
953055,CHAPTER 130,unmomentous,0.05
953226,CHAPTER 130,unsetting,0.05
953321,CHAPTER 130,untrackably,0.05
954060,CHAPTER 130,watchmen,0.05
929048,CHAPTER 130,abandoned,0.04
929285,CHAPTER 130,actions,0.04
929403,CHAPTER 130,adrift,0.04
930226,CHAPTER 130,arranging,0.04
930403,CHAPTER 130,asunder,0.04
930405,CHAPTER 130,ate,0.04
930431,CHAPTER 130,attaching,0.04
930849,CHAPTER 130,basketed,0.04
930897,CHAPTER 130,beads,0.04
930908,CHAPTER 130,beard,0.04
931229,CHAPTER 130,billed,0.04
931288,CHAPTER 130,black,0.04
931434,CHAPTER 130,blown,0.04
931496,CHAPTER 130,bodings,0.04
931642,CHAPTER 130,bowlines,0.04
932101,CHAPTER 130,cabin,0.04
932319,CHAPTER 130,carelessness,0.04
932469,CHAPTER 130,ceaseless,0.04
932681,CHAPTER 130,check,0.04
932866,CHAPTER 130,circlings,0.04
933871,CHAPTER 130,contrastingly,0.04
934374,CHAPTER 130,cruise,0.04
934619,CHAPTER 130,darkly,0.04
934661,CHAPTER 130,days,0.04
934744,CHAPTER 130,decision,0.04
934933,CHAPTER 130,demoniac,0.04
935126,CHAPTER 130,despot,0.04
935217,CHAPTER 130,dew,0.04
935262,CHAPTER 130,did,0.04
935374,CHAPTER 130,disappearance,0.04
935671,CHAPTER 130,distrusted,0.04
935672,CHAPTER 130,distrustful,0.04
935706,CHAPTER 130,dividing,0.04
935783,CHAPTER 130,domineered,0.04
935832,CHAPTER 130,doubloon,0.04
935841,CHAPTER 130,doubts,0.04
936012,CHAPTER 130,dubious,0.04
936040,CHAPTER 130,dumbly,0.04
936117,CHAPTER 130,eagle,0.04
936196,CHAPTER 130,eddying,0.04
937063,CHAPTER 130,expanded,0.04
937147,CHAPTER 130,expressing,0.04
937258,CHAPTER 130,faintest,0.04
937272,CHAPTER 130,faithfulness,0.04
937330,CHAPTER 130,far,0.04
937362,CHAPTER 130,fasten,0.04
937366,CHAPTER 130,fastenings,0.04
937380,CHAPTER 130,fatality,0.04
937458,CHAPTER 130,feeble,0.04
937573,CHAPTER 130,fidelity,0.04
937910,CHAPTER 130,fold,0.04
938005,CHAPTER 130,foreshadowing,0.04
938656,CHAPTER 130,gleamed,0.04
938677,CHAPTER 130,glimmering,0.04
938696,CHAPTER 130,gloomy,0.04
938726,CHAPTER 130,gnarled,0.04
939082,CHAPTER 130,gulf,0.04
939208,CHAPTER 130,hand,0.04
939383,CHAPTER 130,hawks,0.04
939409,CHAPTER 130,heads,0.04
939800,CHAPTER 130,hooked,0.04
939881,CHAPTER 130,hour,0.04
939882,CHAPTER 130,hourly,0.04
940094,CHAPTER 130,idly,0.04
940541,CHAPTER 130,indifference,0.04
940696,CHAPTER 130,inflicted,0.04
940967,CHAPTER 130,interchange,0.04
940999,CHAPTER 130,intermission,0.04
941200,CHAPTER 130,iron,0.04
941948,CHAPTER 130,leaf,0.04
942197,CHAPTER 130,limits,0.04
942274,CHAPTER 130,livelong,0.04
942371,CHAPTER 130,long,0.04
942374,CHAPTER 130,longest,0.04
942379,CHAPTER 130,longitude,0.04
942384,CHAPTER 130,looked,0.04
942696,CHAPTER 130,main,0.04
943018,CHAPTER 130,maze,0.04
943032,CHAPTER 130,meals,0.04
943090,CHAPTER 130,meetings,0.04
943380,CHAPTER 130,misgivings,0.04
943619,CHAPTER 130,mortar,0.04
944023,CHAPTER 130,nest,0.04
944431,CHAPTER 130,old,0.04
944446,CHAPTER 130,omen,0.04
944480,CHAPTER 130,openly,0.04
944506,CHAPTER 130,oppose,0.04
944721,CHAPTER 130,overlook,0.04
945299,CHAPTER 130,perched,0.04
945339,CHAPTER 130,perished,0.04
945551,CHAPTER 130,piercing,0.04
946020,CHAPTER 130,posted,0.04
946079,CHAPTER 130,powdered,0.04
946358,CHAPTER 130,prize,0.04
946378,CHAPTER 130,proceedings,0.04
946905,CHAPTER 130,rachel,0.04
947108,CHAPTER 130,reaped,0.04
947279,CHAPTER 130,reeved,0.04
947307,CHAPTER 130,refrained,0.04
947399,CHAPTER 130,relations,0.04
947442,CHAPTER 130,relying,0.04
947498,CHAPTER 130,removing,0.04
947556,CHAPTER 130,replace,0.04
947559,CHAPTER 130,replacing,0.04
947735,CHAPTER 130,restored,0.04
948069,CHAPTER 130,rome,0.04
948089,CHAPTER 130,roots,0.04
948247,CHAPTER 130,sable,0.04
948281,CHAPTER 130,sagaciously,0.04
948298,CHAPTER 130,sailor,0.04
948481,CHAPTER 130,scan,0.04
948489,CHAPTER 130,scanning,0.04
948620,CHAPTER 130,scream,0.04
948728,CHAPTER 130,secretly,0.04
948737,CHAPTER 130,securely,0.04
948767,CHAPTER 130,seen,0.04
948790,CHAPTER 130,select,0.04
948925,CHAPTER 130,settling,0.04
949023,CHAPTER 130,sharp,0.04
949050,CHAPTER 130,sheaved,0.04
949236,CHAPTER 130,shudderings,0.04
949242,CHAPTER 130,shunning,0.04
949261,CHAPTER 130,sicilian,0.04
949279,CHAPTER 130,siding,0.04
949386,CHAPTER 130,sinned,0.04
949394,CHAPTER 130,sir,0.04
949514,CHAPTER 130,slay,0.04
949594,CHAPTER 130,slouching,0.04
949609,CHAPTER 130,slumber,0.04
949641,CHAPTER 130,smile,0.04
949880,CHAPTER 130,sorrow,0.04
949965,CHAPTER 130,speak,0.04
950296,CHAPTER 130,star,0.04
950306,CHAPTER 130,starlight,0.04
950573,CHAPTER 130,strangeness,0.04
950615,CHAPTER 130,strict,0.04
950674,CHAPTER 130,stubb,0.04
950762,CHAPTER 130,subordinates,0.04
950825,CHAPTER 130,successive,0.04
950845,CHAPTER 130,sufferable,0.04
950939,CHAPTER 130,sunshine,0.04
951117,CHAPTER 130,suspicions,0.04
951122,CHAPTER 130,sustained,0.04
951124,CHAPTER 130,sustains,0.04
951223,CHAPTER 130,swooping,0.04
951989,CHAPTER 130,tormenting,0.04
952227,CHAPTER 130,tremulous,0.04
952446,CHAPTER 130,twilight,0.04
952490,CHAPTER 130,tyrant,0.04
952747,CHAPTER 130,undeviating,0.04
952820,CHAPTER 130,unerringly,0.04
952920,CHAPTER 130,unheeded,0.04
953118,CHAPTER 130,unprovided,0.04
953510,CHAPTER 130,vanished,0.04
953527,CHAPTER 130,various,0.04
953592,CHAPTER 130,ventured,0.04
953597,CHAPTER 130,verbal,0.04
953601,CHAPTER 130,verbally,0.04
953818,CHAPTER 130,voice,0.04
953959,CHAPTER 130,wan,0.04
954178,CHAPTER 130,went,0.04
954225,CHAPTER 130,wheeling,0.04
954329,CHAPTER 130,wide,0.04
954348,CHAPTER 130,wilderness,0.04
954366,CHAPTER 130,willingly,0.04
954527,CHAPTER 130,word,0.04
954744,CHAPTER 130,yoked,0.04
929125,CHAPTER 130,abroad,0.03
929227,CHAPTER 130,accounted,0.03
929294,CHAPTER 130,actually,0.03
929413,CHAPTER 130,advanced,0.03
929456,CHAPTER 130,affected,0.03
929482,CHAPTER 130,afford,0.03
929573,CHAPTER 130,ahead,0.03
929655,CHAPTER 130,alike,0.03
930088,CHAPTER 130,approaching,0.03
930152,CHAPTER 130,arctic,0.03
930588,CHAPTER 130,awe,0.03
930832,CHAPTER 130,base,0.03
931057,CHAPTER 130,bell,0.03
931257,CHAPTER 130,bird,0.03
931258,CHAPTER 130,birds,0.03
931406,CHAPTER 130,block,0.03
931737,CHAPTER 130,breakfast,0.03
932371,CHAPTER 130,carved,0.03
932506,CHAPTER 130,central,0.03
932572,CHAPTER 130,chanced,0.03
932574,CHAPTER 130,chances,0.03
932612,CHAPTER 130,charge,0.03
932649,CHAPTER 130,chased,0.03
932747,CHAPTER 130,children,0.03
932862,CHAPTER 130,circle,0.03
933045,CHAPTER 130,clinging,0.03
933065,CHAPTER 130,closed,0.03
933078,CHAPTER 130,clothes,0.03
933131,CHAPTER 130,coat,0.03
933326,CHAPTER 130,commanded,0.03
933539,CHAPTER 130,concerned,0.03
933611,CHAPTER 130,confidential,0.03
933703,CHAPTER 130,conscious,0.03
934435,CHAPTER 130,cunning,0.03
934545,CHAPTER 130,daggoo,0.03
934548,CHAPTER 130,daily,0.03
934572,CHAPTER 130,damp,0.03
934653,CHAPTER 130,dawn,0.03
934755,CHAPTER 130,declared,0.03
934793,CHAPTER 130,deeply,0.03
935279,CHAPTER 130,different,0.03
935316,CHAPTER 130,dim,0.03
935324,CHAPTER 130,dimly,0.03
935336,CHAPTER 130,dinner,0.03
935355,CHAPTER 130,directly,0.03
935375,CHAPTER 130,disappeared,0.03
935630,CHAPTER 130,distant,0.03
935855,CHAPTER 130,downward,0.03
935857,CHAPTER 130,downwards,0.03
935939,CHAPTER 130,dried,0.03
935959,CHAPTER 130,driving,0.03
936038,CHAPTER 130,dumb,0.03
936079,CHAPTER 130,dust,0.03
936490,CHAPTER 130,encountered,0.03
936924,CHAPTER 130,exactly,0.03
937254,CHAPTER 130,fain,0.03
937274,CHAPTER 130,fall,0.03
937277,CHAPTER 130,falling,0.03
937363,CHAPTER 130,fastened,0.03
937425,CHAPTER 130,fear,0.03
937434,CHAPTER 130,fears,0.03
937636,CHAPTER 130,finest,0.03
937660,CHAPTER 130,firm,0.03
937884,CHAPTER 130,fly,0.03
937897,CHAPTER 130,foe,0.03
937967,CHAPTER 130,forced,0.03
938168,CHAPTER 130,freely,0.03
938460,CHAPTER 130,gathered,0.03
938479,CHAPTER 130,gazed,0.03
938486,CHAPTER 130,gazing,0.03
938673,CHAPTER 130,gliding,0.03
938956,CHAPTER 130,grew,0.03
939028,CHAPTER 130,grow,0.03
939154,CHAPTER 130,hail,0.03
939198,CHAPTER 130,hammock,0.03
939427,CHAPTER 130,heard,0.03
939472,CHAPTER 130,heavily,0.03
939486,CHAPTER 130,heedful,0.03
939523,CHAPTER 130,helmsman,0.03
939607,CHAPTER 130,hidden,0.03
939608,CHAPTER 130,hide,0.03
939719,CHAPTER 130,hoist,0.03
939826,CHAPTER 130,horizon,0.03
939900,CHAPTER 130,hovering,0.03
939962,CHAPTER 130,humor,0.03
940523,CHAPTER 130,independent,0.03
940640,CHAPTER 130,infallibly,0.03
940830,CHAPTER 130,inscrutable,0.03
940957,CHAPTER 130,intently,0.03
941038,CHAPTER 130,interval,0.03
941134,CHAPTER 130,invest,0.03
941261,CHAPTER 130,isolated,0.03
941426,CHAPTER 130,join,0.03
941475,CHAPTER 130,joy,0.03
941566,CHAPTER 130,keel,0.03
941883,CHAPTER 130,latitude,0.03
941884,CHAPTER 130,latitudes,0.03
941959,CHAPTER 130,lean,0.03
941961,CHAPTER 130,leaned,0.03
942089,CHAPTER 130,level,0.03
942143,CHAPTER 130,life,0.03
942348,CHAPTER 130,lofty,0.03
942534,CHAPTER 130,lurked,0.03
942699,CHAPTER 130,mainmast,0.03
942807,CHAPTER 130,manned,0.03
942872,CHAPTER 130,marked,0.03
943039,CHAPTER 130,meaning,0.03
943089,CHAPTER 130,meeting,0.03
943122,CHAPTER 130,men,0.03
943246,CHAPTER 130,midnight,0.03
943330,CHAPTER 130,minute,0.03
943531,CHAPTER 130,monomaniac,0.03
943556,CHAPTER 130,months,0.03
943643,CHAPTER 130,motionless,0.03
943688,CHAPTER 130,moved,0.03
943830,CHAPTER 130,mystic,0.03
943852,CHAPTER 130,naked,0.03
943950,CHAPTER 130,necessary,0.03
944085,CHAPTER 130,nights,0.03
944793,CHAPTER 130,pacing,0.03
944811,CHAPTER 130,pagan,0.03
945000,CHAPTER 130,parted,0.03
945130,CHAPTER 130,pausing,0.03
945297,CHAPTER 130,perch,0.03
945665,CHAPTER 130,pivot,0.03
945672,CHAPTER 130,place,0.03
945877,CHAPTER 130,polar,0.03
945878,CHAPTER 130,pole,0.03
946042,CHAPTER 130,potent,0.03
946140,CHAPTER 130,preceding,0.03
946193,CHAPTER 130,preliminary,0.03
946216,CHAPTER 130,prepared,0.03
946619,CHAPTER 130,prow,0.03
946931,CHAPTER 130,rail,0.03
946949,CHAPTER 130,raise,0.03
947798,CHAPTER 130,revealed,0.03
947919,CHAPTER 130,rigged,0.03
948091,CHAPTER 130,ropes,0.03
948145,CHAPTER 130,royal,0.03
948288,CHAPTER 130,said,0.03
948450,CHAPTER 130,saw,0.03
948622,CHAPTER 130,screaming,0.03
948680,CHAPTER 130,seaman,0.03
948722,CHAPTER 130,secret,0.03
948735,CHAPTER 130,secure,0.03
948736,CHAPTER 130,secured,0.03
948760,CHAPTER 130,seeking,0.03
948820,CHAPTER 130,sending,0.03
948842,CHAPTER 130,sent,0.03
948954,CHAPTER 130,shade,0.03
949149,CHAPTER 130,shook,0.03
949510,CHAPTER 130,slave,0.03
949593,CHAPTER 130,slouched,0.03
949893,CHAPTER 130,sought,0.03
949970,CHAPTER 130,spear,0.03
949974,CHAPTER 130,special,0.03
950017,CHAPTER 130,spell,0.03
950121,CHAPTER 130,spoken,0.03
950372,CHAPTER 130,steady,0.03
950501,CHAPTER 130,stone,0.03
950571,CHAPTER 130,strange,0.03
950606,CHAPTER 130,stretch,0.03
950937,CHAPTER 130,sunset,0.03
951002,CHAPTER 130,supper,0.03
951174,CHAPTER 130,sweeping,0.03
951192,CHAPTER 130,swept,0.03
951195,CHAPTER 130,swift,0.03
951231,CHAPTER 130,swung,0.03
951388,CHAPTER 130,tashtego,0.03
951647,CHAPTER 130,thing,0.03
951718,CHAPTER 130,thrice,0.03
951984,CHAPTER 130,tore,0.03
952025,CHAPTER 130,touched,0.03
952214,CHAPTER 130,trees,0.03
952431,CHAPTER 130,twain,0.03
952607,CHAPTER 130,uncertain,0.03
952641,CHAPTER 130,uncommon,0.03
953335,CHAPTER 130,unusual,0.03
953608,CHAPTER 130,verdure,0.03
953975,CHAPTER 130,wanted,0.03
954191,CHAPTER 130,wet,0.03
954341,CHAPTER 130,wife,0.03
954399,CHAPTER 130,wing,0.03
954538,CHAPTER 130,working,0.03
954574,CHAPTER 130,wound,0.03
929412,CHAPTER 130,advance,0.02
929505,CHAPTER 130,aft,0.02
930387,CHAPTER 130,astern,0.02
930610,CHAPTER 130,aye,0.02
930994,CHAPTER 130,began,0.02
931498,CHAPTER 130,body,0.02
932180,CHAPTER 130,came,0.02
932525,CHAPTER 130,certainly,0.02
932736,CHAPTER 130,chief,0.02
932896,CHAPTER 130,circumstance,0.02
932898,CHAPTER 130,circumstances,0.02
933064,CHAPTER 130,close,0.02
934277,CHAPTER 130,cried,0.02
934787,CHAPTER 130,deep,0.02
934852,CHAPTER 130,degree,0.02
935252,CHAPTER 130,dick,0.02
936755,CHAPTER 130,ere,0.02
937479,CHAPTER 130,feet,0.02
937697,CHAPTER 130,fixed,0.02
937738,CHAPTER 130,flask,0.02
937942,CHAPTER 130,foot,0.02
938072,CHAPTER 130,forth,0.02
938471,CHAPTER 130,gave,0.02
938622,CHAPTER 130,given,0.02
938625,CHAPTER 130,giving,0.02
939017,CHAPTER 130,ground,0.02
939271,CHAPTER 130,hard,0.02
939277,CHAPTER 130,hardly,0.02
939306,CHAPTER 130,harpooneers,0.02
939659,CHAPTER 130,hint,0.02
939732,CHAPTER 130,hole,0.02
939812,CHAPTER 130,hope,0.02
939992,CHAPTER 130,hunters,0.02
940880,CHAPTER 130,instant,0.02
941039,CHAPTER 130,intervals,0.02
941636,CHAPTER 130,king,0.02
941706,CHAPTER 130,known,0.02
942172,CHAPTER 130,like,0.02
942284,CHAPTER 130,living,0.02
942412,CHAPTER 130,lord,0.02
942463,CHAPTER 130,lower,0.02
942866,CHAPTER 130,mariners,0.02
942871,CHAPTER 130,mark,0.02
942974,CHAPTER 130,mate,0.02
943437,CHAPTER 130,moby,0.02
943613,CHAPTER 130,mortal,0.02
943932,CHAPTER 130,near,0.02
943937,CHAPTER 130,nearly,0.02
944357,CHAPTER 130,ocean,0.02
944477,CHAPTER 130,open,0.02
944542,CHAPTER 130,order,0.02
945046,CHAPTER 130,passing,0.02
945693,CHAPTER 130,plainly,0.02
945856,CHAPTER 130,point,0.02
946730,CHAPTER 130,purpose,0.02
946826,CHAPTER 130,queequeg,0.02
947151,CHAPTER 130,received,0.02
947235,CHAPTER 130,red,0.02
947724,CHAPTER 130,rest,0.02
948214,CHAPTER 130,running,0.02
948397,CHAPTER 130,sat,0.02
948431,CHAPTER 130,savage,0.02
948795,CHAPTER 130,self,0.02
949119,CHAPTER 130,ships,0.02
949894,CHAPTER 130,soul,0.02
950155,CHAPTER 130,spout,0.02
950283,CHAPTER 130,stand,0.02
950552,CHAPTER 130,straight,0.02
950624,CHAPTER 130,striking,0.02
950661,CHAPTER 130,struck,0.02
950839,CHAPTER 130,suddenly,0.02
951463,CHAPTER 130,tell,0.02
951685,CHAPTER 130,thought,0.02
951693,CHAPTER 130,thousand,0.02
951771,CHAPTER 130,thy,0.02
951813,CHAPTER 130,till,0.02
953401,CHAPTER 130,upper,0.02
953541,CHAPTER 130,vast,0.02
953641,CHAPTER 130,vessel,0.02
954070,CHAPTER 130,waters,0.02
954195,CHAPTER 130,whale,0.02
954203,CHAPTER 130,whalemen,0.02
954211,CHAPTER 130,whaling,0.02
954300,CHAPTER 130,white,0.02
954500,CHAPTER 130,wondrous,0.02
930586,CHAPTER 130,away,0.01
938775,CHAPTER 130,good,0.01
938925,CHAPTER 130,great,0.01
939170,CHAPTER 130,half,0.01
942383,CHAPTER 130,look,0.01
948458,CHAPTER 130,say,0.01
949886,CHAPTER 130,sort,0.01
954087,CHAPTER 130,way,0.01
954714,CHAPTER 130,ye,0.01
