,chapter,term,tfidf
1107803,CHAPTER 14,sea,0.18
1105231,CHAPTER 14,prairie,0.15
1107493,CHAPTER 14,sand,0.14
1091325,CHAPTER 14,canada,0.13
1102997,CHAPTER 14,nantucketer,0.13
1088083,CHAPTER 14,_there_,0.12
1104849,CHAPTER 14,plant,0.12
1108251,CHAPTER 14,ships,0.12
1100384,CHAPTER 14,island,0.11
1102996,CHAPTER 14,nantucket,0.11
1099665,CHAPTER 14,indian,0.1
1102998,CHAPTER 14,nantucketers,0.1
1108279,CHAPTER 14,shoes,0.1
1090022,CHAPTER 14,beach,0.09
1096955,CHAPTER 14,flood,0.09
1100924,CHAPTER 14,land,0.09
1103491,CHAPTER 14,oceans,0.09
1113205,CHAPTER 14,watery,0.08
1113675,CHAPTER 14,world,0.08
1088771,CHAPTER 14,alexanders,0.07
1089884,CHAPTER 14,banner,0.07
1090165,CHAPTER 14,behring,0.07
1090563,CHAPTER 14,blotting,0.07
1090644,CHAPTER 14,bolder,0.07
1091480,CHAPTER 14,carried,0.07
1091696,CHAPTER 14,chamois,0.07
1092020,CHAPTER 14,circumnavigations,0.07
1095271,CHAPTER 14,earthsman,0.07
1095330,CHAPTER 14,eddystone,0.07
1095418,CHAPTER 14,elbow,0.07
1095572,CHAPTER 14,empires,0.07
1096292,CHAPTER 14,extension,0.07
1096319,CHAPTER 14,extravaganzas,0.07
1097213,CHAPTER 14,forts,0.07
1097257,CHAPTER 14,fragments,0.07
1097452,CHAPTER 14,furls,0.07
1098707,CHAPTER 14,hermits,0.07
1098761,CHAPTER 14,highwaymen,0.07
1098767,CHAPTER 14,hillock,0.07
1098776,CHAPTER 14,himmalehan,0.07
1099262,CHAPTER 14,illinois,0.07
1099424,CHAPTER 14,import,0.07
1099777,CHAPTER 14,infant,0.07
1100158,CHAPTER 14,interrupt,0.07
1100911,CHAPTER 14,lament,0.07
1100962,CHAPTER 14,laplander,0.07
1101031,CHAPTER 14,launching,0.07
1101292,CHAPTER 14,lighthouse,0.07
1101304,CHAPTER 14,like,0.07
1101744,CHAPTER 14,mackerel,0.07
1102095,CHAPTER 14,mastodon,0.07
1103167,CHAPTER 14,nets,0.07
1103380,CHAPTER 14,oasis,0.07
1103480,CHAPTER 14,occupies,0.07
1103564,CHAPTER 14,olden,0.07
1103864,CHAPTER 14,overrun,0.07
1103881,CHAPTER 14,overswarm,0.07
1103911,CHAPTER 14,owns,0.07
1104035,CHAPTER 14,panics,0.07
1104083,CHAPTER 14,parcelling,0.07
1104098,CHAPTER 14,parents,0.07
1104166,CHAPTER 14,passage,0.07
1104932,CHAPTER 14,ploughing,0.07
1104956,CHAPTER 14,plunder,0.07
1105008,CHAPTER 14,poland,0.07
1105108,CHAPTER 14,portentousness,0.07
1105482,CHAPTER 14,privateers,0.07
1105987,CHAPTER 14,quicksand,0.07
1106021,CHAPTER 14,quohogs,0.07
1109182,CHAPTER 14,spile,0.07
1110354,CHAPTER 14,swooped,0.07
1110465,CHAPTER 14,talons,0.07
1110676,CHAPTER 14,terraqueous,0.07
1110713,CHAPTER 14,texas,0.07
1110804,CHAPTER 14,thistles,0.07
1111022,CHAPTER 14,toadstools,0.07
1111202,CHAPTER 14,traditional,0.07
1111552,CHAPTER 14,turtles,0.07
1113018,CHAPTER 14,waded,0.07
1113086,CHAPTER 14,walruses,0.07
1113476,CHAPTER 14,wights,0.07
1088463,CHAPTER 14,adhering,0.06
1088853,CHAPTER 14,alps,0.06
1089062,CHAPTER 14,ant,0.06
1089471,CHAPTER 14,assaults,0.06
1089767,CHAPTER 14,background,0.06
1090211,CHAPTER 14,belted,0.06
1090928,CHAPTER 14,bridges,0.06
1091520,CHAPTER 14,casket,0.06
1091680,CHAPTER 14,chairs,0.06
1092075,CHAPTER 14,clams,0.06
1092166,CHAPTER 14,climb,0.06
1092169,CHAPTER 14,climbs,0.06
1092209,CHAPTER 14,clothed,0.06
1092288,CHAPTER 14,cocks,0.06
1092826,CHAPTER 14,conquered,0.06
1093303,CHAPTER 14,crabs,0.06
1093544,CHAPTER 14,cuba,0.06
1095039,CHAPTER 14,dreaded,0.06
1095249,CHAPTER 14,eagle,0.06
1096256,CHAPTER 14,explored,0.06
1097889,CHAPTER 14,goes,0.06
1098217,CHAPTER 14,gull,0.06
1098744,CHAPTER 14,hides,0.06
1099567,CHAPTER 14,inclosed,0.06
1099662,CHAPTER 14,india,0.06
1100402,CHAPTER 14,issuing,0.06
1100930,CHAPTER 14,landless,0.06
1101084,CHAPTER 14,leak,0.06
1101150,CHAPTER 14,legend,0.06
1101404,CHAPTER 14,livelihood,0.06
1101515,CHAPTER 14,look,0.06
1101972,CHAPTER 14,map,0.06
1102273,CHAPTER 14,mentioning,0.06
1102361,CHAPTER 14,mexico,0.06
1102795,CHAPTER 14,mountainous,0.06
1103213,CHAPTER 14,nightfall,0.06
1103894,CHAPTER 14,overwhelmed,0.06
1104338,CHAPTER 14,peeped,0.06
1104761,CHAPTER 14,pirate,0.06
1104851,CHAPTER 14,plantation,0.06
1106797,CHAPTER 14,resides,0.06
1107100,CHAPTER 14,riots,0.06
1109920,CHAPTER 14,substitute,0.06
1110230,CHAPTER 14,survived,0.06
1113273,CHAPTER 14,weeds,0.06
1088441,CHAPTER 14,add,0.05
1088909,CHAPTER 14,america,0.05
1089015,CHAPTER 14,animated,0.05
1089329,CHAPTER 14,armed,0.05
1089770,CHAPTER 14,backs,0.05
1090210,CHAPTER 14,belt,0.05
1090335,CHAPTER 14,bible,0.05
1090411,CHAPTER 14,bits,0.05
1090443,CHAPTER 14,blade,0.05
1090445,CHAPTER 14,blades,0.05
1090483,CHAPTER 14,blazing,0.05
1090714,CHAPTER 14,borne,0.05
1090731,CHAPTER 14,bottomless,0.05
1091363,CHAPTER 14,canoes,0.05
1091518,CHAPTER 14,cask,0.05
1091893,CHAPTER 14,china,0.05
1092295,CHAPTER 14,cod,0.05
1094572,CHAPTER 14,discovered,0.05
1095025,CHAPTER 14,draw,0.05
1095564,CHAPTER 14,emperors,0.05
1096023,CHAPTER 14,everlasting,0.05
1096229,CHAPTER 14,experienced,0.05
1096563,CHAPTER 14,fearless,0.05
1097046,CHAPTER 14,folds,0.05
1097536,CHAPTER 14,gamesome,0.05
1098367,CHAPTER 14,hang,0.05
1098383,CHAPTER 14,happened,0.05
1098693,CHAPTER 14,herds,0.05
1099025,CHAPTER 14,houses,0.05
1099541,CHAPTER 14,incessant,0.05
1100943,CHAPTER 14,language,0.05
1101062,CHAPTER 14,lays,0.05
1101205,CHAPTER 14,let,0.05
1101499,CHAPTER 14,lonely,0.05
1101568,CHAPTER 14,loud,0.05
1101871,CHAPTER 14,malicious,0.05
1102392,CHAPTER 14,mightiest,0.05
1102427,CHAPTER 14,millions,0.05
1102677,CHAPTER 14,monstrous,0.05
1102697,CHAPTER 14,moon,0.05
1102984,CHAPTER 14,naked,0.05
1103041,CHAPTER 14,naturally,0.05
1103060,CHAPTER 14,navy,0.05
1103236,CHAPTER 14,noah,0.05
1104058,CHAPTER 14,paper,0.05
1104702,CHAPTER 14,pile,0.05
1104720,CHAPTER 14,pillow,0.05
1104762,CHAPTER 14,pirates,0.05
1105218,CHAPTER 14,powers,0.05
1106815,CHAPTER 14,resolved,0.05
1107144,CHAPTER 14,road,0.05
1107171,CHAPTER 14,rocked,0.05
1107201,CHAPTER 14,rome,0.05
1107408,CHAPTER 14,safely,0.05
1107460,CHAPTER 14,salt,0.05
1107834,CHAPTER 14,seasons,0.05
1107951,CHAPTER 14,send,0.05
1108049,CHAPTER 14,setting,0.05
1108051,CHAPTER 14,settled,0.05
1108086,CHAPTER 14,shade,0.05
1108423,CHAPTER 14,sight,0.05
1108771,CHAPTER 14,smells,0.05
1109698,CHAPTER 14,straits,0.05
1110069,CHAPTER 14,sunset,0.05
1110217,CHAPTER 14,surrounded,0.05
1110407,CHAPTER 14,tables,0.05
1110796,CHAPTER 14,thirds,0.05
1111798,CHAPTER 14,unconscious,0.05
1112585,CHAPTER 14,utter,0.05
1113069,CHAPTER 14,walk,0.05
1113237,CHAPTER 14,wear,0.05
1113533,CHAPTER 14,wings,0.05
1113703,CHAPTER 14,worthy,0.05
1113854,CHAPTER 14,years,0.05
1089370,CHAPTER 14,arrived,0.04
1089548,CHAPTER 14,atlantic,0.04
1090369,CHAPTER 14,billows,0.04
1091425,CHAPTER 14,captured,0.04
1091872,CHAPTER 14,child,0.04
1093135,CHAPTER 14,corner,0.04
1093462,CHAPTER 14,cross,0.04
1093887,CHAPTER 14,declared,0.04
1094485,CHAPTER 14,direction,0.04
1095695,CHAPTER 14,england,0.04
1095697,CHAPTER 14,english,0.04
1096944,CHAPTER 14,floating,0.04
1097055,CHAPTER 14,follow,0.04
1097059,CHAPTER 14,following,0.04
1097364,CHAPTER 14,fro,0.04
1097820,CHAPTER 14,globe,0.04
1098017,CHAPTER 14,grass,0.04
1098160,CHAPTER 14,grow,0.04
1098168,CHAPTER 14,grown,0.04
1098766,CHAPTER 14,hill,0.04
1099124,CHAPTER 14,hunters,0.04
1100839,CHAPTER 14,knows,0.04
1101269,CHAPTER 14,lies,0.04
1101413,CHAPTER 14,lives,0.04
1102069,CHAPTER 14,mass,0.04
1102280,CHAPTER 14,merchant,0.04
1103596,CHAPTER 14,ones,0.04
1103922,CHAPTER 14,pacific,0.04
1104459,CHAPTER 14,perilous,0.04
1104676,CHAPTER 14,pieces,0.04
1105213,CHAPTER 14,power,0.04
1105884,CHAPTER 14,pushed,0.04
1106227,CHAPTER 14,real,0.04
1106367,CHAPTER 14,red,0.04
1107351,CHAPTER 14,rush,0.04
1107892,CHAPTER 14,seeking,0.04
1108290,CHAPTER 14,shore,0.04
1108375,CHAPTER 14,shut,0.04
1108558,CHAPTER 14,skeleton,0.04
1108652,CHAPTER 14,sleep,0.04
1108849,CHAPTER 14,snow,0.04
1109106,CHAPTER 14,special,0.04
1109423,CHAPTER 14,stands,0.04
1109647,CHAPTER 14,stop,0.04
1109670,CHAPTER 14,story,0.04
1109704,CHAPTER 14,strangely,0.04
1110035,CHAPTER 14,summer,0.04
1113116,CHAPTER 14,war,0.04
1113219,CHAPTER 14,way,0.04
1113639,CHAPTER 14,wood,0.04
1090612,CHAPTER 14,boats,0.03
1090713,CHAPTER 14,born,0.03
1091187,CHAPTER 14,business,0.03
1091575,CHAPTER 14,caught,0.03
1092260,CHAPTER 14,coast,0.03
1092440,CHAPTER 14,comes,0.03
1093919,CHAPTER 14,deep,0.03
1094924,CHAPTER 14,don,0.03
1096763,CHAPTER 14,fine,0.03
1098509,CHAPTER 14,having,0.03
1098887,CHAPTER 14,home,0.03
1100413,CHAPTER 14,ivory,0.03
1101416,CHAPTER 14,living,0.03
1101851,CHAPTER 14,makes,0.03
1102290,CHAPTER 14,mere,0.03
1103181,CHAPTER 14,new,0.03
1103489,CHAPTER 14,ocean,0.03
1103555,CHAPTER 14,oil,0.03
1104412,CHAPTER 14,people,0.03
1105071,CHAPTER 14,poor,0.03
1106856,CHAPTER 14,rest,0.03
1107343,CHAPTER 14,run,0.03
1107433,CHAPTER 14,sails,0.03
1107815,CHAPTER 14,seamen,0.03
1107830,CHAPTER 14,seas,0.03
1110050,CHAPTER 14,sun,0.03
1111462,CHAPTER 14,true,0.03
1112561,CHAPTER 14,use,0.03
1113202,CHAPTER 14,waters,0.03
1113210,CHAPTER 14,waves,0.03
1113461,CHAPTER 14,wide,0.03
1113620,CHAPTER 14,wonder,0.03
1113632,CHAPTER 14,wondrous,0.03
1089718,CHAPTER 14,away,0.02
1093788,CHAPTER 14,day,0.02
1094394,CHAPTER 14,did,0.02
1098057,CHAPTER 14,great,0.02
1101395,CHAPTER 14,little,0.02
1102254,CHAPTER 14,men,0.02
1107056,CHAPTER 14,right,0.02
1107248,CHAPTER 14,round,0.02
1107582,CHAPTER 14,saw,0.02
1108756,CHAPTER 14,small,0.02
1110595,CHAPTER 14,tell,0.02
1110955,CHAPTER 14,time,0.02
1110959,CHAPTER 14,times,0.02
1113338,CHAPTER 14,whales,0.02
