,chapter,term,tfidf
1530311,CHAPTER 29,queer,0.21
1534158,CHAPTER 29,stubb,0.19
1527915,CHAPTER 29,old,0.15
1513052,CHAPTER 29,ahab,0.13
1511997,CHAPTER 29,_did_,0.11
1519232,CHAPTER 29,dog,0.11
1519280,CHAPTER 29,donkey,0.11
1525656,CHAPTER 29,like,0.11
1532148,CHAPTER 29,scuttle,0.11
1515585,CHAPTER 29,cabin,0.1
1518748,CHAPTER 29,didn,0.1
1519276,CHAPTER 29,don,0.1
1521218,CHAPTER 29,flashed,0.1
1522241,CHAPTER 29,goes,0.1
1526241,CHAPTER 29,man,0.1
1532878,CHAPTER 29,sir,0.1
1514207,CHAPTER 29,band,0.09
1529595,CHAPTER 29,pray,0.09
1533004,CHAPTER 29,sleep,0.09
1516480,CHAPTER 29,clear,0.08
1518049,CHAPTER 29,damn,0.08
1518539,CHAPTER 29,descending,0.08
1519326,CHAPTER 29,dough,0.08
1522978,CHAPTER 29,heel,0.08
1523367,CHAPTER 29,hours,0.08
1525184,CHAPTER 29,know,0.08
1526604,CHAPTER 29,memory,0.08
1527569,CHAPTER 29,nights,0.08
1518145,CHAPTER 29,days,0.07
1518230,CHAPTER 29,deck,0.07
1522389,CHAPTER 29,grave,0.07
1531772,CHAPTER 29,said,0.07
1533370,CHAPTER 29,sort,0.07
1512982,CHAPTER 29,afoul,0.06
1514228,CHAPTER 29,banister,0.06
1514616,CHAPTER 29,berths,0.06
1515139,CHAPTER 29,boy,0.06
1515640,CHAPTER 29,called,0.06
1516816,CHAPTER 29,commandment,0.06
1517632,CHAPTER 29,coverlid,0.06
1517873,CHAPTER 29,crunching,0.06
1519248,CHAPTER 29,dolly,0.06
1519608,CHAPTER 29,earls,0.06
1520457,CHAPTER 29,excitedly,0.06
1521201,CHAPTER 29,flaked,0.06
1522442,CHAPTER 29,greybeards,0.06
1522468,CHAPTER 29,gripping,0.06
1522682,CHAPTER 29,hammock,0.06
1523358,CHAPTER 29,hot,0.06
1523543,CHAPTER 29,ice,0.06
1525068,CHAPTER 29,kennel,0.06
1527564,CHAPTER 29,night,0.06
1528587,CHAPTER 29,patrolling,0.06
1529169,CHAPTER 29,plaguey,0.06
1529197,CHAPTER 29,planks,0.06
1532337,CHAPTER 29,sentinelled,0.06
1532568,CHAPTER 29,sherbet,0.06
1533190,CHAPTER 29,snooze,0.06
1535133,CHAPTER 29,think,0.06
1535258,CHAPTER 29,tic,0.06
1535311,CHAPTER 29,times,0.06
1535920,CHAPTER 29,twelfth,0.06
1535931,CHAPTER 29,twilights,0.06
1536039,CHAPTER 29,unassured,0.06
1536358,CHAPTER 29,unforseen,0.06
1537571,CHAPTER 29,way,0.06
1512427,CHAPTER 29,_that,0.05
1512529,CHAPTER 29,aback,0.05
1512633,CHAPTER 29,abstained,0.05
1512999,CHAPTER 29,agencies,0.05
1513068,CHAPTER 29,aint,0.05
1513550,CHAPTER 29,appointments,0.05
1513808,CHAPTER 29,ass,0.05
1514103,CHAPTER 29,babies,0.05
1514159,CHAPTER 29,baked,0.05
1514493,CHAPTER 29,begone,0.05
1514834,CHAPTER 29,blazes,0.05
1514839,CHAPTER 29,bleached,0.05
1515268,CHAPTER 29,brick,0.05
1515941,CHAPTER 29,cautiousness,0.05
1516537,CHAPTER 29,cloaked,0.05
1516807,CHAPTER 29,coming,0.05
1517179,CHAPTER 29,conquering,0.05
1517666,CHAPTER 29,cracks,0.05
1517781,CHAPTER 29,crippled,0.05
1517890,CHAPTER 29,crystal,0.05
1517894,CHAPTER 29,crystals,0.05
1518048,CHAPTER 29,dames,0.05
1518500,CHAPTER 29,deprecating,0.05
1518749,CHAPTER 29,didst,0.05
1518813,CHAPTER 29,din,0.05
1519162,CHAPTER 29,disturbing,0.05
1519458,CHAPTER 29,dropt,0.05
1519513,CHAPTER 29,dug,0.05
1519761,CHAPTER 29,elapsed,0.05
1519807,CHAPTER 29,eleventh,0.05
1519877,CHAPTER 29,emboldened,0.05
1519891,CHAPTER 29,emerge,0.05
1520362,CHAPTER 29,eve,0.05
1520465,CHAPTER 29,exclamation,0.05
1521405,CHAPTER 29,folks,0.05
1521525,CHAPTER 29,forgot,0.05
1521705,CHAPTER 29,frightful,0.05
1522231,CHAPTER 29,goblets,0.05
1522470,CHAPTER 29,gritted,0.05
1522614,CHAPTER 29,habitually,0.05
1522908,CHAPTER 29,heaped,0.05
1523005,CHAPTER 29,helmeted,0.05
1523078,CHAPTER 29,hesitatingly,0.05
1523426,CHAPTER 29,humanity,0.05
1523452,CHAPTER 29,humorousness,0.05
1523545,CHAPTER 29,icebergs,0.05
1524051,CHAPTER 29,indistinctly,0.05
1524329,CHAPTER 29,insertion,0.05
1524670,CHAPTER 29,inward,0.05
1524765,CHAPTER 29,ivory,0.05
1524774,CHAPTER 29,jackasses,0.05
1524872,CHAPTER 29,jewelled,0.05
1524998,CHAPTER 29,juggling,0.05
1525084,CHAPTER 29,kick,0.05
1525085,CHAPTER 29,kicked,0.05
1525179,CHAPTER 29,knots,0.05
1525528,CHAPTER 29,lend,0.05
1525706,CHAPTER 29,linked,0.05
1525773,CHAPTER 29,ll,0.05
1525896,CHAPTER 29,lord,0.05
1525992,CHAPTER 29,lumber,0.05
1526495,CHAPTER 29,maybe,0.05
1526536,CHAPTER 29,measuring,0.05
1527089,CHAPTER 29,morning,0.05
1527198,CHAPTER 29,muffling,0.05
1527206,CHAPTER 29,mule,0.05
1527296,CHAPTER 29,mutter,0.05
1527567,CHAPTER 29,nightly,0.05
1527713,CHAPTER 29,nursing,0.05
1527901,CHAPTER 29,oftenest,0.05
1528171,CHAPTER 29,overbearing,0.05
1528183,CHAPTER 29,overflowing,0.05
1528392,CHAPTER 29,pans,0.05
1528533,CHAPTER 29,passionate,0.05
1528807,CHAPTER 29,perfumed,0.05
1528846,CHAPTER 29,perpetually,0.05
1529524,CHAPTER 29,potencies,0.05
1529776,CHAPTER 29,prevail,0.05
1529819,CHAPTER 29,principles,0.05
1530312,CHAPTER 29,queerest,0.05
1530350,CHAPTER 29,quietude,0.05
1530359,CHAPTER 29,quito,0.05
1530744,CHAPTER 29,redundant,0.05
1530820,CHAPTER 29,regardings,0.05
1530854,CHAPTER 29,reigns,0.05
1531266,CHAPTER 29,retreated,0.05
1531298,CHAPTER 29,reverberating,0.05
1531385,CHAPTER 29,riddles,0.05
1531436,CHAPTER 29,ringing,0.05
1531650,CHAPTER 29,rudely,0.05
1531694,CHAPTER 29,rumpled,0.05
1532054,CHAPTER 29,scornful,0.05
1532234,CHAPTER 29,seducing,0.05
1533096,CHAPTER 29,slumbering,0.05
1533097,CHAPTER 29,slumbers,0.05
1533503,CHAPTER 29,spells,0.05
1533791,CHAPTER 29,starred,0.05
1533807,CHAPTER 29,stash,0.05
1534420,CHAPTER 29,suns,0.05
1534592,CHAPTER 29,suspects,0.05
1534820,CHAPTER 29,tamely,0.05
1534939,CHAPTER 29,teeth,0.05
1534972,CHAPTER 29,temptation,0.05
1535068,CHAPTER 29,texture,0.05
1535200,CHAPTER 29,threshold,0.05
1535255,CHAPTER 29,thy,0.05
1535443,CHAPTER 29,toothache,0.05
1535895,CHAPTER 29,turned,0.05
1535916,CHAPTER 29,twas,0.05
1536829,CHAPTER 29,unwaning,0.05
1537055,CHAPTER 29,velvets,0.05
1537273,CHAPTER 29,visits,0.05
1537367,CHAPTER 29,wad,0.05
1537413,CHAPTER 29,wakeful,0.05
1537492,CHAPTER 29,warmly,0.05
1537592,CHAPTER 29,wearied,0.05
1537893,CHAPTER 29,winsome,0.05
1537922,CHAPTER 29,witcheries,0.05
1538027,CHAPTER 29,world,0.05
1538057,CHAPTER 29,wouldst,0.05
1512614,CHAPTER 29,absent,0.04
1512897,CHAPTER 29,advanced,0.04
1513796,CHAPTER 29,asleep,0.04
1513986,CHAPTER 29,aught,0.04
1513992,CHAPTER 29,august,0.04
1514032,CHAPTER 29,avast,0.04
1514053,CHAPTER 29,avoid,0.04
1514180,CHAPTER 29,ball,0.04
1514488,CHAPTER 29,begin,0.04
1514615,CHAPTER 29,berth,0.04
1515032,CHAPTER 29,bony,0.04
1515664,CHAPTER 29,came,0.04
1515709,CHAPTER 29,cannon,0.04
1515768,CHAPTER 29,captain,0.04
1515906,CHAPTER 29,catching,0.04
1516283,CHAPTER 29,choose,0.04
1516562,CHAPTER 29,clothes,0.04
1516812,CHAPTER 29,commanders,0.04
1517036,CHAPTER 29,concluding,0.04
1517183,CHAPTER 29,conscience,0.04
1517656,CHAPTER 29,crack,0.04
1518143,CHAPTER 29,daylight,0.04
1519402,CHAPTER 29,dreaming,0.04
1519404,CHAPTER 29,dreams,0.04
1520837,CHAPTER 29,fashion,0.04
1520961,CHAPTER 29,feels,0.04
1521101,CHAPTER 29,filling,0.04
1521114,CHAPTER 29,finds,0.04
1521355,CHAPTER 29,flung,0.04
1521546,CHAPTER 29,forms,0.04
1521887,CHAPTER 29,game,0.04
1522550,CHAPTER 29,guess,0.04
1522755,CHAPTER 29,hard,0.04
1522845,CHAPTER 29,haughty,0.04
1522847,CHAPTER 29,hauled,0.04
1523146,CHAPTER 29,hinting,0.04
1523208,CHAPTER 29,hold,0.04
1524662,CHAPTER 29,involuntarily,0.04
1525153,CHAPTER 29,knees,0.04
1525851,CHAPTER 29,lonely,0.04
1525912,CHAPTER 29,lot,0.04
1526183,CHAPTER 29,mainmast,0.04
1527044,CHAPTER 29,mood,0.04
1527178,CHAPTER 29,moving,0.04
1527297,CHAPTER 29,muttered,0.04
1527371,CHAPTER 29,narrow,0.04
1527605,CHAPTER 29,noise,0.04
1527606,CHAPTER 29,noiseless,0.04
1527791,CHAPTER 29,observe,0.04
1528158,CHAPTER 29,outward,0.04
1528271,CHAPTER 29,pace,0.04
1528866,CHAPTER 29,persian,0.04
1529055,CHAPTER 29,piled,0.04
1529072,CHAPTER 29,pillow,0.04
1529249,CHAPTER 29,pleased,0.04
1529562,CHAPTER 29,powder,0.04
1529796,CHAPTER 29,pride,0.04
1531058,CHAPTER 29,repose,0.04
1531408,CHAPTER 29,right,0.04
1531621,CHAPTER 29,row,0.04
1532244,CHAPTER 29,seeking,0.04
1532385,CHAPTER 29,served,0.04
1532396,CHAPTER 29,set,0.04
1532550,CHAPTER 29,sheets,0.04
1532599,CHAPTER 29,shipmates,0.04
1532710,CHAPTER 29,shrouds,0.04
1533495,CHAPTER 29,speechless,0.04
1533605,CHAPTER 29,spoken,0.04
1533796,CHAPTER 29,starting,0.04
1533812,CHAPTER 29,stately,0.04
1533892,CHAPTER 29,steersman,0.04
1533919,CHAPTER 29,steward,0.04
1534287,CHAPTER 29,subtle,0.04
1534776,CHAPTER 29,taffrail,0.04
1534950,CHAPTER 29,telling,0.04
1534951,CHAPTER 29,tells,0.04
1535140,CHAPTER 29,thinks,0.04
1535168,CHAPTER 29,thou,0.04
1535277,CHAPTER 29,tied,0.04
1535415,CHAPTER 29,tomb,0.04
1535523,CHAPTER 29,tow,0.04
1535792,CHAPTER 29,tropic,0.04
1535865,CHAPTER 29,tumbled,0.04
1536926,CHAPTER 29,usually,0.04
1537237,CHAPTER 29,violently,0.04
1537264,CHAPTER 29,visit,0.04
1537421,CHAPTER 29,walk,0.04
1537536,CHAPTER 29,watches,0.04
1538051,CHAPTER 29,worth,0.04
1538125,CHAPTER 29,wrong,0.04
1538130,CHAPTER 29,wrought,0.04
1538198,CHAPTER 29,ye,0.04
1512989,CHAPTER 29,aft,0.03
1512997,CHAPTER 29,age,0.03
1513051,CHAPTER 29,ah,0.03
1513067,CHAPTER 29,ain,0.03
1513784,CHAPTER 29,ashore,0.03
1513798,CHAPTER 29,aspect,0.03
1513871,CHAPTER 29,astern,0.03
1514431,CHAPTER 29,bed,0.03
1514916,CHAPTER 29,blow,0.03
1515023,CHAPTER 29,bone,0.03
1515065,CHAPTER 29,born,0.03
1515297,CHAPTER 29,bright,0.03
1515380,CHAPTER 29,brow,0.03
1516850,CHAPTER 29,common,0.03
1517213,CHAPTER 29,considering,0.03
1517436,CHAPTER 29,cool,0.03
1518675,CHAPTER 29,devil,0.03
1519836,CHAPTER 29,em,0.03
1520281,CHAPTER 29,especially,0.03
1520321,CHAPTER 29,eternal,0.03
1520758,CHAPTER 29,fall,0.03
1520909,CHAPTER 29,fear,0.03
1520980,CHAPTER 29,fellow,0.03
1521426,CHAPTER 29,foot,0.03
1521455,CHAPTER 29,fore,0.03
1521461,CHAPTER 29,forecastle,0.03
1522109,CHAPTER 29,giving,0.03
1522172,CHAPTER 29,globe,0.03
1522252,CHAPTER 29,golden,0.03
1522287,CHAPTER 29,got,0.03
1522959,CHAPTER 29,heavy,0.03
1523009,CHAPTER 29,help,0.03
1523144,CHAPTER 29,hinted,0.03
1523239,CHAPTER 29,home,0.03
1523898,CHAPTER 29,inches,0.03
1525105,CHAPTER 29,kind,0.03
1525351,CHAPTER 29,late,0.03
1525466,CHAPTER 29,leave,0.03
1525521,CHAPTER 29,legs,0.03
1525857,CHAPTER 29,longer,0.03
1525876,CHAPTER 29,looks,0.03
1526102,CHAPTER 29,mad,0.03
1526458,CHAPTER 29,mate,0.03
1526466,CHAPTER 29,mates,0.03
1526643,CHAPTER 29,merely,0.03
1526754,CHAPTER 29,mild,0.03
1527414,CHAPTER 29,nay,0.03
1530296,CHAPTER 29,quarter,0.03
1531542,CHAPTER 29,rolling,0.03
1531574,CHAPTER 29,rope,0.03
1531579,CHAPTER 29,rose,0.03
1531776,CHAPTER 29,sailed,0.03
1531942,CHAPTER 29,say,0.03
1532155,CHAPTER 29,sea,0.03
1532506,CHAPTER 29,sharks,0.03
1532657,CHAPTER 29,shot,0.03
1532805,CHAPTER 29,silent,0.03
1533009,CHAPTER 29,sleeping,0.03
1533201,CHAPTER 29,snow,0.03
1533452,CHAPTER 29,speaking,0.03
1533659,CHAPTER 29,spring,0.03
1533856,CHAPTER 29,steady,0.03
1533896,CHAPTER 29,step,0.03
1533999,CHAPTER 29,stop,0.03
1534106,CHAPTER 29,strike,0.03
1534323,CHAPTER 29,suddenly,0.03
1534524,CHAPTER 29,sure,0.03
1534794,CHAPTER 29,taken,0.03
1535041,CHAPTER 29,terrors,0.03
1535508,CHAPTER 29,touch,0.03
1535817,CHAPTER 29,truly,0.03
1536913,CHAPTER 29,use,0.03
1536914,CHAPTER 29,used,0.03
1537532,CHAPTER 29,watch,0.03
1537574,CHAPTER 29,ways,0.03
1537603,CHAPTER 29,weather,0.03
1537972,CHAPTER 29,wonder,0.03
1538039,CHAPTER 29,worse,0.03
1513069,CHAPTER 29,air,0.02
1514070,CHAPTER 29,away,0.02
1514094,CHAPTER 29,aye,0.02
1516008,CHAPTER 29,certain,0.02
1516786,CHAPTER 29,come,0.02
1518140,CHAPTER 29,day,0.02
1518173,CHAPTER 29,death,0.02
1518271,CHAPTER 29,deep,0.02
1518746,CHAPTER 29,did,0.02
1520239,CHAPTER 29,ere,0.02
1520694,CHAPTER 29,eyes,0.02
1522247,CHAPTER 29,going,0.02
1522654,CHAPTER 29,half,0.02
1524684,CHAPTER 29,iron,0.02
1525627,CHAPTER 29,life,0.02
1525752,CHAPTER 29,live,0.02
1526479,CHAPTER 29,matter,0.02
1526791,CHAPTER 29,mind,0.02
1526983,CHAPTER 29,moment,0.02
1527533,CHAPTER 29,new,0.02
1527961,CHAPTER 29,open,0.02
1528770,CHAPTER 29,pequod,0.02
1529156,CHAPTER 29,place,0.02
1531784,CHAPTER 29,sailors,0.02
1532199,CHAPTER 29,second,0.02
1533378,CHAPTER 29,soul,0.02
1533767,CHAPTER 29,stand,0.02
1534947,CHAPTER 29,tell,0.02
1535086,CHAPTER 29,thee,0.02
1535131,CHAPTER 29,thing,0.02
1535132,CHAPTER 29,things,0.02
1535169,CHAPTER 29,thought,0.02
1537545,CHAPTER 29,water,0.02
1537662,CHAPTER 29,went,0.02
1538219,CHAPTER 29,yes,0.02
1525855,CHAPTER 29,long,0.01
1532593,CHAPTER 29,ship,0.01
1535307,CHAPTER 29,time,0.01
