,chapter,term,tfidf
2100697,CHAPTER 49,considering,0.25
2110670,CHAPTER 49,mr,0.17
2108405,CHAPTER 49,joke,0.16
2117196,CHAPTER 49,squint,0.13
2102351,CHAPTER 49,disaster,0.12
2117266,CHAPTER 49,starbuck,0.12
2121163,CHAPTER 49,whale,0.12
2101657,CHAPTER 49,death,0.11
2104706,CHAPTER 49,flask,0.11
2106218,CHAPTER 49,happen,0.11
2109111,CHAPTER 49,life,0.11
2113592,CHAPTER 49,prudent,0.11
2115256,CHAPTER 49,said,0.11
2098443,CHAPTER 49,boat,0.1
2104966,CHAPTER 49,foremost,0.1
2108879,CHAPTER 49,law,0.1
2099957,CHAPTER 49,clean,0.09
2113794,CHAPTER 49,queequeg,0.09
2117172,CHAPTER 49,squall,0.09
2118616,CHAPTER 49,things,0.09
2106086,CHAPTER 49,ha,0.08
2108259,CHAPTER 49,jacket,0.08
2098255,CHAPTER 49,bivouacks,0.07
2098935,CHAPTER 49,bullets,0.07
2099248,CHAPTER 49,capsizings,0.07
2100791,CHAPTER 49,contentedly,0.07
2101225,CHAPTER 49,creeds,0.07
2102159,CHAPTER 49,devil,0.07
2102365,CHAPTER 49,discerns,0.07
2102544,CHAPTER 49,dispirits,0.07
2102567,CHAPTER 49,disputing,0.07
2102835,CHAPTER 49,draft,0.07
2103112,CHAPTER 49,easier,0.07
2103973,CHAPTER 49,executor,0.07
2104644,CHAPTER 49,fishery,0.07
2104769,CHAPTER 49,flints,0.07
2104870,CHAPTER 49,foggy,0.07
2105711,CHAPTER 49,gobbles,0.07
2106618,CHAPTER 49,hindmost,0.07
2106660,CHAPTER 49,hits,0.07
2107239,CHAPTER 49,impetuousness,0.07
2107248,CHAPTER 49,implicated,0.07
2108653,CHAPTER 49,knobby,0.07
2108923,CHAPTER 49,leaking,0.07
2108983,CHAPTER 49,legatee,0.07
2111576,CHAPTER 49,ostrich,0.07
2111982,CHAPTER 49,particular,0.07
2112375,CHAPTER 49,persuasions,0.07
2113653,CHAPTER 49,punches,0.07
2114637,CHAPTER 49,resign,0.07
2115634,CHAPTER 49,scuttling,0.07
2116585,CHAPTER 49,sly,0.07
2116854,CHAPTER 49,sort,0.07
2117247,CHAPTER 49,stampings,0.07
2117947,CHAPTER 49,superlatively,0.07
2118532,CHAPTER 49,testaments,0.07
2118819,CHAPTER 49,tinkering,0.07
2119213,CHAPTER 49,tribulation,0.07
2121029,CHAPTER 49,water,0.07
2121059,CHAPTER 49,wayward,0.07
2121340,CHAPTER 49,wills,0.07
2121428,CHAPTER 49,witnesses,0.07
2121522,CHAPTER 49,worryings,0.07
2097605,CHAPTER 49,backing,0.06
2097795,CHAPTER 49,bars,0.06
2098014,CHAPTER 49,beliefs,0.06
2098730,CHAPTER 49,breed,0.06
2098991,CHAPTER 49,burial,0.06
2099047,CHAPTER 49,buttoned,0.06
2099345,CHAPTER 49,case,0.06
2099491,CHAPTER 49,ceremony,0.06
2100201,CHAPTER 49,collected,0.06
2100276,CHAPTER 49,comes,0.06
2100684,CHAPTER 49,consequent,0.06
2101629,CHAPTER 49,days,0.06
2101837,CHAPTER 49,deliberate,0.06
2102080,CHAPTER 49,desperado,0.06
2102251,CHAPTER 49,difficulties,0.06
2102261,CHAPTER 49,digestion,0.06
2102419,CHAPTER 49,discretion,0.06
2102662,CHAPTER 49,diversion,0.06
2103098,CHAPTER 49,earnestness,0.06
2103395,CHAPTER 49,emotion,0.06
2104061,CHAPTER 49,expense,0.06
2104764,CHAPTER 49,fling,0.06
2105202,CHAPTER 49,frock,0.06
2105486,CHAPTER 49,genial,0.06
2105731,CHAPTER 49,going,0.06
2106456,CHAPTER 49,heedfulness,0.06
2107192,CHAPTER 49,impartial,0.06
2107333,CHAPTER 49,imputed,0.06
2108407,CHAPTER 49,joker,0.06
2108888,CHAPTER 49,lawyer,0.06
2108899,CHAPTER 49,lazarus,0.06
2109140,CHAPTER 49,like,0.06
2109153,CHAPTER 49,limb,0.06
2110275,CHAPTER 49,mind,0.06
2110470,CHAPTER 49,momentous,0.06
2110879,CHAPTER 49,natured,0.06
2110885,CHAPTER 49,nautical,0.06
2111308,CHAPTER 49,occasions,0.06
2111321,CHAPTER 49,occurrence,0.06
2111386,CHAPTER 49,oftentimes,0.06
2112459,CHAPTER 49,philosophy,0.06
2112787,CHAPTER 49,plump,0.06
2113529,CHAPTER 49,prospects,0.06
2113911,CHAPTER 49,rain,0.06
2115081,CHAPTER 49,rough,0.06
2116500,CHAPTER 49,sleeves,0.06
2116694,CHAPTER 49,snug,0.06
2116700,CHAPTER 49,soaked,0.06
2117173,CHAPTER 49,squalls,0.06
2117297,CHAPTER 49,statement,0.06
2117372,CHAPTER 49,steered,0.06
2117977,CHAPTER 49,supplementary,0.06
2118066,CHAPTER 49,survived,0.06
2118076,CHAPTER 49,suspects,0.06
2118592,CHAPTER 49,thereof,0.06
2118615,CHAPTER 49,thing,0.06
2119075,CHAPTER 49,tranquilly,0.06
2119380,CHAPTER 49,turning,0.06
2119427,CHAPTER 49,twist,0.06
2119502,CHAPTER 49,unalterable,0.06
2119953,CHAPTER 49,universe,0.06
2120514,CHAPTER 49,vault,0.06
2121404,CHAPTER 49,wit,0.06
2098039,CHAPTER 49,belonged,0.05
2098125,CHAPTER 49,bestowed,0.05
2098489,CHAPTER 49,bolts,0.05
2099133,CHAPTER 49,calmly,0.05
2099282,CHAPTER 49,careful,0.05
2099492,CHAPTER 49,certain,0.05
2100667,CHAPTER 49,conscience,0.05
2102110,CHAPTER 49,destruction,0.05
2102292,CHAPTER 49,dimly,0.05
2102653,CHAPTER 49,dive,0.05
2102927,CHAPTER 49,driving,0.05
2103852,CHAPTER 49,events,0.05
2104065,CHAPTER 49,experienced,0.05
2104156,CHAPTER 49,extreme,0.05
2104270,CHAPTER 49,family,0.05
2104510,CHAPTER 49,fetch,0.05
2104898,CHAPTER 49,fond,0.05
2105082,CHAPTER 49,fourth,0.05
2105325,CHAPTER 49,gain,0.05
2105542,CHAPTER 49,ghost,0.05
2106061,CHAPTER 49,gun,0.05
2108516,CHAPTER 49,just,0.05
2109237,CHAPTER 49,lived,0.05
2109725,CHAPTER 49,man,0.05
2110220,CHAPTER 49,midst,0.05
2110390,CHAPTER 49,mixed,0.05
2110528,CHAPTER 49,mood,0.05
2111156,CHAPTER 49,notwithstanding,0.05
2111214,CHAPTER 49,oarsman,0.05
2111303,CHAPTER 49,occasion,0.05
2111333,CHAPTER 49,odd,0.05
2112294,CHAPTER 49,peril,0.05
2113010,CHAPTER 49,potent,0.05
2113829,CHAPTER 49,quiet,0.05
2114723,CHAPTER 49,resurrection,0.05
2115950,CHAPTER 49,shaking,0.05
2116593,CHAPTER 49,smaller,0.05
2117539,CHAPTER 49,strange,0.05
2117642,CHAPTER 49,stubb,0.05
2118653,CHAPTER 49,thought,0.05
2119610,CHAPTER 49,uncommonly,0.05
2119635,CHAPTER 49,unconsciously,0.05
2120189,CHAPTER 49,unseen,0.05
2121114,CHAPTER 49,weeks,0.05
2121268,CHAPTER 49,white,0.05
2121535,CHAPTER 49,worth,0.05
2121539,CHAPTER 49,worthy,0.05
2096420,CHAPTER 49,affair,0.04
2098703,CHAPTER 49,break,0.04
2099226,CHAPTER 49,cape,0.04
2099691,CHAPTER 49,chest,0.04
2099704,CHAPTER 49,chief,0.04
2099705,CHAPTER 49,chiefly,0.04
2100518,CHAPTER 49,concluded,0.04
2100920,CHAPTER 49,cool,0.04
2101274,CHAPTER 49,critical,0.04
2102838,CHAPTER 49,dragged,0.04
2103122,CHAPTER 49,easy,0.04
2104275,CHAPTER 49,famous,0.04
2104470,CHAPTER 49,felt,0.04
2104593,CHAPTER 49,finally,0.04
2104854,CHAPTER 49,flying,0.04
2105114,CHAPTER 49,frantic,0.04
2105131,CHAPTER 49,free,0.04
2105174,CHAPTER 49,friend,0.04
2105336,CHAPTER 49,gale,0.04
2105743,CHAPTER 49,good,0.04
2105893,CHAPTER 49,great,0.04
2106470,CHAPTER 49,height,0.04
2106798,CHAPTER 49,horn,0.04
2107815,CHAPTER 49,inside,0.04
2108128,CHAPTER 49,invisible,0.04
2108307,CHAPTER 49,jaws,0.04
2108415,CHAPTER 49,jolly,0.04
2108589,CHAPTER 49,kind,0.04
2109294,CHAPTER 49,locked,0.04
2109432,CHAPTER 49,lowered,0.04
2109964,CHAPTER 49,matters,0.04
2110164,CHAPTER 49,met,0.04
2110524,CHAPTER 49,months,0.04
2112298,CHAPTER 49,perils,0.04
2112590,CHAPTER 49,pipe,0.04
2112986,CHAPTER 49,post,0.04
2113059,CHAPTER 49,practical,0.04
2113632,CHAPTER 49,pulling,0.04
2113795,CHAPTER 49,queer,0.04
2114301,CHAPTER 49,regarded,0.04
2115026,CHAPTER 49,rolling,0.04
2115426,CHAPTER 49,say,0.04
2116382,CHAPTER 49,sitting,0.04
2116627,CHAPTER 49,smoking,0.04
2116936,CHAPTER 49,speaking,0.04
2117469,CHAPTER 49,stone,0.04
2117992,CHAPTER 49,suppose,0.04
2118279,CHAPTER 49,takes,0.04
2118791,CHAPTER 49,time,0.04
2119489,CHAPTER 49,unaccountable,0.04
2119688,CHAPTER 49,understand,0.04
2120518,CHAPTER 49,ve,0.04
2120742,CHAPTER 49,visible,0.04
2099616,CHAPTER 49,chase,0.03
2100032,CHAPTER 49,close,0.03
2100334,CHAPTER 49,common,0.03
2101154,CHAPTER 49,craft,0.03
2101240,CHAPTER 49,crew,0.03
2101755,CHAPTER 49,deep,0.03
2102713,CHAPTER 49,does,0.03
2103636,CHAPTER 49,entire,0.03
2104190,CHAPTER 49,face,0.03
2104464,CHAPTER 49,fellow,0.03
2104599,CHAPTER 49,fine,0.03
2105439,CHAPTER 49,gave,0.03
2105469,CHAPTER 49,general,0.03
2105725,CHAPTER 49,goes,0.03
2106239,CHAPTER 49,hard,0.03
2106407,CHAPTER 49,heart,0.03
2107848,CHAPTER 49,instant,0.03
2108604,CHAPTER 49,king,0.03
2109236,CHAPTER 49,live,0.03
2109352,CHAPTER 49,looked,0.03
2109942,CHAPTER 49,mate,0.03
2110467,CHAPTER 49,moment,0.03
2111233,CHAPTER 49,object,0.03
2111391,CHAPTER 49,oil,0.03
2112248,CHAPTER 49,people,0.03
2112824,CHAPTER 49,point,0.03
2113203,CHAPTER 49,present,0.03
2115024,CHAPTER 49,rolled,0.03
2115258,CHAPTER 49,sail,0.03
2115268,CHAPTER 49,sailors,0.03
2115880,CHAPTER 49,set,0.03
2115953,CHAPTER 49,shall,0.03
2117257,CHAPTER 49,standing,0.03
2117806,CHAPTER 49,sudden,0.03
2118280,CHAPTER 49,taking,0.03
2118423,CHAPTER 49,teeth,0.03
2118795,CHAPTER 49,times,0.03
2118996,CHAPTER 49,touching,0.03
2120509,CHAPTER 49,vast,0.03
2120836,CHAPTER 49,voyage,0.03
2121170,CHAPTER 49,whaleman,0.03
2121171,CHAPTER 49,whalemen,0.03
2121179,CHAPTER 49,whaling,0.03
2121703,CHAPTER 49,yes,0.03
2097554,CHAPTER 49,away,0.02
2100270,CHAPTER 49,come,0.02
2101714,CHAPTER 49,deck,0.02
2102230,CHAPTER 49,did,0.02
2104298,CHAPTER 49,far,0.02
2106195,CHAPTER 49,hands,0.02
2106395,CHAPTER 49,heard,0.02
2109231,CHAPTER 49,little,0.02
2109684,CHAPTER 49,make,0.02
2110090,CHAPTER 49,men,0.02
2111399,CHAPTER 49,old,0.02
2112254,CHAPTER 49,pequod,0.02
2115084,CHAPTER 49,round,0.02
2116077,CHAPTER 49,ship,0.02
2116592,CHAPTER 49,small,0.02
2118431,CHAPTER 49,tell,0.02
2118617,CHAPTER 49,think,0.02
2121174,CHAPTER 49,whales,0.02
2121511,CHAPTER 49,world,0.02
