,chapter,term,tfidf
1062178,CHAPTER 135,ahab,0.25
1086805,CHAPTER 135,whale,0.17
1064085,CHAPTER 135,boat,0.15
1063220,CHAPTER 135,aye,0.14
1077031,CHAPTER 135,oh,0.14
1084294,CHAPTER 135,thou,0.14
1087324,CHAPTER 135,ye,0.14
1082908,CHAPTER 135,starbuck,0.13
1070313,CHAPTER 135,flag,0.12
1081719,CHAPTER 135,ship,0.12
1076855,CHAPTER 135,oars,0.11
1081632,CHAPTER 135,sharks,0.11
1084212,CHAPTER 135,thee,0.11
1075557,CHAPTER 135,mast,0.1
1086990,CHAPTER 135,wind,0.1
1064042,CHAPTER 135,blow,0.09
1064090,CHAPTER 135,boats,0.09
1065326,CHAPTER 135,cherries,0.09
1072129,CHAPTER 135,helm,0.09
1073490,CHAPTER 135,instant,0.09
1076857,CHAPTER 135,oarsmen,0.09
1084381,CHAPTER 135,thy,0.09
1066887,CHAPTER 135,cried,0.08
1071804,CHAPTER 135,hammer,0.08
1072046,CHAPTER 135,hearse,0.08
1083284,CHAPTER 135,stubb,0.08
1067876,CHAPTER 135,die,0.07
1070597,CHAPTER 135,forehead,0.07
1071638,CHAPTER 135,grow,0.07
1072007,CHAPTER 135,head,0.07
1080726,CHAPTER 135,round,0.07
1081281,CHAPTER 135,sea,0.07
1086910,CHAPTER 135,white,0.07
1064240,CHAPTER 135,bow,0.06
1066792,CHAPTER 135,cracks,0.06
1066882,CHAPTER 135,crew,0.06
1067235,CHAPTER 135,darted,0.06
1070102,CHAPTER 135,fell,0.06
1076047,CHAPTER 135,moby,0.06
1080599,CHAPTER 135,rising,0.06
1081783,CHAPTER 135,shot,0.06
1081901,CHAPTER 135,sight,0.06
1082004,CHAPTER 135,sir,0.06
1082893,CHAPTER 135,stand,0.06
1083812,CHAPTER 135,swimming,0.06
1083998,CHAPTER 135,tashtego,0.06
1063923,CHAPTER 135,blades,0.05
1064699,CHAPTER 135,bye,0.05
1067862,CHAPTER 135,dick,0.05
1068564,CHAPTER 135,drive,0.05
1070082,CHAPTER 135,feel,0.05
1070496,CHAPTER 135,flying,0.05
1070698,CHAPTER 135,forward,0.05
1071358,CHAPTER 135,god,0.05
1071383,CHAPTER 135,gone,0.05
1071385,CHAPTER 135,good,0.05
1071591,CHAPTER 135,grinning,0.05
1071728,CHAPTER 135,ha,0.05
1071807,CHAPTER 135,hammers,0.05
1072019,CHAPTER 135,heads,0.05
1072049,CHAPTER 135,heart,0.05
1072306,CHAPTER 135,ho,0.05
1072509,CHAPTER 135,hovered,0.05
1073814,CHAPTER 135,irons,0.05
1074400,CHAPTER 135,lances,0.05
1074616,CHAPTER 135,leeward,0.05
1074782,CHAPTER 135,like,0.05
1075367,CHAPTER 135,man,0.05
1076659,CHAPTER 135,new,0.05
1076690,CHAPTER 135,night,0.05
1077041,CHAPTER 135,old,0.05
1077600,CHAPTER 135,parsee,0.05
1079598,CHAPTER 135,ran,0.05
1081842,CHAPTER 135,shudder,0.05
1082556,CHAPTER 135,spar,0.05
1083807,CHAPTER 135,swiftly,0.05
1084257,CHAPTER 135,thing,0.05
1084433,CHAPTER 135,time,0.05
1085020,CHAPTER 135,turn,0.05
1085026,CHAPTER 135,turns,0.05
1086160,CHAPTER 135,ve,0.05
1062195,CHAPTER 135,air,0.04
1062321,CHAPTER 135,aloft,0.04
1063532,CHAPTER 135,beat,0.04
1063599,CHAPTER 135,befooled,0.04
1063705,CHAPTER 135,beneath,0.04
1064104,CHAPTER 135,bodiless,0.04
1064185,CHAPTER 135,bore,0.04
1064367,CHAPTER 135,breaths,0.04
1064462,CHAPTER 135,broad,0.04
1067266,CHAPTER 135,day,0.04
1067299,CHAPTER 135,death,0.04
1067750,CHAPTER 135,destroying,0.04
1069113,CHAPTER 135,end,0.04
1069365,CHAPTER 135,ere,0.04
1069812,CHAPTER 135,eye,0.04
1069820,CHAPTER 135,eyes,0.04
1069940,CHAPTER 135,far,0.04
1069978,CHAPTER 135,faster,0.04
1070087,CHAPTER 135,feels,0.04
1070336,CHAPTER 135,flank,0.04
1070388,CHAPTER 135,flesh,0.04
1070393,CHAPTER 135,flew,0.04
1070533,CHAPTER 135,follow,0.04
1071368,CHAPTER 135,goest,0.04
1071818,CHAPTER 135,hand,0.04
1071919,CHAPTER 135,harpoons,0.04
1071991,CHAPTER 135,hawk,0.04
1072075,CHAPTER 135,heaven,0.04
1072123,CHAPTER 135,held,0.04
1072669,CHAPTER 135,ice,0.04
1073947,CHAPTER 135,jaw,0.04
1074158,CHAPTER 135,just,0.04
1074176,CHAPTER 135,keel,0.04
1074683,CHAPTER 135,let,0.04
1074977,CHAPTER 135,lonely,0.04
1075306,CHAPTER 135,main,0.04
1075481,CHAPTER 135,mark,0.04
1075698,CHAPTER 135,meet,0.04
1075732,CHAPTER 135,men,0.04
1076540,CHAPTER 135,nay,0.04
1076546,CHAPTER 135,nearing,0.04
1076721,CHAPTER 135,nobler,0.04
1077355,CHAPTER 135,overspreading,0.04
1079272,CHAPTER 135,pull,0.04
1079845,CHAPTER 135,red,0.04
1081888,CHAPTER 135,sideways,0.04
1081989,CHAPTER 135,sink,0.04
1082982,CHAPTER 135,steady,0.04
1083655,CHAPTER 135,surface,0.04
1084049,CHAPTER 135,tears,0.04
1084478,CHAPTER 135,tis,0.04
1085021,CHAPTER 135,turned,0.04
1086025,CHAPTER 135,upwards,0.04
1086118,CHAPTER 135,vane,0.04
1086671,CHAPTER 135,water,0.04
1086680,CHAPTER 135,waters,0.04
1086688,CHAPTER 135,waves,0.04
1086697,CHAPTER 135,way,0.04
1061814,CHAPTER 135,accompanied,0.03
1062026,CHAPTER 135,advancing,0.03
1062478,CHAPTER 135,angels,0.03
1062803,CHAPTER 135,arm,0.03
1063793,CHAPTER 135,better,0.03
1063847,CHAPTER 135,billows,0.03
1063867,CHAPTER 135,bird,0.03
1064108,CHAPTER 135,body,0.03
1064255,CHAPTER 135,bows,0.03
1064265,CHAPTER 135,boy,0.03
1064272,CHAPTER 135,brace,0.03
1064358,CHAPTER 135,breath,0.03
1064773,CHAPTER 135,calm,0.03
1065053,CHAPTER 135,caught,0.03
1065263,CHAPTER 135,chasing,0.03
1065474,CHAPTER 135,circles,0.03
1065606,CHAPTER 135,clear,0.03
1065674,CHAPTER 135,close,0.03
1065976,CHAPTER 135,common,0.03
1067084,CHAPTER 135,curse,0.03
1067155,CHAPTER 135,daggoo,0.03
1067356,CHAPTER 135,deck,0.03
1067638,CHAPTER 135,depths,0.03
1067660,CHAPTER 135,descend,0.03
1067671,CHAPTER 135,descried,0.03
1067887,CHAPTER 135,difference,0.03
1067926,CHAPTER 135,dim,0.03
1067963,CHAPTER 135,direction,0.03
1068467,CHAPTER 135,downwards,0.03
1070499,CHAPTER 135,foam,0.03
1070872,CHAPTER 135,frozen,0.03
1071312,CHAPTER 135,glorious,0.03
1071367,CHAPTER 135,goes,0.03
1071586,CHAPTER 135,grin,0.03
1071639,CHAPTER 135,growing,0.03
1071646,CHAPTER 135,grown,0.03
1071710,CHAPTER 135,gunwale,0.03
1071805,CHAPTER 135,hammered,0.03
1071837,CHAPTER 135,hands,0.03
1071913,CHAPTER 135,harpoon,0.03
1072037,CHAPTER 135,heard,0.03
1072126,CHAPTER 135,hell,0.03
1072133,CHAPTER 135,helmsman,0.03
1072136,CHAPTER 135,helped,0.03
1072543,CHAPTER 135,hull,0.03
1073564,CHAPTER 135,intent,0.03
1074316,CHAPTER 135,known,0.03
1074594,CHAPTER 135,leaving,0.03
1074662,CHAPTER 135,lengthwise,0.03
1074747,CHAPTER 135,lies,0.03
1074753,CHAPTER 135,life,0.03
1074759,CHAPTER 135,lifted,0.03
1074814,CHAPTER 135,line,0.03
1074981,CHAPTER 135,long,0.03
1074993,CHAPTER 135,look,0.03
1075063,CHAPTER 135,lovely,0.03
1075072,CHAPTER 135,low,0.03
1075074,CHAPTER 135,lowered,0.03
1075347,CHAPTER 135,malice,0.03
1075560,CHAPTER 135,master,0.03
1076011,CHAPTER 135,mist,0.03
1076109,CHAPTER 135,moment,0.03
1076215,CHAPTER 135,morning,0.03
1076223,CHAPTER 135,mortal,0.03
1076271,CHAPTER 135,mountain,0.03
1076370,CHAPTER 135,murmured,0.03
1076457,CHAPTER 135,nail,0.03
1076461,CHAPTER 135,nails,0.03
1076542,CHAPTER 135,near,0.03
1077087,CHAPTER 135,open,0.03
1077272,CHAPTER 135,outs,0.03
1077669,CHAPTER 135,past,0.03
1078468,CHAPTER 135,pointed,0.03
1078549,CHAPTER 135,poor,0.03
1078680,CHAPTER 135,pour,0.03
1079229,CHAPTER 135,prow,0.03
1079541,CHAPTER 135,rail,0.03
1079883,CHAPTER 135,reeled,0.03
1080557,CHAPTER 135,ring,0.03
1080666,CHAPTER 135,rolled,0.03
1080701,CHAPTER 135,ropes,0.03
1080821,CHAPTER 135,run,0.03
1080985,CHAPTER 135,sank,0.03
1081060,CHAPTER 135,saw,0.03
1081325,CHAPTER 135,second,0.03
1081374,CHAPTER 135,seemingly,0.03
1081586,CHAPTER 135,shake,0.03
1081801,CHAPTER 135,shower,0.03
1081813,CHAPTER 135,shreds,0.03
1081819,CHAPTER 135,shrieks,0.03
1081965,CHAPTER 135,simultaneously,0.03
1082161,CHAPTER 135,sliding,0.03
1082235,CHAPTER 135,smaller,0.03
1082263,CHAPTER 135,smiting,0.03
1082275,CHAPTER 135,smote,0.03
1082295,CHAPTER 135,snapped,0.03
1082470,CHAPTER 135,soon,0.03
1082914,CHAPTER 135,stark,0.03
1082919,CHAPTER 135,stars,0.03
1082920,CHAPTER 135,start,0.03
1082980,CHAPTER 135,steadily,0.03
1083162,CHAPTER 135,straight,0.03
1083362,CHAPTER 135,submerged,0.03
1083528,CHAPTER 135,sun,0.03
1084403,CHAPTER 135,tied,0.03
1084583,CHAPTER 135,topmost,0.03
1084602,CHAPTER 135,torn,0.03
1084649,CHAPTER 135,tow,0.03
1084677,CHAPTER 135,trades,0.03
1084936,CHAPTER 135,truck,0.03
1084960,CHAPTER 135,truth,0.03
1086179,CHAPTER 135,velocity,0.03
1086251,CHAPTER 135,vessel,0.03
1086405,CHAPTER 135,vital,0.03
1086428,CHAPTER 135,voice,0.03
1086537,CHAPTER 135,wake,0.03
1087003,CHAPTER 135,winds,0.03
1087117,CHAPTER 135,wood,0.03
1061231,CHAPTER 135,_him_,0.02
1061331,CHAPTER 135,_me_,0.02
1061553,CHAPTER 135,_that,0.02
1061568,CHAPTER 135,_this_,0.02
1061575,CHAPTER 135,_thus_,0.02
1061668,CHAPTER 135,abate,0.02
1062064,CHAPTER 135,affect,0.02
1062128,CHAPTER 135,agents,0.02
1062166,CHAPTER 135,agony,0.02
1062324,CHAPTER 135,aloud,0.02
1062492,CHAPTER 135,animate,0.02
1062737,CHAPTER 135,archangelic,0.02
1062816,CHAPTER 135,arms,0.02
1062944,CHAPTER 135,assassins,0.02
1063043,CHAPTER 135,attack,0.02
1063106,CHAPTER 135,audacity,0.02
1063188,CHAPTER 135,awake,0.02
1063196,CHAPTER 135,away,0.02
1063253,CHAPTER 135,backwardly,0.02
1063260,CHAPTER 135,bade,0.02
1063298,CHAPTER 135,bale,0.02
1063333,CHAPTER 135,band,0.02
1063364,CHAPTER 135,banners,0.02
1063384,CHAPTER 135,barbarians,0.02
1063447,CHAPTER 135,baser,0.02
1063458,CHAPTER 135,basket,0.02
1063492,CHAPTER 135,bay,0.02
1063508,CHAPTER 135,beak,0.02
1063533,CHAPTER 135,beaten,0.02
1063538,CHAPTER 135,beats,0.02
1063550,CHAPTER 135,becharmed,0.02
1063571,CHAPTER 135,bedraggled,0.02
1063613,CHAPTER 135,begging,0.02
1063640,CHAPTER 135,beholding,0.02
1063735,CHAPTER 135,berg,0.02
1063780,CHAPTER 135,bethinking,0.02
1063801,CHAPTER 135,bewildering,0.02
1063822,CHAPTER 135,bidding,0.02
1063846,CHAPTER 135,billow,0.02
1063883,CHAPTER 135,bite,0.02
1063884,CHAPTER 135,bites,0.02
1063891,CHAPTER 135,bitterer,0.02
1063892,CHAPTER 135,bitterest,0.02
1063941,CHAPTER 135,blank,0.02
1064043,CHAPTER 135,blowing,0.02
1064044,CHAPTER 135,blown,0.02
1064050,CHAPTER 135,blue,0.02
1064227,CHAPTER 135,bounds,0.02
1064258,CHAPTER 135,bowsprit,0.02
1064260,CHAPTER 135,bowstring,0.02
1064274,CHAPTER 135,braced,0.02
1064276,CHAPTER 135,braces,0.02
1064298,CHAPTER 135,brains,0.02
1064320,CHAPTER 135,braver,0.02
1064338,CHAPTER 135,breach,0.02
1064351,CHAPTER 135,breaks,0.02
1064372,CHAPTER 135,breed,0.02
1064481,CHAPTER 135,brokenly,0.02
1064523,CHAPTER 135,brushwood,0.02
1064578,CHAPTER 135,bullied,0.02
1064598,CHAPTER 135,bundles,0.02
1064652,CHAPTER 135,burst,0.02
1064663,CHAPTER 135,busily,0.02
1064673,CHAPTER 135,busying,0.02
1064692,CHAPTER 135,buttress,0.02
1064776,CHAPTER 135,calmness,0.02
1064850,CHAPTER 135,canst,0.02
1064851,CHAPTER 135,canted,0.02
1064899,CHAPTER 135,captive,0.02
1065032,CHAPTER 135,catching,0.02
1065070,CHAPTER 135,cave,0.02
1065097,CHAPTER 135,cells,0.02
1065258,CHAPTER 135,chase,0.02
1065327,CHAPTER 135,cherry,0.02
1065378,CHAPTER 135,chip,0.02
1065458,CHAPTER 135,churning,0.02
1065475,CHAPTER 135,circling,0.02
1065610,CHAPTER 135,clearing,0.02
1065620,CHAPTER 135,clefts,0.02
1065653,CHAPTER 135,cling,0.02
1065702,CHAPTER 135,cloven,0.02
1065718,CHAPTER 135,clung,0.02
1065725,CHAPTER 135,clutched,0.02
1065791,CHAPTER 135,coffins,0.02
1065816,CHAPTER 135,coincidings,0.02
1065833,CHAPTER 135,collapsed,0.02
1065893,CHAPTER 135,comb,0.02
1065899,CHAPTER 135,comber,0.02
1065903,CHAPTER 135,combinedly,0.02
1065904,CHAPTER 135,combing,0.02
1065912,CHAPTER 135,come,0.02
1065933,CHAPTER 135,coming,0.02
1066020,CHAPTER 135,compare,0.02
1066143,CHAPTER 135,concentric,0.02
1066304,CHAPTER 135,conquered,0.02
1066436,CHAPTER 135,contents,0.02
1066456,CHAPTER 135,continuous,0.02
1066569,CHAPTER 135,coolness,0.02
1066585,CHAPTER 135,coppers,0.02
1066651,CHAPTER 135,corridors,0.02
1066657,CHAPTER 135,corroded,0.02
1066818,CHAPTER 135,crashing,0.02
1066830,CHAPTER 135,crawl,0.02
1066836,CHAPTER 135,crazed,0.02
1066842,CHAPTER 135,cream,0.02
1066843,CHAPTER 135,creamed,0.02
1066877,CHAPTER 135,crested,0.02
1066904,CHAPTER 135,cringing,0.02
1066958,CHAPTER 135,crowd,0.02
1066961,CHAPTER 135,crowds,0.02
1066998,CHAPTER 135,crunched,0.02
1067005,CHAPTER 135,crushed,0.02
1067048,CHAPTER 135,cup,0.02
1067075,CHAPTER 135,curled,0.02
1067082,CHAPTER 135,currents,0.02
1067177,CHAPTER 135,damned,0.02
1067243,CHAPTER 135,dashing,0.02
1067263,CHAPTER 135,dawn,0.02
1067264,CHAPTER 135,dawned,0.02
1067269,CHAPTER 135,daylight,0.02
1067271,CHAPTER 135,days,0.02
1067279,CHAPTER 135,dead,0.02
1067332,CHAPTER 135,deceitfulness,0.02
1067590,CHAPTER 135,depart,0.02
1067667,CHAPTER 135,descent,0.02
1067707,CHAPTER 135,desist,0.02
1067872,CHAPTER 135,did,0.02
1067875,CHAPTER 135,didst,0.02
1067952,CHAPTER 135,dip,0.02
1067957,CHAPTER 135,dipped,0.02
1067977,CHAPTER 135,disabled,0.02
1068134,CHAPTER 135,dislodged,0.02
1068159,CHAPTER 135,disobey,0.02
1068245,CHAPTER 135,distended,0.02
1068256,CHAPTER 135,distinguish,0.02
1068323,CHAPTER 135,diving,0.02
1068436,CHAPTER 135,dotted,0.02
1068442,CHAPTER 135,doubloon,0.02
1068507,CHAPTER 135,drawers,0.02
1068568,CHAPTER 135,drives,0.02
1068569,CHAPTER 135,driving,0.02
1068576,CHAPTER 135,drooping,0.02
1068725,CHAPTER 135,eagerly,0.02
1068750,CHAPTER 135,earthy,0.02
1068774,CHAPTER 135,ebb,0.02
1068840,CHAPTER 135,effects,0.02
1069055,CHAPTER 135,employments,0.02
1069400,CHAPTER 135,escaping,0.02
1069447,CHAPTER 135,eternal,0.02
1069457,CHAPTER 135,etherial,0.02
1069524,CHAPTER 135,evolution,0.02
1069548,CHAPTER 135,exasperate,0.02
1069686,CHAPTER 135,expectant,0.02
1069854,CHAPTER 135,fadest,0.02
1069855,CHAPTER 135,fading,0.02
1069856,CHAPTER 135,fagged,0.02
1069869,CHAPTER 135,fainting,0.02
1069873,CHAPTER 135,fairer,0.02
1069985,CHAPTER 135,fata,0.02
1069999,CHAPTER 135,fathers,0.02
1070046,CHAPTER 135,feast,0.02
1070182,CHAPTER 135,fidelities,0.02
1070183,CHAPTER 135,fidelity,0.02
1070197,CHAPTER 135,fiercer,0.02
1070307,CHAPTER 135,fixed,0.02
1070322,CHAPTER 135,flailed,0.02
1070328,CHAPTER 135,flakes,0.02
1070344,CHAPTER 135,flashed,0.02
1070348,CHAPTER 135,flask,0.02
1070350,CHAPTER 135,flat,0.02
1070376,CHAPTER 135,fleeces,0.02
1070458,CHAPTER 135,flow,0.02
1070465,CHAPTER 135,flowing,0.02
1070480,CHAPTER 135,flume,0.02
1070491,CHAPTER 135,fluttering,0.02
1070521,CHAPTER 135,folded,0.02
1070534,CHAPTER 135,followed,0.02
1070537,CHAPTER 135,following,0.02
1070540,CHAPTER 135,fond,0.02
1070550,CHAPTER 135,fools,0.02
1070553,CHAPTER 135,footed,0.02
1070595,CHAPTER 135,foregone,0.02
1070603,CHAPTER 135,foreknew,0.02
1070661,CHAPTER 135,form,0.02
1070707,CHAPTER 135,foul,0.02
1070721,CHAPTER 135,fountains,0.02
1070728,CHAPTER 135,fowls,0.02
1070765,CHAPTER 135,frayed,0.02
1070800,CHAPTER 135,fresh,0.02
1070944,CHAPTER 135,furthest,0.02
1071027,CHAPTER 135,gap,0.02
1071055,CHAPTER 135,gaseous,0.02
1071060,CHAPTER 135,gasp,0.02
1071096,CHAPTER 135,gazing,0.02
1071226,CHAPTER 135,girl,0.02
1071261,CHAPTER 135,glasses,0.02
1071289,CHAPTER 135,glimpses,0.02
1071308,CHAPTER 135,glories,0.02
1071330,CHAPTER 135,glue,0.02
1071440,CHAPTER 135,gracious,0.02
1071487,CHAPTER 135,grapple,0.02
1071535,CHAPTER 135,great,0.02
1071539,CHAPTER 135,greatness,0.02
1071546,CHAPTER 135,green,0.02
1071573,CHAPTER 135,grief,0.02
1071614,CHAPTER 135,grooves,0.02
1071615,CHAPTER 135,grope,0.02
1071692,CHAPTER 135,gulf,0.02
1071700,CHAPTER 135,gulping,0.02
1071780,CHAPTER 135,half,0.02
1071806,CHAPTER 135,hammering,0.02
1071811,CHAPTER 135,hamper,0.02
1071863,CHAPTER 135,happening,0.02
1071881,CHAPTER 135,hard,0.02
1071916,CHAPTER 135,harpooneers,0.02
1071954,CHAPTER 135,hate,0.02
1071955,CHAPTER 135,hated,0.02
1071971,CHAPTER 135,haughty,0.02
1072023,CHAPTER 135,headway,0.02
1072035,CHAPTER 135,heaps,0.02
1072048,CHAPTER 135,hearses,0.02
1072094,CHAPTER 135,heed,0.02
1072131,CHAPTER 135,helmeted,0.02
1072141,CHAPTER 135,helplessly,0.02
1072152,CHAPTER 135,hemp,0.02
1072153,CHAPTER 135,hempen,0.02
1072189,CHAPTER 135,heroic,0.02
1072230,CHAPTER 135,high,0.02
1072334,CHAPTER 135,hold,0.02
1072476,CHAPTER 135,hospitals,0.02
1072508,CHAPTER 135,hover,0.02
1072532,CHAPTER 135,hug,0.02
1072544,CHAPTER 135,hulls,0.02
1072545,CHAPTER 135,hum,0.02
1072607,CHAPTER 135,hurled,0.02
1072714,CHAPTER 135,igniting,0.02
1072851,CHAPTER 135,impelled,0.02
1072866,CHAPTER 135,imperial,0.02
1072983,CHAPTER 135,inactive,0.02
1072992,CHAPTER 135,inanimate,0.02
1072999,CHAPTER 135,inboard,0.02
1073061,CHAPTER 135,incommoding,0.02
1073249,CHAPTER 135,infallible,0.02
1073261,CHAPTER 135,infatuation,0.02
1073402,CHAPTER 135,innocent,0.02
1073491,CHAPTER 135,instantaneous,0.02
1073555,CHAPTER 135,intending,0.02
1073573,CHAPTER 135,intercept,0.02
1073614,CHAPTER 135,intermixingly,0.02
1073790,CHAPTER 135,involutions,0.02
1073812,CHAPTER 135,ironical,0.02
1073913,CHAPTER 135,jagged,0.02
1074079,CHAPTER 135,journey,0.02
1074115,CHAPTER 135,judicious,0.02
1074177,CHAPTER 135,keeled,0.02
1074182,CHAPTER 135,keenest,0.02
1074199,CHAPTER 135,kept,0.02
1074282,CHAPTER 135,knew,0.02
1074290,CHAPTER 135,knitted,0.02
1074298,CHAPTER 135,knocked,0.02
1074306,CHAPTER 135,knotted,0.02
1074402,CHAPTER 135,land,0.02
1074454,CHAPTER 135,larger,0.02
1074460,CHAPTER 135,lash,0.02
1074477,CHAPTER 135,late,0.02
1074480,CHAPTER 135,latent,0.02
1074515,CHAPTER 135,lava,0.02
1074532,CHAPTER 135,lay,0.02
1074617,CHAPTER 135,leewardings,0.02
1074647,CHAPTER 135,legs,0.02
1074688,CHAPTER 135,letter,0.02
1074699,CHAPTER 135,level,0.02
1074741,CHAPTER 135,lid,0.02
1074821,CHAPTER 135,lines,0.02
1074899,CHAPTER 135,ll,0.02
1074975,CHAPTER 135,lone,0.02
1074994,CHAPTER 135,looked,0.02
1075001,CHAPTER 135,lookouts,0.02
1075073,CHAPTER 135,lower,0.02
1075233,CHAPTER 135,maddened,0.02
1075240,CHAPTER 135,madly,0.02
1075309,CHAPTER 135,mainmast,0.02
1075311,CHAPTER 135,maintained,0.02
1075312,CHAPTER 135,maintaining,0.02
1075350,CHAPTER 135,maliciously,0.02
1075464,CHAPTER 135,marching,0.02
1075486,CHAPTER 135,marking,0.02
1075537,CHAPTER 135,mary,0.02
1075584,CHAPTER 135,mate,0.02
1075592,CHAPTER 135,mates,0.02
1075605,CHAPTER 135,matter,0.02
1075608,CHAPTER 135,mattrass,0.02
1075615,CHAPTER 135,maul,0.02
1075648,CHAPTER 135,meanest,0.02
1075667,CHAPTER 135,mechanically,0.02
1075692,CHAPTER 135,mediums,0.02
1075870,CHAPTER 135,mightiest,0.02
1075884,CHAPTER 135,mildness,0.02
1075939,CHAPTER 135,minus,0.02
1075978,CHAPTER 135,misdoubt,0.02
1075980,CHAPTER 135,miserable,0.02
1076007,CHAPTER 135,mississippies,0.02
1076103,CHAPTER 135,molesting,0.02
1076115,CHAPTER 135,monadnock,0.02
1076175,CHAPTER 135,moon,0.02
1076202,CHAPTER 135,morass,0.02
1076210,CHAPTER 135,morgana,0.02
1076242,CHAPTER 135,mosses,0.02
1076267,CHAPTER 135,mouldy,0.02
1076277,CHAPTER 135,mounting,0.02
1076291,CHAPTER 135,mouthed,0.02
1076393,CHAPTER 135,musky,0.02
1076412,CHAPTER 135,mutes,0.02
1076460,CHAPTER 135,nailing,0.02
1076547,CHAPTER 135,nearly,0.02
1076574,CHAPTER 135,necks,0.02
1076688,CHAPTER 135,nigh,0.02
1076714,CHAPTER 135,noah,0.02
1076717,CHAPTER 135,noble,0.02
1076750,CHAPTER 135,noon,0.02
1076827,CHAPTER 135,numbers,0.02
1076868,CHAPTER 135,obey,0.02
1076871,CHAPTER 135,obeying,0.02
1076880,CHAPTER 135,objects,0.02
1076888,CHAPTER 135,obliquely,0.02
1076893,CHAPTER 135,oblivious,0.02
1077006,CHAPTER 135,offers,0.02
1077118,CHAPTER 135,opposing,0.02
1077222,CHAPTER 135,ought,0.02
1077247,CHAPTER 135,outlast,0.02
1077255,CHAPTER 135,outlines,0.02
1077262,CHAPTER 135,outrage,0.02
1077345,CHAPTER 135,oversailed,0.02
1077477,CHAPTER 135,palmy,0.02
1077648,CHAPTER 135,passed,0.02
1077736,CHAPTER 135,pause,0.02
1077783,CHAPTER 135,pecking,0.02
1077784,CHAPTER 135,pecks,0.02
1077896,CHAPTER 135,pequod,0.02
1077907,CHAPTER 135,perch,0.02
1077910,CHAPTER 135,perches,0.02
1077947,CHAPTER 135,perish,0.02
1077984,CHAPTER 135,persecutions,0.02
1078016,CHAPTER 135,persuasion,0.02
1078027,CHAPTER 135,pertinaciously,0.02
1078216,CHAPTER 135,pinioned,0.02
1078297,CHAPTER 135,plaid,0.02
1078323,CHAPTER 135,planks,0.02
1078445,CHAPTER 135,plying,0.02
1078475,CHAPTER 135,poise,0.02
1078488,CHAPTER 135,pole,0.02
1078545,CHAPTER 135,pool,0.02
1078605,CHAPTER 135,ports,0.02
1078618,CHAPTER 135,possessed,0.02
1078681,CHAPTER 135,poured,0.02
1078683,CHAPTER 135,pouring,0.02
1078696,CHAPTER 135,powers,0.02
1078725,CHAPTER 135,prayers,0.02
1078772,CHAPTER 135,predestinating,0.02
1078838,CHAPTER 135,prescient,0.02
1078845,CHAPTER 135,present,0.02
1078922,CHAPTER 135,pride,0.02
1078953,CHAPTER 135,prison,0.02
1078965,CHAPTER 135,privilege,0.02
1078982,CHAPTER 135,problems,0.02
1079052,CHAPTER 135,profoundest,0.02
1079088,CHAPTER 135,promise,0.02
1079356,CHAPTER 135,pursuing,0.02
1079422,CHAPTER 135,quarter,0.02
1079436,CHAPTER 135,queequeg,0.02
1079470,CHAPTER 135,quiescent,0.02
1079491,CHAPTER 135,quivering,0.02
1079552,CHAPTER 135,raiment,0.02
1079555,CHAPTER 135,rainbowed,0.02
1079573,CHAPTER 135,rallied,0.02
1079608,CHAPTER 135,ranging,0.02
1079672,CHAPTER 135,ravening,0.02
1079757,CHAPTER 135,receding,0.02
1079760,CHAPTER 135,receive,0.02
1079775,CHAPTER 135,rechurned,0.02
1079953,CHAPTER 135,regiments,0.02
1080135,CHAPTER 135,repair,0.02
1080137,CHAPTER 135,repairing,0.02
1080284,CHAPTER 135,resistance,0.02
1080395,CHAPTER 135,retribution,0.02
1080439,CHAPTER 135,reverse,0.02
1080651,CHAPTER 135,rocking,0.02
1080752,CHAPTER 135,rowlocks,0.02
1080808,CHAPTER 135,rumbling,0.02
1080853,CHAPTER 135,s_,0.02
1080857,CHAPTER 135,sable,0.02
1080880,CHAPTER 135,saddest,0.02
1080900,CHAPTER 135,sail,0.02
1080904,CHAPTER 135,sailing,0.02
1080911,CHAPTER 135,sails,0.02
1080940,CHAPTER 135,salted,0.02
1081008,CHAPTER 135,satan,0.02
1081104,CHAPTER 135,scar,0.02
1081232,CHAPTER 135,screaming,0.02
1081308,CHAPTER 135,seas,0.02
1081316,CHAPTER 135,seats,0.02
1081369,CHAPTER 135,seekest,0.02
1081371,CHAPTER 135,seeks,0.02
1081420,CHAPTER 135,semicircular,0.02
1081443,CHAPTER 135,senses,0.02
1081535,CHAPTER 135,settling,0.02
1081597,CHAPTER 135,shallop,0.02
1081637,CHAPTER 135,sharper,0.02
1081729,CHAPTER 135,ships,0.02
1081732,CHAPTER 135,shipwrecked,0.02
1081741,CHAPTER 135,shiver,0.02
1081757,CHAPTER 135,shoes,0.02
1081765,CHAPTER 135,shoots,0.02
1081804,CHAPTER 135,showers,0.02
1081833,CHAPTER 135,shroud,0.02
1081834,CHAPTER 135,shrouded,0.02
1081883,CHAPTER 135,sidelong,0.02
1081906,CHAPTER 135,signal,0.02
1081973,CHAPTER 135,sinew,0.02
1081991,CHAPTER 135,sinking,0.02
1082037,CHAPTER 135,skeletons,0.02
1082127,CHAPTER 135,sledge,0.02
1082176,CHAPTER 135,slink,0.02
1082196,CHAPTER 135,slope,0.02
1082264,CHAPTER 135,smitten,0.02
1082270,CHAPTER 135,smoky,0.02
1082351,CHAPTER 135,soars,0.02
1082369,CHAPTER 135,socket,0.02
1082378,CHAPTER 135,soft,0.02
1082504,CHAPTER 135,soul,0.02
1082508,CHAPTER 135,sound,0.02
1082509,CHAPTER 135,sounded,0.02
1082519,CHAPTER 135,source,0.02
1082545,CHAPTER 135,spake,0.02
1082569,CHAPTER 135,spasmodically,0.02
1082580,CHAPTER 135,spear,0.02
1082619,CHAPTER 135,sped,0.02
1082664,CHAPTER 135,spilling,0.02
1082672,CHAPTER 135,spinning,0.02
1082692,CHAPTER 135,spires,0.02
1082702,CHAPTER 135,spit,0.02
1082710,CHAPTER 135,splashing,0.02
1082716,CHAPTER 135,splice,0.02
1082721,CHAPTER 135,splinters,0.02
1082765,CHAPTER 135,spout,0.02
1082766,CHAPTER 135,spouted,0.02
1082842,CHAPTER 135,st,0.02
1082843,CHAPTER 135,stab,0.02
1082855,CHAPTER 135,stage,0.02
1082858,CHAPTER 135,staggered,0.02
1082867,CHAPTER 135,stains,0.02
1082869,CHAPTER 135,stairs,0.02
1082899,CHAPTER 135,standing,0.02
1082927,CHAPTER 135,starts,0.02
1082964,CHAPTER 135,stave,0.02
1082965,CHAPTER 135,staved,0.02
1082967,CHAPTER 135,staving,0.02
1082974,CHAPTER 135,steadfast,0.02
1083000,CHAPTER 135,steel,0.02
1083003,CHAPTER 135,steep,0.02
1083017,CHAPTER 135,steers,0.02
1083018,CHAPTER 135,steersman,0.02
1083036,CHAPTER 135,stern,0.02
1083054,CHAPTER 135,sticks,0.02
1083082,CHAPTER 135,stir,0.02
1083122,CHAPTER 135,stooped,0.02
1083126,CHAPTER 135,stopped,0.02
1083169,CHAPTER 135,strain,0.02
1083170,CHAPTER 135,strained,0.02
1083182,CHAPTER 135,strangely,0.02
1083186,CHAPTER 135,strangest,0.02
1083204,CHAPTER 135,streamed,0.02
1083207,CHAPTER 135,streaming,0.02
1083216,CHAPTER 135,stretch,0.02
1083233,CHAPTER 135,strikes,0.02
1083265,CHAPTER 135,strong,0.02
1083292,CHAPTER 135,stuck,0.02
1083309,CHAPTER 135,stuffed,0.02
1083385,CHAPTER 135,subsiding,0.02
1083405,CHAPTER 135,subterraneous,0.02
1083442,CHAPTER 135,sucked,0.02
1083449,CHAPTER 135,suddenly,0.02
1083501,CHAPTER 135,sullen,0.02
1083540,CHAPTER 135,sunken,0.02
1083637,CHAPTER 135,supposing,0.02
1083654,CHAPTER 135,surf,0.02
1083724,CHAPTER 135,suspense,0.02
1083752,CHAPTER 135,swamping,0.02
1083759,CHAPTER 135,swarming,0.02
1083769,CHAPTER 135,sway,0.02
1083799,CHAPTER 135,swelled,0.02
1083803,CHAPTER 135,swerve,0.02
1083805,CHAPTER 135,swift,0.02
1083808,CHAPTER 135,swiftness,0.02
1083810,CHAPTER 135,swim,0.02
1083893,CHAPTER 135,tack,0.02
1083896,CHAPTER 135,tackle,0.02
1083909,CHAPTER 135,tail,0.02
1083919,CHAPTER 135,tainted,0.02
1084023,CHAPTER 135,tauntingly,0.02
1084077,CHAPTER 135,tells,0.02
1084095,CHAPTER 135,temporarily,0.02
1084119,CHAPTER 135,tendons,0.02
1084258,CHAPTER 135,things,0.02
1084329,CHAPTER 135,thrill,0.02
1084339,CHAPTER 135,throb,0.02
1084382,CHAPTER 135,thyself,0.02
1084409,CHAPTER 135,tiers,0.02
1084423,CHAPTER 135,till,0.02
1084429,CHAPTER 135,tilting,0.02
1084432,CHAPTER 135,timbers,0.02
1084456,CHAPTER 135,tingling,0.02
1084469,CHAPTER 135,tiny,0.02
1084561,CHAPTER 135,tongues,0.02
1084612,CHAPTER 135,torrents,0.02
1084622,CHAPTER 135,tossed,0.02
1084675,CHAPTER 135,trade,0.02
1084692,CHAPTER 135,trailing,0.02
1084707,CHAPTER 135,tranced,0.02
1084768,CHAPTER 135,transparent,0.02
1084795,CHAPTER 135,travels,0.02
1084800,CHAPTER 135,treacherous,0.02
1084833,CHAPTER 135,tremendous,0.02
1084937,CHAPTER 135,trucks,0.02
1084940,CHAPTER 135,true,0.02
1084969,CHAPTER 135,tub,0.02
1084984,CHAPTER 135,tug,0.02
1085017,CHAPTER 135,turkish,0.02
1085155,CHAPTER 135,unappeasable,0.02
1085217,CHAPTER 135,uncertain,0.02
1085221,CHAPTER 135,unchangeable,0.02
1085252,CHAPTER 135,uncommonly,0.02
1085275,CHAPTER 135,unconquering,0.02
1085295,CHAPTER 135,uncracked,0.02
1085392,CHAPTER 135,undulated,0.02
1085511,CHAPTER 135,ungraduated,0.02
1085707,CHAPTER 135,unpitying,0.02
1085721,CHAPTER 135,unprepared,0.02
1085897,CHAPTER 135,unsurrendered,0.02
1085973,CHAPTER 135,unwinking,0.02
1086000,CHAPTER 135,upheaved,0.02
1086012,CHAPTER 135,uppermost,0.02
1086043,CHAPTER 135,useless,0.02
1086070,CHAPTER 135,uttermost,0.02
1086163,CHAPTER 135,veer,0.02
1086171,CHAPTER 135,veil,0.02
1086197,CHAPTER 135,ventilated,0.02
1086262,CHAPTER 135,vesuvius,0.02
1086276,CHAPTER 135,vibrating,0.02
1086295,CHAPTER 135,victim,0.02
1086315,CHAPTER 135,vigorous,0.02
1086321,CHAPTER 135,vile,0.02
1086363,CHAPTER 135,violently,0.02
1086429,CHAPTER 135,voiced,0.02
1086431,CHAPTER 135,voicelessly,0.02
1086439,CHAPTER 135,volition,0.02
1086461,CHAPTER 135,vortex,0.02
1086478,CHAPTER 135,voyage,0.02
1086490,CHAPTER 135,vultures,0.02
1086497,CHAPTER 135,wading,0.02
1086606,CHAPTER 135,wards,0.02
1086629,CHAPTER 135,warped,0.02
1086685,CHAPTER 135,wave,0.02
1086686,CHAPTER 135,waved,0.02
1086729,CHAPTER 135,weather,0.02
1086763,CHAPTER 135,weeps,0.02
1086785,CHAPTER 135,weltering,0.02
1086788,CHAPTER 135,went,0.02
1086833,CHAPTER 135,wheeled,0.02
1086843,CHAPTER 135,whelmings,0.02
1086860,CHAPTER 135,whichever,0.02
1086876,CHAPTER 135,whip,0.02
1086933,CHAPTER 135,wicked,0.02
1086983,CHAPTER 135,wilt,0.02
1087012,CHAPTER 135,wink,0.02
1087137,CHAPTER 135,word,0.02
1087142,CHAPTER 135,work,0.02
1087153,CHAPTER 135,world,0.02
1087198,CHAPTER 135,wrapping,0.02
1087245,CHAPTER 135,writhed,0.02
1087256,CHAPTER 135,wrought,0.02
1087310,CHAPTER 135,yards,0.02
1087323,CHAPTER 135,yawning,0.02
1087350,CHAPTER 135,yielding,0.02
1061554,CHAPTER 135,_that_,0.01
1061890,CHAPTER 135,act,0.01
1062022,CHAPTER 135,advance,0.01
1062103,CHAPTER 135,afloat,0.01
1062123,CHAPTER 135,age,0.01
1062129,CHAPTER 135,ages,0.01
1062156,CHAPTER 135,ago,0.01
1062267,CHAPTER 135,alive,0.01
1062388,CHAPTER 135,american,0.01
1062395,CHAPTER 135,amid,0.01
1062592,CHAPTER 135,apart,0.01
1062630,CHAPTER 135,apparently,0.01
1062742,CHAPTER 135,arched,0.01
1062924,CHAPTER 135,aspect,0.01
1062997,CHAPTER 135,astern,0.01
1063259,CHAPTER 135,bad,0.01
1063557,CHAPTER 135,bed,0.01
1063604,CHAPTER 135,began,0.01
1063728,CHAPTER 135,bent,0.01
1063881,CHAPTER 135,bit,0.01
1063889,CHAPTER 135,bits,0.01
1063898,CHAPTER 135,black,0.01
1063997,CHAPTER 135,blind,0.01
1064105,CHAPTER 135,bodily,0.01
1064121,CHAPTER 135,bold,0.01
1064123,CHAPTER 135,boldly,0.01
1064152,CHAPTER 135,bones,0.01
1064294,CHAPTER 135,brain,0.01
1064318,CHAPTER 135,brave,0.01
1064375,CHAPTER 135,breeze,0.01
1064480,CHAPTER 135,broken,0.01
1064506,CHAPTER 135,brow,0.01
1064575,CHAPTER 135,bull,0.01
1064653,CHAPTER 135,bursting,0.01
1064711,CHAPTER 135,cabin,0.01
1064775,CHAPTER 135,calmly,0.01
1064790,CHAPTER 135,came,0.01
1064859,CHAPTER 135,canvas,0.01
1064894,CHAPTER 135,captain,0.01
1064896,CHAPTER 135,captains,0.01
1064958,CHAPTER 135,carried,0.01
1065002,CHAPTER 135,cast,0.01
1065182,CHAPTER 135,chanced,0.01
1065190,CHAPTER 135,changed,0.01
1065698,CHAPTER 135,clouds,0.01
1065789,CHAPTER 135,coffin,0.01
1065805,CHAPTER 135,coiled,0.01
1065918,CHAPTER 135,comes,0.01
1065936,CHAPTER 135,commanded,0.01
1066448,CHAPTER 135,continually,0.01
1066477,CHAPTER 135,contrary,0.01
1066630,CHAPTER 135,corpse,0.01
1066764,CHAPTER 135,coward,0.01
1066796,CHAPTER 135,craft,0.01
1066916,CHAPTER 135,critical,0.01
1067045,CHAPTER 135,cunning,0.01
1067114,CHAPTER 135,cut,0.01
1067182,CHAPTER 135,damp,0.01
1067222,CHAPTER 135,dark,0.01
1067234,CHAPTER 135,dart,0.01
1067239,CHAPTER 135,dash,0.01
1067285,CHAPTER 135,deadly,0.01
1067397,CHAPTER 135,deep,0.01
1067965,CHAPTER 135,directly,0.01
1067968,CHAPTER 135,direful,0.01
1067985,CHAPTER 135,disappeared,0.01
1068438,CHAPTER 135,double,0.01
1068445,CHAPTER 135,doubt,0.01
1068465,CHAPTER 135,downward,0.01
1068480,CHAPTER 135,dragged,0.01
1068508,CHAPTER 135,drawing,0.01
1068514,CHAPTER 135,drawn,0.01
1068580,CHAPTER 135,dropped,0.01
1068581,CHAPTER 135,dropping,0.01
1068702,CHAPTER 135,duty,0.01
1068757,CHAPTER 135,east,0.01
1068928,CHAPTER 135,elevated,0.01
1069086,CHAPTER 135,enchanted,0.01
1069099,CHAPTER 135,encounter,0.01
1069132,CHAPTER 135,endless,0.01
1069138,CHAPTER 135,ends,0.01
1069278,CHAPTER 135,entire,0.01
1069366,CHAPTER 135,erect,0.01
1069489,CHAPTER 135,evening,0.01
1069832,CHAPTER 135,face,0.01
1069835,CHAPTER 135,faces,0.01
1069865,CHAPTER 135,faint,0.01
1069872,CHAPTER 135,fair,0.01
1069876,CHAPTER 135,fairly,0.01
1069970,CHAPTER 135,fast,0.01
1069973,CHAPTER 135,fastened,0.01
1069992,CHAPTER 135,fate,0.01
1070084,CHAPTER 135,feeling,0.01
1070089,CHAPTER 135,feet,0.01
1070106,CHAPTER 135,fellow,0.01
1070112,CHAPTER 135,felt,0.01
1070194,CHAPTER 135,fierce,0.01
1070199,CHAPTER 135,fiery,0.01
1070207,CHAPTER 135,fight,0.01
1070234,CHAPTER 135,final,0.01
1070270,CHAPTER 135,firm,0.01
1070279,CHAPTER 135,fish,0.01
1070295,CHAPTER 135,fit,0.01
1070422,CHAPTER 135,floating,0.01
1070433,CHAPTER 135,flood,0.01
1070481,CHAPTER 135,flung,0.01
1070494,CHAPTER 135,fly,0.01
1070507,CHAPTER 135,foe,0.01
1070544,CHAPTER 135,food,0.01
1070545,CHAPTER 135,fool,0.01
1070577,CHAPTER 135,forced,0.01
1070581,CHAPTER 135,fore,0.01
1070952,CHAPTER 135,future,0.01
1070968,CHAPTER 135,gained,0.01
1071081,CHAPTER 135,gave,0.01
1071184,CHAPTER 135,ghost,0.01
1071253,CHAPTER 135,glancing,0.01
1071260,CHAPTER 135,glass,0.01
1071280,CHAPTER 135,glided,0.01
1071373,CHAPTER 135,going,0.01
1071377,CHAPTER 135,gold,0.01
1071413,CHAPTER 135,got,0.01
1071495,CHAPTER 135,grass,0.01
1071551,CHAPTER 135,greenland,0.01
1071765,CHAPTER 135,hailed,0.01
1071771,CHAPTER 135,hair,0.01
1071936,CHAPTER 135,hast,0.01
1071973,CHAPTER 135,hauled,0.01
1072036,CHAPTER 135,hear,0.01
1072041,CHAPTER 135,hearing,0.01
1072063,CHAPTER 135,hearts,0.01
1072066,CHAPTER 135,heat,0.01
1072078,CHAPTER 135,heavens,0.01
1072085,CHAPTER 135,heavy,0.01
1072135,CHAPTER 135,help,0.01
1072244,CHAPTER 135,hill,0.01
1072247,CHAPTER 135,hills,0.01
1072300,CHAPTER 135,hither,0.01
1072330,CHAPTER 135,hoisted,0.01
1072342,CHAPTER 135,hole,0.01
1072343,CHAPTER 135,holes,0.01
1072365,CHAPTER 135,home,0.01
1072422,CHAPTER 135,hope,0.01
1072491,CHAPTER 135,hour,0.01
1072494,CHAPTER 135,house,0.01
1072582,CHAPTER 135,hump,0.01
1072593,CHAPTER 135,hung,0.01
1073024,CHAPTER 135,inches,0.01
1073143,CHAPTER 135,indian,0.01
1073457,CHAPTER 135,inside,0.01
1073495,CHAPTER 135,instantly,0.01
1073556,CHAPTER 135,intense,0.01
1073648,CHAPTER 135,interval,0.01
1073810,CHAPTER 135,iron,0.01
1073901,CHAPTER 135,jacket,0.01
1073949,CHAPTER 135,jaws,0.01
1074137,CHAPTER 135,jump,0.01
1074180,CHAPTER 135,keen,0.01
1074222,CHAPTER 135,kill,0.01
1074397,CHAPTER 135,lance,0.01
1074461,CHAPTER 135,lashed,0.01
1074549,CHAPTER 135,lead,0.01
1074569,CHAPTER 135,lean,0.01
1074571,CHAPTER 135,leaned,0.01
1074577,CHAPTER 135,leaped,0.01
1074593,CHAPTER 135,leaves,0.01
1074618,CHAPTER 135,left,0.01
1074619,CHAPTER 135,leg,0.01
1074657,CHAPTER 135,length,0.01
1074873,CHAPTER 135,little,0.01
1074878,CHAPTER 135,live,0.01
1074891,CHAPTER 135,lives,0.01
1074894,CHAPTER 135,living,0.01
1074902,CHAPTER 135,lo,0.01
1074958,CHAPTER 135,lofty,0.01
1075075,CHAPTER 135,lowering,0.01
1075349,CHAPTER 135,malicious,0.01
1075456,CHAPTER 135,marble,0.01
1075575,CHAPTER 135,masts,0.01
1075655,CHAPTER 135,meantime,0.01
1075806,CHAPTER 135,met,0.01
1075873,CHAPTER 135,mighty,0.01
1075892,CHAPTER 135,milk,0.01
1076002,CHAPTER 135,missing,0.01
1076153,CHAPTER 135,monster,0.01
1076220,CHAPTER 135,morrow,0.01
1076245,CHAPTER 135,mother,0.01
1076312,CHAPTER 135,mr,0.01
1076423,CHAPTER 135,muttered,0.01
1076462,CHAPTER 135,naked,0.01
1076474,CHAPTER 135,nantucket,0.01
1076516,CHAPTER 135,natural,0.01
1076568,CHAPTER 135,neck,0.01
1076854,CHAPTER 135,oar,0.01
1076856,CHAPTER 135,oarsman,0.01
1076918,CHAPTER 135,observed,0.01
1077421,CHAPTER 135,pagan,0.01
1077456,CHAPTER 135,pale,0.01
1077476,CHAPTER 135,palms,0.01
1077624,CHAPTER 135,particular,0.01
1077643,CHAPTER 135,pass,0.01
1077692,CHAPTER 135,path,0.01
1077752,CHAPTER 135,pay,0.01
1078071,CHAPTER 135,phantom,0.01
1078154,CHAPTER 135,pieces,0.01
1078181,CHAPTER 135,piled,0.01
1078201,CHAPTER 135,pilot,0.01
1078282,CHAPTER 135,place,0.01
1078303,CHAPTER 135,plainly,0.01
1078322,CHAPTER 135,plank,0.01
1078392,CHAPTER 135,plenty,0.01
1078466,CHAPTER 135,point,0.01
1078472,CHAPTER 135,pointing,0.01
1078474,CHAPTER 135,points,0.01
1078491,CHAPTER 135,poles,0.01
1078576,CHAPTER 135,port,0.01
1078761,CHAPTER 135,precise,0.01
1079274,CHAPTER 135,pulling,0.01
1079357,CHAPTER 135,pursuit,0.01
1079362,CHAPTER 135,pushed,0.01
1079456,CHAPTER 135,quick,0.01
1079463,CHAPTER 135,quickly,0.01
1079621,CHAPTER 135,rapidly,0.01
1079963,CHAPTER 135,regular,0.01
1080034,CHAPTER 135,relieved,0.01
1080055,CHAPTER 135,remained,0.01
1080334,CHAPTER 135,rest,0.01
1080369,CHAPTER 135,retained,0.01
1080400,CHAPTER 135,return,0.01
1080534,CHAPTER 135,right,0.01
1080665,CHAPTER 135,roll,0.01
1080700,CHAPTER 135,rope,0.01
1080824,CHAPTER 135,running,0.01
1080829,CHAPTER 135,rush,0.01
1080830,CHAPTER 135,rushed,0.01
1080898,CHAPTER 135,said,0.01
1080902,CHAPTER 135,sailed,0.01
1080916,CHAPTER 135,sake,0.01
1080971,CHAPTER 135,sand,0.01
1081041,CHAPTER 135,savage,0.01
1081046,CHAPTER 135,save,0.01
1081068,CHAPTER 135,say,0.01
1081071,CHAPTER 135,saying,0.01
1081106,CHAPTER 135,scarce,0.01
1081293,CHAPTER 135,seamen,0.01
1081367,CHAPTER 135,seeing,0.01
1081377,CHAPTER 135,seen,0.01
1081394,CHAPTER 135,seized,0.01
1081452,CHAPTER 135,sent,0.01
1081527,CHAPTER 135,setting,0.01
1081629,CHAPTER 135,shark,0.01
1081759,CHAPTER 135,shook,0.01
1081774,CHAPTER 135,short,0.01
1081792,CHAPTER 135,shouted,0.01
1081800,CHAPTER 135,showed,0.01
1081884,CHAPTER 135,sides,0.01
1081928,CHAPTER 135,silence,0.01
1081981,CHAPTER 135,single,0.01
1082058,CHAPTER 135,skin,0.01
1082080,CHAPTER 135,skull,0.01
1082083,CHAPTER 135,sky,0.01
1082158,CHAPTER 135,slide,0.01
1082211,CHAPTER 135,slowly,0.01
1082234,CHAPTER 135,small,0.01
1082236,CHAPTER 135,smallest,0.01
1082427,CHAPTER 135,solid,0.01
1082438,CHAPTER 135,solitary,0.01
1082455,CHAPTER 135,somewhat,0.01
1082496,CHAPTER 135,sort,0.01
1082575,CHAPTER 135,speak,0.01
1082584,CHAPTER 135,special,0.01
1082703,CHAPTER 135,spite,0.01
1082722,CHAPTER 135,split,0.01
1082907,CHAPTER 135,starboard,0.01
1083016,CHAPTER 135,steering,0.01
1083118,CHAPTER 135,stood,0.01
1083125,CHAPTER 135,stop,0.01
1083128,CHAPTER 135,stopping,0.01
1083168,CHAPTER 135,straightway,0.01
1083224,CHAPTER 135,stricken,0.01
1083232,CHAPTER 135,strike,0.01
1083307,CHAPTER 135,stuff,0.01
1083448,CHAPTER 135,sudden,0.01
1083513,CHAPTER 135,summer,0.01
1083650,CHAPTER 135,sure,0.01
1083720,CHAPTER 135,suspended,0.01
1083774,CHAPTER 135,swear,0.01
1083782,CHAPTER 135,sweep,0.01
1083787,CHAPTER 135,sweet,0.01
1083841,CHAPTER 135,swung,0.01
1083931,CHAPTER 135,talk,0.01
1084065,CHAPTER 135,teeth,0.01
1084073,CHAPTER 135,tell,0.01
1084259,CHAPTER 135,think,0.01
1084264,CHAPTER 135,thinking,0.01
1084266,CHAPTER 135,thinks,0.01
1084280,CHAPTER 135,thirty,0.01
1084295,CHAPTER 135,thought,0.01
1084303,CHAPTER 135,thousand,0.01
1084356,CHAPTER 135,throwing,0.01
1084357,CHAPTER 135,thrown,0.01
1084360,CHAPTER 135,thrust,0.01
1084394,CHAPTER 135,tide,0.01
1084411,CHAPTER 135,tiger,0.01
1084437,CHAPTER 135,times,0.01
1084530,CHAPTER 135,told,0.01
1084624,CHAPTER 135,tossing,0.01
1084635,CHAPTER 135,touched,0.01
1084638,CHAPTER 135,touching,0.01
1084656,CHAPTER 135,towing,0.01
1084824,CHAPTER 135,trees,0.01
1084953,CHAPTER 135,trunk,0.01
1084966,CHAPTER 135,trying,0.01
1085022,CHAPTER 135,turning,0.01
1086009,CHAPTER 135,uplifted,0.01
1086011,CHAPTER 135,upper,0.01
1086062,CHAPTER 135,utmost,0.01
1086137,CHAPTER 135,various,0.01
1086151,CHAPTER 135,vast,0.01
1086190,CHAPTER 135,vengeance,0.01
1086384,CHAPTER 135,visible,0.01
1086613,CHAPTER 135,warm,0.01
1086777,CHAPTER 135,welded,0.01
1086801,CHAPTER 135,wet,0.01
1086939,CHAPTER 135,wide,0.01
1086957,CHAPTER 135,wild,0.01
1086997,CHAPTER 135,window,0.01
1087005,CHAPTER 135,windward,0.01
1087009,CHAPTER 135,wing,0.01
1087038,CHAPTER 135,wish,0.01
1087091,CHAPTER 135,woman,0.01
1087110,CHAPTER 135,wondrous,0.01
1087332,CHAPTER 135,years,0.01
1087338,CHAPTER 135,yellow,0.01
1087346,CHAPTER 135,yesterday,0.01
1087363,CHAPTER 135,young,0.01
