,chapter,term,tfidf
657652,CHAPTER 120,sir,0.29
658880,CHAPTER 120,strike,0.29
657077,CHAPTER 120,send,0.26
651329,CHAPTER 120,medicine,0.23
660585,CHAPTER 120,trucks,0.23
650108,CHAPTER 120,lash,0.2
662796,CHAPTER 120,working,0.17
657243,CHAPTER 120,shall,0.16
662956,CHAPTER 120,yard,0.16
639942,CHAPTER 120,brain,0.15
656548,CHAPTER 120,sail,0.15
641387,CHAPTER 120,coasting,0.13
641478,CHAPTER 120,colic,0.13
646980,CHAPTER 120,gluepots,0.13
648064,CHAPTER 120,hooroosh,0.13
650954,CHAPTER 120,main,0.13
636631,CHAPTER 120,_ahab,0.12
644717,CHAPTER 120,en,0.12
648238,CHAPTER 120,hunch,0.12
650984,CHAPTER 120,malady,0.12
652384,CHAPTER 120,noisy,0.12
657712,CHAPTER 120,skipper,0.12
657877,CHAPTER 120,smack,0.12
662608,CHAPTER 120,wildest,0.12
642415,CHAPTER 120,cowards,0.11
648647,CHAPTER 120,inboard,0.11
650603,CHAPTER 120,loftiest,0.11
658730,CHAPTER 120,stir,0.11
638107,CHAPTER 120,anchors,0.1
638981,CHAPTER 120,band,0.1
641342,CHAPTER 120,cloud,0.1
649827,CHAPTER 120,keels,0.1
650060,CHAPTER 120,lands,0.1
652679,CHAPTER 120,oh,0.1
656912,CHAPTER 120,scud,0.1
659005,CHAPTER 120,sublime,0.1
659417,CHAPTER 120,sway,0.1
659736,CHAPTER 120,tempest,0.1
660584,CHAPTER 120,truck,0.1
638346,CHAPTER 120,approaching,0.09
638892,CHAPTER 120,backed,0.09
656244,CHAPTER 120,rises,0.09
658826,CHAPTER 120,stranded,0.09
638043,CHAPTER 120,amid,0.08
647954,CHAPTER 120,ho,0.08
650255,CHAPTER 120,lee,0.08
650406,CHAPTER 120,lift,0.08
650658,CHAPTER 120,loose,0.08
654139,CHAPTER 120,poles,0.08
662651,CHAPTER 120,winds,0.08
647061,CHAPTER 120,got,0.07
647777,CHAPTER 120,helm,0.07
651223,CHAPTER 120,masts,0.07
657731,CHAPTER 120,sky,0.07
659530,CHAPTER 120,table,0.07
659569,CHAPTER 120,takes,0.07
637969,CHAPTER 120,aloft,0.06
655104,CHAPTER 120,quick,0.06
656559,CHAPTER 120,sails,0.06
658556,CHAPTER 120,starbuck,0.06
662638,CHAPTER 120,wind,0.06
647006,CHAPTER 120,god,0.05
649958,CHAPTER 120,know,0.05
658547,CHAPTER 120,standing,0.05
643520,CHAPTER 120,did,0.04
647428,CHAPTER 120,half,0.04
660081,CHAPTER 120,time,0.03
