,chapter,term,tfidf
2906935,CHAPTER 76,observe,0.24
2902025,CHAPTER 76,head,0.2
2896485,CHAPTER 76,contraction,0.14
2898264,CHAPTER 76,distension,0.14
2902682,CHAPTER 76,hypothetically,0.14
2912655,CHAPTER 76,sperm,0.14
2916823,CHAPTER 76,whale,0.14
2894169,CHAPTER 76,boneless,0.13
2896357,CHAPTER 76,considering,0.12
2899324,CHAPTER 76,envelope,0.12
2917218,CHAPTER 76,wraps,0.12
2913831,CHAPTER 76,swims,0.11
2916511,CHAPTER 76,wad,0.11
2906980,CHAPTER 76,occurred,0.1
2905091,CHAPTER 76,lower,0.09
2906788,CHAPTER 76,nose,0.08
2907179,CHAPTER 76,ordinary,0.08
2913830,CHAPTER 76,swimming,0.08
2916569,CHAPTER 76,wall,0.08
2894314,CHAPTER 76,braining,0.07
2895113,CHAPTER 76,celled,0.07
2896159,CHAPTER 76,concentrations,0.07
2899297,CHAPTER 76,entirely,0.07
2900615,CHAPTER 76,forehead,0.07
2902403,CHAPTER 76,honeycombs,0.07
2902947,CHAPTER 76,impregnably,0.07
2903160,CHAPTER 76,indiamen,0.07
2903764,CHAPTER 76,investigate,0.07
2903853,CHAPTER 76,irresistibleness,0.07
2904395,CHAPTER 76,lais,0.07
2905565,CHAPTER 76,mass,0.07
2906308,CHAPTER 76,mouth,0.07
2908149,CHAPTER 76,physiologist,0.07
2909236,CHAPTER 76,provincials,0.07
2909761,CHAPTER 76,rebounds,0.07
2910938,CHAPTER 76,salamander,0.07
2911476,CHAPTER 76,sentimentalist,0.07
2913407,CHAPTER 76,substance,0.07
2914978,CHAPTER 76,truth,0.07
2915583,CHAPTER 76,uninjurable,0.07
2916724,CHAPTER 76,weakling,0.07
2917135,CHAPTER 76,wood,0.07
2891714,CHAPTER 76,abide,0.06
2892711,CHAPTER 76,apprised,0.06
2893455,CHAPTER 76,bars,0.06
2893937,CHAPTER 76,bladder,0.06
2894337,CHAPTER 76,bravely,0.06
2895862,CHAPTER 76,collectedness,0.06
2896021,CHAPTER 76,compacted,0.06
2896126,CHAPTER 76,comprise,0.06
2896504,CHAPTER 76,contributes,0.06
2896825,CHAPTER 76,cranial,0.06
2897238,CHAPTER 76,darien,0.06
2897648,CHAPTER 76,depresses,0.06
2897771,CHAPTER 76,destructive,0.06
2897813,CHAPTER 76,development,0.06
2898861,CHAPTER 76,effeminacy,0.06
2898909,CHAPTER 76,elasticity,0.06
2898945,CHAPTER 76,elevate,0.06
2899457,CHAPTER 76,estimate,0.06
2899458,CHAPTER 76,estimated,0.06
2899698,CHAPTER 76,expansive,0.06
2900074,CHAPTER 76,feats,0.06
2901207,CHAPTER 76,giants,0.06
2901377,CHAPTER 76,goddess,0.06
2902426,CHAPTER 76,hoofs,0.06
2902770,CHAPTER 76,illustrates,0.06
2902849,CHAPTER 76,impalpable,0.06
2902870,CHAPTER 76,impelling,0.06
2902942,CHAPTER 76,impotently,0.06
2903098,CHAPTER 76,inconsiderable,0.06
2903121,CHAPTER 76,incredulity,0.06
2903250,CHAPTER 76,inestimable,0.06
2903461,CHAPTER 76,insect,0.06
2903899,CHAPTER 76,isthmus,0.06
2903940,CHAPTER 76,jam,0.06
2904468,CHAPTER 76,large,0.06
2905146,CHAPTER 76,lung,0.06
2906761,CHAPTER 76,nonce,0.06
2906884,CHAPTER 76,obedient,0.06
2907155,CHAPTER 76,orange,0.06
2907760,CHAPTER 76,paved,0.06
2909102,CHAPTER 76,prominence,0.06
2909234,CHAPTER 76,provincial,0.06
2909238,CHAPTER 76,provision,0.06
2909781,CHAPTER 76,receives,0.06
2910142,CHAPTER 76,renounced,0.06
2910574,CHAPTER 76,rind,0.06
2911038,CHAPTER 76,satisfactorily,0.06
2911456,CHAPTER 76,sensation,0.06
2911656,CHAPTER 76,sharpest,0.06
2912216,CHAPTER 76,slopes,0.06
2912217,CHAPTER 76,sloping,0.06
2912603,CHAPTER 76,specialities,0.06
2913637,CHAPTER 76,supplementary,0.06
2913731,CHAPTER 76,susceptible,0.06
2913737,CHAPTER 76,suspend,0.06
2914275,CHAPTER 76,thing,0.06
2914663,CHAPTER 76,toughest,0.06
2914664,CHAPTER 76,toughness,0.06
2914974,CHAPTER 76,trust,0.06
2915448,CHAPTER 76,unerringly,0.06
2915453,CHAPTER 76,unexaggerated,0.06
2915584,CHAPTER 76,uninjured,0.06
2915601,CHAPTER 76,unique,0.06
2915917,CHAPTER 76,unsuspected,0.06
2916275,CHAPTER 76,vestige,0.06
2891955,CHAPTER 76,adequately,0.05
2892549,CHAPTER 76,anon,0.05
2892647,CHAPTER 76,apparent,0.05
2893048,CHAPTER 76,atmospheric,0.05
2893270,CHAPTER 76,backward,0.05
2893272,CHAPTER 76,backwards,0.05
2893499,CHAPTER 76,battering,0.05
2893614,CHAPTER 76,befell,0.05
2893797,CHAPTER 76,bethink,0.05
2894183,CHAPTER 76,boom,0.05
2894636,CHAPTER 76,buoyant,0.05
2894883,CHAPTER 76,capable,0.05
2895202,CHAPTER 76,chances,0.05
2895388,CHAPTER 76,chin,0.05
2896315,CHAPTER 76,connexion,0.05
2896351,CHAPTER 76,considerably,0.05
2896422,CHAPTER 76,contact,0.05
2896454,CHAPTER 76,contents,0.05
2896612,CHAPTER 76,cord,0.05
2896624,CHAPTER 76,cork,0.05
2896974,CHAPTER 76,crow,0.05
2896976,CHAPTER 76,crowd,0.05
2897022,CHAPTER 76,crush,0.05
2897297,CHAPTER 76,dead,0.05
2897505,CHAPTER 76,delicate,0.05
2897686,CHAPTER 76,described,0.05
2898359,CHAPTER 76,docks,0.05
2898534,CHAPTER 76,dread,0.05
2898939,CHAPTER 76,elements,0.05
2899325,CHAPTER 76,enveloped,0.05
2900687,CHAPTER 76,forming,0.05
2900951,CHAPTER 76,furnish,0.05
2900960,CHAPTER 76,furthermore,0.05
2901851,CHAPTER 76,handled,0.05
2901860,CHAPTER 76,handspikes,0.05
2902236,CHAPTER 76,hide,0.05
2902485,CHAPTER 76,horses,0.05
2902740,CHAPTER 76,ignorant,0.05
2902946,CHAPTER 76,impregnable,0.05
2903259,CHAPTER 76,inexplicable,0.05
2903298,CHAPTER 76,infidel,0.05
2903566,CHAPTER 76,intelligent,0.05
2903773,CHAPTER 76,invests,0.05
2903828,CHAPTER 76,iron,0.05
2904778,CHAPTER 76,lifting,0.05
2904922,CHAPTER 76,loaded,0.05
2904964,CHAPTER 76,lodged,0.05
2905163,CHAPTER 76,lurking,0.05
2905164,CHAPTER 76,lurks,0.05
2906459,CHAPTER 76,mystical,0.05
2906869,CHAPTER 76,oaken,0.05
2907182,CHAPTER 76,organ,0.05
2907408,CHAPTER 76,ox,0.05
2907643,CHAPTER 76,particularly,0.05
2908333,CHAPTER 76,plane,0.05
2908484,CHAPTER 76,point,0.05
2908635,CHAPTER 76,possess,0.05
2908669,CHAPTER 76,potency,0.05
2908872,CHAPTER 76,presents,0.05
2909506,CHAPTER 76,quitting,0.05
2909596,CHAPTER 76,ram,0.05
2909844,CHAPTER 76,recorded,0.05
2910076,CHAPTER 76,remark,0.05
2910409,CHAPTER 76,retreat,0.05
2911464,CHAPTER 76,sensible,0.05
2911546,CHAPTER 76,settle,0.05
2911563,CHAPTER 76,severest,0.05
2911613,CHAPTER 76,shall,0.05
2912254,CHAPTER 76,smallest,0.05
2912313,CHAPTER 76,snapped,0.05
2912387,CHAPTER 76,socket,0.05
2912427,CHAPTER 76,sole,0.05
2913285,CHAPTER 76,strongest,0.05
2913483,CHAPTER 76,sufficiently,0.05
2914128,CHAPTER 76,tender,0.05
2914264,CHAPTER 76,thickest,0.05
2914851,CHAPTER 76,tremendous,0.05
2915700,CHAPTER 76,unobstructed,0.05
2916189,CHAPTER 76,veil,0.05
2916263,CHAPTER 76,vertical,0.05
2916423,CHAPTER 76,vital,0.05
2916457,CHAPTER 76,volition,0.05
2916844,CHAPTER 76,whatsoever,0.05
2917389,CHAPTER 76,youth,0.05
2892365,CHAPTER 76,altogether,0.04
2892641,CHAPTER 76,appalling,0.04
2893044,CHAPTER 76,atlantic,0.04
2894015,CHAPTER 76,blind,0.04
2894064,CHAPTER 76,blubber,0.04
2896349,CHAPTER 76,consider,0.04
2897905,CHAPTER 76,difference,0.04
2898582,CHAPTER 76,drive,0.04
2898761,CHAPTER 76,ears,0.04
2898946,CHAPTER 76,elevated,0.04
2899117,CHAPTER 76,encounter,0.04
2899246,CHAPTER 76,enormous,0.04
2899512,CHAPTER 76,events,0.04
2899796,CHAPTER 76,external,0.04
2899816,CHAPTER 76,extreme,0.04
2899944,CHAPTER 76,fancy,0.04
2900253,CHAPTER 76,finally,0.04
2901789,CHAPTER 76,hair,0.04
2902312,CHAPTER 76,history,0.04
2902319,CHAPTER 76,hitherto,0.04
2903611,CHAPTER 76,interior,0.04
2905787,CHAPTER 76,merely,0.04
2906050,CHAPTER 76,mixed,0.04
2906961,CHAPTER 76,obvious,0.04
2907256,CHAPTER 76,outer,0.04
2907418,CHAPTER 76,pacific,0.04
2907650,CHAPTER 76,partly,0.04
2907662,CHAPTER 76,passage,0.04
2907918,CHAPTER 76,perceived,0.04
2908199,CHAPTER 76,piled,0.04
2908486,CHAPTER 76,pointed,0.04
2908631,CHAPTER 76,position,0.04
2908645,CHAPTER 76,possibly,0.04
2910071,CHAPTER 76,remain,0.04
2910426,CHAPTER 76,revealed,0.04
2911902,CHAPTER 76,sides,0.04
2911981,CHAPTER 76,simply,0.04
2912184,CHAPTER 76,slightest,0.04
2912783,CHAPTER 76,spout,0.04
2913170,CHAPTER 76,stove,0.04
2913673,CHAPTER 76,surface,0.04
2914667,CHAPTER 76,tow,0.04
2915631,CHAPTER 76,unless,0.04
2916689,CHAPTER 76,water,0.04
2916865,CHAPTER 76,wherefore,0.04
2916944,CHAPTER 76,wholly,0.04
2892821,CHAPTER 76,arm,0.03
2892942,CHAPTER 76,aspect,0.03
2893723,CHAPTER 76,beneath,0.03
2894167,CHAPTER 76,bone,0.03
2894524,CHAPTER 76,brow,0.03
2895199,CHAPTER 76,chance,0.03
2895624,CHAPTER 76,clear,0.03
2895951,CHAPTER 76,coming,0.03
2897253,CHAPTER 76,darted,0.03
2899296,CHAPTER 76,entire,0.03
2899383,CHAPTER 76,ere,0.03
2899830,CHAPTER 76,eye,0.03
2899861,CHAPTER 76,fact,0.03
2901899,CHAPTER 76,hard,0.03
2901931,CHAPTER 76,harpoon,0.03
2902360,CHAPTER 76,hole,0.03
2902564,CHAPTER 76,human,0.03
2903965,CHAPTER 76,jaw,0.03
2904415,CHAPTER 76,lance,0.03
2904675,CHAPTER 76,length,0.03
2904800,CHAPTER 76,like,0.03
2905436,CHAPTER 76,manner,0.03
2905499,CHAPTER 76,mark,0.03
2905623,CHAPTER 76,matter,0.03
2906171,CHAPTER 76,monster,0.03
2906538,CHAPTER 76,nature,0.03
2906560,CHAPTER 76,near,0.03
2906565,CHAPTER 76,nearly,0.03
2907051,CHAPTER 76,oil,0.03
2908709,CHAPTER 76,power,0.03
2908929,CHAPTER 76,previous,0.03
2909722,CHAPTER 76,ready,0.03
2910928,CHAPTER 76,sailors,0.03
2911999,CHAPTER 76,single,0.03
2913939,CHAPTER 76,takes,0.03
2915623,CHAPTER 76,unknown,0.03
2916325,CHAPTER 76,view,0.03
2892213,CHAPTER 76,air,0.02
2894126,CHAPTER 76,body,0.02
2894784,CHAPTER 76,called,0.02
2895930,CHAPTER 76,come,0.02
2899838,CHAPTER 76,eyes,0.02
2899958,CHAPTER 76,far,0.02
2900107,CHAPTER 76,feet,0.02
2900297,CHAPTER 76,fish,0.02
2902248,CHAPTER 76,high,0.02
2902352,CHAPTER 76,hold,0.02
2904176,CHAPTER 76,just,0.02
2904328,CHAPTER 76,know,0.02
2904771,CHAPTER 76,life,0.02
2904999,CHAPTER 76,long,0.02
2905385,CHAPTER 76,man,0.02
2908300,CHAPTER 76,place,0.02
2910744,CHAPTER 76,round,0.02
2911086,CHAPTER 76,say,0.02
2912252,CHAPTER 76,small,0.02
2912488,CHAPTER 76,soon,0.02
2912514,CHAPTER 76,sort,0.02
2914277,CHAPTER 76,think,0.02
2914441,CHAPTER 76,till,0.02
2914958,CHAPTER 76,true,0.02
2916715,CHAPTER 76,way,0.02
