,chapter,term,tfidf
2236143,CHAPTER 53,english,0.16
2253783,CHAPTER 53,whalers,0.16
2245208,CHAPTER 53,pirates,0.14
2248697,CHAPTER 53,ships,0.14
2249330,CHAPTER 53,sociable,0.12
2233958,CHAPTER 53,cruising,0.11
2235323,CHAPTER 53,does,0.11
2251393,CHAPTER 53,tiller,0.11
2253220,CHAPTER 53,vessels,0.11
2253782,CHAPTER 53,whaler,0.11
2231053,CHAPTER 53,boat,0.1
2231862,CHAPTER 53,captain,0.1
2241659,CHAPTER 53,letters,0.1
2242667,CHAPTER 53,meeting,0.1
2245178,CHAPTER 53,pine,0.1
2249088,CHAPTER 53,slave,0.1
2253789,CHAPTER 53,whaling,0.1
2230399,CHAPTER 53,barrens,0.09
2236545,CHAPTER 53,exchange,0.09
2237985,CHAPTER 53,gamming,0.09
2238735,CHAPTER 53,hails,0.09
2239302,CHAPTER 53,hold,0.09
2247897,CHAPTER 53,salisbury,0.09
2248687,CHAPTER 53,ship,0.09
2231864,CHAPTER 53,captains,0.08
2231955,CHAPTER 53,case,0.08
2232817,CHAPTER 53,collectively,0.08
2233912,CHAPTER 53,crossing,0.08
2237678,CHAPTER 53,foundation,0.08
2238595,CHAPTER 53,ground,0.08
2240545,CHAPTER 53,interchange,0.08
2242669,CHAPTER 53,meets,0.08
2243397,CHAPTER 53,mutually,0.08
2245207,CHAPTER 53,pirate,0.08
2246417,CHAPTER 53,question,0.08
2249464,CHAPTER 53,sort,0.08
2253562,CHAPTER 53,war,0.08
2254275,CHAPTER 53,yankees,0.08
2228708,CHAPTER 53,absent,0.07
2232149,CHAPTER 53,chance,0.07
2236312,CHAPTER 53,equally,0.07
2238084,CHAPTER 53,generally,0.07
2239871,CHAPTER 53,importance,0.07
2241750,CHAPTER 53,like,0.07
2243929,CHAPTER 53,occur,0.07
2250554,CHAPTER 53,superiority,0.07
2231042,CHAPTER 53,board,0.06
2231928,CHAPTER 53,carries,0.06
2234855,CHAPTER 53,difference,0.06
2236106,CHAPTER 53,ends,0.06
2238732,CHAPTER 53,hail,0.06
2242666,CHAPTER 53,meet,0.06
2242726,CHAPTER 53,merchant,0.06
2243443,CHAPTER 53,nantucketer,0.06
2243634,CHAPTER 53,news,0.06
2243790,CHAPTER 53,number,0.06
2243822,CHAPTER 53,oar,0.06
2244252,CHAPTER 53,outward,0.06
2244754,CHAPTER 53,peculiar,0.06
2247305,CHAPTER 53,resting,0.06
2248036,CHAPTER 53,say,0.06
2248249,CHAPTER 53,sea,0.06
2253773,CHAPTER 53,whale,0.06
2228151,CHAPTER 53,_gam,0.05
2228152,CHAPTER 53,_gam_,0.05
2228349,CHAPTER 53,_or,0.05
2228592,CHAPTER 53,_whaleships,0.05
2228723,CHAPTER 53,absorbingly,0.05
2229504,CHAPTER 53,answer,0.05
2230098,CHAPTER 53,authenticated,0.05
2231189,CHAPTER 53,bounder,0.05
2231216,CHAPTER 53,bowings,0.05
2233232,CHAPTER 53,congenialities,0.05
2233908,CHAPTER 53,cross,0.05
2234343,CHAPTER 53,decorated,0.05
2234838,CHAPTER 53,dictionaries,0.05
2235732,CHAPTER 53,easy,0.05
2236358,CHAPTER 53,erudition,0.05
2237483,CHAPTER 53,foible,0.05
2237484,CHAPTER 53,foibles,0.05
2238805,CHAPTER 53,hands,0.05
2239198,CHAPTER 53,high,0.05
2239706,CHAPTER 53,illimitable,0.05
2239954,CHAPTER 53,inadequately,0.05
2241615,CHAPTER 53,legs,0.05
2241841,CHAPTER 53,little,0.05
2241949,CHAPTER 53,long,0.05
2243177,CHAPTER 53,more_,0.05
2243484,CHAPTER 53,natural,0.05
2243767,CHAPTER 53,noun,0.05
2244181,CHAPTER 53,ostensible,0.05
2244305,CHAPTER 53,overmuch,0.05
2245268,CHAPTER 53,plain,0.05
2245869,CHAPTER 53,pretty,0.05
2245932,CHAPTER 53,privations,0.05
2246185,CHAPTER 53,provincialisms,0.05
2248190,CHAPTER 53,scrapings,0.05
2248281,CHAPTER 53,seat,0.05
2248831,CHAPTER 53,shyness,0.05
2248852,CHAPTER 53,sides,0.05
2249736,CHAPTER 53,spouters,0.05
2252049,CHAPTER 53,two_,0.05
2252659,CHAPTER 53,unostentatious,0.05
2253708,CHAPTER 53,webster,0.05
2253931,CHAPTER 53,wilds,0.05
2254105,CHAPTER 53,word,0.05
2227941,CHAPTER 53,_a,0.04
2228947,CHAPTER 53,admits,0.04
2229032,CHAPTER 53,affect,0.04
2229137,CHAPTER 53,agreeable,0.04
2229207,CHAPTER 53,aldermen,0.04
2229313,CHAPTER 53,altitude,0.04
2229758,CHAPTER 53,arising,0.04
2229928,CHAPTER 53,assertion,0.04
2230017,CHAPTER 53,attained,0.04
2230147,CHAPTER 53,avoid,0.04
2230277,CHAPTER 53,ballast,0.04
2230424,CHAPTER 53,basis,0.04
2230753,CHAPTER 53,betokened,0.04
2231030,CHAPTER 53,blurred,0.04
2231051,CHAPTER 53,boasting,0.04
2231084,CHAPTER 53,boilers,0.04
2231438,CHAPTER 53,broadway,0.04
2231471,CHAPTER 53,brotherly,0.04
2231586,CHAPTER 53,buoyant,0.04
2231888,CHAPTER 53,cared,0.04
2231981,CHAPTER 53,castors,0.04
2231984,CHAPTER 53,casually,0.04
2232126,CHAPTER 53,chairs,0.04
2232860,CHAPTER 53,columns,0.04
2232944,CHAPTER 53,common,0.04
2233122,CHAPTER 53,concert,0.04
2233296,CHAPTER 53,consequently,0.04
2233310,CHAPTER 53,consist,0.04
2233320,CHAPTER 53,consort,0.04
2233330,CHAPTER 53,constant,0.04
2233452,CHAPTER 53,contribute,0.04
2233710,CHAPTER 53,courtesy,0.04
2233887,CHAPTER 53,criticism,0.04
2234073,CHAPTER 53,cushioned,0.04
2234166,CHAPTER 53,dandies,0.04
2234215,CHAPTER 53,date,0.04
2234308,CHAPTER 53,decent,0.04
2234402,CHAPTER 53,define,0.04
2234407,CHAPTER 53,definition,0.04
2234645,CHAPTER 53,descrying,0.04
2234680,CHAPTER 53,desolate,0.04
2235442,CHAPTER 53,dr,0.04
2235597,CHAPTER 53,ducking,0.04
2235811,CHAPTER 53,effeminacy,0.04
2235899,CHAPTER 53,elevation,0.04
2236144,CHAPTER 53,englishman,0.04
2236207,CHAPTER 53,ensigns,0.04
2236375,CHAPTER 53,especially,0.04
2236391,CHAPTER 53,essential,0.04
2236408,CHAPTER 53,estimated,0.04
2236547,CHAPTER 53,exchanging,0.04
2236560,CHAPTER 53,exclamations,0.04
2236728,CHAPTER 53,expressive,0.04
2236904,CHAPTER 53,fanning,0.04
2236908,CHAPTER 53,far,0.04
2237190,CHAPTER 53,files,0.04
2237218,CHAPTER 53,finical,0.04
2237787,CHAPTER 53,friendly,0.04
2237969,CHAPTER 53,gallows,0.04
2237972,CHAPTER 53,gam,0.04
2237982,CHAPTER 53,gamesome,0.04
2238333,CHAPTER 53,godly,0.04
2238390,CHAPTER 53,gouty,0.04
2238849,CHAPTER 53,hard,0.04
2239271,CHAPTER 53,hitting,0.04
2239439,CHAPTER 53,hospitable,0.04
2240060,CHAPTER 53,incorporated,0.04
2240106,CHAPTER 53,index,0.04
2240180,CHAPTER 53,indulging,0.04
2240284,CHAPTER 53,information,0.04
2240325,CHAPTER 53,inhospitable,0.04
2240855,CHAPTER 53,item,0.04
2241003,CHAPTER 53,johnson,0.04
2241077,CHAPTER 53,judging,0.04
2241284,CHAPTER 53,known,0.04
2241389,CHAPTER 53,language,0.04
2241451,CHAPTER 53,later,0.04
2241454,CHAPTER 53,latest,0.04
2241553,CHAPTER 53,learnedly,0.04
2241682,CHAPTER 53,lexicon,0.04
2241757,CHAPTER 53,likenesses,0.04
2242280,CHAPTER 53,maintaining,0.04
2242668,CHAPTER 53,meetings,0.04
2242700,CHAPTER 53,men,0.04
2242804,CHAPTER 53,metropolitan,0.04
2242869,CHAPTER 53,milliner,0.04
2242875,CHAPTER 53,mills,0.04
2243077,CHAPTER 53,moment,0.04
2243396,CHAPTER 53,mutual,0.04
2243558,CHAPTER 53,negative,0.04
2243712,CHAPTER 53,nondescript,0.04
2243904,CHAPTER 53,obtained,0.04
2243918,CHAPTER 53,occasions,0.04
2243996,CHAPTER 53,oftentimes,0.04
2244352,CHAPTER 53,owned,0.04
2244506,CHAPTER 53,papers,0.04
2244590,CHAPTER 53,particle,0.04
2244595,CHAPTER 53,parties,0.04
2244655,CHAPTER 53,patent,0.04
2244744,CHAPTER 53,peasant,0.04
2244971,CHAPTER 53,personally,0.04
2245273,CHAPTER 53,plains,0.04
2245958,CHAPTER 53,process,0.04
2245997,CHAPTER 53,profession,0.04
2246000,CHAPTER 53,professions,0.04
2246592,CHAPTER 53,rapping,0.04
2246695,CHAPTER 53,reason,0.04
2246747,CHAPTER 53,reciprocating,0.04
2246772,CHAPTER 53,recognition,0.04
2246913,CHAPTER 53,regarding,0.04
2247114,CHAPTER 53,repeat,0.04
2247462,CHAPTER 53,ribbons,0.04
2247586,CHAPTER 53,riveted,0.04
2247716,CHAPTER 53,rowed,0.04
2247878,CHAPTER 53,sailors,0.04
2247915,CHAPTER 53,salutation,0.04
2248148,CHAPTER 53,scornful,0.04
2248266,CHAPTER 53,seaport,0.04
2248276,CHAPTER 53,seas,0.04
2248503,CHAPTER 53,settling,0.04
2248594,CHAPTER 53,shared,0.04
2248908,CHAPTER 53,silly,0.04
2248986,CHAPTER 53,sits,0.04
2249050,CHAPTER 53,skulls,0.04
2249344,CHAPTER 53,sofa,0.04
2249867,CHAPTER 53,standing,0.04
2249951,CHAPTER 53,steadying,0.04
2249983,CHAPTER 53,steerer,0.04
2249985,CHAPTER 53,steers,0.04
2250128,CHAPTER 53,straddling,0.04
2250153,CHAPTER 53,strangers,0.04
2250338,CHAPTER 53,subordinate,0.04
2250416,CHAPTER 53,sudden,0.04
2250618,CHAPTER 53,sure,0.04
2250701,CHAPTER 53,sustaining,0.04
2250828,CHAPTER 53,sympathies,0.04
2251225,CHAPTER 53,thing,0.04
2251333,CHAPTER 53,thumb,0.04
2251554,CHAPTER 53,topple,0.04
2251639,CHAPTER 53,track,0.04
2251701,CHAPTER 53,transfer,0.04
2253006,CHAPTER 53,usages,0.04
2253301,CHAPTER 53,villains,0.04
2253303,CHAPTER 53,villanous,0.04
2253367,CHAPTER 53,visits,0.04
2253714,CHAPTER 53,wedged,0.04
2253801,CHAPTER 53,wheeled,0.04
2254274,CHAPTER 53,yankee,0.04
2254300,CHAPTER 53,years,0.04
2254329,CHAPTER 53,york,0.04
2229357,CHAPTER 53,americans,0.03
2229449,CHAPTER 53,angle,0.03
2229505,CHAPTER 53,answered,0.03
2229556,CHAPTER 53,anybody,0.03
2229560,CHAPTER 53,apart,0.03
2229684,CHAPTER 53,apt,0.03
2229768,CHAPTER 53,ark,0.03
2229994,CHAPTER 53,atlantic,0.03
2230164,CHAPTER 53,away,0.03
2230396,CHAPTER 53,barrels,0.03
2231014,CHAPTER 53,blubber,0.03
2231043,CHAPTER 53,boarded,0.03
2231186,CHAPTER 53,bound,0.03
2231240,CHAPTER 53,brace,0.03
2231311,CHAPTER 53,breadth,0.03
2232000,CHAPTER 53,catching,0.03
2232242,CHAPTER 53,chat,0.03
2232290,CHAPTER 53,cherish,0.03
2232646,CHAPTER 53,closer,0.03
2232891,CHAPTER 53,comfortable,0.03
2232903,CHAPTER 53,command,0.03
2233030,CHAPTER 53,complete,0.03
2233127,CHAPTER 53,conclude,0.03
2233163,CHAPTER 53,conduct,0.03
2233281,CHAPTER 53,conscious,0.03
2233372,CHAPTER 53,contact,0.03
2233569,CHAPTER 53,cords,0.03
2233615,CHAPTER 53,corresponding,0.03
2233689,CHAPTER 53,country,0.03
2233851,CHAPTER 53,crews,0.03
2233884,CHAPTER 53,critical,0.03
2234263,CHAPTER 53,dear,0.03
2234430,CHAPTER 53,degree,0.03
2234710,CHAPTER 53,destined,0.03
2234880,CHAPTER 53,dignity,0.03
2235354,CHAPTER 53,domestic,0.03
2235896,CHAPTER 53,elevated,0.03
2236069,CHAPTER 53,encountering,0.03
2236141,CHAPTER 53,england,0.03
2236464,CHAPTER 53,eventually,0.03
2236640,CHAPTER 53,expand,0.03
2236788,CHAPTER 53,eyes,0.03
2236894,CHAPTER 53,fancy,0.03
2236931,CHAPTER 53,fashion,0.03
2237052,CHAPTER 53,feeling,0.03
2237215,CHAPTER 53,finger,0.03
2237567,CHAPTER 53,foreign,0.03
2237620,CHAPTER 53,forgotten,0.03
2238050,CHAPTER 53,gay,0.03
2238283,CHAPTER 53,glory,0.03
2238550,CHAPTER 53,grim,0.03
2238554,CHAPTER 53,grin,0.03
2238734,CHAPTER 53,hailing,0.03
2238739,CHAPTER 53,hair,0.03
2238872,CHAPTER 53,harmless,0.03
2239033,CHAPTER 53,hearty,0.03
2239348,CHAPTER 53,honest,0.03
2239570,CHAPTER 53,hunters,0.03
2239588,CHAPTER 53,hurry,0.03
2239765,CHAPTER 53,immense,0.03
2240242,CHAPTER 53,infernal,0.03
2240457,CHAPTER 53,instances,0.03
2240515,CHAPTER 53,intelligence,0.03
2240830,CHAPTER 53,island,0.03
2241190,CHAPTER 53,kill,0.03
2241247,CHAPTER 53,knees,0.03
2241537,CHAPTER 53,lean,0.03
2241560,CHAPTER 53,leave,0.03
2241651,CHAPTER 53,let,0.03
2241727,CHAPTER 53,lifted,0.03
2241759,CHAPTER 53,likewise,0.03
2241943,CHAPTER 53,lone,0.03
2242026,CHAPTER 53,love,0.03
2242294,CHAPTER 53,make,0.03
2242335,CHAPTER 53,man,0.03
2242560,CHAPTER 53,mates,0.03
2242573,CHAPTER 53,matter,0.03
2242737,CHAPTER 53,merely,0.03
2242816,CHAPTER 53,mid,0.03
2242912,CHAPTER 53,minutes,0.03
2243513,CHAPTER 53,nearest,0.03
2243555,CHAPTER 53,needs,0.03
2243682,CHAPTER 53,noah,0.03
2243757,CHAPTER 53,notice,0.03
2243824,CHAPTER 53,oarsman,0.03
2243913,CHAPTER 53,occasion,0.03
2243930,CHAPTER 53,occurred,0.03
2243943,CHAPTER 53,odd,0.03
2243979,CHAPTER 53,officers,0.03
2244042,CHAPTER 53,ones,0.03
2244755,CHAPTER 53,peculiarities,0.03
2244908,CHAPTER 53,perils,0.03
2245220,CHAPTER 53,pitch,0.03
2245418,CHAPTER 53,pockets,0.03
2245459,CHAPTER 53,poles,0.03
2245594,CHAPTER 53,possible,0.03
2245943,CHAPTER 53,probably,0.03
2245974,CHAPTER 53,prodigious,0.03
2246039,CHAPTER 53,projecting,0.03
2246241,CHAPTER 53,pulled,0.03
2246325,CHAPTER 53,pursuit,0.03
2246616,CHAPTER 53,rate,0.03
2246680,CHAPTER 53,really,0.03
2246691,CHAPTER 53,rear,0.03
2246728,CHAPTER 53,receive,0.03
2247021,CHAPTER 53,remain,0.03
2247024,CHAPTER 53,remaining,0.03
2247068,CHAPTER 53,remote,0.03
2247231,CHAPTER 53,reserved,0.03
2247368,CHAPTER 53,return,0.03
2247495,CHAPTER 53,rig,0.03
2248361,CHAPTER 53,seize,0.03
2248439,CHAPTER 53,separately,0.03
2248644,CHAPTER 53,sheets,0.03
2248856,CHAPTER 53,sideways,0.03
2248914,CHAPTER 53,similar,0.03
2248983,CHAPTER 53,sit,0.03
2248992,CHAPTER 53,sitting,0.03
2249134,CHAPTER 53,slightest,0.03
2249202,CHAPTER 53,small,0.03
2249332,CHAPTER 53,social,0.03
2249395,CHAPTER 53,solid,0.03
2249468,CHAPTER 53,sorts,0.03
2249471,CHAPTER 53,sought,0.03
2249699,CHAPTER 53,spoken,0.03
2249748,CHAPTER 53,spread,0.03
2249782,CHAPTER 53,squall,0.03
2249861,CHAPTER 53,stand,0.03
2249902,CHAPTER 53,state,0.03
2249979,CHAPTER 53,steer,0.03
2249984,CHAPTER 53,steering,0.03
2249986,CHAPTER 53,steersman,0.03
2250096,CHAPTER 53,stopping,0.03
2250114,CHAPTER 53,storms,0.03
2250136,CHAPTER 53,straightway,0.03
2250152,CHAPTER 53,stranger,0.03
2250186,CHAPTER 53,stretched,0.03
2250204,CHAPTER 53,string,0.03
2250275,CHAPTER 53,stuff,0.03
2250347,CHAPTER 53,subsequent,0.03
2250553,CHAPTER 53,superior,0.03
2250899,CHAPTER 53,talk,0.03
2251182,CHAPTER 53,theirs,0.03
2251496,CHAPTER 53,token,0.03
2251791,CHAPTER 53,tree,0.03
2251901,CHAPTER 53,trowsers,0.03
2251908,CHAPTER 53,true,0.03
2252009,CHAPTER 53,twain,0.03
2252219,CHAPTER 53,uncommon,0.03
2252220,CHAPTER 53,uncommonly,0.03
2253030,CHAPTER 53,utmost,0.03
2253037,CHAPTER 53,utterly,0.03
2253330,CHAPTER 53,violent,0.03
2253358,CHAPTER 53,visit,0.03
2253683,CHAPTER 53,wear,0.03
2254121,CHAPTER 53,world,0.03
2254128,CHAPTER 53,worn,0.03
2254294,CHAPTER 53,year,0.03
2229146,CHAPTER 53,ahab,0.02
2229235,CHAPTER 53,alive,0.02
2229356,CHAPTER 53,american,0.02
2229965,CHAPTER 53,astern,0.02
2231058,CHAPTER 53,boats,0.02
2231120,CHAPTER 53,bones,0.02
2231159,CHAPTER 53,born,0.02
2232103,CHAPTER 53,certainly,0.02
2232314,CHAPTER 53,chief,0.02
2232476,CHAPTER 53,circumstances,0.02
2233032,CHAPTER 53,completely,0.02
2233118,CHAPTER 53,concerning,0.02
2233702,CHAPTER 53,course,0.02
2233850,CHAPTER 53,crew,0.02
2234092,CHAPTER 53,cutting,0.02
2234267,CHAPTER 53,death,0.02
2235370,CHAPTER 53,don,0.02
2235712,CHAPTER 53,earth,0.02
2236246,CHAPTER 53,entire,0.02
2237254,CHAPTER 53,fishery,0.02
2237741,CHAPTER 53,free,0.02
2238883,CHAPTER 53,harpooneer,0.02
2238955,CHAPTER 53,having,0.02
2239004,CHAPTER 53,hear,0.02
2239005,CHAPTER 53,heard,0.02
2239017,CHAPTER 53,heart,0.02
2239053,CHAPTER 53,heavy,0.02
2239333,CHAPTER 53,home,0.02
2241199,CHAPTER 53,kind,0.02
2241214,CHAPTER 53,king,0.02
2241278,CHAPTER 53,know,0.02
2241285,CHAPTER 53,knows,0.02
2241418,CHAPTER 53,large,0.02
2241625,CHAPTER 53,length,0.02
2243627,CHAPTER 53,new,0.02
2244611,CHAPTER 53,pass,0.02
2244858,CHAPTER 53,people,0.02
2245250,CHAPTER 53,place,0.02
2246091,CHAPTER 53,proper,0.02
2246729,CHAPTER 53,received,0.02
2247502,CHAPTER 53,right,0.02
2247789,CHAPTER 53,run,0.02
2247792,CHAPTER 53,running,0.02
2247872,CHAPTER 53,sailing,0.02
2248261,CHAPTER 53,seamen,0.02
2248335,CHAPTER 53,seeing,0.02
2248373,CHAPTER 53,self,0.02
2248869,CHAPTER 53,sight,0.02
2248949,CHAPTER 53,single,0.02
2249438,CHAPTER 53,soon,0.02
2249543,CHAPTER 53,speak,0.02
2250004,CHAPTER 53,stern,0.02
2251226,CHAPTER 53,things,0.02
2251271,CHAPTER 53,thousand,0.02
2251401,CHAPTER 53,time,0.02
2251405,CHAPTER 53,times,0.02
2251606,CHAPTER 53,touching,0.02
2251989,CHAPTER 53,turned,0.02
2252573,CHAPTER 53,unknown,0.02
2253007,CHAPTER 53,use,0.02
2253219,CHAPTER 53,vessel,0.02
2253275,CHAPTER 53,view,0.02
2253352,CHAPTER 53,visible,0.02
2253505,CHAPTER 53,wake,0.02
2253697,CHAPTER 53,weather,0.02
2253780,CHAPTER 53,whaleman,0.02
2253781,CHAPTER 53,whalemen,0.02
2253784,CHAPTER 53,whales,0.02
2253958,CHAPTER 53,wind,0.02
2232880,CHAPTER 53,come,0.01
2234234,CHAPTER 53,day,0.01
2234840,CHAPTER 53,did,0.01
2238353,CHAPTER 53,good,0.01
2241721,CHAPTER 53,life,0.01
2241961,CHAPTER 53,look,0.01
2244009,CHAPTER 53,old,0.01
2247866,CHAPTER 53,said,0.01
2248345,CHAPTER 53,seen,0.01
2253639,CHAPTER 53,water,0.01
2253665,CHAPTER 53,way,0.01
