,chapter,term,tfidf
2333339,CHAPTER 56,whale,0.22
2315718,CHAPTER 56,engravings,0.21
2317581,CHAPTER 56,garnery,0.19
2317322,CHAPTER 56,french,0.15
2324682,CHAPTER 56,pictures,0.14
2310046,CHAPTER 56,beale,0.13
2327659,CHAPTER 56,scenes,0.13
2315717,CHAPTER 56,engraving,0.12
2323979,CHAPTER 56,paintings,0.12
2313170,CHAPTER 56,correct,0.11
2313660,CHAPTER 56,cuvier,0.11
2310619,CHAPTER 56,boat,0.1
2319074,CHAPTER 56,huggins,0.1
2324685,CHAPTER 56,picturesqueness,0.1
2327068,CHAPTER 56,right,0.1
2327815,CHAPTER 56,sea,0.1
2312397,CHAPTER 56,colnett,0.09
2315371,CHAPTER 56,effect,0.09
2325385,CHAPTER 56,presenting,0.09
2310432,CHAPTER 56,black,0.08
2314294,CHAPTER 56,details,0.08
2315043,CHAPTER 56,drawings,0.08
2316544,CHAPTER 56,fault,0.08
2317522,CHAPTER 56,gallery,0.08
2319041,CHAPTER 56,hove,0.08
2321077,CHAPTER 56,lazily,0.08
2321316,CHAPTER 56,like,0.08
2323787,CHAPTER 56,outline,0.08
2325576,CHAPTER 56,profile,0.08
2327657,CHAPTER 56,scene,0.08
2327709,CHAPTER 56,scoresby,0.08
2328799,CHAPTER 56,smoke,0.08
2329171,CHAPTER 56,sperm,0.08
2333350,CHAPTER 56,whales,0.08
2308424,CHAPTER 56,act,0.07
2308428,CHAPTER 56,action,0.07
2308433,CHAPTER 56,activity,0.07
2312519,CHAPTER 56,commotion,0.07
2315110,CHAPTER 56,drooping,0.07
2316877,CHAPTER 56,flash,0.07
2322689,CHAPTER 56,monstrous,0.07
2324680,CHAPTER 56,picture,0.07
2333355,CHAPTER 56,whaling,0.07
2308856,CHAPTER 56,alongside,0.06
2310651,CHAPTER 56,boiling,0.06
2315900,CHAPTER 56,erect,0.06
2318085,CHAPTER 56,greenland,0.06
2321287,CHAPTER 56,life,0.06
2321428,CHAPTER 56,living,0.06
2325763,CHAPTER 56,prow,0.06
2327181,CHAPTER 56,rock,0.06
2328253,CHAPTER 56,ship,0.06
2330454,CHAPTER 56,taken,0.06
2308609,CHAPTER 56,affidavit,0.05
2310060,CHAPTER 56,bearing,0.05
2310910,CHAPTER 56,breezeless,0.05
2311353,CHAPTER 56,candies,0.05
2311745,CHAPTER 56,chapter,0.05
2314454,CHAPTER 56,diligence,0.05
2314704,CHAPTER 56,disparagement,0.05
2314772,CHAPTER 56,distance,0.05
2315036,CHAPTER 56,draughtsmen,0.05
2315048,CHAPTER 56,drawn,0.05
2315216,CHAPTER 56,durand,0.05
2316365,CHAPTER 56,fac,0.05
2317130,CHAPTER 56,foreground,0.05
2317769,CHAPTER 56,giving,0.05
2318069,CHAPTER 56,great,0.05
2318453,CHAPTER 56,harpoons,0.05
2319609,CHAPTER 56,incomputable,0.05
2320692,CHAPTER 56,just,0.05
2321228,CHAPTER 56,leuwenhoeck,0.05
2321745,CHAPTER 56,maccaroni,0.05
2322463,CHAPTER 56,miniatures,0.05
2322687,CHAPTER 56,monster,0.05
2324177,CHAPTER 56,pass,0.05
2325963,CHAPTER 56,quay,0.05
2325991,CHAPTER 56,quicken,0.05
2328483,CHAPTER 56,similes,0.05
2329299,CHAPTER 56,spout,0.05
2329901,CHAPTER 56,submits,0.05
2329910,CHAPTER 56,subscribes,0.05
2332407,CHAPTER 56,unstarched,0.05
2333346,CHAPTER 56,whaleman,0.05
2333760,CHAPTER 56,wretchedly,0.05
2308451,CHAPTER 56,adapted,0.04
2308460,CHAPTER 56,addition,0.04
2308499,CHAPTER 56,admirable,0.04
2308500,CHAPTER 56,admirably,0.04
2308630,CHAPTER 56,affright,0.04
2308981,CHAPTER 56,anatomical,0.04
2308992,CHAPTER 56,anchored,0.04
2309251,CHAPTER 56,aptitude,0.04
2309419,CHAPTER 56,artistic,0.04
2309459,CHAPTER 56,aspects,0.04
2309579,CHAPTER 56,attacking,0.04
2309580,CHAPTER 56,attacks,0.04
2309619,CHAPTER 56,attitudes,0.04
2309779,CHAPTER 56,background,0.04
2309826,CHAPTER 56,balancing,0.04
2309949,CHAPTER 56,barnacled,0.04
2310020,CHAPTER 56,battles,0.04
2310083,CHAPTER 56,becalmed,0.04
2310171,CHAPTER 56,beholder,0.04
2310295,CHAPTER 56,best,0.04
2310628,CHAPTER 56,bob,0.04
2310897,CHAPTER 56,breathing,0.04
2311043,CHAPTER 56,browne,0.04
2311412,CHAPTER 56,capping,0.04
2311597,CHAPTER 56,causing,0.04
2311647,CHAPTER 56,centaurs,0.04
2311902,CHAPTER 56,chimney,0.04
2311946,CHAPTER 56,chopping,0.04
2312062,CHAPTER 56,civil,0.04
2312118,CHAPTER 56,classical,0.04
2312173,CHAPTER 56,cliffs,0.04
2312838,CHAPTER 56,conquered,0.04
2312853,CHAPTER 56,consecutive,0.04
2312995,CHAPTER 56,contour,0.04
2313053,CHAPTER 56,conversant,0.04
2313067,CHAPTER 56,convey,0.04
2313071,CHAPTER 56,conveying,0.04
2313092,CHAPTER 56,cooking,0.04
2313315,CHAPTER 56,crabs,0.04
2313499,CHAPTER 56,crowned,0.04
2313550,CHAPTER 56,crystal,0.04
2313554,CHAPTER 56,crystals,0.04
2313596,CHAPTER 56,curds,0.04
2313962,CHAPTER 56,deficiency,0.04
2314139,CHAPTER 56,depicted,0.04
2314222,CHAPTER 56,deserves,0.04
2314233,CHAPTER 56,desirable,0.04
2315576,CHAPTER 56,emperors,0.04
2315594,CHAPTER 56,emptied,0.04
2315713,CHAPTER 56,engraved,0.04
2316005,CHAPTER 56,europe,0.04
2316102,CHAPTER 56,excepting,0.04
2316115,CHAPTER 56,excite,0.04
2316142,CHAPTER 56,executed,0.04
2316293,CHAPTER 56,expressions,0.04
2316474,CHAPTER 56,far,0.04
2316743,CHAPTER 56,fights,0.04
2316775,CHAPTER 56,fine,0.04
2316788,CHAPTER 56,finished,0.04
2317223,CHAPTER 56,fortress,0.04
2317280,CHAPTER 56,france,0.04
2317306,CHAPTER 56,frederick,0.04
2317393,CHAPTER 56,frontispiece,0.04
2317796,CHAPTER 56,glassy,0.04
2317919,CHAPTER 56,good,0.04
2318020,CHAPTER 56,grapnels,0.04
2318282,CHAPTER 56,hackluyt,0.04
2318314,CHAPTER 56,half,0.04
2318316,CHAPTER 56,hall,0.04
2318455,CHAPTER 56,harris,0.04
2318876,CHAPTER 56,hole,0.04
2318946,CHAPTER 56,hooks,0.04
2319152,CHAPTER 56,hurriedly,0.04
2319470,CHAPTER 56,impression,0.04
2319549,CHAPTER 56,incensed,0.04
2319764,CHAPTER 56,inert,0.04
2319990,CHAPTER 56,inshore,0.04
2320016,CHAPTER 56,inspection,0.04
2320693,CHAPTER 56,justice,0.04
2320698,CHAPTER 56,justly,0.04
2320984,CHAPTER 56,large,0.04
2321241,CHAPTER 56,leviathanic,0.04
2321377,CHAPTER 56,lipped,0.04
2321548,CHAPTER 56,loosened,0.04
2321816,CHAPTER 56,magnified,0.04
2322068,CHAPTER 56,marvellously,0.04
2322239,CHAPTER 56,mell,0.04
2322381,CHAPTER 56,microscopic,0.04
2322777,CHAPTER 56,mossy,0.04
2323035,CHAPTER 56,narwhales,0.04
2323238,CHAPTER 56,ninety,0.04
2323318,CHAPTER 56,note,0.04
2323501,CHAPTER 56,ocean,0.04
2323789,CHAPTER 56,outlines,0.04
2323886,CHAPTER 56,oversight,0.04
2323949,CHAPTER 56,paddle,0.04
2323976,CHAPTER 56,painter,0.04
2323978,CHAPTER 56,painting,0.04
2324151,CHAPTER 56,partially,0.04
2324214,CHAPTER 56,patagonian,0.04
2324317,CHAPTER 56,pecking,0.04
2324323,CHAPTER 56,peculiarly,0.04
2324372,CHAPTER 56,pell,0.04
2324578,CHAPTER 56,pestilent,0.04
2324935,CHAPTER 56,pliny,0.04
2325109,CHAPTER 56,porpoises,0.04
2325228,CHAPTER 56,powerless,0.04
2325236,CHAPTER 56,practically,0.04
2325290,CHAPTER 56,precipice,0.04
2325381,CHAPTER 56,presentations,0.04
2325536,CHAPTER 56,procured,0.04
2325588,CHAPTER 56,profundities,0.04
2325849,CHAPTER 56,purchas,0.04
2325909,CHAPTER 56,pyramid,0.04
2326073,CHAPTER 56,raging,0.04
2326091,CHAPTER 56,rains,0.04
2326258,CHAPTER 56,rearing,0.04
2326429,CHAPTER 56,referred,0.04
2326661,CHAPTER 56,renowned,0.04
2326724,CHAPTER 56,represent,0.04
2326849,CHAPTER 56,respectively,0.04
2327129,CHAPTER 56,risen,0.04
2327243,CHAPTER 56,ross,0.04
2327445,CHAPTER 56,sails,0.04
2327613,CHAPTER 56,scale,0.04
2327666,CHAPTER 56,scepticism,0.04
2327859,CHAPTER 56,second,0.04
2328030,CHAPTER 56,series,0.04
2328215,CHAPTER 56,shell,0.04
2328578,CHAPTER 56,sketches,0.04
2328579,CHAPTER 56,sketching,0.04
2328584,CHAPTER 56,skiff,0.04
2328795,CHAPTER 56,smithies,0.04
2329007,CHAPTER 56,soot,0.04
2329349,CHAPTER 56,squalls,0.04
2329529,CHAPTER 56,steamer,0.04
2329681,CHAPTER 56,stormy,0.04
2329687,CHAPTER 56,stoven,0.04
2329969,CHAPTER 56,successive,0.04
2330373,CHAPTER 56,sworn,0.04
2330496,CHAPTER 56,tantamount,0.04
2330634,CHAPTER 56,tempted,0.04
2330671,CHAPTER 56,tenth,0.04
2330839,CHAPTER 56,thousandth,0.04
2331098,CHAPTER 56,tons,0.04
2331135,CHAPTER 56,torments,0.04
2331353,CHAPTER 56,treats,0.04
2331427,CHAPTER 56,triumphal,0.04
2331495,CHAPTER 56,truthful,0.04
2331573,CHAPTER 56,tutored,0.04
2331737,CHAPTER 56,unbroken,0.04
2332516,CHAPTER 56,unworthy,0.04
2332610,CHAPTER 56,vacant,0.04
2332770,CHAPTER 56,versailles,0.04
2332797,CHAPTER 56,veteran,0.04
2332861,CHAPTER 56,village,0.04
2333014,CHAPTER 56,voyager,0.04
2333286,CHAPTER 56,weedy,0.04
2333370,CHAPTER 56,wheels,0.04
2333447,CHAPTER 56,whitened,0.04
2333636,CHAPTER 56,wonderfully,0.04
2308261,CHAPTER 56,abounding,0.03
2308373,CHAPTER 56,accounts,0.03
2308596,CHAPTER 56,affair,0.03
2308729,CHAPTER 56,air,0.03
2308923,CHAPTER 56,americans,0.03
2308995,CHAPTER 56,ancient,0.03
2309296,CHAPTER 56,arctic,0.03
2309341,CHAPTER 56,armed,0.03
2310017,CHAPTER 56,battle,0.03
2310170,CHAPTER 56,behold,0.03
2310697,CHAPTER 56,books,0.03
2310777,CHAPTER 56,bowels,0.03
2310852,CHAPTER 56,brave,0.03
2311285,CHAPTER 56,calculated,0.03
2311393,CHAPTER 56,canvas,0.03
2311399,CHAPTER 56,capable,0.03
2311436,CHAPTER 56,capture,0.03
2311494,CHAPTER 56,carries,0.03
2311756,CHAPTER 56,charge,0.03
2312228,CHAPTER 56,cloud,0.03
2312683,CHAPTER 56,concerned,0.03
2312831,CHAPTER 56,connexion,0.03
2312872,CHAPTER 56,considered,0.03
2312964,CHAPTER 56,content,0.03
2313012,CHAPTER 56,contrast,0.03
2313014,CHAPTER 56,contrasting,0.03
2313773,CHAPTER 56,dash,0.03
2314021,CHAPTER 56,delicate,0.03
2314189,CHAPTER 56,derive,0.03
2314423,CHAPTER 56,different,0.03
2315037,CHAPTER 56,draw,0.03
2315272,CHAPTER 56,earnest,0.03
2315707,CHAPTER 56,england,0.03
2315709,CHAPTER 56,english,0.03
2315788,CHAPTER 56,enter,0.03
2316051,CHAPTER 56,evinced,0.03
2316097,CHAPTER 56,excellent,0.03
2316116,CHAPTER 56,excited,0.03
2316240,CHAPTER 56,experience,0.03
2316241,CHAPTER 56,experienced,0.03
2316746,CHAPTER 56,figure,0.03
2316780,CHAPTER 56,finest,0.03
2316818,CHAPTER 56,fishermen,0.03
2316847,CHAPTER 56,flag,0.03
2316870,CHAPTER 56,flank,0.03
2316959,CHAPTER 56,floats,0.03
2317262,CHAPTER 56,fowls,0.03
2317468,CHAPTER 56,furnished,0.03
2317622,CHAPTER 56,gaze,0.03
2318383,CHAPTER 56,hanging,0.03
2318426,CHAPTER 56,hardy,0.03
2318923,CHAPTER 56,honor,0.03
2318997,CHAPTER 56,horse,0.03
2319132,CHAPTER 56,hunt,0.03
2319136,CHAPTER 56,hunters,0.03
2319215,CHAPTER 56,idea,0.03
2319438,CHAPTER 56,important,0.03
2319987,CHAPTER 56,inserted,0.03
2320400,CHAPTER 56,isles,0.03
2320522,CHAPTER 56,jets,0.03
2320785,CHAPTER 56,kings,0.03
2320826,CHAPTER 56,knives,0.03
2320844,CHAPTER 56,know,0.03
2320901,CHAPTER 56,lads,0.03
2320934,CHAPTER 56,lances,0.03
2321113,CHAPTER 56,leaping,0.03
2321127,CHAPTER 56,leaves,0.03
2321233,CHAPTER 56,level,0.03
2321236,CHAPTER 56,levelled,0.03
2321310,CHAPTER 56,lights,0.03
2321856,CHAPTER 56,majesty,0.03
2322139,CHAPTER 56,matter,0.03
2322200,CHAPTER 56,mechanical,0.03
2322283,CHAPTER 56,mention,0.03
2322603,CHAPTER 56,modern,0.03
2323046,CHAPTER 56,nations,0.03
2323284,CHAPTER 56,noon,0.03
2323297,CHAPTER 56,northern,0.03
2323390,CHAPTER 56,oarsman,0.03
2323391,CHAPTER 56,oarsmen,0.03
2323422,CHAPTER 56,obliquely,0.03
2323513,CHAPTER 56,odds,0.03
2323710,CHAPTER 56,oriental,0.03
2324010,CHAPTER 56,palms,0.03
2324122,CHAPTER 56,parlor,0.03
2324290,CHAPTER 56,peace,0.03
2324688,CHAPTER 56,pieces,0.03
2325022,CHAPTER 56,pole,0.03
2325025,CHAPTER 56,poles,0.03
2325791,CHAPTER 56,published,0.03
2325898,CHAPTER 56,pushing,0.03
2326005,CHAPTER 56,quiet,0.03
2326239,CHAPTER 56,real,0.03
2326428,CHAPTER 56,reference,0.03
2326718,CHAPTER 56,repose,0.03
2327133,CHAPTER 56,rising,0.03
2327199,CHAPTER 56,roll,0.03
2327205,CHAPTER 56,rolls,0.03
2327366,CHAPTER 56,rushing,0.03
2327410,CHAPTER 56,sad,0.03
2327654,CHAPTER 56,scattered,0.03
2327930,CHAPTER 56,seizing,0.03
2328061,CHAPTER 56,setting,0.03
2328277,CHAPTER 56,shivering,0.03
2328368,CHAPTER 56,shrouded,0.03
2328692,CHAPTER 56,slide,0.03
2328698,CHAPTER 56,slight,0.03
2328768,CHAPTER 56,small,0.03
2329197,CHAPTER 56,spilled,0.03
2329204,CHAPTER 56,spine,0.03
2329227,CHAPTER 56,spirit,0.03
2329435,CHAPTER 56,stands,0.03
2329589,CHAPTER 56,stiff,0.03
2329674,CHAPTER 56,stories,0.03
2329803,CHAPTER 56,strongly,0.03
2329886,CHAPTER 56,subject,0.03
2330146,CHAPTER 56,supper,0.03
2330335,CHAPTER 56,swells,0.03
2330346,CHAPTER 56,swimming,0.03
2330368,CHAPTER 56,sword,0.03
2330694,CHAPTER 56,terrific,0.03
2330748,CHAPTER 56,theirs,0.03
2330792,CHAPTER 56,things,0.03
2331503,CHAPTER 56,tub,0.03
2331532,CHAPTER 56,tumultuous,0.03
2333205,CHAPTER 56,water,0.03
2333348,CHAPTER 56,whaler,0.03
2333539,CHAPTER 56,windward,0.03
2333715,CHAPTER 56,worthy,0.03
2333743,CHAPTER 56,wreck,0.03
2308922,CHAPTER 56,american,0.02
2310239,CHAPTER 56,beneath,0.02
2310327,CHAPTER 56,better,0.02
2310608,CHAPTER 56,board,0.02
2310624,CHAPTER 56,boats,0.02
2311103,CHAPTER 56,bulk,0.02
2311307,CHAPTER 56,calm,0.02
2311587,CHAPTER 56,caught,0.02
2311668,CHAPTER 56,certain,0.02
2311669,CHAPTER 56,certainly,0.02
2311792,CHAPTER 56,chase,0.02
2313330,CHAPTER 56,craft,0.02
2313416,CHAPTER 56,crew,0.02
2313658,CHAPTER 56,cutting,0.02
2313813,CHAPTER 56,dead,0.02
2313931,CHAPTER 56,deep,0.02
2314979,CHAPTER 56,doubt,0.02
2315042,CHAPTER 56,drawing,0.02
2315813,CHAPTER 56,entirely,0.02
2315941,CHAPTER 56,especially,0.02
2316813,CHAPTER 56,fish,0.02
2316820,CHAPTER 56,fishery,0.02
2317645,CHAPTER 56,general,0.02
2317907,CHAPTER 56,going,0.02
2318553,CHAPTER 56,heads,0.02
2318583,CHAPTER 56,heart,0.02
2318764,CHAPTER 56,high,0.02
2321128,CHAPTER 56,leaving,0.02
2321191,CHAPTER 56,length,0.02
2321217,CHAPTER 56,let,0.02
2321240,CHAPTER 56,leviathan,0.02
2321278,CHAPTER 56,lie,0.02
2321348,CHAPTER 56,line,0.02
2322081,CHAPTER 56,mass,0.02
2322091,CHAPTER 56,mast,0.02
2322179,CHAPTER 56,mean,0.02
2322385,CHAPTER 56,middle,0.02
2323050,CHAPTER 56,natural,0.02
2323222,CHAPTER 56,nigh,0.02
2323251,CHAPTER 56,noble,0.02
2323621,CHAPTER 56,open,0.02
2323934,CHAPTER 56,pacific,0.02
2324816,CHAPTER 56,place,0.02
2324857,CHAPTER 56,planks,0.02
2325296,CHAPTER 56,precisely,0.02
2325379,CHAPTER 56,present,0.02
2325435,CHAPTER 56,pretty,0.02
2325445,CHAPTER 56,previous,0.02
2325874,CHAPTER 56,purpose,0.02
2326018,CHAPTER 56,quite,0.02
2327358,CHAPTER 56,running,0.02
2327827,CHAPTER 56,seamen,0.02
2328515,CHAPTER 56,single,0.02
2328861,CHAPTER 56,snow,0.02
2329433,CHAPTER 56,standing,0.02
2329982,CHAPTER 56,sudden,0.02
2330456,CHAPTER 56,taking,0.02
2330793,CHAPTER 56,think,0.02
2331474,CHAPTER 56,true,0.02
2332573,CHAPTER 56,use,0.02
2332671,CHAPTER 56,various,0.02
2332785,CHAPTER 56,vessel,0.02
2333071,CHAPTER 56,wake,0.02
2333444,CHAPTER 56,white,0.02
2333460,CHAPTER 56,wholly,0.02
2333654,CHAPTER 56,wooden,0.02
2321407,CHAPTER 56,little,0.01
2321515,CHAPTER 56,long,0.01
2322266,CHAPTER 56,men,0.01
2327911,CHAPTER 56,seen,0.01
2330791,CHAPTER 56,thing,0.01
2330967,CHAPTER 56,time,0.01
2333231,CHAPTER 56,way,0.01
2333687,CHAPTER 56,world,0.01
