,chapter,term,tfidf
1939761,CHAPTER 43,bucket,0.35
1941911,CHAPTER 43,cough,0.28
1939932,CHAPTER 43,cabaco,0.26
1962550,CHAPTER 43,ye,0.25
1951957,CHAPTER 43,noise,0.21
1937983,CHAPTER 43,archy,0.18
1941826,CHAPTER 43,cordon,0.18
1939763,CHAPTER 43,buckets,0.16
1939905,CHAPTER 43,butt,0.16
1947514,CHAPTER 43,hist,0.15
1947771,CHAPTER 43,hum,0.14
1956950,CHAPTER 43,shipmate,0.14
1940428,CHAPTER 43,chap,0.13
1947173,CHAPTER 43,hatches,0.13
1947262,CHAPTER 43,hear,0.13
1956500,CHAPTER 43,scuttle,0.13
1940134,CHAPTER 43,caramba,0.1
1940634,CHAPTER 43,cholo,0.1
1953979,CHAPTER 43,precincts,0.1
1959706,CHAPTER 43,tish,0.1
1939102,CHAPTER 43,biscuits,0.09
1945567,CHAPTER 43,flap,0.09
1947012,CHAPTER 43,hallowed,0.09
1949517,CHAPTER 43,knitting,0.09
1951768,CHAPTER 43,near,0.09
1951831,CHAPTER 43,neighbor,0.09
1954628,CHAPTER 43,quakeress,0.09
1956068,CHAPTER 43,rustle,0.09
1960248,CHAPTER 43,turning,0.09
1961884,CHAPTER 43,watch,0.09
1939920,CHAPTER 43,butts,0.08
1942403,CHAPTER 43,damned,0.08
1951311,CHAPTER 43,mogul,0.08
1951403,CHAPTER 43,moonlight,0.08
1957359,CHAPTER 43,sleepers,0.08
1957568,CHAPTER 43,soaked,0.08
1957678,CHAPTER 43,somebody,0.08
1958940,CHAPTER 43,suspect,0.08
1960440,CHAPTER 43,unceasingly,0.08
1942628,CHAPTER 43,deepest,0.07
1943991,CHAPTER 43,eat,0.07
1944994,CHAPTER 43,extending,0.07
1946812,CHAPTER 43,grin,0.07
1947263,CHAPTER 43,heard,0.07
1951088,CHAPTER 43,midst,0.07
1951810,CHAPTER 43,needles,0.07
1952172,CHAPTER 43,occasional,0.07
1955410,CHAPTER 43,repose,0.07
1957735,CHAPTER 43,sounded,0.07
1958125,CHAPTER 43,standing,0.07
1959128,CHAPTER 43,taffrail,0.07
1961748,CHAPTER 43,waist,0.07
1962124,CHAPTER 43,whispered,0.07
1937252,CHAPTER 43,advancing,0.06
1937419,CHAPTER 43,ain,0.06
1940150,CHAPTER 43,careful,0.06
1942582,CHAPTER 43,deck,0.06
1947044,CHAPTER 43,hand,0.06
1947123,CHAPTER 43,hark,0.06
1948683,CHAPTER 43,inside,0.06
1949402,CHAPTER 43,keel,0.06
1953854,CHAPTER 43,post,0.06
1955626,CHAPTER 43,return,0.06
1957154,CHAPTER 43,silence,0.06
1957742,CHAPTER 43,sounds,0.06
1958208,CHAPTER 43,steady,0.06
1958838,CHAPTER 43,supper,0.06
1939706,CHAPTER 43,broken,0.05
1943098,CHAPTER 43,did,0.05
1943969,CHAPTER 43,ears,0.05
1945098,CHAPTER 43,fair,0.05
1945574,CHAPTER 43,flask,0.05
1946026,CHAPTER 43,fresh,0.05
1949543,CHAPTER 43,knows,0.05
1950644,CHAPTER 43,manner,0.05
1950871,CHAPTER 43,mean,0.05
1951077,CHAPTER 43,middle,0.05
1951112,CHAPTER 43,miles,0.05
1952267,CHAPTER 43,old,0.05
1952869,CHAPTER 43,pass,0.05
1952874,CHAPTER 43,passed,0.05
1954648,CHAPTER 43,quarter,0.05
1956519,CHAPTER 43,seamen,0.05
1956859,CHAPTER 43,sharp,0.05
1960252,CHAPTER 43,turns,0.05
1961386,CHAPTER 43,ve,0.05
1962365,CHAPTER 43,words,0.05
1938446,CHAPTER 43,aye,0.04
1943628,CHAPTER 43,don,0.04
1947560,CHAPTER 43,hold,0.04
1950008,CHAPTER 43,like,0.04
1950125,CHAPTER 43,ll,0.04
1951441,CHAPTER 43,morning,0.04
1951700,CHAPTER 43,nantucket,0.04
1956126,CHAPTER 43,sail,0.04
1957801,CHAPTER 43,speak,0.04
1958510,CHAPTER 43,stubb,0.04
1962014,CHAPTER 43,went,0.04
1962216,CHAPTER 43,wind,0.04
1938422,CHAPTER 43,away,0.03
1945315,CHAPTER 43,feet,0.03
1950219,CHAPTER 43,look,0.03
1956294,CHAPTER 43,say,0.03
1956507,CHAPTER 43,sea,0.03
1956603,CHAPTER 43,seen,0.03
1957722,CHAPTER 43,sort,0.03
1959299,CHAPTER 43,tell,0.03
1961897,CHAPTER 43,water,0.03
