,chapter,term,tfidf
672518,CHAPTER 121,flask,0.3
683616,CHAPTER 121,sensible,0.23
677267,CHAPTER 121,lucifers,0.21
682825,CHAPTER 121,rod,0.21
671958,CHAPTER 121,extra,0.19
664629,CHAPTER 121,anchors,0.17
670572,CHAPTER 121,don,0.16
664272,CHAPTER 121,afire,0.15
676944,CHAPTER 121,lightning,0.14
689494,CHAPTER 121,ye,0.14
687255,CHAPTER 121,tying,0.13
675702,CHAPTER 121,insurance,0.12
676474,CHAPTER 121,knot,0.12
680843,CHAPTER 121,pound,0.12
665598,CHAPTER 121,barrels,0.1
677074,CHAPTER 121,loaded,0.1
680858,CHAPTER 121,powder,0.1
667911,CHAPTER 121,coat,0.09
670044,CHAPTER 121,didn,0.09
677537,CHAPTER 121,man,0.09
677727,CHAPTER 121,mast,0.09
684949,CHAPTER 121,spray,0.09
685312,CHAPTER 121,storm,0.09
664285,CHAPTER 121,aft,0.08
670941,CHAPTER 121,eave,0.08
674812,CHAPTER 121,hydrants,0.08
676328,CHAPTER 121,just,0.08
678061,CHAPTER 121,militia,0.08
678673,CHAPTER 121,nasty,0.08
680425,CHAPTER 121,pitchers,0.08
684217,CHAPTER 121,skewered,0.08
685804,CHAPTER 121,suppose,0.08
686689,CHAPTER 121,togs,0.08
687099,CHAPTER 121,troughs,0.08
688330,CHAPTER 121,ve,0.08
663166,CHAPTER 121,_are_,0.07
663704,CHAPTER 121,_stubb,0.07
664890,CHAPTER 121,aquarius,0.07
667933,CHAPTER 121,cocked,0.07
668005,CHAPTER 121,collar,0.07
670708,CHAPTER 121,drenching,0.07
672464,CHAPTER 121,fists,0.07
672868,CHAPTER 121,forward,0.07
673833,CHAPTER 121,guarantees,0.07
674505,CHAPTER 121,holder,0.07
676634,CHAPTER 121,lashings,0.07
677151,CHAPTER 121,long,0.07
677192,CHAPTER 121,lord,0.07
677643,CHAPTER 121,marine,0.07
679813,CHAPTER 121,pass,0.07
682774,CHAPTER 121,risks,0.07
683174,CHAPTER 121,sash,0.07
683191,CHAPTER 121,satisfactory,0.07
686149,CHAPTER 121,tarpaulin,0.07
687808,CHAPTER 121,unmannerly,0.07
689029,CHAPTER 121,whew,0.07
689402,CHAPTER 121,wring,0.07
664628,CHAPTER 121,anchored,0.06
665694,CHAPTER 121,bearer,0.06
665718,CHAPTER 121,beaver,0.06
666433,CHAPTER 121,boxes,0.06
667936,CHAPTER 121,cocks,0.06
668177,CHAPTER 121,companies,0.06
668857,CHAPTER 121,couldn,0.06
669373,CHAPTER 121,danger,0.06
670707,CHAPTER 121,drenched,0.06
672222,CHAPTER 121,feather,0.06
673126,CHAPTER 121,gable,0.06
673294,CHAPTER 121,generous,0.06
673954,CHAPTER 121,halloa,0.06
674051,CHAPTER 121,hard,0.06
674105,CHAPTER 121,hasn,0.06
674136,CHAPTER 121,hats,0.06
674380,CHAPTER 121,hey,0.06
676074,CHAPTER 121,jackets,0.06
676633,CHAPTER 121,lashing,0.06
676941,CHAPTER 121,lighting,0.06
678087,CHAPTER 121,mind,0.06
680665,CHAPTER 121,policy,0.06
682828,CHAPTER 121,rods,0.06
683238,CHAPTER 121,say,0.06
683680,CHAPTER 121,serve,0.06
683889,CHAPTER 121,ship,0.06
684242,CHAPTER 121,skirts,0.06
684512,CHAPTER 121,soaked,0.06
685454,CHAPTER 121,stubb,0.06
685807,CHAPTER 121,supposing,0.06
685990,CHAPTER 121,swings,0.06
686081,CHAPTER 121,tailed,0.06
686086,CHAPTER 121,tails,0.06
686104,CHAPTER 121,talking,0.06
686150,CHAPTER 121,tarpaulins,0.06
686600,CHAPTER 121,timber,0.06
686862,CHAPTER 121,trailing,0.06
664097,CHAPTER 121,additional,0.05
664273,CHAPTER 121,afloat,0.05
664348,CHAPTER 121,ahab,0.05
665996,CHAPTER 121,big,0.05
666886,CHAPTER 121,cable,0.05
667130,CHAPTER 121,carries,0.05
667199,CHAPTER 121,catch,0.05
667360,CHAPTER 121,changed,0.05
668082,CHAPTER 121,come,0.05
668647,CHAPTER 121,contrary,0.05
668783,CHAPTER 121,corner,0.05
669053,CHAPTER 121,crews,0.05
669134,CHAPTER 121,crown,0.05
673974,CHAPTER 121,hammer,0.05
674007,CHAPTER 121,hands,0.05
674067,CHAPTER 121,hark,0.05
674071,CHAPTER 121,harm,0.05
676952,CHAPTER 121,like,0.05
677023,CHAPTER 121,listen,0.05
678304,CHAPTER 121,monkey,0.05
678440,CHAPTER 121,mount,0.05
678446,CHAPTER 121,mounted,0.05
679178,CHAPTER 121,officer,0.05
679279,CHAPTER 121,opinion,0.05
679392,CHAPTER 121,ought,0.05
679922,CHAPTER 121,pay,0.05
683756,CHAPTER 121,shake,0.05
685316,CHAPTER 121,storms,0.05
685916,CHAPTER 121,swallow,0.05
686137,CHAPTER 121,tapering,0.05
686368,CHAPTER 121,thank,0.05
687421,CHAPTER 121,uncommon,0.05
688841,CHAPTER 121,water,0.05
689330,CHAPTER 121,worn,0.05
664326,CHAPTER 121,ago,0.04
664626,CHAPTER 121,anchor,0.04
664706,CHAPTER 121,answer,0.04
667139,CHAPTER 121,carry,0.04
669971,CHAPTER 121,devil,0.04
670057,CHAPTER 121,difference,0.04
670734,CHAPTER 121,drive,0.04
670934,CHAPTER 121,easy,0.04
672558,CHAPTER 121,flesh,0.04
673583,CHAPTER 121,got,0.04
673941,CHAPTER 121,hair,0.04
674019,CHAPTER 121,hanging,0.04
674113,CHAPTER 121,hat,0.04
674509,CHAPTER 121,holding,0.04
676071,CHAPTER 121,jacket,0.04
676530,CHAPTER 121,lad,0.04
676667,CHAPTER 121,laugh,0.04
679468,CHAPTER 121,overboard,0.04
679826,CHAPTER 121,passing,0.04
680798,CHAPTER 121,post,0.04
681071,CHAPTER 121,pretty,0.04
682015,CHAPTER 121,red,0.04
682870,CHAPTER 121,rope,0.04
683074,CHAPTER 121,sailing,0.04
683081,CHAPTER 121,sails,0.04
683241,CHAPTER 121,saying,0.04
685295,CHAPTER 121,stop,0.04
686079,CHAPTER 121,tail,0.04
687783,CHAPTER 121,unless,0.04
688210,CHAPTER 121,used,0.04
689173,CHAPTER 121,winds,0.04
689268,CHAPTER 121,wonder,0.04
689323,CHAPTER 121,world,0.04
665390,CHAPTER 121,aye,0.03
667844,CHAPTER 121,close,0.03
671283,CHAPTER 121,end,0.03
671982,CHAPTER 121,eye,0.03
672013,CHAPTER 121,fact,0.03
672276,CHAPTER 121,fellow,0.03
672831,CHAPTER 121,form,0.03
673537,CHAPTER 121,goes,0.03
673543,CHAPTER 121,going,0.03
674245,CHAPTER 121,heaven,0.03
674504,CHAPTER 121,hold,0.03
675980,CHAPTER 121,iron,0.03
676416,CHAPTER 121,king,0.03
676480,CHAPTER 121,know,0.03
676572,CHAPTER 121,land,0.03
676789,CHAPTER 121,leg,0.03
677069,CHAPTER 121,ll,0.03
678043,CHAPTER 121,mighty,0.03
678860,CHAPTER 121,night,0.03
680719,CHAPTER 121,poor,0.03
682994,CHAPTER 121,running,0.03
683478,CHAPTER 121,seas,0.03
683899,CHAPTER 121,ships,0.03
685069,CHAPTER 121,standing,0.03
685441,CHAPTER 121,struck,0.03
685820,CHAPTER 121,sure,0.03
686473,CHAPTER 121,thousand,0.03
686808,CHAPTER 121,touching,0.03
687190,CHAPTER 121,turn,0.03
689515,CHAPTER 121,yes,0.03
669526,CHAPTER 121,deck,0.02
670042,CHAPTER 121,did,0.02
673950,CHAPTER 121,half,0.02
674177,CHAPTER 121,head,0.02
677043,CHAPTER 121,little,0.02
683068,CHAPTER 121,said,0.02
684404,CHAPTER 121,small,0.02
686427,CHAPTER 121,thing,0.02
686603,CHAPTER 121,time,0.02
688867,CHAPTER 121,way,0.02
