,chapter,term,tfidf
3301908,CHAPTER 9,jonah,0.7
3309573,CHAPTER 9,shipmates,0.23
3299206,CHAPTER 9,god,0.22
3302528,CHAPTER 9,lesson,0.14
3295341,CHAPTER 9,delight,0.13
3311836,CHAPTER 9,tarshish,0.12
3314930,CHAPTER 9,woe,0.12
3309815,CHAPTER 9,sin,0.11
3309129,CHAPTER 9,sea,0.08
3309567,CHAPTER 9,ship,0.08
3292581,CHAPTER 9,cadiz,0.07
3292742,CHAPTER 9,captain,0.06
3295357,CHAPTER 9,deliverance,0.06
3298732,CHAPTER 9,fugitive,0.06
3301915,CHAPTER 9,joppa,0.06
3291589,CHAPTER 9,berth,0.05
3297935,CHAPTER 9,feels,0.05
3302870,CHAPTER 9,lord,0.05
3306049,CHAPTER 9,pilot,0.05
3306579,CHAPTER 9,preacher,0.05
3307156,CHAPTER 9,punishment,0.05
3308006,CHAPTER 9,repentance,0.05
3308537,CHAPTER 9,room,0.05
3309227,CHAPTER 9,sees,0.05
3309824,CHAPTER 9,sinful,0.05
3310990,CHAPTER 9,storm,0.05
3311887,CHAPTER 9,teaches,0.05
3314671,CHAPTER 9,wharf,0.05
3291526,CHAPTER 9,belly,0.04
3294157,CHAPTER 9,conscience,0.04
3295245,CHAPTER 9,deep,0.04
3296005,CHAPTER 9,disobedience,0.04
3297680,CHAPTER 9,face,0.04
3297883,CHAPTER 9,fear,0.04
3298088,CHAPTER 9,finds,0.04
3298222,CHAPTER 9,flee,0.04
3299951,CHAPTER 9,heeds,0.04
3302125,CHAPTER 9,kneeling,0.04
3302243,CHAPTER 9,lamp,0.04
3303324,CHAPTER 9,mariners,0.04
3306980,CHAPTER 9,prophet,0.04
3309219,CHAPTER 9,seeks,0.04
3312808,CHAPTER 9,truth,0.04
3314653,CHAPTER 9,whale,0.04
3315001,CHAPTER 9,world,0.04
3289179,CHAPTER 9,_me_,0.03
3290384,CHAPTER 9,answer,0.03
3290470,CHAPTER 9,appalled,0.03
3291151,CHAPTER 9,bales,0.03
3291694,CHAPTER 9,billow,0.03
3292009,CHAPTER 9,book,0.03
3292495,CHAPTER 9,burns,0.03
3292520,CHAPTER 9,busy,0.03
3292931,CHAPTER 9,ceiling,0.03
3293783,CHAPTER 9,command,0.03
3294256,CHAPTER 9,containing,0.03
3294738,CHAPTER 9,cries,0.03
3296203,CHAPTER 9,does,0.03
3296366,CHAPTER 9,dreadful,0.03
3296440,CHAPTER 9,drowning,0.03
3296577,CHAPTER 9,ear,0.03
3297660,CHAPTER 9,eye,0.03
3297738,CHAPTER 9,false,0.03
3297788,CHAPTER 9,far,0.03
3298127,CHAPTER 9,fish,0.03
3298826,CHAPTER 9,gale,0.03
3298873,CHAPTER 9,gangway,0.03
3299666,CHAPTER 9,hand,0.03
3299685,CHAPTER 9,hands,0.03
3299729,CHAPTER 9,hard,0.03
3300496,CHAPTER 9,hymn,0.03
3301933,CHAPTER 9,joy,0.03
3302294,CHAPTER 9,larboard,0.03
3302441,CHAPTER 9,leaves,0.03
3302630,CHAPTER 9,like,0.03
3302742,CHAPTER 9,living,0.03
3302782,CHAPTER 9,lock,0.03
3302841,CHAPTER 9,look,0.03
3302932,CHAPTER 9,lowly,0.03
3303215,CHAPTER 9,man,0.03
3303329,CHAPTER 9,mark,0.03
3303580,CHAPTER 9,men,0.03
3303615,CHAPTER 9,mercy,0.03
3303709,CHAPTER 9,midships,0.03
3303891,CHAPTER 9,mob,0.03
3303957,CHAPTER 9,moment,0.03
3304274,CHAPTER 9,mutters,0.03
3304879,CHAPTER 9,oh,0.03
3305492,CHAPTER 9,passage,0.03
3305738,CHAPTER 9,people,0.03
3306572,CHAPTER 9,prayer,0.03
3306574,CHAPTER 9,praying,0.03
3307195,CHAPTER 9,purse,0.03
3307303,CHAPTER 9,questions,0.03
3307387,CHAPTER 9,raging,0.03
3307551,CHAPTER 9,reads,0.03
3307732,CHAPTER 9,reeling,0.03
3308673,CHAPTER 9,runs,0.03
3308748,CHAPTER 9,sail,0.03
3308921,CHAPTER 9,says,0.03
3309156,CHAPTER 9,seas,0.03
3309666,CHAPTER 9,shrieking,0.03
3309846,CHAPTER 9,sinners,0.03
3309978,CHAPTER 9,sleep,0.03
3310356,CHAPTER 9,sound,0.03
3310393,CHAPTER 9,spake,0.03
3310755,CHAPTER 9,starboard,0.03
3311113,CHAPTER 9,strong,0.03
3311574,CHAPTER 9,suspicion,0.03
3311575,CHAPTER 9,suspicions,0.03
3311936,CHAPTER 9,tempest,0.03
3312015,CHAPTER 9,terrors,0.03
3312020,CHAPTER 9,test,0.03
3312142,CHAPTER 9,thou,0.03
3312225,CHAPTER 9,thunders,0.03
3312403,CHAPTER 9,tones,0.03
3312634,CHAPTER 9,travel,0.03
3312874,CHAPTER 9,turns,0.03
3313771,CHAPTER 9,unto,0.03
3313871,CHAPTER 9,upward,0.03
3313942,CHAPTER 9,vain,0.03
3315073,CHAPTER 9,wretched,0.03
3315172,CHAPTER 9,ye,0.03
3289081,CHAPTER 9,_his_,0.02
3289406,CHAPTER 9,_then,0.02
3289474,CHAPTER 9,_what_,0.02
3289665,CHAPTER 9,accompany,0.02
3289714,CHAPTER 9,acknowledges,0.02
3289792,CHAPTER 9,adieux,0.02
3289867,CHAPTER 9,adulterer,0.02
3289891,CHAPTER 9,advertised,0.02
3290070,CHAPTER 9,alarms,0.02
3290247,CHAPTER 9,amittai,0.02
3290354,CHAPTER 9,annihilation,0.02
3290371,CHAPTER 9,anointed,0.02
3290467,CHAPTER 9,appal,0.02
3290473,CHAPTER 9,appals,0.02
3290635,CHAPTER 9,arise,0.02
3290664,CHAPTER 9,arms,0.02
3290803,CHAPTER 9,assented,0.02
3291044,CHAPTER 9,away,0.02
3291049,CHAPTER 9,awful,0.02
3291060,CHAPTER 9,awry,0.02
3291120,CHAPTER 9,baggage,0.02
3291476,CHAPTER 9,behavior,0.02
3291512,CHAPTER 9,belike,0.02
3291545,CHAPTER 9,benches,0.02
3291667,CHAPTER 9,bidden,0.02
3291675,CHAPTER 9,bigamist,0.02
3291760,CHAPTER 9,blackness,0.02
3291824,CHAPTER 9,bleeds,0.02
3291940,CHAPTER 9,boatswain,0.02
3291967,CHAPTER 9,boisterously,0.02
3291972,CHAPTER 9,boldness,0.02
3292098,CHAPTER 9,bowled,0.02
3292218,CHAPTER 9,breeching,0.02
3292236,CHAPTER 9,brewed,0.02
3292362,CHAPTER 9,bruised,0.02
3292476,CHAPTER 9,burglar,0.02
3292559,CHAPTER 9,cabin,0.02
3292620,CHAPTER 9,calls,0.02
3292624,CHAPTER 9,calmness,0.02
3292638,CHAPTER 9,came,0.02
3292702,CHAPTER 9,canticle,0.02
3292769,CHAPTER 9,careening,0.02
3293044,CHAPTER 9,changing,0.02
3293074,CHAPTER 9,charges,0.02
3293094,CHAPTER 9,charms,0.02
3293181,CHAPTER 9,chest,0.02
3293397,CHAPTER 9,clamorous,0.02
3293438,CHAPTER 9,clattering,0.02
3293465,CHAPTER 9,cleaving,0.02
3293523,CHAPTER 9,closed,0.02
3293760,CHAPTER 9,come,0.02
3293766,CHAPTER 9,comes,0.02
3293767,CHAPTER 9,comest,0.02
3293823,CHAPTER 9,commodores,0.02
3293843,CHAPTER 9,communing,0.02
3293907,CHAPTER 9,complaints,0.02
3294026,CHAPTER 9,condemning,0.02
3294030,CHAPTER 9,condense,0.02
3294060,CHAPTER 9,confession,0.02
3294075,CHAPTER 9,confine,0.02
3294270,CHAPTER 9,contemptible,0.02
3294282,CHAPTER 9,contenting,0.02
3294287,CHAPTER 9,context,0.02
3294311,CHAPTER 9,contraband,0.02
3294320,CHAPTER 9,contradiction,0.02
3294390,CHAPTER 9,convicts,0.02
3294428,CHAPTER 9,copied,0.02
3294554,CHAPTER 9,counterfeit,0.02
3294594,CHAPTER 9,courts,0.02
3294741,CHAPTER 9,crime,0.02
3294752,CHAPTER 9,cringing,0.02
3294783,CHAPTER 9,crookedness,0.02
3294899,CHAPTER 9,cupidity,0.02
3294961,CHAPTER 9,customs,0.02
3295247,CHAPTER 9,deepening,0.02
3295340,CHAPTER 9,deliciousness,0.02
3295345,CHAPTER 9,delights,0.02
3295359,CHAPTER 9,deliverer,0.02
3295486,CHAPTER 9,depths,0.02
3295514,CHAPTER 9,descends,0.02
3295518,CHAPTER 9,describing,0.02
3295533,CHAPTER 9,deserts,0.02
3295555,CHAPTER 9,desist,0.02
3295599,CHAPTER 9,destroys,0.02
3295616,CHAPTER 9,detects,0.02
3295853,CHAPTER 9,discernment,0.02
3295961,CHAPTER 9,dishonor,0.02
3296007,CHAPTER 9,disobey,0.02
3296008,CHAPTER 9,disobeying,0.02
3296261,CHAPTER 9,doom,0.02
3296428,CHAPTER 9,dropped,0.02
3296463,CHAPTER 9,dry,0.02
3296550,CHAPTER 9,duty,0.02
3296591,CHAPTER 9,ears,0.02
3296592,CHAPTER 9,earth,0.02
3296607,CHAPTER 9,easterly,0.02
3297035,CHAPTER 9,engulphed,0.02
3297117,CHAPTER 9,enthusiasm,0.02
3297213,CHAPTER 9,ere,0.02
3297343,CHAPTER 9,eventual,0.02
3297592,CHAPTER 9,exposes,0.02
3297656,CHAPTER 9,exultation,0.02
3297668,CHAPTER 9,eyes,0.02
3297739,CHAPTER 9,falsehood,0.02
3297844,CHAPTER 9,father,0.02
3297930,CHAPTER 9,feel,0.02
3298284,CHAPTER 9,floods,0.02
3298305,CHAPTER 9,flouts,0.02
3298396,CHAPTER 9,foolishly,0.02
3298484,CHAPTER 9,forger,0.02
3298530,CHAPTER 9,forth,0.02
3298668,CHAPTER 9,friends,0.02
3298674,CHAPTER 9,frighted,0.02
3298678,CHAPTER 9,frightens,0.02
3298705,CHAPTER 9,frontiers,0.02
3298912,CHAPTER 9,gasps,0.02
3299040,CHAPTER 9,gibraltar,0.02
3299045,CHAPTER 9,giddy,0.02
3299098,CHAPTER 9,glance,0.02
3299129,CHAPTER 9,glides,0.02
3299215,CHAPTER 9,goes,0.02
3299225,CHAPTER 9,gold,0.02
3299230,CHAPTER 9,gomorrah,0.02
3299231,CHAPTER 9,gone,0.02
3299237,CHAPTER 9,goods,0.02
3299251,CHAPTER 9,gospel,0.02
3299342,CHAPTER 9,grasps,0.02
3299383,CHAPTER 9,great,0.02
3299450,CHAPTER 9,groans,0.02
3299476,CHAPTER 9,grounded,0.02
3299541,CHAPTER 9,gulfs,0.02
3299545,CHAPTER 9,gullies,0.02
3299736,CHAPTER 9,hardness,0.02
3299772,CHAPTER 9,harry,0.02
3299787,CHAPTER 9,hastening,0.02
3299791,CHAPTER 9,hat,0.02
3299855,CHAPTER 9,head,0.02
3299887,CHAPTER 9,hearers,0.02
3299899,CHAPTER 9,heartedness,0.02
3299923,CHAPTER 9,heaven,0.02
3299954,CHAPTER 9,heeling,0.02
3299974,CHAPTER 9,hell,0.02
3300010,CHAPTER 9,heralding,0.02
3300077,CHAPTER 9,hies,0.02
3300078,CHAPTER 9,high,0.02
3300079,CHAPTER 9,higher,0.02
3300330,CHAPTER 9,hostility,0.02
3300339,CHAPTER 9,hour,0.02
3300366,CHAPTER 9,howling,0.02
3300368,CHAPTER 9,howls,0.02
3300415,CHAPTER 9,humility,0.02
3301007,CHAPTER 9,indignant,0.02
3301086,CHAPTER 9,inexorable,0.02
3301553,CHAPTER 9,intuitions,0.02
3301635,CHAPTER 9,invokingly,0.02
3301760,CHAPTER 9,jaffa,0.02
3301764,CHAPTER 9,jail,0.02
3301785,CHAPTER 9,jars,0.02
3301875,CHAPTER 9,joe,0.02
3301956,CHAPTER 9,judges,0.02
3302039,CHAPTER 9,kelpy,0.02
3302075,CHAPTER 9,kills,0.02
3302130,CHAPTER 9,knew,0.02
3302380,CHAPTER 9,lay,0.02
3302427,CHAPTER 9,leaping,0.02
3302533,CHAPTER 9,lethargy,0.02
3302552,CHAPTER 9,levels,0.02
3302614,CHAPTER 9,lighten,0.02
3302701,CHAPTER 9,listen,0.02
3302721,CHAPTER 9,little,0.02
3302850,CHAPTER 9,looks,0.02
3302892,CHAPTER 9,lots,0.02
3302895,CHAPTER 9,louder,0.02
3302920,CHAPTER 9,low,0.02
3302960,CHAPTER 9,lull,0.02
3303045,CHAPTER 9,lying,0.02
3303161,CHAPTER 9,maintains,0.02
3303235,CHAPTER 9,mangles,0.02
3303260,CHAPTER 9,manliest,0.02
3303302,CHAPTER 9,mapple,0.02
3303411,CHAPTER 9,masterless,0.02
3303466,CHAPTER 9,maw,0.02
3303497,CHAPTER 9,meaning,0.02
3303611,CHAPTER 9,mercifully,0.02
3303716,CHAPTER 9,mightest,0.02
3303721,CHAPTER 9,mighty,0.02
3303828,CHAPTER 9,miserable,0.02
3303851,CHAPTER 9,mission,0.02
3303917,CHAPTER 9,modern,0.02
3303950,CHAPTER 9,molest,0.02
3304193,CHAPTER 9,multitudinously,0.02
3304216,CHAPTER 9,murky,0.02
3304219,CHAPTER 9,murmuring,0.02
3304737,CHAPTER 9,obliquity,0.02
3305057,CHAPTER 9,oscillates,0.02
3305180,CHAPTER 9,overlooked,0.02
3305286,CHAPTER 9,pains,0.02
3305359,CHAPTER 9,pangs,0.02
3305374,CHAPTER 9,panther,0.02
3305446,CHAPTER 9,parricide,0.02
3305497,CHAPTER 9,passenger,0.02
3305515,CHAPTER 9,passport,0.02
3305554,CHAPTER 9,patriot,0.02
3305580,CHAPTER 9,pauper,0.02
3305593,CHAPTER 9,paves,0.02
3305617,CHAPTER 9,pealing,0.02
3305722,CHAPTER 9,penniless,0.02
3306116,CHAPTER 9,pitiful,0.02
3306130,CHAPTER 9,place,0.02
3306151,CHAPTER 9,plainly,0.02
3306225,CHAPTER 9,pleasing,0.02
3306262,CHAPTER 9,pluck,0.02
3306276,CHAPTER 9,plummet,0.02
3306287,CHAPTER 9,plungings,0.02
3306342,CHAPTER 9,policemen,0.02
3306539,CHAPTER 9,power,0.02
3306571,CHAPTER 9,prayed,0.02
3306582,CHAPTER 9,preaching,0.02
3306674,CHAPTER 9,prepared,0.02
3306675,CHAPTER 9,prepares,0.02
3306697,CHAPTER 9,presentiment,0.02
3306767,CHAPTER 9,pricking,0.02
3306801,CHAPTER 9,prison,0.02
3307078,CHAPTER 9,prowling,0.02
3307297,CHAPTER 9,question,0.02
3307371,CHAPTER 9,radiant,0.02
3307422,CHAPTER 9,rallies,0.02
3307544,CHAPTER 9,read,0.02
3307589,CHAPTER 9,rebels,0.02
3307744,CHAPTER 9,referring,0.02
3308005,CHAPTER 9,repent,0.02
3308009,CHAPTER 9,repenting,0.02
3308142,CHAPTER 9,resolves,0.02
3308484,CHAPTER 9,robbed,0.02
3308514,CHAPTER 9,rolled,0.02
3308656,CHAPTER 9,rumbling,0.02
3308758,CHAPTER 9,sailors,0.02
3308954,CHAPTER 9,scarce,0.02
3308975,CHAPTER 9,scent,0.02
3309094,CHAPTER 9,scriptures,0.02
3309110,CHAPTER 9,scrutinizing,0.02
3309134,CHAPTER 9,sealine,0.02
3309216,CHAPTER 9,seek,0.02
3309232,CHAPTER 9,seething,0.02
3309253,CHAPTER 9,self,0.02
3309276,CHAPTER 9,senators,0.02
3309606,CHAPTER 9,shone,0.02
3309697,CHAPTER 9,shuffling,0.02
3309845,CHAPTER 9,sinner,0.02
3309852,CHAPTER 9,sir,0.02
3309863,CHAPTER 9,sit,0.02
3309926,CHAPTER 9,skulking,0.02
3309927,CHAPTER 9,skulks,0.02
3309954,CHAPTER 9,slantings,0.02
3310013,CHAPTER 9,slighter,0.02
3310017,CHAPTER 9,slights,0.02
3310020,CHAPTER 9,slime,0.02
3310059,CHAPTER 9,slowly,0.02
3310084,CHAPTER 9,smallest,0.02
3310132,CHAPTER 9,smugglers,0.02
3310223,CHAPTER 9,sodom,0.02
3310318,CHAPTER 9,soon,0.02
3310319,CHAPTER 9,sooner,0.02
3310336,CHAPTER 9,sore,0.02
3310342,CHAPTER 9,sorrows,0.02
3310351,CHAPTER 9,sought,0.02
3310352,CHAPTER 9,soul,0.02
3310424,CHAPTER 9,speaker,0.02
3310508,CHAPTER 9,spile,0.02
3310709,CHAPTER 9,staggers,0.02
3310749,CHAPTER 9,stands,0.02
3310752,CHAPTER 9,stanzas,0.02
3310782,CHAPTER 9,state,0.02
3310811,CHAPTER 9,staunch,0.02
3310837,CHAPTER 9,steals,0.02
3310911,CHAPTER 9,stifling,0.02
3311010,CHAPTER 9,straight,0.02
3311028,CHAPTER 9,strands,0.02
3311099,CHAPTER 9,striven,0.02
3311163,CHAPTER 9,stumbling,0.02
3311180,CHAPTER 9,stupor,0.02
3311368,CHAPTER 9,summoning,0.02
3311470,CHAPTER 9,supplicating,0.02
3311478,CHAPTER 9,support,0.02
3311498,CHAPTER 9,sure,0.02
3311513,CHAPTER 9,surging,0.02
3311611,CHAPTER 9,swarthy,0.02
3311653,CHAPTER 9,swift,0.02
3311705,CHAPTER 9,sympathetic,0.02
3311719,CHAPTER 9,syrian,0.02
3311752,CHAPTER 9,tags,0.02
3311768,CHAPTER 9,taken,0.02
3312082,CHAPTER 9,thereof,0.02
3312104,CHAPTER 9,thine,0.02
3312151,CHAPTER 9,thousand,0.02
3312229,CHAPTER 9,thy,0.02
3312242,CHAPTER 9,tide,0.02
3312384,CHAPTER 9,tolling,0.02
3312445,CHAPTER 9,tormented,0.02
3312470,CHAPTER 9,tossed,0.02
3312553,CHAPTER 9,trampling,0.02
3312677,CHAPTER 9,trembles,0.02
3312719,CHAPTER 9,tries,0.02
3312788,CHAPTER 9,true,0.02
3312812,CHAPTER 9,truths,0.02
3313012,CHAPTER 9,unassuming,0.02
3313082,CHAPTER 9,uncheered,0.02
3313378,CHAPTER 9,unheeded,0.02
3313616,CHAPTER 9,unreluctantly,0.02
3313703,CHAPTER 9,unsolicited,0.02
3313813,CHAPTER 9,unwelcome,0.02
3313950,CHAPTER 9,valise,0.02
3314044,CHAPTER 9,vent,0.02
3314085,CHAPTER 9,verse,0.02
3314276,CHAPTER 9,voice,0.02
3314305,CHAPTER 9,vomited,0.02
3314364,CHAPTER 9,wail,0.02
3314485,CHAPTER 9,warring,0.02
3314519,CHAPTER 9,water,0.02
3314533,CHAPTER 9,wave,0.02
3314536,CHAPTER 9,waves,0.02
3314598,CHAPTER 9,weed,0.02
3314599,CHAPTER 9,weeds,0.02
3314729,CHAPTER 9,whirl,0.02
3314781,CHAPTER 9,wicked,0.02
3314987,CHAPTER 9,words,0.02
3315071,CHAPTER 9,wrestlings,0.02
3315185,CHAPTER 9,yelling,0.02
3289687,CHAPTER 9,accounts,0.01
3289767,CHAPTER 9,add,0.01
3289945,CHAPTER 9,affrighted,0.01
3289951,CHAPTER 9,afloat,0.01
3289963,CHAPTER 9,aft,0.01
3289977,CHAPTER 9,ages,0.01
3289995,CHAPTER 9,aghast,0.01
3290043,CHAPTER 9,air,0.01
3290147,CHAPTER 9,allowed,0.01
3290167,CHAPTER 9,almighty,0.01
3290243,CHAPTER 9,amid,0.01
3290304,CHAPTER 9,anchor,0.01
3290309,CHAPTER 9,ancient,0.01
3290333,CHAPTER 9,anguish,0.01
3290385,CHAPTER 9,answered,0.01
3290533,CHAPTER 9,apprehension,0.01
3290590,CHAPTER 9,arched,0.01
3290693,CHAPTER 9,arrested,0.01
3290764,CHAPTER 9,ask,0.01
3290770,CHAPTER 9,asleep,0.01
3290772,CHAPTER 9,aspect,0.01
3290839,CHAPTER 9,assure,0.01
3290874,CHAPTER 9,atlantic,0.01
3290933,CHAPTER 9,attitudes,0.01
3290988,CHAPTER 9,authority,0.01
3291035,CHAPTER 9,awaiting,0.01
3291038,CHAPTER 9,awakened,0.01
3291063,CHAPTER 9,axis,0.01
3291068,CHAPTER 9,aye,0.01
3291117,CHAPTER 9,bag,0.01
3291290,CHAPTER 9,base,0.01
3291365,CHAPTER 9,bear,0.01
3291380,CHAPTER 9,beat,0.01
3291381,CHAPTER 9,beaten,0.01
3291405,CHAPTER 9,bed,0.01
3291484,CHAPTER 9,behold,0.01
3291506,CHAPTER 9,believe,0.01
3291515,CHAPTER 9,bell,0.01
3291533,CHAPTER 9,beloved,0.01
3291553,CHAPTER 9,beneath,0.01
3291556,CHAPTER 9,benediction,0.01
3291609,CHAPTER 9,best,0.01
3291661,CHAPTER 9,bible,0.01
3291670,CHAPTER 9,bidding,0.01
3291695,CHAPTER 9,billows,0.01
3291746,CHAPTER 9,black,0.01
3291922,CHAPTER 9,board,0.01
3291966,CHAPTER 9,boisterous,0.01
3291979,CHAPTER 9,bolts,0.01
3292000,CHAPTER 9,bones,0.01
3292026,CHAPTER 9,boots,0.01
3292040,CHAPTER 9,borne,0.01
3292066,CHAPTER 9,bound,0.01
3292090,CHAPTER 9,bowed,0.01
3292091,CHAPTER 9,bowels,0.01
3292095,CHAPTER 9,bowing,0.01
3292103,CHAPTER 9,bows,0.01
3292106,CHAPTER 9,bowsprit,0.01
3292109,CHAPTER 9,box,0.01
3292111,CHAPTER 9,boxes,0.01
3292193,CHAPTER 9,break,0.01
3292206,CHAPTER 9,breath,0.01
3292260,CHAPTER 9,brief,0.01
3292271,CHAPTER 9,bright,0.01
3292327,CHAPTER 9,broke,0.01
3292354,CHAPTER 9,brow,0.01
3292356,CHAPTER 9,brown,0.01
3292432,CHAPTER 9,bulwarks,0.01
3292471,CHAPTER 9,burden,0.01
3292500,CHAPTER 9,burst,0.01
3292564,CHAPTER 9,cable,0.01
3292567,CHAPTER 9,cables,0.01
3292614,CHAPTER 9,called,0.01
3292744,CHAPTER 9,captains,0.01
3292783,CHAPTER 9,cargo,0.01
3292799,CHAPTER 9,carpet,0.01
3292808,CHAPTER 9,carries,0.01
3292817,CHAPTER 9,carry,0.01
3292850,CHAPTER 9,cast,0.01
3292851,CHAPTER 9,castaway,0.01
3292857,CHAPTER 9,casting,0.01
3292862,CHAPTER 9,casts,0.01
3292907,CHAPTER 9,cause,0.01
3292945,CHAPTER 9,cells,0.01
3292982,CHAPTER 9,certain,0.01
3293020,CHAPTER 9,chambers,0.01
3293059,CHAPTER 9,chapter,0.01
3293060,CHAPTER 9,chapters,0.01
3293195,CHAPTER 9,chiefly,0.01
3293375,CHAPTER 9,city,0.01
3293498,CHAPTER 9,clinch,0.01
3293522,CHAPTER 9,close,0.01
3293586,CHAPTER 9,coast,0.01
3293657,CHAPTER 9,coin,0.01
3293667,CHAPTER 9,coins,0.01
3293670,CHAPTER 9,cold,0.01
3293781,CHAPTER 9,coming,0.01
3293791,CHAPTER 9,commands,0.01
3293794,CHAPTER 9,commenced,0.01
3293833,CHAPTER 9,commotion,0.01
3294010,CHAPTER 9,concluding,0.01
3294043,CHAPTER 9,conduct,0.01
3294057,CHAPTER 9,confess,0.01
3294067,CHAPTER 9,confidence,0.01
3294196,CHAPTER 9,consists,0.01
3294258,CHAPTER 9,contains,0.01
3294295,CHAPTER 9,continual,0.01
3294313,CHAPTER 9,contracted,0.01
3294384,CHAPTER 9,conveyed,0.01
3294568,CHAPTER 9,countries,0.01
3294569,CHAPTER 9,country,0.01
3294604,CHAPTER 9,covered,0.01
3294612,CHAPTER 9,coward,0.01
3294644,CHAPTER 9,craft,0.01
3294735,CHAPTER 9,cried,0.01
3294788,CHAPTER 9,cross,0.01
3294806,CHAPTER 9,crowd,0.01
3295078,CHAPTER 9,darkness,0.01
3295086,CHAPTER 9,darts,0.01
3295119,CHAPTER 9,days,0.01
3295127,CHAPTER 9,dead,0.01
3295147,CHAPTER 9,death,0.01
3295204,CHAPTER 9,deck,0.01
3295250,CHAPTER 9,deepest,0.01
3295251,CHAPTER 9,deeply,0.01
3295439,CHAPTER 9,departed,0.01
3295520,CHAPTER 9,description,0.01
3295530,CHAPTER 9,deserted,0.01
3295557,CHAPTER 9,desk,0.01
3295564,CHAPTER 9,despair,0.01
3295672,CHAPTER 9,devout,0.01
3295720,CHAPTER 9,did,0.01
3295724,CHAPTER 9,die,0.01
3295808,CHAPTER 9,direct,0.01
3295816,CHAPTER 9,direful,0.01
3295898,CHAPTER 9,discovered,0.01
3295985,CHAPTER 9,dismal,0.01
3296010,CHAPTER 9,disordered,0.01
3296117,CHAPTER 9,distress,0.01
3296200,CHAPTER 9,dodging,0.01
3296224,CHAPTER 9,dolphin,0.01
3296263,CHAPTER 9,door,0.01
3296266,CHAPTER 9,doors,0.01
3296313,CHAPTER 9,downward,0.01
3296333,CHAPTER 9,drags,0.01
3296389,CHAPTER 9,dressed,0.01
3296431,CHAPTER 9,drops,0.01
3296460,CHAPTER 9,drunken,0.01
3296542,CHAPTER 9,dusty,0.01
3296572,CHAPTER 9,eager,0.01
3296599,CHAPTER 9,ease,0.01
3296605,CHAPTER 9,east,0.01
3296654,CHAPTER 9,eddying,0.01
3296769,CHAPTER 9,elements,0.01
3296969,CHAPTER 9,endeavors,0.01
3296974,CHAPTER 9,ended,0.01
3296980,CHAPTER 9,endless,0.01
3297091,CHAPTER 9,ensued,0.01
3297108,CHAPTER 9,enters,0.01
3297245,CHAPTER 9,escape,0.01
3297268,CHAPTER 9,essays,0.01
3297295,CHAPTER 9,eternal,0.01
3297299,CHAPTER 9,eternity,0.01
3297361,CHAPTER 9,evil,0.01
3297664,CHAPTER 9,eyeing,0.01
3297724,CHAPTER 9,fairly,0.01
3297728,CHAPTER 9,faithful,0.01
3297732,CHAPTER 9,fall,0.01
3297791,CHAPTER 9,fare,0.01
3297818,CHAPTER 9,fast,0.01
3297850,CHAPTER 9,fathoms,0.01
3297892,CHAPTER 9,fears,0.01
3297937,CHAPTER 9,feet,0.01
3297950,CHAPTER 9,fell,0.01
3298082,CHAPTER 9,final,0.01
3298083,CHAPTER 9,finally,0.01
3298087,CHAPTER 9,finding,0.01
3298143,CHAPTER 9,fit,0.01
3298179,CHAPTER 9,flame,0.01
3298221,CHAPTER 9,fled,0.01
3298241,CHAPTER 9,flew,0.01
3298250,CHAPTER 9,flight,0.01
3298273,CHAPTER 9,floats,0.01
3298285,CHAPTER 9,floor,0.01
3298359,CHAPTER 9,fog,0.01
3298369,CHAPTER 9,folded,0.01
3298371,CHAPTER 9,folding,0.01
3298385,CHAPTER 9,following,0.01
3298425,CHAPTER 9,forced,0.01
3298429,CHAPTER 9,fore,0.01
3298445,CHAPTER 9,forehead,0.01
3298564,CHAPTER 9,foundering,0.01
3298626,CHAPTER 9,freely,0.01
3298676,CHAPTER 9,frightened,0.01
3298742,CHAPTER 9,fully,0.01
3298747,CHAPTER 9,fumbling,0.01
3298771,CHAPTER 9,furiously,0.01
3298830,CHAPTER 9,gallant,0.01
3298862,CHAPTER 9,gamesome,0.01
3299082,CHAPTER 9,gives,0.01
3299096,CHAPTER 9,gladly,0.01
3299150,CHAPTER 9,gloom,0.01
3299163,CHAPTER 9,glory,0.01
3299214,CHAPTER 9,gods,0.01
3299233,CHAPTER 9,good,0.01
3299236,CHAPTER 9,goodness,0.01
3299308,CHAPTER 9,grand,0.01
3299350,CHAPTER 9,grateful,0.01
3299384,CHAPTER 9,greater,0.01
3299475,CHAPTER 9,ground,0.01
3299486,CHAPTER 9,grow,0.01
3299524,CHAPTER 9,guess,0.01
3299535,CHAPTER 9,guilty,0.01
3299576,CHAPTER 9,ha,0.01
3299700,CHAPTER 9,hangs,0.01
3299752,CHAPTER 9,harmless,0.01
3299795,CHAPTER 9,hatches,0.01
3299809,CHAPTER 9,hath,0.01
3299884,CHAPTER 9,hear,0.01
3299885,CHAPTER 9,heard,0.01
3299889,CHAPTER 9,hearing,0.01
3299892,CHAPTER 9,hears,0.01
3299897,CHAPTER 9,heart,0.01
3299922,CHAPTER 9,heaved,0.01
3299925,CHAPTER 9,heavenly,0.01
3299933,CHAPTER 9,heavy,0.01
3299934,CHAPTER 9,hebrew,0.01
3299942,CHAPTER 9,heed,0.01
3299983,CHAPTER 9,help,0.01
3300067,CHAPTER 9,hideous,0.01
3300142,CHAPTER 9,history,0.01
3300149,CHAPTER 9,hitherto,0.01
3300180,CHAPTER 9,hoisting,0.01
3300182,CHAPTER 9,hold,0.01
3300190,CHAPTER 9,hole,0.01
3300204,CHAPTER 9,hollow,0.01
3300210,CHAPTER 9,holy,0.01
3300228,CHAPTER 9,honest,0.01
3300311,CHAPTER 9,horse,0.01
3300441,CHAPTER 9,hung,0.01
3300466,CHAPTER 9,hurriedly,0.01
3300655,CHAPTER 9,immortal,0.01
3301098,CHAPTER 9,infallibly,0.01
3301250,CHAPTER 9,innocent,0.01
3301338,CHAPTER 9,instant,0.01
3301343,CHAPTER 9,instantly,0.01
3301415,CHAPTER 9,intently,0.01
3301644,CHAPTER 9,inward,0.01
3301737,CHAPTER 9,items,0.01
3301739,CHAPTER 9,ivory,0.01
3301744,CHAPTER 9,jack,0.01
3301797,CHAPTER 9,jaws,0.01
3301885,CHAPTER 9,joined,0.01
3301935,CHAPTER 9,joyful,0.01
3301953,CHAPTER 9,judge,0.01
3302006,CHAPTER 9,just,0.01
3302024,CHAPTER 9,keel,0.01
3302040,CHAPTER 9,kelson,0.01
3302052,CHAPTER 9,key,0.01
3302164,CHAPTER 9,known,0.01
3302165,CHAPTER 9,knows,0.01
3302208,CHAPTER 9,lad,0.01
3302222,CHAPTER 9,laid,0.01
3302250,CHAPTER 9,land,0.01
3302298,CHAPTER 9,large,0.01
3302350,CHAPTER 9,laughs,0.01
3302369,CHAPTER 9,law,0.01
3302419,CHAPTER 9,leaned,0.01
3302429,CHAPTER 9,leaps,0.01
3302431,CHAPTER 9,learn,0.01
3302432,CHAPTER 9,learned,0.01
3302440,CHAPTER 9,leave,0.01
3302442,CHAPTER 9,leaving,0.01
3302466,CHAPTER 9,left,0.01
3302505,CHAPTER 9,length,0.01
3302531,CHAPTER 9,let,0.01
3302605,CHAPTER 9,lifetime,0.01
3302606,CHAPTER 9,lift,0.01
3302608,CHAPTER 9,lifting,0.01
3302612,CHAPTER 9,light,0.01
3302622,CHAPTER 9,lightning,0.01
3302639,CHAPTER 9,likewise,0.01
3302662,CHAPTER 9,line,0.01
3302710,CHAPTER 9,lit,0.01
3302726,CHAPTER 9,live,0.01
3302747,CHAPTER 9,ll,0.01
3302784,CHAPTER 9,locked,0.01
3302842,CHAPTER 9,looked,0.01
3302846,CHAPTER 9,lookest,0.01
3302886,CHAPTER 9,lot,0.01
3302994,CHAPTER 9,lurks,0.01
3303154,CHAPTER 9,main,0.01
3303174,CHAPTER 9,make,0.01
3303177,CHAPTER 9,makes,0.01
3303180,CHAPTER 9,making,0.01
3303266,CHAPTER 9,manner,0.01
3303405,CHAPTER 9,mast,0.01
3303408,CHAPTER 9,master,0.01
3303453,CHAPTER 9,matter,0.01
3303496,CHAPTER 9,meanest,0.01
3303501,CHAPTER 9,means,0.01
3303538,CHAPTER 9,mediterranean,0.01
3303616,CHAPTER 9,mere,0.01
3303710,CHAPTER 9,midst,0.01
3303728,CHAPTER 9,mild,0.01
3303734,CHAPTER 9,miles,0.01
3303765,CHAPTER 9,mind,0.01
3303833,CHAPTER 9,misery,0.01
3303850,CHAPTER 9,missing,0.01
3303908,CHAPTER 9,model,0.01
3303973,CHAPTER 9,money,0.01
3304023,CHAPTER 9,moon,0.01
3304031,CHAPTER 9,moored,0.01
3304071,CHAPTER 9,mortal,0.01
3304098,CHAPTER 9,motion,0.01
3304101,CHAPTER 9,motionless,0.01
3304138,CHAPTER 9,mouth,0.01
3304210,CHAPTER 9,murderers,0.01
3304372,CHAPTER 9,naught,0.01
3304395,CHAPTER 9,nearly,0.01
3304425,CHAPTER 9,need,0.01
3304507,CHAPTER 9,new,0.01
3304536,CHAPTER 9,nigh,0.01
3304538,CHAPTER 9,night,0.01
3304553,CHAPTER 9,nineveh,0.01
3304565,CHAPTER 9,noble,0.01
3304716,CHAPTER 9,obey,0.01
3304719,CHAPTER 9,obeying,0.01
3304765,CHAPTER 9,observe,0.01
3304791,CHAPTER 9,obvious,0.01
3304803,CHAPTER 9,occupation,0.01
3304815,CHAPTER 9,ocean,0.01
3304851,CHAPTER 9,offered,0.01
3304852,CHAPTER 9,offering,0.01
3304874,CHAPTER 9,oftener,0.01
3304881,CHAPTER 9,oil,0.01
3304885,CHAPTER 9,oily,0.01
3304935,CHAPTER 9,open,0.01
3304937,CHAPTER 9,opening,0.01
3304938,CHAPTER 9,openly,0.01
3304957,CHAPTER 9,opinion,0.01
3305001,CHAPTER 9,ordered,0.01
3305122,CHAPTER 9,outside,0.01
3305146,CHAPTER 9,overboard,0.01
3305166,CHAPTER 9,overhead,0.01
3305271,CHAPTER 9,page,0.01
3305276,CHAPTER 9,paid,0.01
3305386,CHAPTER 9,papers,0.01
3305415,CHAPTER 9,pardon,0.01
3305473,CHAPTER 9,particularly,0.01
3305491,CHAPTER 9,pass,0.01
3305496,CHAPTER 9,passed,0.01
3305578,CHAPTER 9,paul,0.01
3305584,CHAPTER 9,pause,0.01
3305585,CHAPTER 9,paused,0.01
3305600,CHAPTER 9,pay,0.01
3305602,CHAPTER 9,pays,0.01
3305804,CHAPTER 9,permanent,0.01
3305847,CHAPTER 9,person,0.01
3305859,CHAPTER 9,persuade,0.01
3306170,CHAPTER 9,plank,0.01
3306220,CHAPTER 9,pleasant,0.01
3306246,CHAPTER 9,plight,0.01
3306285,CHAPTER 9,plunging,0.01
3306314,CHAPTER 9,point,0.01
3306320,CHAPTER 9,pointing,0.01
3306385,CHAPTER 9,ponderous,0.01
3306397,CHAPTER 9,poor,0.01
3306475,CHAPTER 9,possibly,0.01
3306528,CHAPTER 9,pour,0.01
3306573,CHAPTER 9,prayers,0.01
3306577,CHAPTER 9,preach,0.01
3306645,CHAPTER 9,pregnant,0.01
3306718,CHAPTER 9,press,0.01
3306856,CHAPTER 9,prodigy,0.01
3306924,CHAPTER 9,prolonged,0.01
3306971,CHAPTER 9,proper,0.01
3307043,CHAPTER 9,proud,0.01
3307082,CHAPTER 9,prudent,0.01
3307125,CHAPTER 9,pulpit,0.01
3307270,CHAPTER 9,quarter,0.01
3307304,CHAPTER 9,quick,0.01
3307319,CHAPTER 9,quiet,0.01
3307360,CHAPTER 9,race,0.01
3307407,CHAPTER 9,raise,0.01
3307408,CHAPTER 9,raised,0.01
3307538,CHAPTER 9,reach,0.01
3307539,CHAPTER 9,reached,0.01
3307549,CHAPTER 9,reading,0.01
3307571,CHAPTER 9,rear,0.01
3307572,CHAPTER 9,rearing,0.01
3307608,CHAPTER 9,receive,0.01
3307609,CHAPTER 9,received,0.01
3307612,CHAPTER 9,receiving,0.01
3307673,CHAPTER 9,record,0.01
3307674,CHAPTER 9,recorded,0.01
3307742,CHAPTER 9,reference,0.01
3307773,CHAPTER 9,refuge,0.01
3307824,CHAPTER 9,reign,0.01
3307880,CHAPTER 9,relief,0.01
3307903,CHAPTER 9,remained,0.01
3307915,CHAPTER 9,remember,0.01
3308185,CHAPTER 9,resting,0.01
3308186,CHAPTER 9,restless,0.01
3308267,CHAPTER 9,revelry,0.01
3308344,CHAPTER 9,ribs,0.01
3308382,CHAPTER 9,right,0.01
3308417,CHAPTER 9,rings,0.01
3308479,CHAPTER 9,roaring,0.01
3308492,CHAPTER 9,robes,0.01
3308503,CHAPTER 9,rod,0.01
3308513,CHAPTER 9,roll,0.01
3308521,CHAPTER 9,roman,0.01
3308553,CHAPTER 9,rose,0.01
3308574,CHAPTER 9,round,0.01
3308669,CHAPTER 9,run,0.01
3308677,CHAPTER 9,rush,0.01
3308746,CHAPTER 9,said,0.01
3308750,CHAPTER 9,sailed,0.01
3308764,CHAPTER 9,sake,0.01
3308801,CHAPTER 9,salvation,0.01
3308894,CHAPTER 9,save,0.01
3308908,CHAPTER 9,saw,0.01
3308968,CHAPTER 9,scattered,0.01
3309025,CHAPTER 9,scorn,0.01
3309085,CHAPTER 9,screwed,0.01
3309148,CHAPTER 9,search,0.01
3309173,CHAPTER 9,second,0.01
3309218,CHAPTER 9,seeking,0.01
3309225,CHAPTER 9,seen,0.01
3309434,CHAPTER 9,shake,0.01
3309443,CHAPTER 9,shall,0.01
3309533,CHAPTER 9,shells,0.01
3309575,CHAPTER 9,shipping,0.01
3309605,CHAPTER 9,shoes,0.01
3309613,CHAPTER 9,shoots,0.01
3309641,CHAPTER 9,shouting,0.01
3309648,CHAPTER 9,showed,0.01
3309656,CHAPTER 9,shown,0.01
3309657,CHAPTER 9,shows,0.01
3309667,CHAPTER 9,shrieks,0.01
3309681,CHAPTER 9,shroud,0.01
3309692,CHAPTER 9,shuddering,0.01
3309732,CHAPTER 9,sides,0.01
3309780,CHAPTER 9,silently,0.01
3309805,CHAPTER 9,simple,0.01
3309827,CHAPTER 9,singing,0.01
3309931,CHAPTER 9,sky,0.01
3309952,CHAPTER 9,slanting,0.01
3309980,CHAPTER 9,sleeper,0.01
3309986,CHAPTER 9,sleeps,0.01
3310012,CHAPTER 9,slight,0.01
3310015,CHAPTER 9,slightly,0.01
3310051,CHAPTER 9,slouched,0.01
3310099,CHAPTER 9,smile,0.01
3310119,CHAPTER 9,smooth,0.01
3310260,CHAPTER 9,solemn,0.01
3310308,CHAPTER 9,son,0.01
3310309,CHAPTER 9,song,0.01
3310392,CHAPTER 9,spain,0.01
3310426,CHAPTER 9,speaking,0.01
3310471,CHAPTER 9,speed,0.01
3310474,CHAPTER 9,speedy,0.01
3310551,CHAPTER 9,spite,0.01
3310643,CHAPTER 9,sprung,0.01
3310691,CHAPTER 9,stab,0.01
3310747,CHAPTER 9,standing,0.01
3310771,CHAPTER 9,startled,0.01
3310848,CHAPTER 9,steel,0.01
3310851,CHAPTER 9,steep,0.01
3310876,CHAPTER 9,steps,0.01
3310974,CHAPTER 9,stopped,0.01
3310996,CHAPTER 9,story,0.01
3311016,CHAPTER 9,straightway,0.01
3311024,CHAPTER 9,straits,0.01
3311026,CHAPTER 9,stranded,0.01
3311029,CHAPTER 9,strange,0.01
3311032,CHAPTER 9,stranger,0.01
3311080,CHAPTER 9,strike,0.01
3311140,CHAPTER 9,stuck,0.01
3311280,CHAPTER 9,successful,0.01
3311290,CHAPTER 9,sucked,0.01
3311297,CHAPTER 9,suddenly,0.01
3311357,CHAPTER 9,sum,0.01
3311376,CHAPTER 9,sun,0.01
3311387,CHAPTER 9,sunk,0.01
3311563,CHAPTER 9,suspected,0.01
3311594,CHAPTER 9,swallow,0.01
3311595,CHAPTER 9,swallowed,0.01
3311646,CHAPTER 9,swell,0.01
3311647,CHAPTER 9,swelled,0.01
3311655,CHAPTER 9,swiftly,0.01
3311667,CHAPTER 9,swinging,0.01
3311769,CHAPTER 9,takes,0.01
3311770,CHAPTER 9,taking,0.01
3311913,CHAPTER 9,teeth,0.01
3311921,CHAPTER 9,tell,0.01
3311940,CHAPTER 9,temple,0.01
3312004,CHAPTER 9,terrible,0.01
3312060,CHAPTER 9,thee,0.01
3312105,CHAPTER 9,thing,0.01
3312106,CHAPTER 9,things,0.01
3312114,CHAPTER 9,thinks,0.01
3312176,CHAPTER 9,thrice,0.01
3312206,CHAPTER 9,throws,0.01
3312271,CHAPTER 9,till,0.01
3312280,CHAPTER 9,timbers,0.01
3312281,CHAPTER 9,time,0.01
3312442,CHAPTER 9,tore,0.01
3312483,CHAPTER 9,touched,0.01
3312648,CHAPTER 9,treacherous,0.01
3312784,CHAPTER 9,truck,0.01
3312844,CHAPTER 9,tumult,0.01
3312868,CHAPTER 9,turn,0.01
3312869,CHAPTER 9,turned,0.01
3313453,CHAPTER 9,unknown,0.01
3313857,CHAPTER 9,uplifted,0.01
3313873,CHAPTER 9,upwards,0.01
3313899,CHAPTER 9,usual,0.01
3313910,CHAPTER 9,utmost,0.01
3314169,CHAPTER 9,vile,0.01
3314223,CHAPTER 9,virtue,0.01
3314454,CHAPTER 9,wards,0.01
3314461,CHAPTER 9,warm,0.01
3314528,CHAPTER 9,waters,0.01
3314531,CHAPTER 9,watery,0.01
3314537,CHAPTER 9,waving,0.01
3314545,CHAPTER 9,way,0.01
3314575,CHAPTER 9,weary,0.01
3314607,CHAPTER 9,weep,0.01
3314616,CHAPTER 9,weight,0.01
3314619,CHAPTER 9,weighty,0.01
3314648,CHAPTER 9,westward,0.01
3314672,CHAPTER 9,wharves,0.01
3314731,CHAPTER 9,whirling,0.01
3314750,CHAPTER 9,whispers,0.01
3314758,CHAPTER 9,white,0.01
3314787,CHAPTER 9,wide,0.01
3314793,CHAPTER 9,widow,0.01
3314812,CHAPTER 9,wilful,0.01
3314838,CHAPTER 9,wind,0.01
3314944,CHAPTER 9,women,0.01
3314985,CHAPTER 9,word,0.01
3314990,CHAPTER 9,work,0.01
3315029,CHAPTER 9,worthy,0.01
3315032,CHAPTER 9,wound,0.01
3315043,CHAPTER 9,wrapped,0.01
3315098,CHAPTER 9,written,0.01
3315099,CHAPTER 9,wrong,0.01
3315164,CHAPTER 9,yarns,0.01
3315171,CHAPTER 9,yawning,0.01
3315173,CHAPTER 9,yea,0.01
