,chapter,term,tfidf
1356314,CHAPTER 23,bulkington,0.43
1370318,CHAPTER 23,port,0.21
1366144,CHAPTER 23,land,0.19
1366151,CHAPTER 23,landlessness,0.19
1372630,CHAPTER 23,safety,0.14
1378762,CHAPTER 23,winter,0.12
1361606,CHAPTER 23,fain,0.11
1373510,CHAPTER 23,shore,0.11
1378745,CHAPTER 23,winds,0.11
1354360,CHAPTER 23,apotheosis,0.09
1355686,CHAPTER 23,blankets,0.09
1358100,CHAPTER 23,conspire,0.09
1359275,CHAPTER 23,demigod,0.09
1361078,CHAPTER 23,epitaphs,0.09
1361686,CHAPTER 23,fared,0.09
1362401,CHAPTER 23,forlornly,0.09
1362717,CHAPTER 23,gainst,0.09
1363797,CHAPTER 23,hearthstone,0.09
1364217,CHAPTER 23,hospitality,0.09
1364874,CHAPTER 23,independence,0.09
1365078,CHAPTER 23,ingloriously,0.09
1367966,CHAPTER 23,mortalities,0.09
1368405,CHAPTER 23,newlanded,0.09
1373512,CHAPTER 23,shoreless,0.09
1373865,CHAPTER 23,slavish,0.09
1374854,CHAPTER 23,stoneless,0.09
1376702,CHAPTER 23,truth,0.09
1377394,CHAPTER 23,unmentionable,0.09
1378702,CHAPTER 23,wildest,0.09
1378843,CHAPTER 23,wonderfullest,0.09
1359711,CHAPTER 23,direst,0.08
1360310,CHAPTER 23,drives,0.08
1360594,CHAPTER 23,effort,0.08
1361781,CHAPTER 23,fearfulness,0.08
1361951,CHAPTER 23,fights,0.08
1363270,CHAPTER 23,graze,0.08
1363326,CHAPTER 23,grimly,0.08
1366323,CHAPTER 23,leaps,0.08
1367471,CHAPTER 23,memories,0.08
1367724,CHAPTER 23,miserably,0.08
1367968,CHAPTER 23,mortally,0.08
1369689,CHAPTER 23,perish,0.08
1370010,CHAPTER 23,pitiful,0.08
1372017,CHAPTER 23,resides,0.08
1375180,CHAPTER 23,succor,0.08
1375599,CHAPTER 23,sympathetic,0.08
1375833,CHAPTER 23,tempestuous,0.08
1376123,CHAPTER 23,thy,0.08
1377526,CHAPTER 23,unrestingly,0.08
1378084,CHAPTER 23,vindictive,0.08
1353908,CHAPTER 23,agony,0.07
1355310,CHAPTER 23,bedford,0.07
1355634,CHAPTER 23,bitterest,0.07
1356954,CHAPTER 23,chapters,0.07
1357664,CHAPTER 23,comfort,0.07
1358569,CHAPTER 23,craven,0.07
1358572,CHAPTER 23,crawl,0.07
1358703,CHAPTER 23,crowds,0.07
1359139,CHAPTER 23,deep,0.07
1363031,CHAPTER 23,glimpses,0.07
1363791,CHAPTER 23,heart,0.07
1364115,CHAPTER 23,homeward,0.07
1364868,CHAPTER 23,indefinite,0.07
1365423,CHAPTER 23,intrepid,0.07
1365715,CHAPTER 23,jeopardy,0.07
1369692,CHAPTER 23,perishing,0.07
1371103,CHAPTER 23,push,0.07
1371667,CHAPTER 23,refuge,0.07
1372913,CHAPTER 23,scorching,0.07
1373113,CHAPTER 23,seeks,0.07
1373485,CHAPTER 23,shivering,0.07
1373584,CHAPTER 23,shudder,0.07
1376542,CHAPTER 23,treacherous,0.07
1378898,CHAPTER 23,worm,0.07
1354940,CHAPTER 23,awe,0.06
1358946,CHAPTER 23,dangerous,0.06
1360109,CHAPTER 23,doing,0.06
1360480,CHAPTER 23,earnest,0.06
1360842,CHAPTER 23,encountered,0.06
1362236,CHAPTER 23,fly,0.06
1362249,CHAPTER 23,foe,0.06
1362562,CHAPTER 23,friends,0.06
1363257,CHAPTER 23,grave,0.06
1363974,CHAPTER 23,highest,0.06
1364260,CHAPTER 23,howling,0.06
1365027,CHAPTER 23,infinite,0.06
1365137,CHAPTER 23,inn,0.06
1365414,CHAPTER 23,intolerable,0.06
1366145,CHAPTER 23,landed,0.06
1366203,CHAPTER 23,lashed,0.06
1367091,CHAPTER 23,malicious,0.06
1367217,CHAPTER 23,mariner,0.06
1367590,CHAPTER 23,mid,0.06
1369678,CHAPTER 23,peril,0.06
1372574,CHAPTER 23,rushing,0.06
1374473,CHAPTER 23,spoken,0.06
1374521,CHAPTER 23,spray,0.06
1375354,CHAPTER 23,supper,0.06
1375884,CHAPTER 23,term,0.06
1375909,CHAPTER 23,terrors,0.06
1376102,CHAPTER 23,thrust,0.06
1379066,CHAPTER 23,ye,0.06
1379089,CHAPTER 23,yield,0.06
1355259,CHAPTER 23,bear,0.05
1355784,CHAPTER 23,blow,0.05
1356744,CHAPTER 23,cast,0.05
1356953,CHAPTER 23,chapter,0.05
1357564,CHAPTER 23,cold,0.05
1358983,CHAPTER 23,dashed,0.05
1362558,CHAPTER 23,friend,0.05
1362720,CHAPTER 23,gale,0.05
1363871,CHAPTER 23,helm,0.05
1364765,CHAPTER 23,inch,0.05
1365918,CHAPTER 23,keel,0.05
1365973,CHAPTER 23,kind,0.05
1366349,CHAPTER 23,lee,0.05
1366358,CHAPTER 23,leeward,0.05
1372658,CHAPTER 23,sake,0.05
1373023,CHAPTER 23,sea,0.05
1373461,CHAPTER 23,ship,0.05
1374884,CHAPTER 23,storm,0.05
1375678,CHAPTER 23,tall,0.05
1375898,CHAPTER 23,terrible,0.05
1376006,CHAPTER 23,thinking,0.05
1376364,CHAPTER 23,tossed,0.05
1376376,CHAPTER 23,touch,0.05
1377836,CHAPTER 23,vain,0.05
1378355,CHAPTER 23,warm,0.05
1355535,CHAPTER 23,better,0.04
1355997,CHAPTER 23,bows,0.04
1360486,CHAPTER 23,earth,0.04
1363817,CHAPTER 23,heaven,0.04
1366736,CHAPTER 23,looked,0.04
1368709,CHAPTER 23,ocean,0.04
1368829,CHAPTER 23,open,0.04
1372642,CHAPTER 23,sail,0.04
1374246,CHAPTER 23,soul,0.04
1374641,CHAPTER 23,standing,0.04
1374904,CHAPTER 23,straight,0.04
1375954,CHAPTER 23,thee,0.04
1378220,CHAPTER 23,voyage,0.04
1378430,CHAPTER 23,waves,0.04
1379074,CHAPTER 23,years,0.04
1361831,CHAPTER 23,feet,0.03
1363100,CHAPTER 23,god,0.03
1365900,CHAPTER 23,just,0.03
1366052,CHAPTER 23,know,0.03
1366425,CHAPTER 23,let,0.03
1367068,CHAPTER 23,make,0.03
1368401,CHAPTER 23,new,0.03
1368432,CHAPTER 23,night,0.03
1368773,CHAPTER 23,oh,0.03
1369638,CHAPTER 23,pequod,0.03
1372810,CHAPTER 23,say,0.03
1376000,CHAPTER 23,things,0.03
1366524,CHAPTER 23,like,0.02
1367109,CHAPTER 23,man,0.02
