,chapter,term,tfidf
1876568,CHAPTER 40,sailor,0.47
1873891,CHAPTER 40,pip,0.22
1876407,CHAPTER 40,row,0.17
1859930,CHAPTER 40,boys,0.14
1862853,CHAPTER 40,dance,0.14
1877398,CHAPTER 40,shirr,0.13
1882984,CHAPTER 40,ye,0.12
1864622,CHAPTER 40,em,0.11
1880041,CHAPTER 40,thy,0.11
1869714,CHAPTER 40,jollies,0.1
1879604,CHAPTER 40,tambourine,0.1
1879954,CHAPTER 40,thou,0.1
1859327,CHAPTER 40,bell,0.09
1859336,CHAPTER 40,bells,0.09
1870027,CHAPTER 40,lads,0.09
1871105,CHAPTER 40,manx,0.09
1872701,CHAPTER 40,old,0.09
1878211,CHAPTER 40,spanish,0.09
1869670,CHAPTER 40,jig,0.08
1870559,CHAPTER 40,ll,0.08
1876217,CHAPTER 40,ring,0.08
1878474,CHAPTER 40,squall,0.08
1882570,CHAPTER 40,white,0.08
1857769,CHAPTER 40,afraid,0.07
1857837,CHAPTER 40,ah,0.07
1862815,CHAPTER 40,daggoo,0.07
1862857,CHAPTER 40,dancing,0.07
1866889,CHAPTER 40,girls,0.07
1870307,CHAPTER 40,legs,0.07
1872134,CHAPTER 40,nantucket,0.07
1877743,CHAPTER 40,sky,0.07
1857091,CHAPTER 40,_reclining,0.06
1857223,CHAPTER 40,_they,0.06
1858880,CHAPTER 40,aye,0.06
1858882,CHAPTER 40,azore,0.06
1859925,CHAPTER 40,boy,0.06
1864062,CHAPTER 40,don,0.06
1865606,CHAPTER 40,farewell,0.06
1866448,CHAPTER 40,french,0.06
1867206,CHAPTER 40,green,0.06
1867768,CHAPTER 40,heeva,0.06
1868246,CHAPTER 40,humph,0.06
1869678,CHAPTER 40,jinglers,0.06
1871019,CHAPTER 40,maltese,0.06
1871274,CHAPTER 40,maty,0.06
1873295,CHAPTER 40,partners,0.06
1873872,CHAPTER 40,pines,0.06
1876935,CHAPTER 40,scuttle_,0.06
1877531,CHAPTER 40,sicilian,0.06
1878209,CHAPTER 40,spaniard,0.06
1882825,CHAPTER 40,worse,0.06
1857603,CHAPTER 40,adieu,0.05
1859558,CHAPTER 40,black,0.05
1864250,CHAPTER 40,drown,0.05
1868273,CHAPTER 40,hurrah,0.05
1870888,CHAPTER 40,mad,0.05
1871236,CHAPTER 40,mat,0.05
1871244,CHAPTER 40,mate,0.05
1871745,CHAPTER 40,mogul,0.05
1872691,CHAPTER 40,oh,0.05
1874333,CHAPTER 40,pound,0.05
1878475,CHAPTER 40,squalls,0.05
1878553,CHAPTER 40,stand,0.05
1883018,CHAPTER 40,yon,0.05
1858818,CHAPTER 40,avast,0.04
1859192,CHAPTER 40,beat,0.04
1859486,CHAPTER 40,big,0.04
1859614,CHAPTER 40,blast,0.04
1861578,CHAPTER 40,comes,0.04
1862442,CHAPTER 40,crack,0.04
1864835,CHAPTER 40,english,0.04
1866193,CHAPTER 40,follow,0.04
1866642,CHAPTER 40,gallant,0.04
1867424,CHAPTER 40,hail,0.04
1867478,CHAPTER 40,hand,0.04
1868258,CHAPTER 40,hunt,0.04
1869797,CHAPTER 40,jump,0.04
1869944,CHAPTER 40,knife,0.04
1870024,CHAPTER 40,ladies,0.04
1871451,CHAPTER 40,merry,0.04
1876194,CHAPTER 40,right,0.04
1876728,CHAPTER 40,say,0.04
1877246,CHAPTER 40,shake,0.04
1878051,CHAPTER 40,soil,0.04
1878382,CHAPTER 40,split,0.04
1878642,CHAPTER 40,steady,0.04
1879447,CHAPTER 40,sweet,0.04
1879658,CHAPTER 40,tashtego,0.04
1879665,CHAPTER 40,taste,0.04
1879733,CHAPTER 40,tell,0.04
1880014,CHAPTER 40,throw,0.04
1882318,CHAPTER 40,watch,0.04
1882663,CHAPTER 40,winds,0.04
1882756,CHAPTER 40,women,0.04
1856591,CHAPTER 40,1st,0.03
1856607,CHAPTER 40,2nd,0.03
1856615,CHAPTER 40,3d,0.03
1856620,CHAPTER 40,4th,0.03
1856624,CHAPTER 40,5th,0.03
1856639,CHAPTER 40,_advancing_,0.03
1856661,CHAPTER 40,_ascending,0.03
1856662,CHAPTER 40,_aside_,0.03
1856772,CHAPTER 40,_dancing_,0.03
1856837,CHAPTER 40,_foresail,0.03
1856862,CHAPTER 40,_grimly_,0.03
1856957,CHAPTER 40,_leaps,0.03
1856993,CHAPTER 40,_meeting,0.03
1857030,CHAPTER 40,_nudging_,0.03
1857082,CHAPTER 40,_quietly,0.03
1857092,CHAPTER 40,_reclining_,0.03
1857146,CHAPTER 40,_shrinking,0.03
1857153,CHAPTER 40,_sings,0.03
1857183,CHAPTER 40,_springing_,0.03
1857198,CHAPTER 40,_sulky,0.03
1857213,CHAPTER 40,_that,0.03
1857233,CHAPTER 40,_thrusts,0.03
1857300,CHAPTER 40,_with,0.03
1857345,CHAPTER 40,abel,0.03
1857981,CHAPTER 40,aloft,0.03
1858081,CHAPTER 40,amsterdam,0.03
1858087,CHAPTER 40,anaconda,0.03
1858390,CHAPTER 40,arboring,0.03
1858489,CHAPTER 40,arrah,0.03
1858745,CHAPTER 40,attitudes,0.03
1858977,CHAPTER 40,ballroom,0.03
1858985,CHAPTER 40,baltic,0.03
1859009,CHAPTER 40,bang,0.03
1859310,CHAPTER 40,belfast,0.03
1859324,CHAPTER 40,belike,0.03
1859531,CHAPTER 40,birthmark,0.03
1859552,CHAPTER 40,bitterest,0.03
1859556,CHAPTER 40,bitts,0.03
1859570,CHAPTER 40,blackling,0.03
1859600,CHAPTER 40,blang,0.03
1859731,CHAPTER 40,bo,0.03
1859859,CHAPTER 40,bosoms,0.03
1859949,CHAPTER 40,brahma,0.03
1859986,CHAPTER 40,brawlers,0.03
1860242,CHAPTER 40,bully,0.03
1860354,CHAPTER 40,butts,0.03
1860399,CHAPTER 40,cain,0.03
1860403,CHAPTER 40,cakes,0.03
1860523,CHAPTER 40,cap_,0.03
1860546,CHAPTER 40,caps,0.03
1860554,CHAPTER 40,captain,0.03
1860708,CHAPTER 40,cattegat,0.03
1860737,CHAPTER 40,cease,0.03
1860870,CHAPTER 40,chaps,0.03
1860925,CHAPTER 40,chassee,0.03
1860971,CHAPTER 40,cheery,0.03
1860997,CHAPTER 40,chestnuts,0.03
1861074,CHAPTER 40,chorus,0.03
1861075,CHAPTER 40,chorus_,0.03
1861080,CHAPTER 40,christ,0.03
1861256,CHAPTER 40,clay,0.03
1861306,CHAPTER 40,climbing,0.03
1861383,CHAPTER 40,clusters,0.03
1862274,CHAPTER 40,corners,0.03
1862413,CHAPTER 40,cove,0.03
1862435,CHAPTER 40,coyings,0.03
1862446,CHAPTER 40,crackest,0.03
1862461,CHAPTER 40,crags,0.03
1862477,CHAPTER 40,crash,0.03
1862568,CHAPTER 40,crish,0.03
1862747,CHAPTER 40,cursing,0.03
1862868,CHAPTER 40,danish,0.03
1862882,CHAPTER 40,dark,0.03
1862884,CHAPTER 40,darkens,0.03
1862942,CHAPTER 40,deadening,0.03
1863016,CHAPTER 40,deck,0.03
1863559,CHAPTER 40,dig,0.03
1863563,CHAPTER 40,digestion,0.03
1863715,CHAPTER 40,discovers,0.03
1864113,CHAPTER 40,douse,0.03
1864269,CHAPTER 40,drunk,0.03
1864287,CHAPTER 40,duck,0.03
1865163,CHAPTER 40,evermore,0.03
1865262,CHAPTER 40,excuse,0.03
1865750,CHAPTER 40,feet_,0.03
1865878,CHAPTER 40,file,0.03
1865888,CHAPTER 40,filliping,0.03
1865901,CHAPTER 40,fine,0.03
1866098,CHAPTER 40,floors,0.03
1866152,CHAPTER 40,flutterings,0.03
1866341,CHAPTER 40,fort,0.03
1866401,CHAPTER 40,frame,0.03
1866635,CHAPTER 40,gainst,0.03
1866659,CHAPTER 40,gallop,0.03
1866683,CHAPTER 40,ganges,0.03
1866729,CHAPTER 40,gather,0.03
1867018,CHAPTER 40,god,0.03
1867027,CHAPTER 40,goes,0.03
1867120,CHAPTER 40,grand,0.03
1867143,CHAPTER 40,grapes,0.03
1867158,CHAPTER 40,grasshopper,0.03
1867188,CHAPTER 40,graze,0.03
1867311,CHAPTER 40,grudge,0.03
1867368,CHAPTER 40,guns,0.03
1867458,CHAPTER 40,halyards,0.03
1867544,CHAPTER 40,hardest,0.03
1867577,CHAPTER 40,harpooner,0.03
1867591,CHAPTER 40,harvest,0.03
1867696,CHAPTER 40,hear,0.03
1867717,CHAPTER 40,hearties,0.03
1867718,CHAPTER 40,heartily,0.03
1867723,CHAPTER 40,hearts,0.03
1867735,CHAPTER 40,heaven,0.03
1867912,CHAPTER 40,him_,0.03
1867935,CHAPTER 40,hip,0.03
1867981,CHAPTER 40,hoe,0.03
1867987,CHAPTER 40,hogshead,0.03
1867997,CHAPTER 40,holdest,0.03
1868073,CHAPTER 40,hoop,0.03
1868081,CHAPTER 40,hop,0.03
1868204,CHAPTER 40,hulls,0.03
1868334,CHAPTER 40,iceland,0.03
1869257,CHAPTER 40,interlacings,0.03
1869575,CHAPTER 40,jago,0.03
1869667,CHAPTER 40,jibs,0.03
1869674,CHAPTER 40,jimmini,0.03
1869676,CHAPTER 40,jingle,0.03
1869837,CHAPTER 40,keeled,0.03
1869917,CHAPTER 40,kiss,0.03
1870118,CHAPTER 40,lascar,0.03
1870128,CHAPTER 40,lasses,0.03
1870404,CHAPTER 40,lie,0.03
1870442,CHAPTER 40,like,0.03
1870528,CHAPTER 40,lithe,0.03
1870546,CHAPTER 40,liver,0.03
1870732,CHAPTER 40,low,0.03
1870790,CHAPTER 40,lunging,0.03
1870800,CHAPTER 40,lurid,0.03
1870986,CHAPTER 40,make,0.03
1870989,CHAPTER 40,makes,0.03
1871081,CHAPTER 40,mannikin,0.03
1871237,CHAPTER 40,mat_,0.03
1871365,CHAPTER 40,mell,0.03
1871392,CHAPTER 40,men,0.03
1871950,CHAPTER 40,mouth,0.03
1872042,CHAPTER 40,music,0.03
1872124,CHAPTER 40,nakedness,0.03
1872350,CHAPTER 40,night,0.03
1872521,CHAPTER 40,oaths,0.03
1872653,CHAPTER 40,offence,0.03
1873086,CHAPTER 40,pagoda,0.03
1873134,CHAPTER 40,palmed,0.03
1873423,CHAPTER 40,peak,0.03
1873498,CHAPTER 40,pell,0.03
1873902,CHAPTER 40,pirohitee,0.03
1873907,CHAPTER 40,pistol,0.03
1874053,CHAPTER 40,plenty_,0.03
1874095,CHAPTER 40,plunge,0.03
1874268,CHAPTER 40,portuguese,0.03
1874831,CHAPTER 40,prospects,0.03
1874945,CHAPTER 40,pump,0.03
1875078,CHAPTER 40,quarried,0.03
1875082,CHAPTER 40,quarter,0.03
1875137,CHAPTER 40,quig,0.03
1875144,CHAPTER 40,quite,0.03
1875321,CHAPTER 40,rattle,0.03
1875532,CHAPTER 40,reef,0.03
1875537,CHAPTER 40,reefing,0.03
1876172,CHAPTER 40,ride,0.03
1876221,CHAPTER 40,ringed,0.03
1876257,CHAPTER 40,rises_,0.03
1876672,CHAPTER 40,satiety,0.03
1876779,CHAPTER 40,scatter_,0.03
1876800,CHAPTER 40,scholars,0.03
1877047,CHAPTER 40,seeva,0.03
1877117,CHAPTER 40,sentimental,0.03
1877361,CHAPTER 40,shifted,0.03
1877465,CHAPTER 40,showest,0.03
1877508,CHAPTER 40,shuffle,0.03
1877741,CHAPTER 40,skulled,0.03
1877790,CHAPTER 40,sleep,0.03
1877964,CHAPTER 40,snatch,0.03
1877977,CHAPTER 40,snoozing,0.03
1878130,CHAPTER 40,soon,0.03
1878156,CHAPTER 40,sort,0.03
1878204,CHAPTER 40,spain,0.03
1878386,CHAPTER 40,spoiled,0.03
1878448,CHAPTER 40,springy,0.03
1878469,CHAPTER 40,spy,0.03
1878502,CHAPTER 40,st,0.03
1878720,CHAPTER 40,stiffly,0.03
1878724,CHAPTER 40,stig,0.03
1878837,CHAPTER 40,strand,0.03
1878868,CHAPTER 40,streams,0.03
1879158,CHAPTER 40,sulkies,0.03
1879425,CHAPTER 40,swashing,0.03
1879432,CHAPTER 40,swayings,0.03
1879438,CHAPTER 40,sweat,0.03
1879496,CHAPTER 40,swords,0.03
1879565,CHAPTER 40,tahitan,0.03
1879566,CHAPTER 40,tahiti,0.03
1879657,CHAPTER 40,tash,0.03
1879664,CHAPTER 40,tassels,0.03
1879725,CHAPTER 40,teeth,0.03
1879872,CHAPTER 40,thee,0.03
1879977,CHAPTER 40,threat,0.03
1880064,CHAPTER 40,tier,0.03
1880222,CHAPTER 40,tonic,0.03
1880251,CHAPTER 40,topsails,0.03
1880302,CHAPTER 40,touchy,0.03
1880433,CHAPTER 40,transplanted,0.03
1880650,CHAPTER 40,tumble,0.03
1880680,CHAPTER 40,turn,0.03
1880873,CHAPTER 40,unceasing,0.03
1880971,CHAPTER 40,undeniable,0.03
1881832,CHAPTER 40,veiled,0.03
1881969,CHAPTER 40,viewing,0.03
1881988,CHAPTER 40,villages,0.03
1882088,CHAPTER 40,voice,0.03
1882163,CHAPTER 40,wag,0.03
1882341,CHAPTER 40,waterspout,0.03
1882348,CHAPTER 40,waves,0.03
1882465,CHAPTER 40,whale,0.03
1882476,CHAPTER 40,whales,0.03
1882482,CHAPTER 40,whang,0.03
1882519,CHAPTER 40,whew,0.03
1882521,CHAPTER 40,whiff,0.03
1882522,CHAPTER 40,whiff_,0.03
1882542,CHAPTER 40,whirled,0.03
1882644,CHAPTER 40,wilted,0.03
1882650,CHAPTER 40,wind,0.03
1882656,CHAPTER 40,windlass_,0.03
1882802,CHAPTER 40,work,0.03
1857215,CHAPTER 40,_the,0.02
1857853,CHAPTER 40,ain,0.02
1858116,CHAPTER 40,anchor,0.02
1858476,CHAPTER 40,arms,0.02
1858570,CHAPTER 40,ashore,0.02
1858919,CHAPTER 40,bad,0.02
1858966,CHAPTER 40,ball,0.02
1859152,CHAPTER 40,bay,0.02
1859177,CHAPTER 40,bear,0.02
1859338,CHAPTER 40,belly,0.02
1859439,CHAPTER 40,bethink,0.02
1859602,CHAPTER 40,blanket,0.02
1859645,CHAPTER 40,blessed,0.02
1859651,CHAPTER 40,blew,0.02
1859781,CHAPTER 40,bold,0.02
1859851,CHAPTER 40,born,0.02
1859903,CHAPTER 40,bowels,0.02
1859936,CHAPTER 40,braces,0.02
1859978,CHAPTER 40,brave,0.02
1860005,CHAPTER 40,break,0.02
1860165,CHAPTER 40,brought,0.02
1860166,CHAPTER 40,brow,0.02
1860312,CHAPTER 40,burst,0.02
1860313,CHAPTER 40,bursting,0.02
1860340,CHAPTER 40,butter,0.02
1860432,CHAPTER 40,calls,0.02
1860433,CHAPTER 40,calm,0.02
1860849,CHAPTER 40,change,0.02
1860934,CHAPTER 40,chat,0.02
1861031,CHAPTER 40,china,0.02
1861467,CHAPTER 40,coils,0.02
1861482,CHAPTER 40,cold,0.02
1861572,CHAPTER 40,come,0.02
1861596,CHAPTER 40,commanded,0.02
1862243,CHAPTER 40,copper,0.02
1862272,CHAPTER 40,corn,0.02
1862543,CHAPTER 40,crews,0.02
1862604,CHAPTER 40,crossing,0.02
1862745,CHAPTER 40,cursed,0.02
1862835,CHAPTER 40,damn,0.02
1862890,CHAPTER 40,darkness,0.02
1862926,CHAPTER 40,day,0.02
1863462,CHAPTER 40,devilish,0.02
1864098,CHAPTER 40,double,0.02
1864188,CHAPTER 40,dreaming,0.02
1864240,CHAPTER 40,dropped,0.02
1864355,CHAPTER 40,dutch,0.02
1864403,CHAPTER 40,ears,0.02
1864428,CHAPTER 40,eating,0.02
1864529,CHAPTER 40,eh,0.02
1865149,CHAPTER 40,evening,0.02
1865518,CHAPTER 40,fail,0.02
1865532,CHAPTER 40,fair,0.02
1865644,CHAPTER 40,fat,0.02
1865695,CHAPTER 40,fear,0.02
1865867,CHAPTER 40,fight,0.02
1866039,CHAPTER 40,fleet,0.02
1866061,CHAPTER 40,flies,0.02
1866097,CHAPTER 40,floor,0.02
1866205,CHAPTER 40,fool,0.02
1866327,CHAPTER 40,formed,0.02
1866562,CHAPTER 40,fun,0.02
1866912,CHAPTER 40,glances,0.02
1866920,CHAPTER 40,glass,0.02
1867026,CHAPTER 40,gods,0.02
1867175,CHAPTER 40,grave,0.02
1867557,CHAPTER 40,hark,0.02
1867575,CHAPTER 40,harpooneer,0.02
1867576,CHAPTER 40,harpooneers,0.02
1867667,CHAPTER 40,head,0.02
1867697,CHAPTER 40,heard,0.02
1867793,CHAPTER 40,helmsman,0.02
1867795,CHAPTER 40,help,0.02
1867878,CHAPTER 40,hide,0.02
1867890,CHAPTER 40,high,0.02
1867948,CHAPTER 40,hist,0.02
1867994,CHAPTER 40,hold,0.02
1868001,CHAPTER 40,holds,0.02
1868022,CHAPTER 40,holy,0.02
1868096,CHAPTER 40,horizon,0.02
1868329,CHAPTER 40,ice,0.02
1869522,CHAPTER 40,island,0.02
1869525,CHAPTER 40,isle,0.02
1869665,CHAPTER 40,jib,0.02
1869717,CHAPTER 40,jolly,0.02
1869771,CHAPTER 40,judgment,0.02
1869818,CHAPTER 40,just,0.02
1869882,CHAPTER 40,kill,0.02
1870020,CHAPTER 40,lad,0.02
1870121,CHAPTER 40,lashed,0.02
1870233,CHAPTER 40,leaning,0.02
1870236,CHAPTER 40,leap,0.02
1870343,CHAPTER 40,let,0.02
1870434,CHAPTER 40,lightning,0.02
1870458,CHAPTER 40,limbs,0.02
1870501,CHAPTER 40,lip,0.02
1870641,CHAPTER 40,long,0.02
1870715,CHAPTER 40,lounging,0.02
1870857,CHAPTER 40,lying,0.02
1871027,CHAPTER 40,man,0.02
1871070,CHAPTER 40,mankind,0.02
1871238,CHAPTER 40,match,0.02
1871315,CHAPTER 40,meantime,0.02
1871358,CHAPTER 40,meet,0.02
1871427,CHAPTER 40,mercy,0.02
1871930,CHAPTER 40,mount,0.02
1872184,CHAPTER 40,naught,0.02
1872192,CHAPTER 40,navies,0.02
1872577,CHAPTER 40,observe,0.02
1872816,CHAPTER 40,orders,0.02
1873081,CHAPTER 40,pagan,0.02
1873912,CHAPTER 40,pitch,0.02
1873918,CHAPTER 40,pitching,0.02
1874015,CHAPTER 40,play,0.02
1874052,CHAPTER 40,plenty,0.02
1874512,CHAPTER 40,presently,0.02
1874517,CHAPTER 40,preserve,0.02
1874934,CHAPTER 40,pulling,0.02
1875172,CHAPTER 40,race,0.02
1876025,CHAPTER 40,resurrection,0.02
1876187,CHAPTER 40,rig,0.02
1876192,CHAPTER 40,rigging,0.02
1876240,CHAPTER 40,ripe,0.02
1876256,CHAPTER 40,rises,0.02
1876282,CHAPTER 40,road,0.02
1876291,CHAPTER 40,roaring,0.02
1876331,CHAPTER 40,rolls,0.02
1876415,CHAPTER 40,royal,0.02
1876513,CHAPTER 40,s_,0.02
1876571,CHAPTER 40,sails,0.02
1876598,CHAPTER 40,salt,0.02
1876706,CHAPTER 40,save,0.02
1876720,CHAPTER 40,saw,0.02
1876941,CHAPTER 40,sea,0.02
1877252,CHAPTER 40,shaking,0.02
1877379,CHAPTER 40,ship,0.02
1877466,CHAPTER 40,showing,0.02
1877637,CHAPTER 40,sing,0.02
1877639,CHAPTER 40,singing,0.02
1877718,CHAPTER 40,skin,0.02
1877799,CHAPTER 40,sleepy,0.02
1877816,CHAPTER 40,slid,0.02
1877894,CHAPTER 40,small,0.02
1877929,CHAPTER 40,smoking,0.02
1877953,CHAPTER 40,snap,0.02
1877987,CHAPTER 40,snow,0.02
1878038,CHAPTER 40,soft,0.02
1878115,CHAPTER 40,somewhat,0.02
1878155,CHAPTER 40,sorry,0.02
1878243,CHAPTER 40,spears,0.02
1878287,CHAPTER 40,spell,0.02
1878330,CHAPTER 40,spine,0.02
1878353,CHAPTER 40,spirit,0.02
1878391,CHAPTER 40,spoken,0.02
1878566,CHAPTER 40,star,0.02
1878628,CHAPTER 40,stay,0.02
1878802,CHAPTER 40,storm,0.02
1878892,CHAPTER 40,strike,0.02
1878894,CHAPTER 40,striking,0.02
1879012,CHAPTER 40,subject,0.02
1879406,CHAPTER 40,swallow,0.02
1879465,CHAPTER 40,swift,0.02
1879498,CHAPTER 40,swore,0.02
1879702,CHAPTER 40,tear,0.02
1879916,CHAPTER 40,thine,0.02
1879997,CHAPTER 40,throat,0.02
1880042,CHAPTER 40,thyself,0.02
1880054,CHAPTER 40,tide,0.02
1880138,CHAPTER 40,tis,0.02
1880294,CHAPTER 40,touch,0.02
1880483,CHAPTER 40,tree,0.02
1880634,CHAPTER 40,tubs,0.02
1881700,CHAPTER 40,used,0.02
1881797,CHAPTER 40,various,0.02
1881820,CHAPTER 40,ve,0.02
1882028,CHAPTER 40,virgin,0.02
1882252,CHAPTER 40,wants,0.02
1882273,CHAPTER 40,warm,0.02
1882389,CHAPTER 40,weather,0.02
1882655,CHAPTER 40,windlass,0.02
1882667,CHAPTER 40,wine,0.02
1882757,CHAPTER 40,won,0.02
1882758,CHAPTER 40,wonder,0.02
1882777,CHAPTER 40,wood,0.02
1882785,CHAPTER 40,woods,0.02
1882808,CHAPTER 40,working,0.02
1882820,CHAPTER 40,worn,0.02
1882849,CHAPTER 40,woven,0.02
1882968,CHAPTER 40,yard,0.02
1882985,CHAPTER 40,yea,0.02
1882986,CHAPTER 40,year,0.02
1883019,CHAPTER 40,yonder,0.02
1857838,CHAPTER 40,ahab,0.01
1858856,CHAPTER 40,away,0.01
1859685,CHAPTER 40,blood,0.01
1859750,CHAPTER 40,boats,0.01
1860647,CHAPTER 40,case,0.01
1862542,CHAPTER 40,crew,0.01
1864404,CHAPTER 40,earth,0.01
1865742,CHAPTER 40,feel,0.01
1866321,CHAPTER 40,form,0.01
1866358,CHAPTER 40,forward,0.01
1867287,CHAPTER 40,ground,0.01
1867440,CHAPTER 40,half,0.01
1867497,CHAPTER 40,hands,0.01
1867541,CHAPTER 40,hard,0.01
1867709,CHAPTER 40,heart,0.01
1868803,CHAPTER 40,indian,0.01
1869970,CHAPTER 40,know,0.01
1870278,CHAPTER 40,left,0.01
1870533,CHAPTER 40,little,0.01
1870538,CHAPTER 40,live,0.01
1870653,CHAPTER 40,look,0.01
1870682,CHAPTER 40,lord,0.01
1870733,CHAPTER 40,lower,0.01
1871141,CHAPTER 40,mark,0.01
1871577,CHAPTER 40,mind,0.01
1875364,CHAPTER 40,ready,0.01
1875994,CHAPTER 40,rest,0.01
1876386,CHAPTER 40,round,0.01
1876560,CHAPTER 40,sail,0.01
1876570,CHAPTER 40,sailors,0.01
1878559,CHAPTER 40,standing,0.01
1878778,CHAPTER 40,stood,0.01
1878931,CHAPTER 40,struck,0.01
1879919,CHAPTER 40,think,0.01
1880083,CHAPTER 40,till,0.01
1880681,CHAPTER 40,turned,0.01
1882331,CHAPTER 40,water,0.01
1882340,CHAPTER 40,waters,0.01
1882357,CHAPTER 40,way,0.01
1882617,CHAPTER 40,wild,0.01
1882797,CHAPTER 40,word,0.01
1882813,CHAPTER 40,world,0.01
1883005,CHAPTER 40,yes,0.01
1883023,CHAPTER 40,young,0.01
