,chapter,term,tfidf
892577,CHAPTER 129,pip,0.38
898558,CHAPTER 129,thee,0.28
888706,CHAPTER 129,lad,0.24
898640,CHAPTER 129,thou,0.22
889906,CHAPTER 129,master,0.21
883665,CHAPTER 129,epaulets,0.19
895955,CHAPTER 129,shame,0.18
896350,CHAPTER 129,sir,0.15
901670,CHAPTER 129,ye,0.15
881411,CHAPTER 129,cures,0.14
882289,CHAPTER 129,ding,0.13
890497,CHAPTER 129,monsieurs,0.13
875329,CHAPTER 129,_ahab,0.12
889682,CHAPTER 129,malady,0.12
881113,CHAPTER 129,cowards,0.11
879502,CHAPTER 129,chair,0.1
882027,CHAPTER 129,desert,0.1
892895,CHAPTER 129,poor,0.1
895583,CHAPTER 129,screwed,0.1
876524,CHAPTER 129,ahab,0.09
896361,CHAPTER 129,sit,0.09
897314,CHAPTER 129,stay,0.09
878244,CHAPTER 129,black,0.08
879242,CHAPTER 129,captains,0.08
884879,CHAPTER 129,follow,0.08
891377,CHAPTER 129,oh,0.08
898228,CHAPTER 129,table,0.08
878914,CHAPTER 129,bulge,0.07
880258,CHAPTER 129,come,0.07
884898,CHAPTER 129,foot,0.07
889029,CHAPTER 129,let,0.07
898419,CHAPTER 129,tell,0.07
898876,CHAPTER 129,told,0.07
876042,CHAPTER 129,abide,0.06
876314,CHAPTER 129,admirals,0.06
877016,CHAPTER 129,applies,0.06
877938,CHAPTER 129,befall,0.06
878177,CHAPTER 129,bigot,0.06
879377,CHAPTER 129,catches,0.06
880090,CHAPTER 129,coats,0.06
881112,CHAPTER 129,cowardly,0.06
881414,CHAPTER 129,curing,0.06
881665,CHAPTER 129,decanters,0.06
882750,CHAPTER 129,dong,0.06
884198,CHAPTER 129,fadeless,0.06
885068,CHAPTER 129,fours,0.06
885993,CHAPTER 129,grows,0.06
886382,CHAPTER 129,hear,0.06
888237,CHAPTER 129,ivory,0.06
888692,CHAPTER 129,lace,0.06
889098,CHAPTER 129,lieutenants,0.06
889128,CHAPTER 129,like,0.06
889245,CHAPTER 129,ll,0.06
890249,CHAPTER 129,million,0.06
891741,CHAPTER 129,oysters,0.06
895324,CHAPTER 129,sane,0.06
895455,CHAPTER 129,scare,0.06
895723,CHAPTER 129,seen,0.06
895950,CHAPTER 129,shalt,0.06
896923,CHAPTER 129,speakest,0.06
899112,CHAPTER 129,transom,0.06
900679,CHAPTER 129,villains,0.06
901105,CHAPTER 129,weep,0.06
877262,CHAPTER 129,ask,0.05
877566,CHAPTER 129,aye,0.05
877726,CHAPTER 129,bar,0.05
878258,CHAPTER 129,blackness,0.05
878330,CHAPTER 129,bless,0.05
878474,CHAPTER 129,bolt,0.05
879837,CHAPTER 129,circumference,0.05
881306,CHAPTER 129,crowding,0.05
882047,CHAPTER 129,desired,0.05
883488,CHAPTER 129,endure,0.05
884529,CHAPTER 129,fidelity,0.05
885587,CHAPTER 129,glad,0.05
885704,CHAPTER 129,god,0.05
886191,CHAPTER 129,hang,0.05
886374,CHAPTER 129,health,0.05
886634,CHAPTER 129,hist,0.05
886823,CHAPTER 129,host,0.05
888382,CHAPTER 129,join,0.05
888484,CHAPTER 129,jumped,0.05
888525,CHAPTER 129,keels,0.05
889199,CHAPTER 129,listen,0.05
889280,CHAPTER 129,lock,0.05
890167,CHAPTER 129,methinks,0.05
890348,CHAPTER 129,missing,0.05
890650,CHAPTER 129,moving,0.05
890705,CHAPTER 129,murder,0.05
890816,CHAPTER 129,names,0.05
891321,CHAPTER 129,odd,0.05
893829,CHAPTER 129,quit,0.05
895099,CHAPTER 129,rows,0.05
895582,CHAPTER 129,screw,0.05
895856,CHAPTER 129,serve,0.05
895886,CHAPTER 129,seventy,0.05
896973,CHAPTER 129,spell,0.05
897374,CHAPTER 129,steps,0.05
897579,CHAPTER 129,strikes,0.05
897630,CHAPTER 129,stubb,0.05
899150,CHAPTER 129,tread,0.05
900893,CHAPTER 129,walk,0.05
901137,CHAPTER 129,wert,0.05
901329,CHAPTER 129,wilt,0.05
877206,CHAPTER 129,art,0.04
879265,CHAPTER 129,care,0.04
879466,CHAPTER 129,centre,0.04
881184,CHAPTER 129,crazy,0.04
881702,CHAPTER 129,deck,0.04
882218,CHAPTER 129,did,0.04
882704,CHAPTER 129,dog,0.04
882761,CHAPTER 129,door,0.04
882903,CHAPTER 129,drink,0.04
882937,CHAPTER 129,drowned,0.04
884430,CHAPTER 129,feeling,0.04
885723,CHAPTER 129,gold,0.04
886074,CHAPTER 129,ha,0.04
886164,CHAPTER 129,hand,0.04
886396,CHAPTER 129,hearted,0.04
886944,CHAPTER 129,hunt,0.04
888522,CHAPTER 129,keel,0.04
889219,CHAPTER 129,little,0.04
889574,CHAPTER 129,mad,0.04
889921,CHAPTER 129,masts,0.04
890152,CHAPTER 129,met,0.04
890197,CHAPTER 129,middle,0.04
890946,CHAPTER 129,negro,0.04
891435,CHAPTER 129,opening,0.04
894399,CHAPTER 129,remain,0.04
894999,CHAPTER 129,rocks,0.04
895392,CHAPTER 129,save,0.04
895659,CHAPTER 129,seat,0.04
896404,CHAPTER 129,skin,0.04
897049,CHAPTER 129,spite,0.04
897368,CHAPTER 129,step,0.04
901256,CHAPTER 129,white,0.04
878498,CHAPTER 129,bones,0.03
878611,CHAPTER 129,boy,0.03
880279,CHAPTER 129,coming,0.03
884428,CHAPTER 129,feel,0.03
885044,CHAPTER 129,forward,0.03
885713,CHAPTER 129,goes,0.03
886837,CHAPTER 129,hour,0.03
887836,CHAPTER 129,instant,0.03
888965,CHAPTER 129,leg,0.03
889240,CHAPTER 129,living,0.03
889368,CHAPTER 129,lord,0.03
889383,CHAPTER 129,lost,0.03
889675,CHAPTER 129,makes,0.03
891989,CHAPTER 129,pass,0.03
893686,CHAPTER 129,purpose,0.03
895256,CHAPTER 129,sailors,0.03
895941,CHAPTER 129,shall,0.03
897382,CHAPTER 129,stern,0.03
897464,CHAPTER 129,stood,0.03
898727,CHAPTER 129,thy,0.03
899311,CHAPTER 129,try,0.03
900385,CHAPTER 129,use,0.03
876541,CHAPTER 129,air,0.02
878431,CHAPTER 129,boat,0.02
878454,CHAPTER 129,body,0.02
879240,CHAPTER 129,captain,0.02
884435,CHAPTER 129,feet,0.02
885731,CHAPTER 129,good,0.02
885881,CHAPTER 129,great,0.02
886576,CHAPTER 129,high,0.02
888656,CHAPTER 129,know,0.02
889339,CHAPTER 129,look,0.02
889713,CHAPTER 129,man,0.02
890078,CHAPTER 129,men,0.02
891387,CHAPTER 129,old,0.02
895072,CHAPTER 129,round,0.02
895414,CHAPTER 129,say,0.02
896065,CHAPTER 129,ship,0.02
897239,CHAPTER 129,stand,0.02
899286,CHAPTER 129,true,0.02
901151,CHAPTER 129,whale,0.02
