,chapter,term,tfidf
363342,CHAPTER 110,queequeg,0.32
349695,CHAPTER 110,coffin,0.24
362137,CHAPTER 110,pip,0.22
351805,CHAPTER 110,dig,0.17
354919,CHAPTER 110,game,0.15
352624,CHAPTER 110,dying,0.13
362455,CHAPTER 110,poor,0.13
355714,CHAPTER 110,hammock,0.12
365515,CHAPTER 110,shame,0.12
346471,CHAPTER 110,antilles,0.11
371230,CHAPTER 110,ye,0.11
351782,CHAPTER 110,die,0.1
350670,CHAPTER 110,coward,0.09
358438,CHAPTER 110,lay,0.09
358779,CHAPTER 110,little,0.09
347438,CHAPTER 110,beat,0.08
348747,CHAPTER 110,canoes,0.08
348854,CHAPTER 110,carpenter,0.08
351783,CHAPTER 110,died,0.08
351786,CHAPTER 110,dies,0.08
356137,CHAPTER 110,higher,0.08
358647,CHAPTER 110,lid,0.08
365779,CHAPTER 110,sick,0.08
367850,CHAPTER 110,tambourine,0.08
367924,CHAPTER 110,tattooing,0.08
347175,CHAPTER 110,bag,0.07
358688,CHAPTER 110,like,0.07
346367,CHAPTER 110,ancient,0.06
347102,CHAPTER 110,away,0.06
347991,CHAPTER 110,boat,0.06
348672,CHAPTER 110,called,0.06
351205,CHAPTER 110,death,0.06
354069,CHAPTER 110,fever,0.06
354795,CHAPTER 110,fuller,0.06
355983,CHAPTER 110,heavenly,0.06
358280,CHAPTER 110,laid,0.06
360340,CHAPTER 110,mysteries,0.06
364073,CHAPTER 110,replaced,0.06
364636,CHAPTER 110,rounding,0.06
364947,CHAPTER 110,savage,0.06
365785,CHAPTER 110,sickness,0.06
367087,CHAPTER 110,strange,0.06
368311,CHAPTER 110,tierce,0.06
368467,CHAPTER 110,tongues,0.06
370560,CHAPTER 110,wasted,0.06
371258,CHAPTER 110,yojo,0.06
346171,CHAPTER 110,alike,0.05
346824,CHAPTER 110,asked,0.05
348746,CHAPTER 110,canoe,0.05
348905,CHAPTER 110,casks,0.05
349442,CHAPTER 110,civilized,0.05
351015,CHAPTER 110,custom,0.05
351128,CHAPTER 110,dark,0.05
351648,CHAPTER 110,destined,0.05
354339,CHAPTER 110,flood,0.05
355803,CHAPTER 110,hark,0.05
355819,CHAPTER 110,harpoon,0.05
355913,CHAPTER 110,head,0.05
358044,CHAPTER 110,jumped,0.05
360276,CHAPTER 110,murmured,0.05
362189,CHAPTER 110,placed,0.05
364433,CHAPTER 110,rig,0.05
364705,CHAPTER 110,rule,0.05
371016,CHAPTER 110,wondrous,0.05
371048,CHAPTER 110,work,0.05
347348,CHAPTER 110,base,0.04
349041,CHAPTER 110,certainly,0.04
349621,CHAPTER 110,clumsiest,0.04
349842,CHAPTER 110,commanded,0.04
350413,CHAPTER 110,convalescence,0.04
350415,CHAPTER 110,convalescing,0.04
351177,CHAPTER 110,days,0.04
351185,CHAPTER 110,dead,0.04
351307,CHAPTER 110,deeper,0.04
351987,CHAPTER 110,disembowelled,0.04
353738,CHAPTER 110,face,0.04
354140,CHAPTER 110,final,0.04
354201,CHAPTER 110,fit,0.04
355017,CHAPTER 110,general,0.04
355291,CHAPTER 110,good,0.04
355724,CHAPTER 110,hand,0.04
355984,CHAPTER 110,heavens,0.04
356236,CHAPTER 110,hoisted,0.04
356240,CHAPTER 110,hold,0.04
356242,CHAPTER 110,holders,0.04
356252,CHAPTER 110,holier,0.04
356841,CHAPTER 110,impresses,0.04
357496,CHAPTER 110,interflow,0.04
357768,CHAPTER 110,island,0.04
358259,CHAPTER 110,lackaday,0.04
358490,CHAPTER 110,learned,0.04
358524,CHAPTER 110,left,0.04
358665,CHAPTER 110,lifted,0.04
358784,CHAPTER 110,live,0.04
358803,CHAPTER 110,lizard,0.04
358887,CHAPTER 110,long,0.04
359273,CHAPTER 110,man,0.04
359823,CHAPTER 110,mind,0.04
360170,CHAPTER 110,moulder,0.04
360380,CHAPTER 110,nantucket,0.04
361327,CHAPTER 110,pagan,0.04
361905,CHAPTER 110,person,0.04
362187,CHAPTER 110,placards,0.04
362229,CHAPTER 110,planks,0.04
362885,CHAPTER 110,probed,0.04
363106,CHAPTER 110,proved,0.04
363542,CHAPTER 110,rarmai,0.04
364728,CHAPTER 110,runaway,0.04
365187,CHAPTER 110,sea,0.04
365666,CHAPTER 110,shooks,0.04
365878,CHAPTER 110,sinecures,0.04
366261,CHAPTER 110,sobbings,0.04
367061,CHAPTER 110,stowage,0.04
367610,CHAPTER 110,surveying,0.04
367866,CHAPTER 110,tantalization,0.04
367979,CHAPTER 110,tell,0.04
368329,CHAPTER 110,till,0.04
368642,CHAPTER 110,transferringly,0.04
369188,CHAPTER 110,uncontinented,0.04
369763,CHAPTER 110,unsolved,0.04
370268,CHAPTER 110,violent,0.04
370577,CHAPTER 110,water,0.04
370711,CHAPTER 110,whale,0.04
370777,CHAPTER 110,whimsiness,0.04
371023,CHAPTER 110,wood,0.04
371032,CHAPTER 110,woody,0.04
371304,CHAPTER 110,zoroaster,0.04
345626,CHAPTER 110,aboriginal,0.03
345751,CHAPTER 110,accuracy,0.03
345843,CHAPTER 110,adequately,0.03
345916,CHAPTER 110,adown,0.03
346558,CHAPTER 110,appetite,0.03
346599,CHAPTER 110,apprised,0.03
346657,CHAPTER 110,archipelagoes,0.03
346702,CHAPTER 110,aristotle,0.03
346722,CHAPTER 110,arms,0.03
346956,CHAPTER 110,attaining,0.03
346976,CHAPTER 110,attentive,0.03
347038,CHAPTER 110,author,0.03
347076,CHAPTER 110,averred,0.03
347408,CHAPTER 110,beaches,0.03
347728,CHAPTER 110,bidding,0.03
347782,CHAPTER 110,biscuits,0.03
347799,CHAPTER 110,bitterly,0.03
348014,CHAPTER 110,body,0.03
348104,CHAPTER 110,bosom,0.03
348252,CHAPTER 110,breakers,0.03
348258,CHAPTER 110,breast,0.03
348351,CHAPTER 110,brings,0.03
348411,CHAPTER 110,brought,0.03
348504,CHAPTER 110,bundles,0.03
348600,CHAPTER 110,butts,0.03
348608,CHAPTER 110,bystanders,0.03
348889,CHAPTER 110,carving,0.03
348902,CHAPTER 110,cask,0.03
348926,CHAPTER 110,catacombs,0.03
349067,CHAPTER 110,chaldee,0.03
349070,CHAPTER 110,chalking,0.03
349203,CHAPTER 110,cheek,0.03
349258,CHAPTER 110,childhood,0.03
349266,CHAPTER 110,chill,0.03
349380,CHAPTER 110,circles,0.03
349591,CHAPTER 110,cloth,0.03
349667,CHAPTER 110,cock,0.03
349725,CHAPTER 110,coins,0.03
349786,CHAPTER 110,coloured,0.03
349828,CHAPTER 110,comfort,0.03
349837,CHAPTER 110,comforts,0.03
349914,CHAPTER 110,companion,0.03
349996,CHAPTER 110,composed,0.03
350135,CHAPTER 110,confinement,0.03
350169,CHAPTER 110,congenial,0.03
350314,CHAPTER 110,containing,0.03
350416,CHAPTER 110,convenience,0.03
350487,CHAPTER 110,copies,0.03
350494,CHAPTER 110,copy,0.03
350563,CHAPTER 110,corroded,0.03
350673,CHAPTER 110,cowards,0.03
350738,CHAPTER 110,crawling,0.03
350775,CHAPTER 110,creeping,0.03
350862,CHAPTER 110,crow,0.03
350988,CHAPTER 110,currents,0.03
351093,CHAPTER 110,dampness,0.03
351109,CHAPTER 110,danger,0.03
351172,CHAPTER 110,day,0.03
351309,CHAPTER 110,deeply,0.03
351400,CHAPTER 110,delighted,0.03
351442,CHAPTER 110,demijohn,0.03
351495,CHAPTER 110,denying,0.03
351655,CHAPTER 110,destroyer,0.03
351729,CHAPTER 110,devouring,0.03
351853,CHAPTER 110,dinnerless,0.03
352194,CHAPTER 110,disturbing,0.03
352413,CHAPTER 110,drawers,0.03
352415,CHAPTER 110,drawings,0.03
352496,CHAPTER 110,drown,0.03
352553,CHAPTER 110,duly,0.03
352650,CHAPTER 110,earth,0.03
352694,CHAPTER 110,echoed,0.03
352784,CHAPTER 110,ejaculated,0.03
352875,CHAPTER 110,embalming,0.03
352970,CHAPTER 110,emptying,0.03
353019,CHAPTER 110,end,0.03
353199,CHAPTER 110,entreated,0.03
353284,CHAPTER 110,errand,0.03
353357,CHAPTER 110,eternity,0.03
353409,CHAPTER 110,evermore,0.03
353497,CHAPTER 110,exclamation,0.03
353578,CHAPTER 110,expand,0.03
353661,CHAPTER 110,expressed,0.03
353708,CHAPTER 110,extremities,0.03
353726,CHAPTER 110,eyes,0.03
353773,CHAPTER 110,fainter,0.03
353926,CHAPTER 110,favour,0.03
354073,CHAPTER 110,fevers,0.03
354120,CHAPTER 110,figures,0.03
354208,CHAPTER 110,fitted,0.03
354446,CHAPTER 110,fond,0.03
354458,CHAPTER 110,foot,0.03
354485,CHAPTER 110,forcibly,0.03
354567,CHAPTER 110,form,0.03
354590,CHAPTER 110,forthwith,0.03
354647,CHAPTER 110,frame,0.03
354987,CHAPTER 110,gave,0.03
355450,CHAPTER 110,greek,0.03
355530,CHAPTER 110,grotesque,0.03
355543,CHAPTER 110,groves,0.03
355545,CHAPTER 110,growing,0.03
355686,CHAPTER 110,half,0.03
355789,CHAPTER 110,harder,0.03
355851,CHAPTER 110,hatch,0.03
355858,CHAPTER 110,hatchway,0.03
355934,CHAPTER 110,health,0.03
355976,CHAPTER 110,heathenish,0.03
356000,CHAPTER 110,heed,0.03
356132,CHAPTER 110,hieroglyphic,0.03
356172,CHAPTER 110,hinge,0.03
356276,CHAPTER 110,homes,0.03
356343,CHAPTER 110,horizons,0.03
356482,CHAPTER 110,humorous,0.03
356545,CHAPTER 110,huzza,0.03
356954,CHAPTER 110,include,0.03
357065,CHAPTER 110,indignant,0.03
357102,CHAPTER 110,indolent,0.03
357115,CHAPTER 110,indulged,0.03
357166,CHAPTER 110,infatuated,0.03
357329,CHAPTER 110,inquiring,0.03
357331,CHAPTER 110,inquiry,0.03
357343,CHAPTER 110,inscribed,0.03
357716,CHAPTER 110,iron,0.03
358064,CHAPTER 110,just,0.03
358349,CHAPTER 110,lapsed,0.03
358468,CHAPTER 110,leak,0.03
358496,CHAPTER 110,leather,0.03
358563,CHAPTER 110,length,0.03
358589,CHAPTER 110,let,0.03
358610,CHAPTER 110,levels,0.03
358678,CHAPTER 110,lightly,0.03
358698,CHAPTER 110,lilies,0.03
358800,CHAPTER 110,living,0.03
358805,CHAPTER 110,ll,0.03
358900,CHAPTER 110,looked,0.03
358984,CHAPTER 110,lowermost,0.03
359024,CHAPTER 110,lumber,0.03
359030,CHAPTER 110,lunacy,0.03
359057,CHAPTER 110,lustre,0.03
359296,CHAPTER 110,manhandle,0.03
359366,CHAPTER 110,march,0.03
359419,CHAPTER 110,marshalled,0.03
359563,CHAPTER 110,measured,0.03
359789,CHAPTER 110,mildly,0.03
360007,CHAPTER 110,moles,0.03
360121,CHAPTER 110,morning,0.03
360173,CHAPTER 110,mouldy,0.03
360347,CHAPTER 110,mystical,0.03
360448,CHAPTER 110,near,0.03
360594,CHAPTER 110,nigh,0.03
360620,CHAPTER 110,noah,0.03
360689,CHAPTER 110,notches,0.03
360693,CHAPTER 110,noteworthy,0.03
360937,CHAPTER 110,oh,0.03
361058,CHAPTER 110,order,0.03
361227,CHAPTER 110,overhearing,0.03
361323,CHAPTER 110,paddles,0.03
361470,CHAPTER 110,parchment,0.03
361728,CHAPTER 110,peered,0.03
361831,CHAPTER 110,perfectly,0.03
361862,CHAPTER 110,permanent,0.03
362104,CHAPTER 110,pillow,0.03
362222,CHAPTER 110,planed,0.03
362285,CHAPTER 110,pleasure,0.03
362383,CHAPTER 110,poising,0.03
362536,CHAPTER 110,posted,0.03
362726,CHAPTER 110,preparation,0.03
362892,CHAPTER 110,proceeded,0.03
363008,CHAPTER 110,promptitude,0.03
363018,CHAPTER 110,pronounced,0.03
363200,CHAPTER 110,puncheons,0.03
363479,CHAPTER 110,rallied,0.03
363512,CHAPTER 110,ranged,0.03
363657,CHAPTER 110,recalled,0.03
363721,CHAPTER 110,recommended,0.03
363789,CHAPTER 110,reeled,0.03
364135,CHAPTER 110,request,0.03
364195,CHAPTER 110,resolutely,0.03
364320,CHAPTER 110,revelation,0.03
364415,CHAPTER 110,riddle,0.03
364475,CHAPTER 110,rings,0.03
364557,CHAPTER 110,rocking,0.03
364572,CHAPTER 110,rolled,0.03
364574,CHAPTER 110,rolling,0.03
364650,CHAPTER 110,rover,0.03
364652,CHAPTER 110,roving,0.03
364681,CHAPTER 110,rude,0.03
364804,CHAPTER 110,said,0.03
364974,CHAPTER 110,say,0.03
365046,CHAPTER 110,scholars,0.03
365125,CHAPTER 110,scraped,0.03
365209,CHAPTER 110,searching,0.03
365284,CHAPTER 110,seer,0.03
365336,CHAPTER 110,sending,0.03
365473,CHAPTER 110,shades,0.03
365543,CHAPTER 110,sharper,0.03
365607,CHAPTER 110,shifted,0.03
365647,CHAPTER 110,shiver,0.03
365692,CHAPTER 110,shouldered,0.03
365714,CHAPTER 110,shown,0.03
365749,CHAPTER 110,shuddered,0.03
365818,CHAPTER 110,signed,0.03
365842,CHAPTER 110,sill,0.03
366076,CHAPTER 110,slily,0.03
366078,CHAPTER 110,slime,0.03
366129,CHAPTER 110,slumbers,0.03
366292,CHAPTER 110,softness,0.03
366437,CHAPTER 110,sovereign,0.03
366485,CHAPTER 110,speaks,0.03
366670,CHAPTER 110,spotted,0.03
366692,CHAPTER 110,springing,0.03
366824,CHAPTER 110,starry,0.03
366872,CHAPTER 110,staves,0.03
366892,CHAPTER 110,steal,0.03
367028,CHAPTER 110,stooped,0.03
367126,CHAPTER 110,stretching,0.03
367202,CHAPTER 110,student,0.03
367311,CHAPTER 110,subterraneous,0.03
367355,CHAPTER 110,suddenly,0.03
367364,CHAPTER 110,suffering,0.03
367385,CHAPTER 110,suggested,0.03
367677,CHAPTER 110,swaying,0.03
367685,CHAPTER 110,sweating,0.03
367686,CHAPTER 110,sweatings,0.03
367701,CHAPTER 110,sweetness,0.03
367828,CHAPTER 110,taking,0.03
367838,CHAPTER 110,talked,0.03
367923,CHAPTER 110,tattooed,0.03
368091,CHAPTER 110,testimony,0.03
368135,CHAPTER 110,theory,0.03
368173,CHAPTER 110,thinned,0.03
368201,CHAPTER 110,thought,0.03
368310,CHAPTER 110,tier,0.03
368471,CHAPTER 110,took,0.03
368473,CHAPTER 110,tools,0.03
368639,CHAPTER 110,transfer,0.03
368711,CHAPTER 110,treading,0.03
368722,CHAPTER 110,treatise,0.03
368754,CHAPTER 110,trial,0.03
368994,CHAPTER 110,typhoons,0.03
368998,CHAPTER 110,tyrannical,0.03
369286,CHAPTER 110,undone,0.03
369383,CHAPTER 110,unfold,0.03
369414,CHAPTER 110,ungovernable,0.03
369475,CHAPTER 110,unintelligent,0.03
369522,CHAPTER 110,unlike,0.03
369957,CHAPTER 110,usual,0.03
370002,CHAPTER 110,vainly,0.03
370190,CHAPTER 110,vice,0.03
370221,CHAPTER 110,vigorous,0.03
370227,CHAPTER 110,vile,0.03
370377,CHAPTER 110,vouchers,0.03
370488,CHAPTER 110,waning,0.03
370530,CHAPTER 110,warning,0.03
370545,CHAPTER 110,warrior,0.03
370603,CHAPTER 110,way,0.03
370609,CHAPTER 110,weakened,0.03
370658,CHAPTER 110,weedy,0.03
370719,CHAPTER 110,whalemen,0.03
370755,CHAPTER 110,whereon,0.03
370863,CHAPTER 110,wild,0.03
371039,CHAPTER 110,woollen,0.03
371228,CHAPTER 110,yawned,0.03
345614,CHAPTER 110,aboard,0.02
345734,CHAPTER 110,according,0.02
345826,CHAPTER 110,added,0.02
346021,CHAPTER 110,aft,0.02
346035,CHAPTER 110,ages,0.02
346083,CHAPTER 110,ah,0.02
346301,CHAPTER 110,amid,0.02
346443,CHAPTER 110,answered,0.02
346536,CHAPTER 110,apparently,0.02
346766,CHAPTER 110,art,0.02
346816,CHAPTER 110,ashore,0.02
346830,CHAPTER 110,aspect,0.02
347104,CHAPTER 110,awe,0.02
347463,CHAPTER 110,bed,0.02
347488,CHAPTER 110,beef,0.02
347510,CHAPTER 110,began,0.02
347539,CHAPTER 110,beheld,0.02
347564,CHAPTER 110,believe,0.02
347602,CHAPTER 110,bench,0.02
347787,CHAPTER 110,bit,0.02
347956,CHAPTER 110,blue,0.02
348058,CHAPTER 110,bones,0.02
348069,CHAPTER 110,books,0.02
348167,CHAPTER 110,box,0.02
348247,CHAPTER 110,bread,0.02
348256,CHAPTER 110,breaking,0.02
348348,CHAPTER 110,bring,0.02
348385,CHAPTER 110,broke,0.02
348541,CHAPTER 110,buried,0.02
348679,CHAPTER 110,calm,0.02
348765,CHAPTER 110,canvas,0.02
348800,CHAPTER 110,captain,0.02
348875,CHAPTER 110,carry,0.02
348959,CHAPTER 110,caught,0.02
348965,CHAPTER 110,cause,0.02
349088,CHAPTER 110,chanced,0.02
349096,CHAPTER 110,changed,0.02
349119,CHAPTER 110,character,0.02
349239,CHAPTER 110,chest,0.02
349412,CHAPTER 110,circumstance,0.02
349581,CHAPTER 110,closed,0.02
349594,CHAPTER 110,clothes,0.02
349968,CHAPTER 110,complete,0.02
350036,CHAPTER 110,conceit,0.02
350274,CHAPTER 110,consternation,0.02
350519,CHAPTER 110,corner,0.02
350603,CHAPTER 110,countenance,0.02
350796,CHAPTER 110,cries,0.02
350822,CHAPTER 110,critical,0.02
350850,CHAPTER 110,crossing,0.02
350978,CHAPTER 110,curious,0.02
351020,CHAPTER 110,cut,0.02
351030,CHAPTER 110,cutting,0.02
351175,CHAPTER 110,daylight,0.02
351266,CHAPTER 110,decks,0.02
351497,CHAPTER 110,departed,0.02
351566,CHAPTER 110,descend,0.02
351607,CHAPTER 110,desired,0.02
351708,CHAPTER 110,devilish,0.02
351778,CHAPTER 110,did,0.02
351793,CHAPTER 110,difference,0.02
351818,CHAPTER 110,dignity,0.02
351832,CHAPTER 110,dim,0.02
351869,CHAPTER 110,direction,0.02
352321,CHAPTER 110,door,0.02
352414,CHAPTER 110,drawing,0.02
352420,CHAPTER 110,drawn,0.02
352428,CHAPTER 110,dream,0.02
352452,CHAPTER 110,drew,0.02
352470,CHAPTER 110,drive,0.02
352471,CHAPTER 110,driven,0.02
352608,CHAPTER 110,duty,0.02
352670,CHAPTER 110,easy,0.02
352674,CHAPTER 110,eating,0.02
352868,CHAPTER 110,em,0.02
353038,CHAPTER 110,endless,0.02
353436,CHAPTER 110,exact,0.02
353785,CHAPTER 110,faith,0.02
353832,CHAPTER 110,fancy,0.02
353846,CHAPTER 110,far,0.02
353876,CHAPTER 110,fast,0.02
353943,CHAPTER 110,fearful,0.02
354012,CHAPTER 110,fellow,0.02
354014,CHAPTER 110,fellows,0.02
354113,CHAPTER 110,fight,0.02
354141,CHAPTER 110,finally,0.02
354254,CHAPTER 110,flask,0.02
354327,CHAPTER 110,floated,0.02
354493,CHAPTER 110,forecastle,0.02
354558,CHAPTER 110,forgotten,0.02
354604,CHAPTER 110,forward,0.02
354693,CHAPTER 110,freighted,0.02
354706,CHAPTER 110,fresh,0.02
354722,CHAPTER 110,friend,0.02
354874,CHAPTER 110,gained,0.02
354884,CHAPTER 110,gale,0.02
355002,CHAPTER 110,gazing,0.02
355022,CHAPTER 110,generally,0.02
355056,CHAPTER 110,gently,0.02
355108,CHAPTER 110,gigantic,0.02
355208,CHAPTER 110,gloom,0.02
355272,CHAPTER 110,gods,0.02
355452,CHAPTER 110,green,0.02
355472,CHAPTER 110,grew,0.02
355473,CHAPTER 110,grey,0.02
355544,CHAPTER 110,grow,0.02
355670,CHAPTER 110,hail,0.02
355821,CHAPTER 110,harpooneer,0.02
355822,CHAPTER 110,harpooneers,0.02
355947,CHAPTER 110,hearing,0.02
355972,CHAPTER 110,heat,0.02
355981,CHAPTER 110,heaven,0.02
355991,CHAPTER 110,heavy,0.02
356212,CHAPTER 110,ho,0.02
356245,CHAPTER 110,holding,0.02
356262,CHAPTER 110,hollow,0.02
356321,CHAPTER 110,hoops,0.02
356399,CHAPTER 110,hours,0.02
356400,CHAPTER 110,house,0.02
356416,CHAPTER 110,hovering,0.02
356440,CHAPTER 110,huge,0.02
356449,CHAPTER 110,hull,0.02
356575,CHAPTER 110,ice,0.02
356627,CHAPTER 110,ignorance,0.02
356713,CHAPTER 110,immortal,0.02
357058,CHAPTER 110,indifferent,0.02
357401,CHAPTER 110,instantly,0.02
357676,CHAPTER 110,invisible,0.02
357698,CHAPTER 110,involved,0.02
357770,CHAPTER 110,islands,0.02
357771,CHAPTER 110,isle,0.02
357772,CHAPTER 110,isles,0.02
358082,CHAPTER 110,keel,0.02
358128,CHAPTER 110,kill,0.02
358479,CHAPTER 110,leaning,0.02
358483,CHAPTER 110,leaped,0.02
358500,CHAPTER 110,leaving,0.02
358508,CHAPTER 110,led,0.02
358513,CHAPTER 110,lee,0.02
358553,CHAPTER 110,legs,0.02
358730,CHAPTER 110,lingering,0.02
358864,CHAPTER 110,lofty,0.02
359232,CHAPTER 110,make,0.02
359324,CHAPTER 110,manner,0.02
359393,CHAPTER 110,marks,0.02
359562,CHAPTER 110,measure,0.02
359638,CHAPTER 110,men,0.02
359674,CHAPTER 110,mere,0.02
359762,CHAPTER 110,midnight,0.02
359786,CHAPTER 110,mild,0.02
359802,CHAPTER 110,milky,0.02
359850,CHAPTER 110,minutes,0.02
359908,CHAPTER 110,missing,0.02
360072,CHAPTER 110,months,0.02
360134,CHAPTER 110,mortals,0.02
360176,CHAPTER 110,mount,0.02
360210,CHAPTER 110,moving,0.02
360341,CHAPTER 110,mysterious,0.02
360345,CHAPTER 110,mystery,0.02
360363,CHAPTER 110,nail,0.02
360372,CHAPTER 110,named,0.02
360419,CHAPTER 110,native,0.02
360483,CHAPTER 110,need,0.02
360947,CHAPTER 110,old,0.02
361128,CHAPTER 110,ought,0.02
361545,CHAPTER 110,parts,0.02
361796,CHAPTER 110,people,0.02
362059,CHAPTER 110,piece,0.02
362087,CHAPTER 110,piled,0.02
362281,CHAPTER 110,pleased,0.02
362817,CHAPTER 110,previous,0.02
363029,CHAPTER 110,proper,0.02
363038,CHAPTER 110,prophet,0.02
363381,CHAPTER 110,quietly,0.02
363418,CHAPTER 110,race,0.02
363442,CHAPTER 110,rage,0.02
363602,CHAPTER 110,read,0.02
363610,CHAPTER 110,ready,0.02
363618,CHAPTER 110,really,0.02
363800,CHAPTER 110,reference,0.02
363849,CHAPTER 110,regarded,0.02
363871,CHAPTER 110,regularly,0.02
364240,CHAPTER 110,rest,0.02
364404,CHAPTER 110,rich,0.02
364500,CHAPTER 110,rise,0.02
364782,CHAPTER 110,sad,0.02
364814,CHAPTER 110,sailor,0.02
364822,CHAPTER 110,sake,0.02
364913,CHAPTER 110,sat,0.02
364966,CHAPTER 110,saw,0.02
365180,CHAPTER 110,scuttle,0.02
365273,CHAPTER 110,seeing,0.02
365274,CHAPTER 110,seek,0.02
365300,CHAPTER 110,seized,0.02
365538,CHAPTER 110,sharks,0.02
365625,CHAPTER 110,ship,0.02
365687,CHAPTER 110,shortly,0.02
365790,CHAPTER 110,sides,0.02
365921,CHAPTER 110,sit,0.02
365930,CHAPTER 110,sitting,0.02
366284,CHAPTER 110,soft,0.02
366377,CHAPTER 110,sooner,0.02
366414,CHAPTER 110,sound,0.02
366463,CHAPTER 110,spare,0.02
366484,CHAPTER 110,speaking,0.02
366542,CHAPTER 110,spent,0.02
366637,CHAPTER 110,spoken,0.02
366825,CHAPTER 110,stars,0.02
366922,CHAPTER 110,steering,0.02
367000,CHAPTER 110,stock,0.02
367017,CHAPTER 110,stone,0.02
367118,CHAPTER 110,strength,0.02
367124,CHAPTER 110,stretched,0.02
367152,CHAPTER 110,stripped,0.02
367160,CHAPTER 110,striving,0.02
367177,CHAPTER 110,struck,0.02
367295,CHAPTER 110,substance,0.02
367354,CHAPTER 110,sudden,0.02
367591,CHAPTER 110,surprise,0.02
367693,CHAPTER 110,sweet,0.02
368062,CHAPTER 110,terrible,0.02
368208,CHAPTER 110,thoughts,0.02
368233,CHAPTER 110,threw,0.02
368300,CHAPTER 110,tide,0.02
368339,CHAPTER 110,time,0.02
368426,CHAPTER 110,toil,0.02
368436,CHAPTER 110,told,0.02
368528,CHAPTER 110,tossed,0.02
368828,CHAPTER 110,trouble,0.02
368849,CHAPTER 110,truly,0.02
368866,CHAPTER 110,truth,0.02
368928,CHAPTER 110,turning,0.02
368932,CHAPTER 110,turns,0.02
368976,CHAPTER 110,twisted,0.02
369123,CHAPTER 110,uncertain,0.02
369511,CHAPTER 110,unknown,0.02
369946,CHAPTER 110,used,0.02
370213,CHAPTER 110,view,0.02
370290,CHAPTER 110,visible,0.02
370296,CHAPTER 110,visit,0.02
370330,CHAPTER 110,vocation,0.02
370351,CHAPTER 110,volume,0.02
370500,CHAPTER 110,war,0.02
370564,CHAPTER 110,watch,0.02
370633,CHAPTER 110,weary,0.02
370635,CHAPTER 110,weather,0.02
370718,CHAPTER 110,whaleman,0.02
370832,CHAPTER 110,wholly,0.02
370867,CHAPTER 110,wildly,0.02
370901,CHAPTER 110,windlass,0.02
371026,CHAPTER 110,wooden,0.02
371045,CHAPTER 110,words,0.02
371156,CHAPTER 110,written,0.02
346084,CHAPTER 110,ahab,0.01
346101,CHAPTER 110,air,0.01
347804,CHAPTER 110,black,0.01
348893,CHAPTER 110,case,0.01
349040,CHAPTER 110,certain,0.01
349580,CHAPTER 110,close,0.01
350788,CHAPTER 110,crew,0.01
351262,CHAPTER 110,deck,0.01
351303,CHAPTER 110,deep,0.01
353271,CHAPTER 110,ere,0.01
353718,CHAPTER 110,eye,0.01
353995,CHAPTER 110,feet,0.01
355264,CHAPTER 110,god,0.01
355279,CHAPTER 110,going,0.01
355441,CHAPTER 110,great,0.01
355533,CHAPTER 110,ground,0.01
355787,CHAPTER 110,hard,0.01
355943,CHAPTER 110,heard,0.01
355955,CHAPTER 110,heart,0.01
358222,CHAPTER 110,known,0.01
358899,CHAPTER 110,look,0.01
359511,CHAPTER 110,matter,0.01
360015,CHAPTER 110,moment,0.01
360873,CHAPTER 110,ocean,0.01
364632,CHAPTER 110,round,0.01
364806,CHAPTER 110,sail,0.01
365214,CHAPTER 110,seas,0.01
365283,CHAPTER 110,seen,0.01
365428,CHAPTER 110,set,0.01
365680,CHAPTER 110,short,0.01
366140,CHAPTER 110,small,0.01
366376,CHAPTER 110,soon,0.01
366402,CHAPTER 110,sort,0.01
366814,CHAPTER 110,starbuck,0.01
368163,CHAPTER 110,thing,0.01
368164,CHAPTER 110,things,0.01
368165,CHAPTER 110,think,0.01
368927,CHAPTER 110,turned,0.01
370384,CHAPTER 110,voyage,0.01
370694,CHAPTER 110,went,0.01
370727,CHAPTER 110,whaling,0.01
370816,CHAPTER 110,white,0.01
371043,CHAPTER 110,word,0.01
371059,CHAPTER 110,world,0.01
