,chapter,term,tfidf
3015383,CHAPTER 8,pulpit,0.39
3011560,CHAPTER 8,mapple,0.32
3010467,CHAPTER 8,ladder,0.28
3006102,CHAPTER 8,father,0.23
3001310,CHAPTER 8,chapel,0.12
3017825,CHAPTER 8,ship,0.12
3001313,CHAPTER 8,chaplain,0.09
3019128,CHAPTER 8,step,0.09
3019248,CHAPTER 8,storm,0.09
2998576,CHAPTER 8,angel,0.08
3001791,CHAPTER 8,cloth,0.08
3018975,CHAPTER 8,stairs,0.08
3001804,CHAPTER 8,clouds,0.07
3004585,CHAPTER 8,drag,0.07
3005361,CHAPTER 8,entered,0.07
3006073,CHAPTER 8,fashioned,0.07
3007998,CHAPTER 8,hardy,0.07
3014074,CHAPTER 8,perpendicular,0.07
3016807,CHAPTER 8,ropes,0.07
3020111,CHAPTER 8,taste,0.07
3023451,CHAPTER 8,yes,0.07
3023477,CHAPTER 8,youth,0.07
2998229,CHAPTER 8,age,0.06
2999638,CHAPTER 8,beat,0.06
3001240,CHAPTER 8,certain,0.06
3006543,CHAPTER 8,floor,0.06
3007464,CHAPTER 8,god,0.06
3007924,CHAPTER 8,hand,0.06
3008115,CHAPTER 8,headed,0.06
3008218,CHAPTER 8,height,0.06
3011064,CHAPTER 8,lofty,0.06
3011473,CHAPTER 8,man,0.06
2998052,CHAPTER 8,adjacent,0.05
2998087,CHAPTER 8,admitting,0.05
2998112,CHAPTER 8,adorned,0.05
2998802,CHAPTER 8,approached,0.05
2998858,CHAPTER 8,architect,0.05
2998947,CHAPTER 8,arrayed,0.05
2999184,CHAPTER 8,attested,0.05
2999620,CHAPTER 8,beamed,0.05
2999623,CHAPTER 8,bear,0.05
3000140,CHAPTER 8,bloom,0.05
3000623,CHAPTER 8,brunt,0.05
3001209,CHAPTER 8,cenotaphs,0.05
3001733,CHAPTER 8,clerical,0.05
3002206,CHAPTER 8,comprehending,0.05
3002404,CHAPTER 8,connexions,0.05
3002570,CHAPTER 8,contract,0.05
3002599,CHAPTER 8,contrivance,0.05
3002850,CHAPTER 8,courting,0.05
3003490,CHAPTER 8,dedicated,0.05
3003727,CHAPTER 8,deposited,0.05
3003900,CHAPTER 8,developing,0.05
3003939,CHAPTER 8,dexterity,0.05
3004976,CHAPTER 8,ehrenbreitstein,0.05
3005284,CHAPTER 8,engrafted,0.05
3005308,CHAPTER 8,enjoyed,0.05
3006054,CHAPTER 8,farings,0.05
3006127,CHAPTER 8,favourable,0.05
3006168,CHAPTER 8,february,0.05
3006286,CHAPTER 8,fiddle,0.05
3006398,CHAPTER 8,fissures,0.05
3006568,CHAPTER 8,flowering,0.05
3006788,CHAPTER 8,forth,0.05
3008049,CHAPTER 8,hat,0.05
3009078,CHAPTER 8,imputable,0.05
3010402,CHAPTER 8,knobs,0.05
3010979,CHAPTER 8,little,0.05
3011397,CHAPTER 8,mahogany,0.05
3011822,CHAPTER 8,melting,0.05
3011878,CHAPTER 8,merging,0.05
3012040,CHAPTER 8,ministry,0.05
3012724,CHAPTER 8,nelson,0.05
3012782,CHAPTER 8,nicely,0.05
3012823,CHAPTER 8,noble,0.05
3012902,CHAPTER 8,notoriety,0.05
3013147,CHAPTER 8,old,0.05
3013301,CHAPTER 8,ornamental,0.05
3013456,CHAPTER 8,overshoes,0.05
3013611,CHAPTER 8,panelled,0.05
3013923,CHAPTER 8,peeping,0.05
3013947,CHAPTER 8,pelted,0.05
3014024,CHAPTER 8,perennial,0.05
3015384,CHAPTER 8,pulpits,0.05
3015537,CHAPTER 8,quebec,0.05
3015562,CHAPTER 8,quick,0.05
3015628,CHAPTER 8,radiance,0.05
3015833,CHAPTER 8,reason,0.05
3016050,CHAPTER 8,regardful,0.05
3016442,CHAPTER 8,rested,0.05
3016538,CHAPTER 8,reverential,0.05
3016774,CHAPTER 8,rolling,0.05
3016839,CHAPTER 8,rounds,0.05
3017014,CHAPTER 8,sailor,0.05
3017073,CHAPTER 8,sanctity,0.05
3017353,CHAPTER 8,scroll,0.05
3017594,CHAPTER 8,serenest,0.05
3017864,CHAPTER 8,shone,0.05
3018026,CHAPTER 8,signifies,0.05
3018076,CHAPTER 8,sincerity,0.05
3019374,CHAPTER 8,stronghold,0.05
3019507,CHAPTER 8,substituting,0.05
3019955,CHAPTER 8,symbolize,0.05
3020085,CHAPTER 8,tarpaulin,0.05
3020516,CHAPTER 8,ties,0.05
3020539,CHAPTER 8,time,0.05
3022407,CHAPTER 8,victory,0.05
3023159,CHAPTER 8,withdrawal,0.05
3023260,CHAPTER 8,worldly,0.05
2997857,CHAPTER 8,absorbed,0.04
2997965,CHAPTER 8,achieved,0.04
2997997,CHAPTER 8,acted,0.04
2998142,CHAPTER 8,adventurous,0.04
2998587,CHAPTER 8,angle,0.04
2998874,CHAPTER 8,area,0.04
2999003,CHAPTER 8,ascending,0.04
2999330,CHAPTER 8,azure,0.04
2999614,CHAPTER 8,beak,0.04
2999643,CHAPTER 8,beating,0.04
2999919,CHAPTER 8,bible,0.04
3000160,CHAPTER 8,bluff,0.04
3000301,CHAPTER 8,borrowed,0.04
3000452,CHAPTER 8,breakers,0.04
3000484,CHAPTER 8,breezes,0.04
3001061,CHAPTER 8,carriage,0.04
3001985,CHAPTER 8,colour,0.04
3002379,CHAPTER 8,congregation,0.04
3002514,CHAPTER 8,containing,0.04
3002618,CHAPTER 8,convenient,0.04
3002862,CHAPTER 8,covered,0.04
3003446,CHAPTER 8,decent,0.04
3003587,CHAPTER 8,deliberately,0.04
3004357,CHAPTER 8,distinct,0.04
3004839,CHAPTER 8,earliest,0.04
3005504,CHAPTER 8,escaped,0.04
3005938,CHAPTER 8,face,0.04
3005986,CHAPTER 8,faithful,0.04
3006130,CHAPTER 8,favourite,0.04
3006163,CHAPTER 8,feature,0.04
3006360,CHAPTER 8,finished,0.04
3006714,CHAPTER 8,foremost,0.04
3006813,CHAPTER 8,foul,0.04
3007048,CHAPTER 8,furthermore,0.04
3007076,CHAPTER 8,gaining,0.04
3007088,CHAPTER 8,gallant,0.04
3007375,CHAPTER 8,gleams,0.04
3007394,CHAPTER 8,glimpse,0.04
3007599,CHAPTER 8,grasping,0.04
3007901,CHAPTER 8,halting,0.04
3007944,CHAPTER 8,handsome,0.04
3008138,CHAPTER 8,healthy,0.04
3009034,CHAPTER 8,impregnable,0.04
3009890,CHAPTER 8,invoked,0.04
3009979,CHAPTER 8,isolation,0.04
3010147,CHAPTER 8,joint,0.04
3010150,CHAPTER 8,joints,0.04
3010662,CHAPTER 8,leads,0.04
3010708,CHAPTER 8,led,0.04
3010888,CHAPTER 8,like,0.04
3010894,CHAPTER 8,likeness,0.04
3011585,CHAPTER 8,maritime,0.04
3011769,CHAPTER 8,meat,0.04
3012383,CHAPTER 8,mounting,0.04
3012770,CHAPTER 8,newly,0.04
3013390,CHAPTER 8,outward,0.04
3013550,CHAPTER 8,painting,0.04
3013553,CHAPTER 8,pair,0.04
3013893,CHAPTER 8,peculiarities,0.04
3014228,CHAPTER 8,physical,0.04
3014252,CHAPTER 8,picture,0.04
3014444,CHAPTER 8,plate,0.04
3014639,CHAPTER 8,pondered,0.04
3014932,CHAPTER 8,prepared,0.04
3015177,CHAPTER 8,projecting,0.04
3015312,CHAPTER 8,provided,0.04
3016212,CHAPTER 8,removed,0.04
3016278,CHAPTER 8,replenished,0.04
3016303,CHAPTER 8,representing,0.04
3016332,CHAPTER 8,reputation,0.04
3016752,CHAPTER 8,robustness,0.04
3017370,CHAPTER 8,scud,0.04
3017387,CHAPTER 8,sea,0.04
3017603,CHAPTER 8,seriously,0.04
3017768,CHAPTER 8,shed,0.04
3018246,CHAPTER 8,sleet,0.04
3018436,CHAPTER 8,snowy,0.04
3018462,CHAPTER 8,sober,0.04
3018803,CHAPTER 8,spiritual,0.04
3018961,CHAPTER 8,stage,0.04
3018972,CHAPTER 8,stained,0.04
3019134,CHAPTER 8,steps,0.04
3019229,CHAPTER 8,stooping,0.04
3019571,CHAPTER 8,sufficiently,0.04
3019596,CHAPTER 8,suit,0.04
3019648,CHAPTER 8,sunlight,0.04
3019820,CHAPTER 8,suspect,0.04
3019925,CHAPTER 8,swinging,0.04
3020769,CHAPTER 8,trace,0.04
3020974,CHAPTER 8,tricks,0.04
3021230,CHAPTER 8,umbrella,0.04
3021781,CHAPTER 8,unnecessary,0.04
3022158,CHAPTER 8,usually,0.04
3022289,CHAPTER 8,venerable,0.04
3022324,CHAPTER 8,verdure,0.04
3022666,CHAPTER 8,walls,0.04
3023282,CHAPTER 8,worsted,0.04
3023308,CHAPTER 8,wrath,0.04
3023347,CHAPTER 8,write,0.04
2997996,CHAPTER 8,act,0.03
2998283,CHAPTER 8,ah,0.03
2999365,CHAPTER 8,bad,0.03
2999742,CHAPTER 8,behold,0.03
3000346,CHAPTER 8,bow,0.03
3000361,CHAPTER 8,bows,0.03
3000456,CHAPTER 8,breaking,0.03
3000529,CHAPTER 8,bright,0.03
3001064,CHAPTER 8,carried,0.03
3001108,CHAPTER 8,cast,0.03
3001241,CHAPTER 8,certainly,0.03
3001844,CHAPTER 8,coast,0.03
3001847,CHAPTER 8,coat,0.03
3002168,CHAPTER 8,complete,0.03
3002445,CHAPTER 8,considering,0.03
3002719,CHAPTER 8,corner,0.03
3003777,CHAPTER 8,descried,0.03
3004521,CHAPTER 8,door,0.03
3005922,CHAPTER 8,eyeing,0.03
3005978,CHAPTER 8,fair,0.03
3006023,CHAPTER 8,famous,0.03
3006208,CHAPTER 8,fell,0.03
3006499,CHAPTER 8,flew,0.03
3006527,CHAPTER 8,floated,0.03
3006602,CHAPTER 8,flying,0.03
3006658,CHAPTER 8,foot,0.03
3006773,CHAPTER 8,formed,0.03
3007000,CHAPTER 8,fully,0.03
3007641,CHAPTER 8,great,0.03
3008021,CHAPTER 8,harpooneer,0.03
3008235,CHAPTER 8,helm,0.03
3008375,CHAPTER 8,hint,0.03
3008400,CHAPTER 8,history,0.03
3008468,CHAPTER 8,holy,0.03
3008699,CHAPTER 8,hung,0.03
3008900,CHAPTER 8,immediately,0.03
3009559,CHAPTER 8,inserted,0.03
3009594,CHAPTER 8,instance,0.03
3009971,CHAPTER 8,isle,0.03
3010007,CHAPTER 8,jacket,0.03
3010700,CHAPTER 8,leaving,0.03
3010713,CHAPTER 8,lee,0.03
3010859,CHAPTER 8,life,0.03
3011008,CHAPTER 8,lo,0.03
3011087,CHAPTER 8,long,0.03
3011412,CHAPTER 8,main,0.03
3011562,CHAPTER 8,marble,0.03
3011755,CHAPTER 8,meaning,0.03
3011986,CHAPTER 8,mild,0.03
3012382,CHAPTER 8,mounted,0.03
3013024,CHAPTER 8,observed,0.03
3013180,CHAPTER 8,ones,0.03
3013745,CHAPTER 8,parts,0.03
3013750,CHAPTER 8,passage,0.03
3013775,CHAPTER 8,past,0.03
3014259,CHAPTER 8,piece,0.03
3014307,CHAPTER 8,pilot,0.03
3014428,CHAPTER 8,plank,0.03
3015018,CHAPTER 8,previously,0.03
3015335,CHAPTER 8,prow,0.03
3015581,CHAPTER 8,quietly,0.03
3015704,CHAPTER 8,ran,0.03
3015829,CHAPTER 8,rear,0.03
3015951,CHAPTER 8,red,0.03
3016069,CHAPTER 8,regular,0.03
3016759,CHAPTER 8,rocks,0.03
3016806,CHAPTER 8,rope,0.03
3017420,CHAPTER 8,seated,0.03
3017511,CHAPTER 8,self,0.03
3018048,CHAPTER 8,silver,0.03
3018433,CHAPTER 8,snow,0.03
3018643,CHAPTER 8,space,0.03
3018866,CHAPTER 8,spot,0.03
3018891,CHAPTER 8,spring,0.03
3020262,CHAPTER 8,terrible,0.03
3020728,CHAPTER 8,tossed,0.03
3021049,CHAPTER 8,truly,0.03
3021937,CHAPTER 8,unseen,0.03
3022131,CHAPTER 8,upwards,0.03
3022146,CHAPTER 8,used,0.03
3022168,CHAPTER 8,utmost,0.03
3022657,CHAPTER 8,wall,0.03
3022777,CHAPTER 8,water,0.03
3022874,CHAPTER 8,weight,0.03
3023057,CHAPTER 8,wife,0.03
3023109,CHAPTER 8,winds,0.03
3023113,CHAPTER 8,wine,0.03
3023126,CHAPTER 8,winter,0.03
3023223,CHAPTER 8,wood,0.03
3023259,CHAPTER 8,world,0.03
3023341,CHAPTER 8,wrinkles,0.03
2999811,CHAPTER 8,beneath,0.02
3000004,CHAPTER 8,black,0.02
3000191,CHAPTER 8,boat,0.02
3000872,CHAPTER 8,called,0.02
3001000,CHAPTER 8,captain,0.02
3001093,CHAPTER 8,case,0.02
3002018,CHAPTER 8,come,0.02
3002024,CHAPTER 8,comes,0.02
3003328,CHAPTER 8,dark,0.02
3003462,CHAPTER 8,deck,0.02
3004850,CHAPTER 8,earth,0.02
3005471,CHAPTER 8,ere,0.02
3006347,CHAPTER 8,fine,0.02
3007943,CHAPTER 8,hands,0.02
3008093,CHAPTER 8,having,0.02
3008143,CHAPTER 8,heard,0.02
3008336,CHAPTER 8,high,0.02
3009596,CHAPTER 8,instant,0.02
3010556,CHAPTER 8,large,0.02
3011099,CHAPTER 8,look,0.02
3011524,CHAPTER 8,manner,0.02
3011759,CHAPTER 8,means,0.02
3011874,CHAPTER 8,mere,0.02
3014388,CHAPTER 8,place,0.02
3014951,CHAPTER 8,present,0.02
3016440,CHAPTER 8,rest,0.02
3017431,CHAPTER 8,second,0.02
3018317,CHAPTER 8,slowly,0.02
3018340,CHAPTER 8,small,0.02
3018602,CHAPTER 8,sort,0.02
3019287,CHAPTER 8,strange,0.02
3019634,CHAPTER 8,sun,0.02
3020400,CHAPTER 8,thou,0.02
3020401,CHAPTER 8,thought,0.02
3020529,CHAPTER 8,till,0.02
3021126,CHAPTER 8,turn,0.02
3022357,CHAPTER 8,vessel,0.02
3022584,CHAPTER 8,voyage,0.02
3022919,CHAPTER 8,whalemen,0.02
3022927,CHAPTER 8,whaling,0.02
3023045,CHAPTER 8,wide,0.02
3023243,CHAPTER 8,word,0.02
3023248,CHAPTER 8,work,0.02
3023438,CHAPTER 8,years,0.02
3016832,CHAPTER 8,round,0.01
3017174,CHAPTER 8,say,0.01
3020363,CHAPTER 8,thing,0.01
