,chapter,term,tfidf
242766,CHAPTER 107,carpenter,0.45
260925,CHAPTER 107,stolidity,0.16
259054,CHAPTER 107,screw,0.13
264102,CHAPTER 107,vice,0.12
241514,CHAPTER 107,bench,0.11
262863,CHAPTER 107,tweezers,0.11
250690,CHAPTER 107,impersonal,0.1
254649,CHAPTER 107,numerous,0.1
259852,CHAPTER 107,sizes,0.1
263570,CHAPTER 107,unreasoning,0.1
264105,CHAPTER 107,vices,0.1
263859,CHAPTER 107,useful,0.09
264935,CHAPTER 107,wood,0.09
260673,CHAPTER 107,stage,0.08
262495,CHAPTER 107,trades,0.08
240083,CHAPTER 107,alike,0.07
241967,CHAPTER 107,bone,0.06
242952,CHAPTER 107,certain,0.06
254672,CHAPTER 107,oar,0.06
239165,CHAPTER 107,_multum,0.05
239515,CHAPTER 107,abided,0.05
239581,CHAPTER 107,abstract,0.05
239582,CHAPTER 107,abstracted,0.05
239584,CHAPTER 107,abstraction,0.05
240346,CHAPTER 107,anomalously,0.05
240364,CHAPTER 107,antediluvian,0.05
240536,CHAPTER 107,aptitudes,0.05
240591,CHAPTER 107,argue,0.05
240843,CHAPTER 107,athwartships,0.05
240967,CHAPTER 107,automaton,0.05
240970,CHAPTER 107,auxiliary,0.05
241026,CHAPTER 107,awls,0.05
241044,CHAPTER 107,babe,0.05
241467,CHAPTER 107,belaying,0.05
241642,CHAPTER 107,bids,0.05
241740,CHAPTER 107,bladed,0.05
242554,CHAPTER 107,cage,0.05
242587,CHAPTER 107,callings,0.05
242699,CHAPTER 107,capricious,0.05
242711,CHAPTER 107,capstans,0.05
242859,CHAPTER 107,cathedrals,0.05
243385,CHAPTER 107,claps,0.05
243474,CHAPTER 107,clingings,0.05
243658,CHAPTER 107,collateral,0.05
243794,CHAPTER 107,common,0.05
243985,CHAPTER 107,concocts,0.05
244058,CHAPTER 107,conflicting,0.05
244184,CHAPTER 107,constellation,0.05
244237,CHAPTER 107,contemporary,0.05
244532,CHAPTER 107,countersinkers,0.05
244828,CHAPTER 107,crutch,0.05
245104,CHAPTER 107,deaf,0.05
245690,CHAPTER 107,did,0.05
245717,CHAPTER 107,dig,0.05
246374,CHAPTER 107,drills,0.05
246385,CHAPTER 107,drivers,0.05
246495,CHAPTER 107,duplicate,0.05
246496,CHAPTER 107,duplicates,0.05
246517,CHAPTER 107,duties,0.05
246665,CHAPTER 107,efficient,0.05
246837,CHAPTER 107,emergencies,0.05
246892,CHAPTER 107,enacted,0.05
247531,CHAPTER 107,expert,0.05
247532,CHAPTER 107,expertness,0.05
247592,CHAPTER 107,exterior,0.05
248039,CHAPTER 107,filers,0.05
248040,CHAPTER 107,files,0.05
248529,CHAPTER 107,foundations,0.05
248940,CHAPTER 107,generic,0.05
249415,CHAPTER 107,grizzled,0.05
249645,CHAPTER 107,handicrafts,0.05
249746,CHAPTER 107,hartshorn,0.05
249880,CHAPTER 107,heartlessness,0.05
250373,CHAPTER 107,humble,0.05
250388,CHAPTER 107,hummingly,0.05
250396,CHAPTER 107,humorousness,0.05
250543,CHAPTER 107,ignores,0.05
251358,CHAPTER 107,integral,0.05
251433,CHAPTER 107,intermixture,0.05
251612,CHAPTER 107,involving,0.05
251709,CHAPTER 107,ivory,0.05
252600,CHAPTER 107,like,0.05
252681,CHAPTER 107,literal,0.05
252701,CHAPTER 107,liveliness,0.05
252800,CHAPTER 107,longed,0.05
252860,CHAPTER 107,lotion,0.05
253037,CHAPTER 107,machine,0.05
253220,CHAPTER 107,manifold,0.05
253227,CHAPTER 107,manipulator,0.05
253890,CHAPTER 107,modes,0.05
253997,CHAPTER 107,moons,0.05
254796,CHAPTER 107,oddly,0.05
254887,CHAPTER 107,omnitooled,0.05
254901,CHAPTER 107,oozed,0.05
255049,CHAPTER 107,outbranching,0.05
255244,CHAPTER 107,pagoda,0.05
255459,CHAPTER 107,parvo_,0.05
255556,CHAPTER 107,pauselessly,0.05
255698,CHAPTER 107,pens,0.05
255840,CHAPTER 107,pertained,0.05
256023,CHAPTER 107,pincers,0.05
256628,CHAPTER 107,premeditated,0.05
257284,CHAPTER 107,quicksilver,0.05
257406,CHAPTER 107,ramifying,0.05
257662,CHAPTER 107,recurring,0.05
257732,CHAPTER 107,reforming,0.05
257955,CHAPTER 107,repairing,0.05
258581,CHAPTER 107,rubbed,0.05
258620,CHAPTER 107,rulers,0.05
258849,CHAPTER 107,saturn,0.05
259056,CHAPTER 107,screwing,0.05
259057,CHAPTER 107,screws,0.05
259165,CHAPTER 107,securely,0.05
259285,CHAPTER 107,sentry,0.05
259383,CHAPTER 107,shaded,0.05
259463,CHAPTER 107,shaved,0.05
259497,CHAPTER 107,sheffield,0.05
260252,CHAPTER 107,soliloquizer,0.05
260253,CHAPTER 107,soliloquizes,0.05
260254,CHAPTER 107,soliloquizing,0.05
260295,CHAPTER 107,soothing,0.05
260557,CHAPTER 107,spontaneous,0.05
260594,CHAPTER 107,sprains,0.05
261018,CHAPTER 107,strays,0.05
261067,CHAPTER 107,stript,0.05
261324,CHAPTER 107,sultanically,0.05
261405,CHAPTER 107,superiors,0.05
261445,CHAPTER 107,supplies,0.05
261673,CHAPTER 107,symmetrically,0.05
262387,CHAPTER 107,toothache,0.05
262857,CHAPTER 107,tutored,0.05
263056,CHAPTER 107,uncivilized,0.05
263077,CHAPTER 107,uncompromised,0.05
263078,CHAPTER 107,uncompromisedness,0.05
263086,CHAPTER 107,unconcluded,0.05
263107,CHAPTER 107,uncounted,0.05
263251,CHAPTER 107,uneven,0.05
263308,CHAPTER 107,unfractioned,0.05
263351,CHAPTER 107,unhesitatingly,0.05
263386,CHAPTER 107,unintelligence,0.05
263451,CHAPTER 107,unmanageably,0.05
263697,CHAPTER 107,unstreaked,0.05
263955,CHAPTER 107,various,0.05
263956,CHAPTER 107,variously,0.05
264048,CHAPTER 107,vermillion,0.05
264231,CHAPTER 107,vivacity,0.05
264391,CHAPTER 107,wanderer,0.05
264657,CHAPTER 107,wheezing,0.05
264806,CHAPTER 107,winces,0.05
264894,CHAPTER 107,wittiness,0.05
239640,CHAPTER 107,accomplished,0.04
239655,CHAPTER 107,accounted,0.04
239715,CHAPTER 107,active,0.04
240459,CHAPTER 107,appeared,0.04
240485,CHAPTER 107,application,0.04
240618,CHAPTER 107,ark,0.04
240805,CHAPTER 107,assuming,0.04
241006,CHAPTER 107,awake,0.04
241334,CHAPTER 107,beams,0.04
241338,CHAPTER 107,bearded,0.04
241500,CHAPTER 107,belonging,0.04
241644,CHAPTER 107,big,0.04
241685,CHAPTER 107,bird,0.04
241707,CHAPTER 107,bits,0.04
241739,CHAPTER 107,blade,0.04
241741,CHAPTER 107,blades,0.04
241840,CHAPTER 107,blocks,0.04
242717,CHAPTER 107,captive,0.04
242768,CHAPTER 107,carpenters,0.04
243380,CHAPTER 107,clap,0.04
243383,CHAPTER 107,clapping,0.04
243417,CHAPTER 107,clean,0.04
243535,CHAPTER 107,clumsy,0.04
244226,CHAPTER 107,containing,0.04
244312,CHAPTER 107,contrivances,0.04
244424,CHAPTER 107,cork,0.04
245821,CHAPTER 107,discernible,0.04
246321,CHAPTER 107,draw,0.04
246384,CHAPTER 107,driver,0.04
246401,CHAPTER 107,drops,0.04
246466,CHAPTER 107,dumb,0.04
246547,CHAPTER 107,ear,0.04
246553,CHAPTER 107,early,0.04
246574,CHAPTER 107,easily,0.04
247239,CHAPTER 107,essence,0.04
247266,CHAPTER 107,eternally,0.04
247525,CHAPTER 107,experienced,0.04
247590,CHAPTER 107,extent,0.04
248007,CHAPTER 107,field,0.04
248067,CHAPTER 107,fingers,0.04
248754,CHAPTER 107,furnishing,0.04
248888,CHAPTER 107,gathered,0.04
249284,CHAPTER 107,grandeur,0.04
249482,CHAPTER 107,guard,0.04
249640,CHAPTER 107,handed,0.04
249994,CHAPTER 107,hereditary,0.04
250048,CHAPTER 107,high,0.04
250053,CHAPTER 107,highly,0.04
250159,CHAPTER 107,holds,0.04
250365,CHAPTER 107,humane,0.04
250970,CHAPTER 107,indifferent,0.04
251103,CHAPTER 107,infinite,0.04
251272,CHAPTER 107,inserting,0.04
251317,CHAPTER 107,instinct,0.04
251365,CHAPTER 107,intelligence,0.04
251610,CHAPTER 107,involved,0.04
252268,CHAPTER 107,large,0.04
252279,CHAPTER 107,lashed,0.04
252590,CHAPTER 107,lightly,0.04
253404,CHAPTER 107,material,0.04
253484,CHAPTER 107,mechanical,0.04
253783,CHAPTER 107,miscellaneous,0.04
253861,CHAPTER 107,mob,0.04
254059,CHAPTER 107,moss,0.04
254194,CHAPTER 107,muscles,0.04
254275,CHAPTER 107,nail,0.04
254279,CHAPTER 107,nails,0.04
254477,CHAPTER 107,new,0.04
254532,CHAPTER 107,noah,0.04
254905,CHAPTER 107,open,0.04
254918,CHAPTER 107,operation,0.04
255102,CHAPTER 107,outward,0.04
255574,CHAPTER 107,peace,0.04
255714,CHAPTER 107,pequod,0.04
255841,CHAPTER 107,pertaining,0.04
256022,CHAPTER 107,pin,0.04
256239,CHAPTER 107,plumage,0.04
256265,CHAPTER 107,pocket,0.04
256355,CHAPTER 107,ponderous,0.04
256644,CHAPTER 107,prepared,0.04
256762,CHAPTER 107,principle,0.04
256808,CHAPTER 107,process,0.04
257139,CHAPTER 107,pure,0.04
257518,CHAPTER 107,readiness,0.04
257712,CHAPTER 107,reference,0.04
257876,CHAPTER 107,remark,0.04
258387,CHAPTER 107,rings,0.04
258476,CHAPTER 107,rods,0.04
258593,CHAPTER 107,rude,0.04
259329,CHAPTER 107,served,0.04
259438,CHAPTER 107,shape,0.04
259744,CHAPTER 107,signs,0.04
259781,CHAPTER 107,simply,0.04
259803,CHAPTER 107,singularly,0.04
260053,CHAPTER 107,smaller,0.04
260383,CHAPTER 107,spars,0.04
260613,CHAPTER 107,sprung,0.04
260999,CHAPTER 107,strange,0.04
261231,CHAPTER 107,subtle,0.04
261514,CHAPTER 107,surrounding,0.04
261617,CHAPTER 107,swelled,0.04
261752,CHAPTER 107,talking,0.04
262251,CHAPTER 107,time,0.04
262255,CHAPTER 107,times,0.04
262386,CHAPTER 107,tooth,0.04
262771,CHAPTER 107,trunk,0.04
263493,CHAPTER 107,unnecessary,0.04
264403,CHAPTER 107,wanted,0.04
264533,CHAPTER 107,wear,0.04
264649,CHAPTER 107,wheel,0.04
264701,CHAPTER 107,whirling,0.04
265055,CHAPTER 107,wrist,0.04
265150,CHAPTER 107,years,0.04
240140,CHAPTER 107,alongside,0.03
240279,CHAPTER 107,ancient,0.03
242009,CHAPTER 107,born,0.03
242079,CHAPTER 107,box,0.03
242112,CHAPTER 107,brain,0.03
242393,CHAPTER 107,bull,0.03
244266,CHAPTER 107,continually,0.03
244758,CHAPTER 107,cross,0.03
244863,CHAPTER 107,cunning,0.03
245059,CHAPTER 107,dashed,0.03
245212,CHAPTER 107,deemed,0.03
245707,CHAPTER 107,different,0.03
245783,CHAPTER 107,directly,0.03
246058,CHAPTER 107,distant,0.03
246520,CHAPTER 107,duty,0.03
246561,CHAPTER 107,ears,0.03
247364,CHAPTER 107,example,0.03
247744,CHAPTER 107,fancy,0.03
247758,CHAPTER 107,far,0.03
247788,CHAPTER 107,fast,0.03
248405,CHAPTER 107,forecastle,0.03
248660,CHAPTER 107,fro,0.03
248752,CHAPTER 107,furnished,0.03
249650,CHAPTER 107,handle,0.03
249941,CHAPTER 107,held,0.03
250088,CHAPTER 107,hinted,0.03
250160,CHAPTER 107,hole,0.03
250271,CHAPTER 107,horrible,0.03
251271,CHAPTER 107,inserted,0.03
251765,CHAPTER 107,jaw,0.03
252017,CHAPTER 107,kept,0.03
252049,CHAPTER 107,kind,0.03
252102,CHAPTER 107,knife,0.03
252465,CHAPTER 107,legs,0.03
252571,CHAPTER 107,life,0.03
252799,CHAPTER 107,long,0.03
252855,CHAPTER 107,lost,0.03
253147,CHAPTER 107,makes,0.03
253228,CHAPTER 107,mankind,0.03
253236,CHAPTER 107,manner,0.03
253365,CHAPTER 107,mass,0.03
253424,CHAPTER 107,matters,0.03
253587,CHAPTER 107,merely,0.03
253674,CHAPTER 107,midnight,0.03
254285,CHAPTER 107,nameless,0.03
254673,CHAPTER 107,oars,0.03
254674,CHAPTER 107,oarsman,0.03
254859,CHAPTER 107,old,0.03
254979,CHAPTER 107,ordinary,0.03
255001,CHAPTER 107,originally,0.03
255259,CHAPTER 107,painted,0.03
255457,CHAPTER 107,parts,0.03
255461,CHAPTER 107,pass,0.03
255817,CHAPTER 107,person,0.03
256141,CHAPTER 107,planks,0.03
256292,CHAPTER 107,points,0.03
256519,CHAPTER 107,practical,0.03
256580,CHAPTER 107,precisely,0.03
256730,CHAPTER 107,previously,0.03
257175,CHAPTER 107,pursuit,0.03
257522,CHAPTER 107,ready,0.03
257541,CHAPTER 107,rear,0.03
257877,CHAPTER 107,remarkable,0.03
258124,CHAPTER 107,respect,0.03
258486,CHAPTER 107,rolling,0.03
258726,CHAPTER 107,sailor,0.03
258886,CHAPTER 107,say,0.03
259131,CHAPTER 107,seat,0.03
259132,CHAPTER 107,seated,0.03
259447,CHAPTER 107,shark,0.03
259537,CHAPTER 107,ship,0.03
259671,CHAPTER 107,shut,0.03
260402,CHAPTER 107,special,0.03
260737,CHAPTER 107,stars,0.03
260970,CHAPTER 107,stove,0.03
260986,CHAPTER 107,straightway,0.03
261700,CHAPTER 107,table,0.03
261739,CHAPTER 107,takes,0.03
261883,CHAPTER 107,teeth,0.03
261894,CHAPTER 107,telling,0.03
262200,CHAPTER 107,thyself,0.03
262641,CHAPTER 107,tree,0.03
262783,CHAPTER 107,try,0.03
262949,CHAPTER 107,unaccountable,0.03
263069,CHAPTER 107,uncommon,0.03
263857,CHAPTER 107,use,0.03
264070,CHAPTER 107,vessels,0.03
264202,CHAPTER 107,visible,0.03
264623,CHAPTER 107,whale,0.03
264900,CHAPTER 107,woe,0.03
264916,CHAPTER 107,wonder,0.03
264938,CHAPTER 107,wooden,0.03
264970,CHAPTER 107,works,0.03
264971,CHAPTER 107,world,0.03
241892,CHAPTER 107,board,0.02
241908,CHAPTER 107,boats,0.02
241926,CHAPTER 107,body,0.02
242483,CHAPTER 107,business,0.02
243736,CHAPTER 107,comes,0.02
245174,CHAPTER 107,deck,0.02
247225,CHAPTER 107,especially,0.02
247638,CHAPTER 107,eyes,0.02
247924,CHAPTER 107,fellow,0.02
248929,CHAPTER 107,general,0.02
249191,CHAPTER 107,going,0.02
249278,CHAPTER 107,grand,0.02
249598,CHAPTER 107,half,0.02
249636,CHAPTER 107,hand,0.02
249837,CHAPTER 107,heads,0.02
251628,CHAPTER 107,iron,0.02
252220,CHAPTER 107,land,0.02
252691,CHAPTER 107,little,0.02
252712,CHAPTER 107,living,0.02
252817,CHAPTER 107,looking,0.02
253185,CHAPTER 107,man,0.02
253550,CHAPTER 107,men,0.02
253586,CHAPTER 107,mere,0.02
256284,CHAPTER 107,point,0.02
256367,CHAPTER 107,poor,0.02
257545,CHAPTER 107,reason,0.02
258352,CHAPTER 107,right,0.02
259126,CHAPTER 107,seas,0.02
260052,CHAPTER 107,small,0.02
260314,CHAPTER 107,sort,0.02
260322,CHAPTER 107,soul,0.02
260393,CHAPTER 107,speak,0.02
260455,CHAPTER 107,sperm,0.02
261102,CHAPTER 107,stubb,0.02
262076,CHAPTER 107,things,0.02
262121,CHAPTER 107,thousand,0.02
264296,CHAPTER 107,voyage,0.02
264476,CHAPTER 107,watch,0.02
264634,CHAPTER 107,whales,0.02
264639,CHAPTER 107,whaling,0.02
264757,CHAPTER 107,wide,0.02
264960,CHAPTER 107,work,0.02
249353,CHAPTER 107,great,0.01
258544,CHAPTER 107,round,0.01
259099,CHAPTER 107,sea,0.01
