,chapter,term,tfidf
2720094,CHAPTER 7,memory,0.23
2728252,CHAPTER 7,tablets,0.19
2720185,CHAPTER 7,methinks,0.18
2725232,CHAPTER 7,sacred,0.14
2717803,CHAPTER 7,inscriptions,0.11
2719820,CHAPTER 7,marble,0.11
2727516,CHAPTER 7,stove,0.11
2728250,CHAPTER 7,tablet,0.11
2712079,CHAPTER 7,desolation,0.1
2713731,CHAPTER 7,erected,0.1
2726295,CHAPTER 7,silent,0.1
2710637,CHAPTER 7,congregation,0.09
2711643,CHAPTER 7,dead,0.09
2715937,CHAPTER 7,grief,0.09
2724292,CHAPTER 7,refuse,0.09
2726504,CHAPTER 7,sleet,0.09
2731460,CHAPTER 7,women,0.09
2711061,CHAPTER 7,countenance,0.08
2714243,CHAPTER 7,faith,0.08
2714356,CHAPTER 7,fate,0.08
2719258,CHAPTER 7,living,0.08
2720906,CHAPTER 7,near,0.08
2708472,CHAPTER 7,body,0.07
2711649,CHAPTER 7,deadly,0.07
2711663,CHAPTER 7,death,0.07
2718265,CHAPTER 7,jacket,0.07
2719111,CHAPTER 7,lies,0.07
2724060,CHAPTER 7,read,0.07
2727506,CHAPTER 7,storm,0.07
2730915,CHAPTER 7,wall,0.07
2705285,CHAPTER 7,1833,0.06
2705287,CHAPTER 7,1836,0.06
2705288,CHAPTER 7,1839,0.06
2705294,CHAPTER 7,1_st_,0.06
2705315,CHAPTER 7,31_st_,0.06
2705318,CHAPTER 7,3_d_,0.06
2705372,CHAPTER 7,_august_,0.06
2705482,CHAPTER 7,_december_,0.06
2705731,CHAPTER 7,_november_,0.06
2707893,CHAPTER 7,bearskin,0.06
2708310,CHAPTER 7,blanks,0.06
2708338,CHAPTER 7,bleed,0.06
2708371,CHAPTER 7,bliss,0.06
2708449,CHAPTER 7,boat,0.06
2708546,CHAPTER 7,bordered,0.06
2708548,CHAPTER 7,borders,0.06
2708749,CHAPTER 7,brevet,0.06
2708855,CHAPTER 7,broods,0.06
2708963,CHAPTER 7,bundling,0.06
2709203,CHAPTER 7,canny,0.06
2709565,CHAPTER 7,chaotic,0.06
2710290,CHAPTER 7,comforted,0.06
2711587,CHAPTER 7,darkened,0.06
2712734,CHAPTER 7,doleful,0.06
2713108,CHAPTER 7,earth,0.06
2713287,CHAPTER 7,elephanta,0.06
2713301,CHAPTER 7,eliza,0.06
2713305,CHAPTER 7,ellery,0.06
2713339,CHAPTER 7,embarks,0.06
2713645,CHAPTER 7,entitle,0.06
2714187,CHAPTER 7,ezekiel,0.06
2714997,CHAPTER 7,forfeitures,0.06
2715627,CHAPTER 7,glazed,0.06
2715636,CHAPTER 7,gleig,0.06
2715703,CHAPTER 7,gnaw,0.06
2715754,CHAPTER 7,goodwin,0.06
2716899,CHAPTER 7,hugely,0.06
2717178,CHAPTER 7,immortals,0.06
2717645,CHAPTER 7,infidelities,0.06
2718262,CHAPTER 7,jackal,0.06
2719591,CHAPTER 7,macy,0.06
2720732,CHAPTER 7,murky,0.06
2720871,CHAPTER 7,nathan,0.06
2721764,CHAPTER 7,pacific,0.06
2721919,CHAPTER 7,paralysis,0.06
2722649,CHAPTER 7,placelessly,0.06
2723159,CHAPTER 7,prefix,0.06
2723866,CHAPTER 7,quote,0.06
2724378,CHAPTER 7,relatives,0.06
2724731,CHAPTER 7,resurrections,0.06
2725007,CHAPTER 7,robert,0.06
2725179,CHAPTER 7,rumor,0.06
2725887,CHAPTER 7,seth,0.06
2726986,CHAPTER 7,speechlessly,0.06
2727614,CHAPTER 7,strive,0.06
2728014,CHAPTER 7,sure,0.06
2728223,CHAPTER 7,sympathetically,0.06
2728288,CHAPTER 7,talbot,0.06
2728526,CHAPTER 7,terrify,0.06
2728908,CHAPTER 7,tombs,0.06
2729890,CHAPTER 7,unhealing,0.06
2730241,CHAPTER 7,unstirring,0.06
2730798,CHAPTER 7,voids,0.06
2730929,CHAPTER 7,walter,0.06
2731342,CHAPTER 7,willis,0.06
2731551,CHAPTER 7,wounds,0.06
2705589,CHAPTER 7,_here_,0.05
2706169,CHAPTER 7,accidents,0.05
2706277,CHAPTER 7,adam,0.05
2706474,CHAPTER 7,afresh,0.05
2706933,CHAPTER 7,antique,0.05
2707316,CHAPTER 7,assembled,0.05
2707932,CHAPTER 7,bedford,0.05
2708049,CHAPTER 7,beloved,0.05
2708262,CHAPTER 7,black,0.05
2708331,CHAPTER 7,bleak,0.05
2708563,CHAPTER 7,bosoms,0.05
2709434,CHAPTER 7,cave,0.05
2709474,CHAPTER 7,census,0.05
2709568,CHAPTER 7,chapel,0.05
2709571,CHAPTER 7,chaplain,0.05
2709674,CHAPTER 7,cheers,0.05
2710192,CHAPTER 7,coleman,0.05
2710371,CHAPTER 7,companies,0.05
2711859,CHAPTER 7,delightful,0.05
2712815,CHAPTER 7,doubts,0.05
2713074,CHAPTER 7,dwelling,0.05
2713335,CHAPTER 7,embark,0.05
2713652,CHAPTER 7,entrance,0.05
2713742,CHAPTER 7,errand,0.05
2713815,CHAPTER 7,eternity,0.05
2713852,CHAPTER 7,eve,0.05
2714440,CHAPTER 7,feeds,0.05
2714450,CHAPTER 7,feelings,0.05
2714827,CHAPTER 7,flowers,0.05
2715070,CHAPTER 7,fought,0.05
2715197,CHAPTER 7,frigid,0.05
2715437,CHAPTER 7,gathers,0.05
2716993,CHAPTER 7,hush,0.05
2717179,CHAPTER 7,immovable,0.05
2717427,CHAPTER 7,incommunicable,0.05
2717468,CHAPTER 7,incredulous,0.05
2717514,CHAPTER 7,indies,0.05
2717568,CHAPTER 7,inducements,0.05
2717884,CHAPTER 7,insular,0.05
2717896,CHAPTER 7,insurance,0.05
2718446,CHAPTER 7,jove,0.05
2718665,CHAPTER 7,knocking,0.05
2718979,CHAPTER 7,lees,0.05
2719146,CHAPTER 7,like,0.05
2719674,CHAPTER 7,maintain,0.05
2719823,CHAPTER 7,marbles,0.05
2719908,CHAPTER 7,masoned,0.05
2720014,CHAPTER 7,meanings,0.05
2720375,CHAPTER 7,mist,0.05
2720838,CHAPTER 7,nantucket,0.05
2721287,CHAPTER 7,observing,0.05
2721759,CHAPTER 7,oysters,0.05
2722043,CHAPTER 7,patagonia,0.05
2722313,CHAPTER 7,perished,0.05
2723209,CHAPTER 7,present,0.05
2723251,CHAPTER 7,pretend,0.05
2723461,CHAPTER 7,promotion,0.05
2723565,CHAPTER 7,proverb,0.05
2723641,CHAPTER 7,pulpit,0.05
2723707,CHAPTER 7,purposely,0.05
2724341,CHAPTER 7,reigned,0.05
2725274,CHAPTER 7,sailors,0.05
2725295,CHAPTER 7,sallied,0.05
2725324,CHAPTER 7,samuel,0.05
2725338,CHAPTER 7,sands,0.05
2725704,CHAPTER 7,secrets,0.05
2725948,CHAPTER 7,shaggy,0.05
2726183,CHAPTER 7,shrieks,0.05
2726374,CHAPTER 7,sister,0.05
2726779,CHAPTER 7,solemnity,0.05
2727339,CHAPTER 7,steadfastly,0.05
2727625,CHAPTER 7,stroll,0.05
2727651,CHAPTER 7,stubborn,0.05
2727896,CHAPTER 7,sunday,0.05
2727908,CHAPTER 7,sunny,0.05
2728050,CHAPTER 7,surprised,0.05
2728074,CHAPTER 7,surviving,0.05
2728292,CHAPTER 7,tales,0.05
2728634,CHAPTER 7,thinnest,0.05
2728905,CHAPTER 7,tomb,0.05
2729070,CHAPTER 7,trance,0.05
2729147,CHAPTER 7,trappings,0.05
2729553,CHAPTER 7,unbidden,0.05
2729577,CHAPTER 7,unceasing,0.05
2730121,CHAPTER 7,unrecorded,0.05
2731311,CHAPTER 7,widows,0.05
2731443,CHAPTER 7,wives,0.05
2731468,CHAPTER 7,wondering,0.05
2731535,CHAPTER 7,worshipper,0.05
2731562,CHAPTER 7,wrapping,0.05
2731709,CHAPTER 7,yes,0.05
2706430,CHAPTER 7,affected,0.04
2706487,CHAPTER 7,age,0.04
2706956,CHAPTER 7,apart,0.04
2707005,CHAPTER 7,appeared,0.04
2707212,CHAPTER 7,arrived,0.04
2707273,CHAPTER 7,ashes,0.04
2708008,CHAPTER 7,beings,0.04
2708254,CHAPTER 7,bitter,0.04
2708999,CHAPTER 7,buried,0.04
2709424,CHAPTER 7,caused,0.04
2709488,CHAPTER 7,centuries,0.04
2709554,CHAPTER 7,changed,0.04
2709891,CHAPTER 7,city,0.04
2710049,CHAPTER 7,cloth,0.04
2710772,CHAPTER 7,containing,0.04
2711119,CHAPTER 7,cover,0.04
2711247,CHAPTER 7,crews,0.04
2711435,CHAPTER 7,curiosity,0.04
2711955,CHAPTER 7,departed,0.04
2712080,CHAPTER 7,despair,0.04
2712241,CHAPTER 7,died,0.04
2712933,CHAPTER 7,driving,0.04
2713236,CHAPTER 7,eighteen,0.04
2713620,CHAPTER 7,entering,0.04
2713811,CHAPTER 7,eternal,0.04
2714222,CHAPTER 7,fail,0.04
2714648,CHAPTER 7,fishermen,0.04
2715033,CHAPTER 7,forming,0.04
2715452,CHAPTER 7,gaze,0.04
2715859,CHAPTER 7,grass,0.04
2715879,CHAPTER 7,grave,0.04
2715930,CHAPTER 7,grew,0.04
2716256,CHAPTER 7,hardy,0.04
2716791,CHAPTER 7,hopeless,0.04
2717171,CHAPTER 7,immortal,0.04
2717413,CHAPTER 7,included,0.04
2717644,CHAPTER 7,infidel,0.04
2718224,CHAPTER 7,ishmael,0.04
2718228,CHAPTER 7,islands,0.04
2718229,CHAPTER 7,isle,0.04
2718292,CHAPTER 7,japan,0.04
2718396,CHAPTER 7,john,0.04
2719117,CHAPTER 7,life,0.04
2719690,CHAPTER 7,make,0.04
2719774,CHAPTER 7,mankind,0.04
2720155,CHAPTER 7,merry,0.04
2720377,CHAPTER 7,mistaken,0.04
2720538,CHAPTER 7,moody,0.04
2720686,CHAPTER 7,muffled,0.04
2720834,CHAPTER 7,names,0.04
2721153,CHAPTER 7,notice,0.04
2722116,CHAPTER 7,pay,0.04
2724065,CHAPTER 7,reading,0.04
2724466,CHAPTER 7,remotest,0.04
2724766,CHAPTER 7,returning,0.04
2725471,CHAPTER 7,scarcely,0.04
2725484,CHAPTER 7,scattered,0.04
2725678,CHAPTER 7,seated,0.04
2725935,CHAPTER 7,shadow,0.04
2725956,CHAPTER 7,shaking,0.04
2726089,CHAPTER 7,shipmates,0.04
2726145,CHAPTER 7,shortly,0.04
2726265,CHAPTER 7,sight,0.04
2726282,CHAPTER 7,significant,0.04
2726292,CHAPTER 7,silence,0.04
2726388,CHAPTER 7,sitting,0.04
2726948,CHAPTER 7,special,0.04
2727061,CHAPTER 7,spiritual,0.04
2727328,CHAPTER 7,stave,0.04
2728620,CHAPTER 7,thine,0.04
2728622,CHAPTER 7,things,0.04
2729014,CHAPTER 7,towed,0.04
2729955,CHAPTER 7,universal,0.04
2730229,CHAPTER 7,unspeakable,0.04
2730754,CHAPTER 7,visit,0.04
2730769,CHAPTER 7,vital,0.04
2731035,CHAPTER 7,water,0.04
2731079,CHAPTER 7,wear,0.04
2731211,CHAPTER 7,wherefore,0.04
2731309,CHAPTER 7,widow,0.04
2731688,CHAPTER 7,ye,0.04
2731710,CHAPTER 7,yesterday,0.04
2706520,CHAPTER 7,ago,0.03
2708157,CHAPTER 7,better,0.03
2708582,CHAPTER 7,bound,0.03
2708619,CHAPTER 7,bows,0.03
2708844,CHAPTER 7,broken,0.03
2709029,CHAPTER 7,business,0.03
2709545,CHAPTER 7,chance,0.03
2709970,CHAPTER 7,clear,0.03
2710102,CHAPTER 7,coast,0.03
2710186,CHAPTER 7,cold,0.03
2711219,CHAPTER 7,creatures,0.03
2712236,CHAPTER 7,did,0.03
2712779,CHAPTER 7,door,0.03
2714180,CHAPTER 7,eyeing,0.03
2714207,CHAPTER 7,fact,0.03
2714446,CHAPTER 7,feel,0.03
2714605,CHAPTER 7,fine,0.03
2714650,CHAPTER 7,fishery,0.03
2714901,CHAPTER 7,following,0.03
2715747,CHAPTER 7,gone,0.03
2715910,CHAPTER 7,green,0.03
2715991,CHAPTER 7,ground,0.03
2716307,CHAPTER 7,hat,0.03
2716427,CHAPTER 7,hearts,0.03
2716786,CHAPTER 7,hope,0.03
2717033,CHAPTER 7,ice,0.03
2717507,CHAPTER 7,indian,0.03
2718587,CHAPTER 7,killed,0.03
2718646,CHAPTER 7,knew,0.03
2718841,CHAPTER 7,late,0.03
2719108,CHAPTER 7,lie,0.03
2719185,CHAPTER 7,lines,0.03
2719401,CHAPTER 7,lost,0.03
2720579,CHAPTER 7,morning,0.03
2720951,CHAPTER 7,needs,0.03
2721331,CHAPTER 7,ocean,0.03
2721662,CHAPTER 7,overboard,0.03
2722363,CHAPTER 7,person,0.03
2722647,CHAPTER 7,placed,0.03
2722667,CHAPTER 7,plainly,0.03
2723800,CHAPTER 7,queequeg,0.03
2723820,CHAPTER 7,quick,0.03
2723962,CHAPTER 7,ran,0.03
2724307,CHAPTER 7,regarded,0.03
2725371,CHAPTER 7,sat,0.03
2725405,CHAPTER 7,savage,0.03
2725432,CHAPTER 7,say,0.03
2725437,CHAPTER 7,says,0.03
2725487,CHAPTER 7,scene,0.03
2725657,CHAPTER 7,seamen,0.03
2726132,CHAPTER 7,shore,0.03
2726252,CHAPTER 7,sideways,0.03
2726447,CHAPTER 7,sky,0.03
2727124,CHAPTER 7,spot,0.03
2727265,CHAPTER 7,stands,0.03
2727753,CHAPTER 7,substance,0.03
2728628,CHAPTER 7,thinking,0.03
2728894,CHAPTER 7,told,0.03
2729386,CHAPTER 7,turning,0.03
2731169,CHAPTER 7,whale,0.03
2731176,CHAPTER 7,whaleman,0.03
2706559,CHAPTER 7,air,0.02
2707584,CHAPTER 7,aye,0.02
2708069,CHAPTER 7,beneath,0.02
2708454,CHAPTER 7,boats,0.02
2709130,CHAPTER 7,called,0.02
2709258,CHAPTER 7,captain,0.02
2710276,CHAPTER 7,come,0.02
2711630,CHAPTER 7,day,0.02
2718674,CHAPTER 7,know,0.02
2719128,CHAPTER 7,light,0.02
2719363,CHAPTER 7,looking,0.02
2719969,CHAPTER 7,matter,0.02
2720096,CHAPTER 7,men,0.02
2721023,CHAPTER 7,new,0.02
2721395,CHAPTER 7,oh,0.02
2725090,CHAPTER 7,round,0.02
2726083,CHAPTER 7,ship,0.02
2726598,CHAPTER 7,small,0.02
2726868,CHAPTER 7,soul,0.02
2727001,CHAPTER 7,sperm,0.02
2727257,CHAPTER 7,stand,0.02
2727263,CHAPTER 7,standing,0.02
2727892,CHAPTER 7,sun,0.02
2728437,CHAPTER 7,tell,0.02
2728801,CHAPTER 7,times,0.02
2729304,CHAPTER 7,true,0.02
2730842,CHAPTER 7,voyage,0.02
2731061,CHAPTER 7,way,0.02
2731177,CHAPTER 7,whalemen,0.02
2731185,CHAPTER 7,whaling,0.02
2731501,CHAPTER 7,word,0.02
2731517,CHAPTER 7,world,0.02
2719345,CHAPTER 7,long,0.01
2719731,CHAPTER 7,man,0.01
2721405,CHAPTER 7,old,0.01
