,chapter,term,tfidf
3500654,CHAPTER 96,works,0.29
3483834,CHAPTER 96,flames,0.15
3498467,CHAPTER 96,try,0.14
3495849,CHAPTER 96,soapstone,0.13
3495945,CHAPTER 96,solomon,0.13
3497927,CHAPTER 96,tiller,0.13
3495767,CHAPTER 96,smoke,0.12
3493358,CHAPTER 96,redness,0.11
3485447,CHAPTER 96,hatch,0.1
3489048,CHAPTER 96,masonry,0.1
3478146,CHAPTER 96,burning,0.09
3480732,CHAPTER 96,darkness,0.09
3483804,CHAPTER 96,fitted,0.09
3479527,CHAPTER 96,compass,0.08
3484341,CHAPTER 96,fritters,0.08
3491754,CHAPTER 96,pitch,0.08
3492162,CHAPTER 96,pots,0.08
3492612,CHAPTER 96,pronged,0.08
3495221,CHAPTER 96,ship,0.08
3495850,CHAPTER 96,soar,0.08
3500492,CHAPTER 96,wind,0.08
3477896,CHAPTER 96,brick,0.07
3482229,CHAPTER 96,eagle,0.07
3484385,CHAPTER 96,fuel,0.07
3484433,CHAPTER 96,furnace,0.07
3484684,CHAPTER 96,ghastly,0.07
3484899,CHAPTER 96,gorge,0.07
3485631,CHAPTER 96,helm,0.07
3485724,CHAPTER 96,hides,0.07
3486849,CHAPTER 96,inhale,0.07
3488869,CHAPTER 96,man,0.07
3489358,CHAPTER 96,midnight,0.07
3490192,CHAPTER 96,night,0.07
3493770,CHAPTER 96,reservoir,0.07
3494334,CHAPTER 96,rushing,0.07
3495125,CHAPTER 96,shapes,0.07
3497030,CHAPTER 96,sun,0.07
3497934,CHAPTER 96,timbers,0.07
3498444,CHAPTER 96,truest,0.07
3500534,CHAPTER 96,wisdom,0.07
3500584,CHAPTER 96,woe,0.07
3500619,CHAPTER 96,wood,0.07
3477414,CHAPTER 96,blackness,0.06
3477914,CHAPTER 96,brief,0.06
3479815,CHAPTER 96,conscious,0.06
3481920,CHAPTER 96,doors,0.06
3484156,CHAPTER 96,forked,0.06
3484289,CHAPTER 96,freighted,0.06
3484743,CHAPTER 96,glad,0.06
3485463,CHAPTER 96,hath,0.06
3485555,CHAPTER 96,hearth,0.06
3487312,CHAPTER 96,iron,0.06
3488744,CHAPTER 96,madness,0.06
3489797,CHAPTER 96,mouths,0.06
3492149,CHAPTER 96,pot,0.06
3493534,CHAPTER 96,relief,0.06
3493610,CHAPTER 96,removing,0.06
3500441,CHAPTER 96,wide,0.06
3477207,CHAPTER 96,beneath,0.05
3477548,CHAPTER 96,blubber,0.05
3477665,CHAPTER 96,books,0.05
3481306,CHAPTER 96,devils,0.05
3482554,CHAPTER 96,employed,0.05
3485568,CHAPTER 96,heat,0.05
3485628,CHAPTER 96,hell,0.05
3487058,CHAPTER 96,intense,0.05
3487897,CHAPTER 96,lamp,0.05
3490589,CHAPTER 96,open,0.05
3493225,CHAPTER 96,rear,0.05
3495929,CHAPTER 96,solid,0.05
3497157,CHAPTER 96,surface,0.05
3497935,CHAPTER 96,time,0.05
3498442,CHAPTER 96,true,0.05
3475292,CHAPTER 96,accept,0.04
3476032,CHAPTER 96,anomaly,0.04
3476979,CHAPTER 96,battened,0.04
3477124,CHAPTER 96,begrimed,0.04
3477302,CHAPTER 96,bewildered,0.04
3477405,CHAPTER 96,blackest,0.04
3477651,CHAPTER 96,bone,0.04
3477756,CHAPTER 96,bowls,0.04
3478299,CHAPTER 96,campagna,0.04
3478312,CHAPTER 96,canaris,0.04
3478372,CHAPTER 96,capering,0.04
3478391,CHAPTER 96,capsizing,0.04
3478490,CHAPTER 96,cased,0.04
3478549,CHAPTER 96,catskill,0.04
3478678,CHAPTER 96,champed,0.04
3478871,CHAPTER 96,chimneys,0.04
3479465,CHAPTER 96,commissioned,0.04
3479493,CHAPTER 96,communicating,0.04
3479495,CHAPTER 96,communications,0.04
3479740,CHAPTER 96,conflagrations,0.04
3479874,CHAPTER 96,constituting,0.04
3479947,CHAPTER 96,contingency,0.04
3480272,CHAPTER 96,cowper,0.04
3480630,CHAPTER 96,cycloid,0.04
3480639,CHAPTER 96,cynical,0.04
3480782,CHAPTER 96,deaden,0.04
3480858,CHAPTER 96,deck,0.04
3481187,CHAPTER 96,deserts,0.04
3481460,CHAPTER 96,dippers,0.04
3481853,CHAPTER 96,dodges,0.04
3482097,CHAPTER 96,drowsiness,0.04
3482246,CHAPTER 96,earth,0.04
3482286,CHAPTER 96,ecclesiastes,0.04
3482496,CHAPTER 96,emblazonings,0.04
3482987,CHAPTER 96,evaporates,0.04
3483472,CHAPTER 96,fast,0.04
3483493,CHAPTER 96,fatally,0.04
3483973,CHAPTER 96,flues,0.04
3484157,CHAPTER 96,forking,0.04
3484212,CHAPTER 96,foundation,0.04
3484305,CHAPTER 96,freshening,0.04
3484326,CHAPTER 96,frigates,0.04
3484360,CHAPTER 96,fronting,0.04
3484414,CHAPTER 96,funereal,0.04
3484434,CHAPTER 96,furnaces,0.04
3484650,CHAPTER 96,gentler,0.04
3484662,CHAPTER 96,geometry,0.04
3484675,CHAPTER 96,gesticulated,0.04
3484683,CHAPTER 96,ghastliness,0.04
3484901,CHAPTER 96,gorges,0.04
3485025,CHAPTER 96,graveyards,0.04
3485076,CHAPTER 96,griefs,0.04
3485282,CHAPTER 96,half,0.04
3485292,CHAPTER 96,hallucination,0.04
3485418,CHAPTER 96,harpooneers,0.04
3485488,CHAPTER 96,havens,0.04
3485763,CHAPTER 96,hindoo,0.04
3485801,CHAPTER 96,hitching,0.04
3485978,CHAPTER 96,hospitals,0.04
3486036,CHAPTER 96,huge,0.04
3486145,CHAPTER 96,hydriote,0.04
3486215,CHAPTER 96,ignited,0.04
3486217,CHAPTER 96,ignition,0.04
3486247,CHAPTER 96,illuminating,0.04
3487242,CHAPTER 96,invert,0.04
3487421,CHAPTER 96,jails,0.04
3487541,CHAPTER 96,joining,0.04
3487701,CHAPTER 96,kept,0.04
3487730,CHAPTER 96,kiln,0.04
3488005,CHAPTER 96,laughter,0.04
3488223,CHAPTER 96,liars,0.04
3488242,CHAPTER 96,licked,0.04
3488245,CHAPTER 96,lids,0.04
3488284,CHAPTER 96,like,0.04
3488554,CHAPTER 96,lounged,0.04
3489026,CHAPTER 96,martyr,0.04
3489106,CHAPTER 96,matted,0.04
3489155,CHAPTER 96,means,0.04
3489460,CHAPTER 96,mirth,0.04
3489463,CHAPTER 96,misanthrope,0.04
3489715,CHAPTER 96,morn,0.04
3489725,CHAPTER 96,mortal,0.04
3489792,CHAPTER 96,mouth,0.04
3490597,CHAPTER 96,operas,0.04
3490787,CHAPTER 96,outwardly,0.04
3490850,CHAPTER 96,oversee,0.04
3491144,CHAPTER 96,pascal,0.04
3491398,CHAPTER 96,pequod,0.04
3491896,CHAPTER 96,plethoric,0.04
3492002,CHAPTER 96,polishing,0.04
3492410,CHAPTER 96,prevented,0.04
3492627,CHAPTER 96,properties,0.04
3492880,CHAPTER 96,pyres,0.04
3493012,CHAPTER 96,rabelais,0.04
3493347,CHAPTER 96,red,0.04
3493563,CHAPTER 96,remarkably,0.04
3494194,CHAPTER 96,roomy,0.04
3494240,CHAPTER 96,rousseau,0.04
3494399,CHAPTER 96,sahara,0.04
3494413,CHAPTER 96,sails,0.04
3494684,CHAPTER 96,scornfully,0.04
3494725,CHAPTER 96,scraps,0.04
3494740,CHAPTER 96,screwing,0.04
3494783,CHAPTER 96,sea,0.04
3495214,CHAPTER 96,shine,0.04
3495334,CHAPTER 96,shrivelled,0.04
3495386,CHAPTER 96,sides,0.04
3495632,CHAPTER 96,sleep,0.04
3495794,CHAPTER 96,snaky,0.04
3495878,CHAPTER 96,sofa,0.04
3495981,CHAPTER 96,sooty,0.04
3495996,CHAPTER 96,sorrows,0.04
3496072,CHAPTER 96,spat,0.04
3496407,CHAPTER 96,staple,0.04
3496606,CHAPTER 96,stokers,0.04
3497005,CHAPTER 96,sulphur,0.04
3497233,CHAPTER 96,sustain,0.04
3497252,CHAPTER 96,swamp,0.04
3497333,CHAPTER 96,swoop,0.04
3497495,CHAPTER 96,tartarean,0.04
3497759,CHAPTER 96,thing,0.04
3497883,CHAPTER 96,thy,0.04
3497925,CHAPTER 96,till,0.04
3498507,CHAPTER 96,tunnel,0.04
3498738,CHAPTER 96,unchristian,0.04
3498740,CHAPTER 96,uncivilized,0.04
3498858,CHAPTER 96,undeveloped,0.04
3498963,CHAPTER 96,unfathomably,0.04
3499039,CHAPTER 96,unholy,0.04
3499793,CHAPTER 96,viciously,0.04
3499891,CHAPTER 96,visions,0.04
3500077,CHAPTER 96,wandereth,0.04
3474754,CHAPTER 96,_i,0.03
3475350,CHAPTER 96,accursed,0.03
3475537,CHAPTER 96,adventures,0.03
3475595,CHAPTER 96,afforded,0.03
3475767,CHAPTER 96,alike,0.03
3476278,CHAPTER 96,argument,0.03
3476377,CHAPTER 96,artificial,0.03
3476887,CHAPTER 96,barbaric,0.03
3476900,CHAPTER 96,bare,0.03
3476930,CHAPTER 96,barrels,0.03
3477024,CHAPTER 96,beards,0.03
3477107,CHAPTER 96,begat,0.03
3477183,CHAPTER 96,belonged,0.03
3477360,CHAPTER 96,binnacle,0.03
3477370,CHAPTER 96,birds,0.03
3477605,CHAPTER 96,bodies,0.03
3477619,CHAPTER 96,boiling,0.03
3477623,CHAPTER 96,bold,0.03
3477687,CHAPTER 96,bore,0.03
3477779,CHAPTER 96,bracing,0.03
3477931,CHAPTER 96,brigs,0.03
3477933,CHAPTER 96,brilliancy,0.03
3478149,CHAPTER 96,burns,0.03
3478274,CHAPTER 96,calls,0.03
3478369,CHAPTER 96,capacity,0.03
3478383,CHAPTER 96,capricious,0.03
3478413,CHAPTER 96,carcase,0.03
3478416,CHAPTER 96,card,0.03
3478421,CHAPTER 96,care,0.03
3478531,CHAPTER 96,catch,0.03
3478977,CHAPTER 96,circling,0.03
3479101,CHAPTER 96,clean,0.03
3479167,CHAPTER 96,clock,0.03
3479306,CHAPTER 96,coil,0.03
3479439,CHAPTER 96,commander,0.03
3479565,CHAPTER 96,completed,0.03
3479632,CHAPTER 96,conceit,0.03
3479723,CHAPTER 96,confidential,0.03
3479775,CHAPTER 96,congregation,0.03
3479895,CHAPTER 96,consumed,0.03
3479898,CHAPTER 96,consuming,0.03
3479912,CHAPTER 96,contains,0.03
3479949,CHAPTER 96,continual,0.03
3479982,CHAPTER 96,contrasting,0.03
3480052,CHAPTER 96,convulsively,0.03
3480055,CHAPTER 96,cook,0.03
3480132,CHAPTER 96,corpse,0.03
3480213,CHAPTER 96,counterpart,0.03
3480258,CHAPTER 96,covered,0.03
3480332,CHAPTER 96,crawl,0.03
3480340,CHAPTER 96,crazy,0.03
3480412,CHAPTER 96,crisp,0.03
3480578,CHAPTER 96,curling,0.03
3480684,CHAPTER 96,damp,0.03
3480893,CHAPTER 96,deed,0.03
3481162,CHAPTER 96,descend,0.03
3481424,CHAPTER 96,diligently,0.03
3481462,CHAPTER 96,direct,0.03
3481639,CHAPTER 96,dismal,0.03
3481760,CHAPTER 96,distinguished,0.03
3481797,CHAPTER 96,dive,0.03
3481798,CHAPTER 96,dived,0.03
3482024,CHAPTER 96,dream,0.03
3482090,CHAPTER 96,drove,0.03
3482228,CHAPTER 96,eagerness,0.03
3482588,CHAPTER 96,enchanted,0.03
3483048,CHAPTER 96,example,0.03
3483244,CHAPTER 96,expose,0.03
3483245,CHAPTER 96,exposed,0.03
3483270,CHAPTER 96,extending,0.03
3483280,CHAPTER 96,external,0.03
3483322,CHAPTER 96,eyes,0.03
3483336,CHAPTER 96,faced,0.03
3483337,CHAPTER 96,faces,0.03
3483407,CHAPTER 96,famed,0.03
3483488,CHAPTER 96,fatal,0.03
3483561,CHAPTER 96,features,0.03
3483565,CHAPTER 96,fed,0.03
3483574,CHAPTER 96,feed,0.03
3483591,CHAPTER 96,feet,0.03
3483691,CHAPTER 96,field,0.03
3483693,CHAPTER 96,fiend,0.03
3483696,CHAPTER 96,fierce,0.03
3483751,CHAPTER 96,fingers,0.03
3483766,CHAPTER 96,fires,0.03
3483778,CHAPTER 96,firmly,0.03
3483833,CHAPTER 96,flame,0.03
3483841,CHAPTER 96,flanks,0.03
3483847,CHAPTER 96,flashes,0.03
3483903,CHAPTER 96,flies,0.03
3484023,CHAPTER 96,folded,0.03
3484108,CHAPTER 96,foremast,0.03
3484159,CHAPTER 96,forks,0.03
3484344,CHAPTER 96,fro,0.03
3484758,CHAPTER 96,glared,0.03
3484785,CHAPTER 96,gliding,0.03
3484804,CHAPTER 96,gloom,0.03
3484814,CHAPTER 96,glorious,0.03
3484880,CHAPTER 96,golden,0.03
3484994,CHAPTER 96,grasped,0.03
3485004,CHAPTER 96,grateful,0.03
3485046,CHAPTER 96,greek,0.03
3485102,CHAPTER 96,groaned,0.03
3485182,CHAPTER 96,guided,0.03
3485307,CHAPTER 96,hammered,0.03
3485378,CHAPTER 96,harbors,0.03
3485454,CHAPTER 96,hatchway,0.03
3485487,CHAPTER 96,haven,0.03
3485537,CHAPTER 96,heaps,0.03
3485614,CHAPTER 96,height,0.03
3485654,CHAPTER 96,hemp,0.03
3485733,CHAPTER 96,higher,0.03
3485788,CHAPTER 96,hissing,0.03
3485955,CHAPTER 96,horrible,0.03
3485958,CHAPTER 96,horribly,0.03
3486019,CHAPTER 96,howled,0.03
3486047,CHAPTER 96,hum,0.03
3486246,CHAPTER 96,illuminated,0.03
3486438,CHAPTER 96,impression,0.03
3486547,CHAPTER 96,inclosed,0.03
3486667,CHAPTER 96,indirectly,0.03
3486743,CHAPTER 96,inexplicable,0.03
3487243,CHAPTER 96,inverted,0.03
3487272,CHAPTER 96,invisible,0.03
3487382,CHAPTER 96,issuing,0.03
3487587,CHAPTER 96,joy,0.03
3487613,CHAPTER 96,judgment,0.03
3487660,CHAPTER 96,just,0.03
3487744,CHAPTER 96,kindred,0.03
3487781,CHAPTER 96,knees,0.03
3487865,CHAPTER 96,laden,0.03
3488073,CHAPTER 96,leaned,0.03
3488078,CHAPTER 96,leap,0.03
3488079,CHAPTER 96,leaped,0.03
3488120,CHAPTER 96,left,0.03
3488184,CHAPTER 96,lest,0.03
3488259,CHAPTER 96,lifetime,0.03
3488346,CHAPTER 96,lips,0.03
3488582,CHAPTER 96,lowest,0.03
3488645,CHAPTER 96,lurk,0.03
3488811,CHAPTER 96,mainmast,0.03
3489054,CHAPTER 96,masses,0.03
3489088,CHAPTER 96,material,0.03
3489096,CHAPTER 96,mathematical,0.03
3489169,CHAPTER 96,mechanically,0.03
3489187,CHAPTER 96,meditation,0.03
3489407,CHAPTER 96,millions,0.03
3489442,CHAPTER 96,minute,0.03
3489643,CHAPTER 96,monomaniac,0.03
3489677,CHAPTER 96,moon,0.03
3489722,CHAPTER 96,morrow,0.03
3489731,CHAPTER 96,mortar,0.03
3489764,CHAPTER 96,mould,0.03
3489773,CHAPTER 96,mountain,0.03
3489776,CHAPTER 96,mountains,0.03
3489979,CHAPTER 96,nap,0.03
3489992,CHAPTER 96,narrated,0.03
3490352,CHAPTER 96,oak,0.03
3490464,CHAPTER 96,occurred,0.03
3490469,CHAPTER 96,ocean,0.03
3490487,CHAPTER 96,odor,0.03
3490602,CHAPTER 96,operation,0.03
3491362,CHAPTER 96,penetrate,0.03
3491363,CHAPTER 96,penetrated,0.03
3491752,CHAPTER 96,pit,0.03
3491755,CHAPTER 96,pitched,0.03
3491833,CHAPTER 96,planted,0.03
3491939,CHAPTER 96,plunging,0.03
3491993,CHAPTER 96,poles,0.03
3491999,CHAPTER 96,polished,0.03
3492039,CHAPTER 96,ponderous,0.03
3492356,CHAPTER 96,presents,0.03
3492409,CHAPTER 96,prevent,0.03
3492477,CHAPTER 96,probably,0.03
3492792,CHAPTER 96,punch,0.03
3492872,CHAPTER 96,putting,0.03
3493561,CHAPTER 96,remarkable,0.03
3493601,CHAPTER 96,remorselessly,0.03
3493608,CHAPTER 96,removed,0.03
3493674,CHAPTER 96,replenished,0.03
3494181,CHAPTER 96,rome,0.03
3494473,CHAPTER 96,sand,0.03
3494546,CHAPTER 96,savages,0.03
3494580,CHAPTER 96,scalding,0.03
3494671,CHAPTER 96,scorched,0.03
3494848,CHAPTER 96,secured,0.03
3495013,CHAPTER 96,served,0.03
3495088,CHAPTER 96,shake,0.03
3495100,CHAPTER 96,shallow,0.03
3495150,CHAPTER 96,shavings,0.03
3495178,CHAPTER 96,sheets,0.03
3495375,CHAPTER 96,sick,0.03
3495434,CHAPTER 96,silently,0.03
3495444,CHAPTER 96,silver,0.03
3495517,CHAPTER 96,sit,0.03
3495551,CHAPTER 96,skies,0.03
3495701,CHAPTER 96,sloping,0.03
3495751,CHAPTER 96,smells,0.03
3495777,CHAPTER 96,smote,0.03
3495992,CHAPTER 96,sorrow,0.03
3496006,CHAPTER 96,soul,0.03
3496040,CHAPTER 96,spaces,0.03
3496205,CHAPTER 96,spite,0.03
3496321,CHAPTER 96,square,0.03
3496401,CHAPTER 96,standing,0.03
3496416,CHAPTER 96,stark,0.03
3496424,CHAPTER 96,starting,0.03
3496477,CHAPTER 96,steadfastly,0.03
3496513,CHAPTER 96,steer,0.03
3496586,CHAPTER 96,stirred,0.03
3496615,CHAPTER 96,stones,0.03
3496620,CHAPTER 96,stood,0.03
3496722,CHAPTER 96,stretching,0.03
3497003,CHAPTER 96,sullen,0.03
3497046,CHAPTER 96,sunny,0.03
3497129,CHAPTER 96,supplies,0.03
3497279,CHAPTER 96,swears,0.03
3497280,CHAPTER 96,sweat,0.03
3497430,CHAPTER 96,tales,0.03
3497533,CHAPTER 96,tawny,0.03
3497667,CHAPTER 96,terror,0.03
3497714,CHAPTER 96,thee,0.03
3497776,CHAPTER 96,thirds,0.03
3497797,CHAPTER 96,thought,0.03
3497864,CHAPTER 96,thrusting,0.03
3498043,CHAPTER 96,tomb,0.03
3498278,CHAPTER 96,transported,0.03
3498372,CHAPTER 96,tried,0.03
3498519,CHAPTER 96,turkish,0.03
3498633,CHAPTER 96,unaccountable,0.03
3498799,CHAPTER 96,unctuous,0.03
3498829,CHAPTER 96,underneath,0.03
3498835,CHAPTER 96,understanding,0.03
3499173,CHAPTER 96,unnatural,0.03
3499367,CHAPTER 96,unspeakable,0.03
3499514,CHAPTER 96,uppermost,0.03
3499527,CHAPTER 96,upwards,0.03
3499623,CHAPTER 96,vanity,0.03
3499693,CHAPTER 96,vengeful,0.03
3499871,CHAPTER 96,virginia,0.03
3499980,CHAPTER 96,voyage,0.03
3500052,CHAPTER 96,walks,0.03
3500053,CHAPTER 96,wall,0.03
3500164,CHAPTER 96,watches,0.03
3500168,CHAPTER 96,watching,0.03
3500199,CHAPTER 96,way,0.03
3500270,CHAPTER 96,weight,0.03
3500459,CHAPTER 96,wild,0.03
3500463,CHAPTER 96,wildly,0.03
3500466,CHAPTER 96,wilful,0.03
3500497,CHAPTER 96,windlass,0.03
3500511,CHAPTER 96,wing,0.03
3500697,CHAPTER 96,wrapped,0.03
3500753,CHAPTER 96,wrong,0.03
3500849,CHAPTER 96,yield,0.03
3475685,CHAPTER 96,ahead,0.02
3475890,CHAPTER 96,american,0.02
3476094,CHAPTER 96,apart,0.02
3476499,CHAPTER 96,astern,0.02
3476698,CHAPTER 96,away,0.02
3477106,CHAPTER 96,began,0.02
3477118,CHAPTER 96,beginning,0.02
3477160,CHAPTER 96,believe,0.02
3477295,CHAPTER 96,better,0.02
3477576,CHAPTER 96,board,0.02
3477592,CHAPTER 96,boats,0.02
3477610,CHAPTER 96,body,0.02
3477720,CHAPTER 96,bound,0.02
3477847,CHAPTER 96,break,0.02
3477925,CHAPTER 96,bright,0.02
3477964,CHAPTER 96,broad,0.02
3478007,CHAPTER 96,brought,0.02
3478167,CHAPTER 96,business,0.02
3478450,CHAPTER 96,carpenter,0.02
3478460,CHAPTER 96,carried,0.02
3479108,CHAPTER 96,clear,0.02
3479566,CHAPTER 96,completely,0.02
3479834,CHAPTER 96,considerable,0.02
3480446,CHAPTER 96,crossing,0.02
3480574,CHAPTER 96,curious,0.02
3480724,CHAPTER 96,dark,0.02
3480737,CHAPTER 96,darted,0.02
3480781,CHAPTER 96,dead,0.02
3480801,CHAPTER 96,death,0.02
3481467,CHAPTER 96,directly,0.02
3481857,CHAPTER 96,does,0.02
3482245,CHAPTER 96,ears,0.02
3482266,CHAPTER 96,easy,0.02
3482780,CHAPTER 96,entire,0.02
3483334,CHAPTER 96,face,0.02
3483345,CHAPTER 96,fact,0.02
3483586,CHAPTER 96,feeling,0.02
3483614,CHAPTER 96,felt,0.02
3483743,CHAPTER 96,fine,0.02
3483998,CHAPTER 96,flying,0.02
3484184,CHAPTER 96,forth,0.02
3484275,CHAPTER 96,free,0.02
3484915,CHAPTER 96,got,0.02
3485048,CHAPTER 96,green,0.02
3485320,CHAPTER 96,hand,0.02
3485521,CHAPTER 96,heads,0.02
3485587,CHAPTER 96,heavy,0.02
3485771,CHAPTER 96,hint,0.02
3485832,CHAPTER 96,hoisted,0.02
3485836,CHAPTER 96,hold,0.02
3485995,CHAPTER 96,hours,0.02
3486955,CHAPTER 96,inserted,0.02
3486992,CHAPTER 96,instant,0.02
3487150,CHAPTER 96,interval,0.02
3487151,CHAPTER 96,intervals,0.02
3487449,CHAPTER 96,jaw,0.02
3487489,CHAPTER 96,jet,0.02
3487559,CHAPTER 96,jolly,0.02
3487952,CHAPTER 96,large,0.02
3488109,CHAPTER 96,lee,0.02
3488380,CHAPTER 96,live,0.02
3488396,CHAPTER 96,living,0.02
3488404,CHAPTER 96,lo,0.02
3488460,CHAPTER 96,lofty,0.02
3488483,CHAPTER 96,long,0.02
3488495,CHAPTER 96,look,0.02
3488501,CHAPTER 96,looking,0.02
3488574,CHAPTER 96,low,0.02
3488831,CHAPTER 96,makes,0.02
3489049,CHAPTER 96,mass,0.02
3489107,CHAPTER 96,matter,0.02
3489234,CHAPTER 96,men,0.02
3489388,CHAPTER 96,miles,0.02
3489611,CHAPTER 96,moment,0.02
3490018,CHAPTER 96,natural,0.02
3490324,CHAPTER 96,number,0.02
3490535,CHAPTER 96,oil,0.02
3490621,CHAPTER 96,opposite,0.02
3490923,CHAPTER 96,pagan,0.02
3491126,CHAPTER 96,particular,0.02
3491146,CHAPTER 96,passage,0.02
3491158,CHAPTER 96,passing,0.02
3491288,CHAPTER 96,peculiar,0.02
3491802,CHAPTER 96,plain,0.02
3491825,CHAPTER 96,planks,0.02
3491968,CHAPTER 96,point,0.02
3492051,CHAPTER 96,poor,0.02
3492264,CHAPTER 96,precisely,0.02
3492347,CHAPTER 96,present,0.02
3492552,CHAPTER 96,profound,0.02
3492731,CHAPTER 96,prow,0.02
3492958,CHAPTER 96,quick,0.02
3493206,CHAPTER 96,ready,0.02
3493555,CHAPTER 96,remain,0.02
3493910,CHAPTER 96,revealed,0.02
3494034,CHAPTER 96,rigging,0.02
3494168,CHAPTER 96,rolled,0.02
3494202,CHAPTER 96,rope,0.02
3494228,CHAPTER 96,round,0.02
3494402,CHAPTER 96,sail,0.02
3494412,CHAPTER 96,sailors,0.02
3494575,CHAPTER 96,says,0.02
3494907,CHAPTER 96,self,0.02
3495097,CHAPTER 96,shall,0.02
3495285,CHAPTER 96,shot,0.02
3495403,CHAPTER 96,sight,0.02
3496009,CHAPTER 96,souls,0.02
3496422,CHAPTER 96,start,0.02
3496423,CHAPTER 96,started,0.02
3496484,CHAPTER 96,steady,0.02
3496502,CHAPTER 96,steel,0.02
3496538,CHAPTER 96,stern,0.02
3496684,CHAPTER 96,strangely,0.02
3496714,CHAPTER 96,strength,0.02
3496773,CHAPTER 96,struck,0.02
3496786,CHAPTER 96,stubb,0.02
3497307,CHAPTER 96,swift,0.02
3497433,CHAPTER 96,talk,0.02
3497567,CHAPTER 96,teeth,0.02
3497884,CHAPTER 96,thyself,0.02
3498032,CHAPTER 96,told,0.02
3498522,CHAPTER 96,turn,0.02
3498523,CHAPTER 96,turned,0.02
3499541,CHAPTER 96,use,0.02
3499542,CHAPTER 96,used,0.02
3499753,CHAPTER 96,vessel,0.02
3499791,CHAPTER 96,vicinity,0.02
3500160,CHAPTER 96,watch,0.02
3500307,CHAPTER 96,whale,0.02
3500316,CHAPTER 96,whaler,0.02
3500323,CHAPTER 96,whaling,0.02
3500535,CHAPTER 96,wise,0.02
3500612,CHAPTER 96,wondrous,0.02
3500622,CHAPTER 96,wooden,0.02
3500639,CHAPTER 96,word,0.02
3500641,CHAPTER 96,words,0.02
3500865,CHAPTER 96,young,0.02
3478268,CHAPTER 96,called,0.01
3478292,CHAPTER 96,came,0.01
3479414,CHAPTER 96,come,0.01
3480768,CHAPTER 96,day,0.01
3481374,CHAPTER 96,did,0.01
3483442,CHAPTER 96,far,0.01
3484860,CHAPTER 96,god,0.01
3485037,CHAPTER 96,great,0.01
3485339,CHAPTER 96,hands,0.01
3488185,CHAPTER 96,let,0.01
3490543,CHAPTER 96,old,0.01
3491784,CHAPTER 96,place,0.01
3494400,CHAPTER 96,said,0.01
3494562,CHAPTER 96,saw,0.01
3495972,CHAPTER 96,soon,0.01
3496683,CHAPTER 96,strange,0.01
3497760,CHAPTER 96,things,0.01
3500173,CHAPTER 96,water,0.01
3500412,CHAPTER 96,white,0.01
3500655,CHAPTER 96,world,0.01
