,chapter,term,tfidf
2540035,CHAPTER 63,second,0.21
2533524,CHAPTER 63,line,0.19
2525916,CHAPTER 63,dangling,0.18
2530629,CHAPTER 63,harpoons,0.16
2532520,CHAPTER 63,iron,0.15
2525658,CHAPTER 63,crotch,0.14
2532524,CHAPTER 63,irons,0.14
2545423,CHAPTER 63,weapon,0.14
2525001,CHAPTER 63,connected,0.13
2530348,CHAPTER 63,grow,0.12
2545515,CHAPTER 63,whale,0.12
2536092,CHAPTER 63,owing,0.11
2537336,CHAPTER 63,possible,0.11
2522795,CHAPTER 63,boat,0.1
2524883,CHAPTER 63,concurring,0.1
2525810,CHAPTER 63,curvetting,0.1
2527963,CHAPTER 63,entangling,0.1
2531318,CHAPTER 63,hurler,0.1
2532205,CHAPTER 63,instantly,0.1
2535492,CHAPTER 63,notched,0.1
2540783,CHAPTER 63,skittishly,0.1
2540910,CHAPTER 63,slopingly,0.1
2543765,CHAPTER 63,twigs,0.1
2521269,CHAPTER 63,anticipatingly,0.09
2521966,CHAPTER 63,backwoodsman,0.09
2523727,CHAPTER 63,casualties,0.09
2525259,CHAPTER 63,convulsive,0.09
2527151,CHAPTER 63,doubling,0.09
2527521,CHAPTER 63,edged,0.09
2527661,CHAPTER 63,elucidate,0.09
2527876,CHAPTER 63,engaging,0.09
2528591,CHAPTER 63,faithfully,0.09
2531934,CHAPTER 63,ineffectually,0.09
2534042,CHAPTER 63,making,0.09
2536356,CHAPTER 63,passages,0.09
2537730,CHAPTER 63,productive,0.09
2537783,CHAPTER 63,projects,0.09
2537946,CHAPTER 63,prudently,0.09
2538897,CHAPTER 63,reposing,0.09
2539044,CHAPTER 63,rest,0.09
2539534,CHAPTER 63,running,0.09
2542927,CHAPTER 63,thenceforth,0.09
2523013,CHAPTER 63,branches,0.08
2526398,CHAPTER 63,deserves,0.08
2527967,CHAPTER 63,enterprise,0.08
2529646,CHAPTER 63,furnishing,0.08
2532396,CHAPTER 63,intricate,0.08
2535010,CHAPTER 63,movements,0.08
2535200,CHAPTER 63,narrated,0.08
2537410,CHAPTER 63,practicable,0.08
2538118,CHAPTER 63,qualities,0.08
2538544,CHAPTER 63,recovery,0.08
2539025,CHAPTER 63,respectively,0.08
2539233,CHAPTER 63,rifle,0.08
2539590,CHAPTER 63,saddest,0.08
2540148,CHAPTER 63,sensation,0.08
2541016,CHAPTER 63,snatches,0.08
2543878,CHAPTER 63,unattended,0.08
2520515,CHAPTER 63,accidents,0.07
2520539,CHAPTER 63,accordingly,0.07
2520607,CHAPTER 63,active,0.07
2521015,CHAPTER 63,alluded,0.07
2521813,CHAPTER 63,audacious,0.07
2522102,CHAPTER 63,barbed,0.07
2522408,CHAPTER 63,bend,0.07
2523894,CHAPTER 63,chances,0.07
2523922,CHAPTER 63,chapters,0.07
2524517,CHAPTER 63,coils,0.07
2525304,CHAPTER 63,cord,0.07
2526674,CHAPTER 63,directions,0.07
2528513,CHAPTER 63,extremity,0.07
2528761,CHAPTER 63,feat,0.07
2529652,CHAPTER 63,furthermore,0.07
2531843,CHAPTER 63,independent,0.07
2532201,CHAPTER 63,instantaneous,0.07
2532501,CHAPTER 63,involve,0.07
2532683,CHAPTER 63,jeopardy,0.07
2536133,CHAPTER 63,page,0.07
2536336,CHAPTER 63,particulars,0.07
2536679,CHAPTER 63,perpendicularly,0.07
2537460,CHAPTER 63,preceding,0.07
2539078,CHAPTER 63,retain,0.07
2539835,CHAPTER 63,scenes,0.07
2541759,CHAPTER 63,stick,0.07
2542065,CHAPTER 63,subjects,0.07
2542530,CHAPTER 63,swings,0.07
2543701,CHAPTER 63,tumbled,0.07
2544656,CHAPTER 63,unusually,0.07
2522971,CHAPTER 63,box,0.06
2523613,CHAPTER 63,captured,0.06
2525340,CHAPTER 63,corpse,0.06
2525626,CHAPTER 63,critical,0.06
2525820,CHAPTER 63,customary,0.06
2525944,CHAPTER 63,dart,0.06
2527189,CHAPTER 63,drag,0.06
2527213,CHAPTER 63,draw,0.06
2528204,CHAPTER 63,events,0.06
2528568,CHAPTER 63,fail,0.06
2528586,CHAPTER 63,fairly,0.06
2528696,CHAPTER 63,fatal,0.06
2530420,CHAPTER 63,gunwale,0.06
2530574,CHAPTER 63,happens,0.06
2531614,CHAPTER 63,important,0.06
2531626,CHAPTER 63,impossible,0.06
2532163,CHAPTER 63,inserted,0.06
2533022,CHAPTER 63,knowing,0.06
2533484,CHAPTER 63,lightning,0.06
2533720,CHAPTER 63,loose,0.06
2534459,CHAPTER 63,mention,0.06
2534460,CHAPTER 63,mentioned,0.06
2535172,CHAPTER 63,naked,0.06
2536151,CHAPTER 63,painted,0.06
2536962,CHAPTER 63,pitch,0.06
2537939,CHAPTER 63,prow,0.06
2538409,CHAPTER 63,readily,0.06
2538474,CHAPTER 63,receiving,0.06
2540055,CHAPTER 63,secure,0.06
2540675,CHAPTER 63,simultaneously,0.06
2541267,CHAPTER 63,spare,0.06
2541617,CHAPTER 63,starboard,0.06
2542335,CHAPTER 63,supplied,0.06
2542866,CHAPTER 63,terrible,0.06
2542875,CHAPTER 63,terror,0.06
2543663,CHAPTER 63,trunk,0.06
2545072,CHAPTER 63,violent,0.06
2545261,CHAPTER 63,wall,0.06
2520600,CHAPTER 63,act,0.05
2522950,CHAPTER 63,bow,0.05
2523701,CHAPTER 63,cases,0.05
2523921,CHAPTER 63,chapter,0.05
2525041,CHAPTER 63,consider,0.05
2525834,CHAPTER 63,cutting,0.05
2525945,CHAPTER 63,darted,0.05
2530625,CHAPTER 63,harpooneer,0.05
2532199,CHAPTER 63,instances,0.05
2533531,CHAPTER 63,lines,0.05
2535585,CHAPTER 63,object,0.05
2536008,CHAPTER 63,overboard,0.05
2537621,CHAPTER 63,previous,0.05
2537716,CHAPTER 63,prodigious,0.05
2538050,CHAPTER 63,purpose,0.05
2540343,CHAPTER 63,sharp,0.05
2541975,CHAPTER 63,strong,0.05
2543067,CHAPTER 63,thrown,0.05
2543332,CHAPTER 63,tossed,0.05
2545830,CHAPTER 63,wooden,0.05
2522800,CHAPTER 63,boats,0.04
2523697,CHAPTER 63,case,0.04
2524643,CHAPTER 63,coming,0.04
2525444,CHAPTER 63,course,0.04
2527823,CHAPTER 63,end,0.04
2529371,CHAPTER 63,form,0.04
2529821,CHAPTER 63,general,0.04
2530623,CHAPTER 63,harpoon,0.04
2531044,CHAPTER 63,hold,0.04
2533367,CHAPTER 63,length,0.04
2535252,CHAPTER 63,near,0.04
2536496,CHAPTER 63,peculiar,0.04
2543013,CHAPTER 63,thousand,0.04
2523476,CHAPTER 63,called,0.03
2528799,CHAPTER 63,feet,0.03
2530528,CHAPTER 63,hand,0.03
2530547,CHAPTER 63,hands,0.03
2533020,CHAPTER 63,know,0.03
2545381,CHAPTER 63,water,0.03
2533492,CHAPTER 63,like,0.02
