,chapter,term,tfidf
580376,CHAPTER 118,thou,0.34
558260,CHAPTER 118,ahab,0.19
579610,CHAPTER 118,sun,0.19
580294,CHAPTER 118,thee,0.19
560932,CHAPTER 118,canst,0.16
575468,CHAPTER 118,quadrant,0.15
561813,CHAPTER 118,coal,0.13
565902,CHAPTER 118,eyes,0.13
580743,CHAPTER 118,toy,0.12
571736,CHAPTER 118,meant,0.11
569572,CHAPTER 118,instant,0.1
570781,CHAPTER 118,level,0.1
572995,CHAPTER 118,observation,0.1
574843,CHAPTER 118,precise,0.1
577396,CHAPTER 118,seated,0.1
560358,CHAPTER 118,braces,0.09
561084,CHAPTER 118,cast,0.09
563166,CHAPTER 118,curse,0.09
563438,CHAPTER 118,deck,0.09
582741,CHAPTER 118,watched,0.09
558991,CHAPTER 118,ashes,0.08
559722,CHAPTER 118,beholding,0.08
568312,CHAPTER 118,high,0.08
570011,CHAPTER 118,japanese,0.08
570575,CHAPTER 118,latitude,0.08
573682,CHAPTER 118,parsee,0.08
577801,CHAPTER 118,ship,0.08
580463,CHAPTER 118,thy,0.08
559302,CHAPTER 118,aye,0.07
564828,CHAPTER 118,earthly,0.07
565894,CHAPTER 118,eye,0.07
565914,CHAPTER 118,face,0.07
568518,CHAPTER 118,horizon,0.07
570739,CHAPTER 118,length,0.07
570960,CHAPTER 118,live,0.07
572832,CHAPTER 118,noon,0.07
577363,CHAPTER 118,sea,0.07
557072,CHAPTER 118,_am_,0.06
557974,CHAPTER 118,actest,0.06
559091,CHAPTER 118,astrological,0.06
559282,CHAPTER 118,awestruck,0.06
560789,CHAPTER 118,cabalistical,0.06
563857,CHAPTER 118,determine,0.06
564731,CHAPTER 118,dumbest,0.06
565453,CHAPTER 118,erectly,0.06
565898,CHAPTER 118,eyeing,0.06
566069,CHAPTER 118,fatalistic,0.06
566588,CHAPTER 118,focus,0.06
567944,CHAPTER 118,happenest,0.06
568516,CHAPTER 118,horatii,0.06
569607,CHAPTER 118,insultest,0.06
571218,CHAPTER 118,lurching,0.06
573123,CHAPTER 118,old,0.06
573744,CHAPTER 118,passionlessness,0.06
574325,CHAPTER 118,pirouetting,0.06
574446,CHAPTER 118,plaything,0.06
574553,CHAPTER 118,pointest,0.06
577252,CHAPTER 118,scorches,0.06
578797,CHAPTER 118,splendors,0.06
580155,CHAPTER 118,tell,0.06
557555,CHAPTER 118,_shall_,0.05
557644,CHAPTER 118,_these_,0.05
557833,CHAPTER 118,absorbed,0.05
558050,CHAPTER 118,admirals,0.05
558236,CHAPTER 118,aglow,0.05
558403,CHAPTER 118,aloft,0.05
559311,CHAPTER 118,babies,0.05
560369,CHAPTER 118,brags,0.05
561000,CHAPTER 118,cards,0.05
561201,CHAPTER 118,centrally,0.05
561303,CHAPTER 118,charcoal,0.05
561803,CHAPTER 118,clustered,0.05
562057,CHAPTER 118,commodores,0.05
563829,CHAPTER 118,destroy,0.05
564937,CHAPTER 118,effulgences,0.05
566153,CHAPTER 118,feebly,0.05
566354,CHAPTER 118,firmament,0.05
566889,CHAPTER 118,freshets,0.05
567344,CHAPTER 118,glassy,0.05
567517,CHAPTER 118,graceful,0.05
567536,CHAPTER 118,grain,0.05
567761,CHAPTER 118,guide,0.05
567917,CHAPTER 118,handling,0.05
568115,CHAPTER 118,heap,0.05
568873,CHAPTER 118,immeasurable,0.05
569003,CHAPTER 118,impotence,0.05
569594,CHAPTER 118,instrument,0.05
570359,CHAPTER 118,kneeling,0.05
570367,CHAPTER 118,knight,0.05
570439,CHAPTER 118,lacquered,0.05
570825,CHAPTER 118,lids,0.05
570853,CHAPTER 118,lighting,0.05
570896,CHAPTER 118,line,0.05
571449,CHAPTER 118,man,0.05
571855,CHAPTER 118,meridian,0.05
572491,CHAPTER 118,mute,0.05
572504,CHAPTER 118,mutter,0.05
572546,CHAPTER 118,nakedness,0.05
573226,CHAPTER 118,orbs,0.05
573234,CHAPTER 118,order,0.05
573298,CHAPTER 118,ostentatiously,0.05
573570,CHAPTER 118,paltry,0.05
573934,CHAPTER 118,pencil,0.05
574350,CHAPTER 118,pitiful,0.05
574399,CHAPTER 118,planet,0.05
574558,CHAPTER 118,poised,0.05
574615,CHAPTER 118,pondered,0.05
575604,CHAPTER 118,radiance,0.05
576525,CHAPTER 118,revery,0.05
577232,CHAPTER 118,science,0.05
578395,CHAPTER 118,sneering,0.05
578485,CHAPTER 118,solar,0.05
578814,CHAPTER 118,spokes,0.05
578990,CHAPTER 118,starbuck,0.05
579080,CHAPTER 118,steed,0.05
579432,CHAPTER 118,subdued,0.05
579859,CHAPTER 118,swears,0.05
580156,CHAPTER 118,tellest,0.05
580445,CHAPTER 118,thrusts,0.05
580785,CHAPTER 118,trample,0.05
580786,CHAPTER 118,trampled,0.05
580974,CHAPTER 118,triumph,0.05
581006,CHAPTER 118,troubledly,0.05
581275,CHAPTER 118,unblinkingly,0.05
581763,CHAPTER 118,unobserved,0.05
581849,CHAPTER 118,unrelieved,0.05
582394,CHAPTER 118,vigilant,0.05
582500,CHAPTER 118,vividness,0.05
582661,CHAPTER 118,wane,0.05
583197,CHAPTER 118,wonted,0.05
559150,CHAPTER 118,attention,0.04
560043,CHAPTER 118,blazing,0.04
560167,CHAPTER 118,boat,0.04
560726,CHAPTER 118,burning,0.04
560833,CHAPTER 118,calculated,0.04
561111,CHAPTER 118,catch,0.04
561780,CHAPTER 118,clouds,0.04
561962,CHAPTER 118,coloured,0.04
562019,CHAPTER 118,commander,0.04
562107,CHAPTER 118,compass,0.04
562277,CHAPTER 118,conduct,0.04
562576,CHAPTER 118,contrivances,0.04
563046,CHAPTER 118,crown,0.04
563127,CHAPTER 118,cunning,0.04
563167,CHAPTER 118,cursed,0.04
563240,CHAPTER 118,daily,0.04
563257,CHAPTER 118,damn,0.04
563325,CHAPTER 118,dashing,0.04
563361,CHAPTER 118,dead,0.04
563656,CHAPTER 118,dense,0.04
563783,CHAPTER 118,desired,0.04
563798,CHAPTER 118,despair,0.04
564524,CHAPTER 118,doubloon,0.04
564771,CHAPTER 118,dust,0.04
564806,CHAPTER 118,eager,0.04
565426,CHAPTER 118,equally,0.04
565429,CHAPTER 118,equator,0.04
565969,CHAPTER 118,falling,0.04
566415,CHAPTER 118,flaming,0.04
566507,CHAPTER 118,floats,0.04
566629,CHAPTER 118,foolish,0.04
566838,CHAPTER 118,frantic,0.04
567016,CHAPTER 118,furnished,0.04
567049,CHAPTER 118,gain,0.04
567095,CHAPTER 118,game,0.04
567170,CHAPTER 118,gaze,0.04
567334,CHAPTER 118,glances,0.04
567343,CHAPTER 118,glasses,0.04
567362,CHAPTER 118,glided,0.04
567440,CHAPTER 118,god,0.04
567862,CHAPTER 118,half,0.04
567914,CHAPTER 118,handle,0.04
568053,CHAPTER 118,haughty,0.04
568186,CHAPTER 118,heel,0.04
568215,CHAPTER 118,helmsman,0.04
568423,CHAPTER 118,holds,0.04
568486,CHAPTER 118,hooded,0.04
568925,CHAPTER 118,impatient,0.04
569599,CHAPTER 118,insufferable,0.04
570157,CHAPTER 118,jot,0.04
570835,CHAPTER 118,life,0.04
571041,CHAPTER 118,log,0.04
572191,CHAPTER 118,moment,0.04
572195,CHAPTER 118,moments,0.04
572302,CHAPTER 118,morrow,0.04
572335,CHAPTER 118,motionless,0.04
572452,CHAPTER 118,murmured,0.04
572505,CHAPTER 118,muttered,0.04
572540,CHAPTER 118,nailed,0.04
572913,CHAPTER 118,numerous,0.04
572962,CHAPTER 118,objects,0.04
573051,CHAPTER 118,oceans,0.04
573485,CHAPTER 118,pacing,0.04
574283,CHAPTER 118,pilot,0.04
574548,CHAPTER 118,point,0.04
574728,CHAPTER 118,posture,0.04
575875,CHAPTER 118,reckoning,0.04
576573,CHAPTER 118,ribbed,0.04
577053,CHAPTER 118,sand,0.04
577251,CHAPTER 118,scorched,0.04
577391,CHAPTER 118,season,0.04
577874,CHAPTER 118,shouted,0.04
578804,CHAPTER 118,split,0.04
578901,CHAPTER 118,square,0.04
579546,CHAPTER 118,sufficient,0.04
579595,CHAPTER 118,summer,0.04
579901,CHAPTER 118,swinging,0.04
580338,CHAPTER 118,thine,0.04
580365,CHAPTER 118,thither,0.04
580427,CHAPTER 118,throne,0.04
580679,CHAPTER 118,tormented,0.04
581080,CHAPTER 118,tumultuous,0.04
582497,CHAPTER 118,vivid,0.04
582915,CHAPTER 118,wheeled,0.04
559006,CHAPTER 118,aspect,0.03
560337,CHAPTER 118,bows,0.03
560793,CHAPTER 118,cabin,0.03
560978,CHAPTER 118,captains,0.03
562015,CHAPTER 118,coming,0.03
562058,CHAPTER 118,common,0.03
563944,CHAPTER 118,dick,0.03
563958,CHAPTER 118,die,0.03
564628,CHAPTER 118,drew,0.03
564661,CHAPTER 118,drop,0.03
564826,CHAPTER 118,earth,0.03
566281,CHAPTER 118,fiery,0.03
566352,CHAPTER 118,firm,0.03
566389,CHAPTER 118,fixed,0.03
566669,CHAPTER 118,forecastle,0.03
566743,CHAPTER 118,form,0.03
567178,CHAPTER 118,gazing,0.03
567342,CHAPTER 118,glass,0.03
568157,CHAPTER 118,heaven,0.03
568211,CHAPTER 118,helm,0.03
568351,CHAPTER 118,hint,0.03
568412,CHAPTER 118,hoisted,0.03
568625,CHAPTER 118,hull,0.03
569973,CHAPTER 118,ivory,0.03
570701,CHAPTER 118,leg,0.03
571065,CHAPTER 118,longer,0.03
571076,CHAPTER 118,looked,0.03
571084,CHAPTER 118,looks,0.03
571558,CHAPTER 118,mariners,0.03
571563,CHAPTER 118,mark,0.03
571657,CHAPTER 118,masts,0.03
571737,CHAPTER 118,meantime,0.03
571955,CHAPTER 118,mighty,0.03
572129,CHAPTER 118,moby,0.03
572394,CHAPTER 118,mr,0.03
572602,CHAPTER 118,nature,0.03
572624,CHAPTER 118,near,0.03
573730,CHAPTER 118,passed,0.03
574365,CHAPTER 118,placed,0.03
574437,CHAPTER 118,play,0.03
575311,CHAPTER 118,prow,0.03
575545,CHAPTER 118,quickly,0.03
576135,CHAPTER 118,remain,0.03
576137,CHAPTER 118,remained,0.03
576747,CHAPTER 118,roll,0.03
576787,CHAPTER 118,rose,0.03
576903,CHAPTER 118,run,0.03
577089,CHAPTER 118,sat,0.03
577375,CHAPTER 118,seamen,0.03
577865,CHAPTER 118,shot,0.03
578165,CHAPTER 118,sky,0.03
578812,CHAPTER 118,spoke,0.03
579923,CHAPTER 118,swung,0.03
580002,CHAPTER 118,taken,0.03
580339,CHAPTER 118,thing,0.03
580439,CHAPTER 118,thrown,0.03
580464,CHAPTER 118,thyself,0.03
581025,CHAPTER 118,truly,0.03
581687,CHAPTER 118,unknown,0.03
582176,CHAPTER 118,vain,0.03
582779,CHAPTER 118,way,0.03
583021,CHAPTER 118,wide,0.03
583392,CHAPTER 118,yards,0.03
559278,CHAPTER 118,away,0.02
559787,CHAPTER 118,beneath,0.02
560872,CHAPTER 118,came,0.02
562969,CHAPTER 118,cried,0.02
563348,CHAPTER 118,day,0.02
563353,CHAPTER 118,days,0.02
566171,CHAPTER 118,feet,0.02
567467,CHAPTER 118,good,0.02
567900,CHAPTER 118,hand,0.02
567919,CHAPTER 118,hands,0.02
567963,CHAPTER 118,hard,0.02
568089,CHAPTER 118,head,0.02
568101,CHAPTER 118,heads,0.02
568119,CHAPTER 118,heard,0.02
570846,CHAPTER 118,light,0.02
570955,CHAPTER 118,little,0.02
570976,CHAPTER 118,living,0.02
571075,CHAPTER 118,look,0.02
571081,CHAPTER 118,looking,0.02
571999,CHAPTER 118,mind,0.02
573049,CHAPTER 118,ocean,0.02
573978,CHAPTER 118,pequod,0.02
574364,CHAPTER 118,place,0.02
574631,CHAPTER 118,poor,0.02
576616,CHAPTER 118,right,0.02
576808,CHAPTER 118,round,0.02
577459,CHAPTER 118,seen,0.02
577677,CHAPTER 118,shall,0.02
577983,CHAPTER 118,sight,0.02
578552,CHAPTER 118,soon,0.02
578975,CHAPTER 118,stand,0.02
578981,CHAPTER 118,standing,0.02
579366,CHAPTER 118,stubb,0.02
580004,CHAPTER 118,taking,0.02
580340,CHAPTER 118,things,0.02
580505,CHAPTER 118,till,0.02
582753,CHAPTER 118,water,0.02
582870,CHAPTER 118,went,0.02
583039,CHAPTER 118,wild,0.02
583235,CHAPTER 118,world,0.02
583406,CHAPTER 118,ye,0.02
570864,CHAPTER 118,like,0.01
571063,CHAPTER 118,long,0.01
580515,CHAPTER 118,time,0.01
