,chapter,term,tfidf
2551785,CHAPTER 64,cook,0.53
2552478,CHAPTER 64,dat,0.36
2568216,CHAPTER 64,steak,0.25
2555607,CHAPTER 64,fleece,0.19
2568516,CHAPTER 64,stubb,0.16
2569789,CHAPTER 64,tongs,0.14
2552399,CHAPTER 64,dam,0.13
2566864,CHAPTER 64,sharks,0.12
2572037,CHAPTER 64,whale,0.12
2552156,CHAPTER 64,critters,0.1
2552785,CHAPTER 64,den,0.1
2553069,CHAPTER 64,dey,0.1
2553634,CHAPTER 64,don,0.1
2557268,CHAPTER 64,hear,0.09
2566130,CHAPTER 64,said,0.09
2548904,CHAPTER 64,bellies,0.08
2554194,CHAPTER 64,em,0.08
2562273,CHAPTER 64,old,0.07
2566861,CHAPTER 64,shark,0.07
2548972,CHAPTER 64,berry,0.06
2550123,CHAPTER 64,capstan,0.06
2552511,CHAPTER 64,dead,0.06
2554008,CHAPTER 64,eber,0.06
2556624,CHAPTER 64,gor,0.06
2561521,CHAPTER 64,mout,0.06
2561747,CHAPTER 64,natur,0.06
2562095,CHAPTER 64,ob,0.06
2567341,CHAPTER 64,slappin,0.06
2568844,CHAPTER 64,supper,0.06
2547702,CHAPTER 64,angel,0.05
2550215,CHAPTER 64,carving,0.05
2551788,CHAPTER 64,cooked,0.05
2552422,CHAPTER 64,dan,0.05
2552447,CHAPTER 64,dare,0.05
2553106,CHAPTER 64,didn,0.05
2554917,CHAPTER 64,expect,0.05
2555338,CHAPTER 64,fellow,0.05
2557369,CHAPTER 64,helping,0.05
2560780,CHAPTER 64,massa,0.05
2566300,CHAPTER 64,say,0.05
2567112,CHAPTER 64,sideboard,0.05
2568357,CHAPTER 64,stop,0.05
2568734,CHAPTER 64,sullenly,0.05
2549130,CHAPTER 64,black,0.04
2549423,CHAPTER 64,born,0.04
2549615,CHAPTER 64,bressed,0.04
2552119,CHAPTER 64,cried,0.04
2552812,CHAPTER 64,dention,0.04
2555369,CHAPTER 64,ferry,0.04
2555384,CHAPTER 64,fetch,0.04
2556586,CHAPTER 64,gobern,0.04
2557517,CHAPTER 64,hisself,0.04
2557723,CHAPTER 64,hour,0.04
2558562,CHAPTER 64,ing,0.04
2559298,CHAPTER 64,joosy,0.04
2559661,CHAPTER 64,lantern,0.04
2560895,CHAPTER 64,meat,0.04
2561415,CHAPTER 64,moored,0.04
2561453,CHAPTER 64,morsel,0.04
2561583,CHAPTER 64,mumblings,0.04
2561655,CHAPTER 64,muttered,0.04
2561922,CHAPTER 64,night,0.04
2565860,CHAPTER 64,roanoke,0.04
2566951,CHAPTER 64,ship,0.04
2569114,CHAPTER 64,table,0.04
2569141,CHAPTER 64,tail,0.04
2569273,CHAPTER 64,teak,0.04
2572170,CHAPTER 64,wid,0.04
2572368,CHAPTER 64,woraciousness,0.04
2547165,CHAPTER 64,addressing,0.03
2547553,CHAPTER 64,aloft,0.03
2548300,CHAPTER 64,attention,0.03
2548428,CHAPTER 64,away,0.03
2548912,CHAPTER 64,belong,0.03
2549649,CHAPTER 64,brig,0.03
2550022,CHAPTER 64,came,0.03
2550385,CHAPTER 64,chain,0.03
2550684,CHAPTER 64,church,0.03
2552064,CHAPTER 64,crawling,0.03
2552933,CHAPTER 64,desired,0.03
2553337,CHAPTER 64,dish,0.03
2553997,CHAPTER 64,eat,0.03
2554101,CHAPTER 64,eh,0.03
2555491,CHAPTER 64,fins,0.03
2555652,CHAPTER 64,float,0.03
2555710,CHAPTER 64,flukes,0.03
2556604,CHAPTER 64,goin,0.03
2557050,CHAPTER 64,hand,0.03
2557069,CHAPTER 64,hands,0.03
2557239,CHAPTER 64,head,0.03
2557316,CHAPTER 64,heaving,0.03
2557327,CHAPTER 64,heeded,0.03
2557566,CHAPTER 64,hold,0.03
2557571,CHAPTER 64,holding,0.03
2559390,CHAPTER 64,just,0.03
2559542,CHAPTER 64,know,0.03
2559663,CHAPTER 64,lanterns,0.03
2560043,CHAPTER 64,limping,0.03
2560538,CHAPTER 64,main,0.03
2560606,CHAPTER 64,management,0.03
2561452,CHAPTER 64,morrow,0.03
2562388,CHAPTER 64,orders,0.03
2562552,CHAPTER 64,overheard,0.03
2562750,CHAPTER 64,pans,0.03
2562856,CHAPTER 64,particular,0.03
2563961,CHAPTER 64,preach,0.03
2565764,CHAPTER 64,rigging,0.03
2565958,CHAPTER 64,round,0.03
2567352,CHAPTER 64,slave,0.03
2567365,CHAPTER 64,sleepers,0.03
2567463,CHAPTER 64,smacking,0.03
2567466,CHAPTER 64,small,0.03
2567648,CHAPTER 64,solemnly,0.03
2567702,CHAPTER 64,soon,0.03
2569237,CHAPTER 64,taste,0.03
2569305,CHAPTER 64,tell,0.03
2569536,CHAPTER 64,thousands,0.03
2569875,CHAPTER 64,tough,0.03
2570254,CHAPTER 64,turning,0.03
2571660,CHAPTER 64,voice,0.03
2571929,CHAPTER 64,way,0.03
2572369,CHAPTER 64,word,0.03
2572556,CHAPTER 64,ye,0.03
2547050,CHAPTER 64,accompanying,0.02
2547246,CHAPTER 64,adroit,0.02
2547410,CHAPTER 64,ahab,0.02
2547554,CHAPTER 64,alongside,0.02
2547715,CHAPTER 64,angrily,0.02
2547940,CHAPTER 64,approvingly,0.02
2548004,CHAPTER 64,argosy,0.02
2548205,CHAPTER 64,assisting,0.02
2548390,CHAPTER 64,avast,0.02
2548550,CHAPTER 64,balls,0.02
2548600,CHAPTER 64,banquet,0.02
2548601,CHAPTER 64,banqueter,0.02
2548917,CHAPTER 64,beloved,0.02
2548923,CHAPTER 64,belubed,0.02
2548940,CHAPTER 64,benediction,0.02
2548993,CHAPTER 64,best,0.02
2549021,CHAPTER 64,betrayed,0.02
2549062,CHAPTER 64,bigness,0.02
2549113,CHAPTER 64,bit,0.02
2549118,CHAPTER 64,bitin,0.02
2549145,CHAPTER 64,blacks,0.02
2549159,CHAPTER 64,blame,0.02
2549278,CHAPTER 64,blubber,0.02
2549317,CHAPTER 64,boat,0.02
2549340,CHAPTER 64,body,0.02
2549362,CHAPTER 64,bolting,0.02
2549470,CHAPTER 64,bout,0.02
2549510,CHAPTER 64,brack,0.02
2549614,CHAPTER 64,bress,0.02
2549653,CHAPTER 64,brigger,0.02
2549660,CHAPTER 64,brigness,0.02
2549779,CHAPTER 64,budge,0.02
2549806,CHAPTER 64,bulky,0.02
2549812,CHAPTER 64,bullocks,0.02
2549816,CHAPTER 64,bulwarks,0.02
2549842,CHAPTER 64,bunks,0.02
2549897,CHAPTER 64,business,0.02
2549899,CHAPTER 64,bust,0.02
2549900,CHAPTER 64,bustle,0.02
2549909,CHAPTER 64,butchers,0.02
2550038,CHAPTER 64,canal,0.02
2550056,CHAPTER 64,cane,0.02
2550063,CHAPTER 64,cannibally,0.02
2550100,CHAPTER 64,cape,0.02
2550294,CHAPTER 64,causes,0.02
2550428,CHAPTER 64,changing,0.02
2550661,CHAPTER 64,christianity,0.02
2550691,CHAPTER 64,cibil,0.02
2550769,CHAPTER 64,civilly,0.02
2550791,CHAPTER 64,clanking,0.02
2550794,CHAPTER 64,clap,0.02
2550876,CHAPTER 64,climb,0.02
2550960,CHAPTER 64,coach,0.02
2550963,CHAPTER 64,coal,0.02
2550977,CHAPTER 64,coax,0.02
2551055,CHAPTER 64,colder,0.02
2551069,CHAPTER 64,collaring,0.02
2551144,CHAPTER 64,come,0.02
2551178,CHAPTER 64,commenced,0.02
2551343,CHAPTER 64,comprising,0.02
2551365,CHAPTER 64,conceivable,0.02
2551390,CHAPTER 64,conciliating,0.02
2551503,CHAPTER 64,congregate,0.02
2551539,CHAPTER 64,conquest,0.02
2551683,CHAPTER 64,continuation,0.02
2551727,CHAPTER 64,contrive,0.02
2551760,CHAPTER 64,convert,0.02
2551862,CHAPTER 64,corpse,0.02
2551947,CHAPTER 64,countersinking,0.02
2551951,CHAPTER 64,countless,0.02
2551953,CHAPTER 64,country,0.02
2552313,CHAPTER 64,current,0.02
2552339,CHAPTER 64,cussed,0.02
2552346,CHAPTER 64,cut,0.02
2552352,CHAPTER 64,cutlets,0.02
2552408,CHAPTER 64,damndest,0.02
2552462,CHAPTER 64,darkness,0.02
2552573,CHAPTER 64,decently,0.02
2552586,CHAPTER 64,decision,0.02
2552588,CHAPTER 64,deck,0.02
2552592,CHAPTER 64,decks,0.02
2552681,CHAPTER 64,defray,0.02
2552740,CHAPTER 64,deliver,0.02
2552761,CHAPTER 64,demeanor,0.02
2552782,CHAPTER 64,demselves,0.02
2552809,CHAPTER 64,density,0.02
2552822,CHAPTER 64,depart,0.02
2552877,CHAPTER 64,dere,0.02
2552924,CHAPTER 64,designated,0.02
2553033,CHAPTER 64,devil,0.02
2553073,CHAPTER 64,diabolism,0.02
2553104,CHAPTER 64,did,0.02
2553108,CHAPTER 64,die,0.02
2553112,CHAPTER 64,dies,0.02
2553126,CHAPTER 64,difficulty,0.02
2553207,CHAPTER 64,dis,0.02
2553451,CHAPTER 64,dissatisfaction,0.02
2553644,CHAPTER 64,dood,0.02
2553750,CHAPTER 64,dreadful,0.02
2553813,CHAPTER 64,dropping,0.02
2554013,CHAPTER 64,ebony,0.02
2554109,CHAPTER 64,eighty,0.02
2554112,CHAPTER 64,ejaculation,0.02
2554168,CHAPTER 64,elijah,0.02
2554381,CHAPTER 64,enemy,0.02
2554461,CHAPTER 64,enormousness,0.02
2554559,CHAPTER 64,epicurean,0.02
2554741,CHAPTER 64,evidence,0.02
2554800,CHAPTER 64,excepting,0.02
2554926,CHAPTER 64,expediency,0.02
2554936,CHAPTER 64,expenses,0.02
2555102,CHAPTER 64,faintly,0.02
2555202,CHAPTER 64,fast,0.02
2555236,CHAPTER 64,fatness,0.02
2555278,CHAPTER 64,feast,0.02
2555279,CHAPTER 64,feasted,0.02
2555283,CHAPTER 64,feat,0.02
2555385,CHAPTER 64,fetched,0.02
2555522,CHAPTER 64,fishy,0.02
2555594,CHAPTER 64,flavorish,0.02
2555626,CHAPTER 64,flexibility,0.02
2555678,CHAPTER 64,floundered,0.02
2555683,CHAPTER 64,flourished,0.02
2555717,CHAPTER 64,flushed,0.02
2555867,CHAPTER 64,forged,0.02
2555885,CHAPTER 64,fork,0.02
2556112,CHAPTER 64,fry,0.02
2556221,CHAPTER 64,galley,0.02
2556315,CHAPTER 64,gayer,0.02
2556377,CHAPTER 64,gentlemanly,0.02
2556384,CHAPTER 64,genuine,0.02
2556408,CHAPTER 64,gets,0.02
2556439,CHAPTER 64,gilded,0.02
2556454,CHAPTER 64,girdled,0.02
2556469,CHAPTER 64,gizzard,0.02
2556502,CHAPTER 64,glee,0.02
2556532,CHAPTER 64,globular,0.02
2556536,CHAPTER 64,gloomily,0.02
2556587,CHAPTER 64,goberned,0.02
2556617,CHAPTER 64,good,0.02
2556649,CHAPTER 64,gouge,0.02
2556692,CHAPTER 64,grand,0.02
2556829,CHAPTER 64,grizzled,0.02
2556874,CHAPTER 64,growled,0.02
2556912,CHAPTER 64,guided,0.02
2557040,CHAPTER 64,hammock,0.02
2557061,CHAPTER 64,handing,0.02
2557076,CHAPTER 64,handy,0.02
2557119,CHAPTER 64,hardly,0.02
2557183,CHAPTER 64,hatchings,0.02
2557219,CHAPTER 64,having,0.02
2557271,CHAPTER 64,hearers,0.02
2557307,CHAPTER 64,heaven,0.02
2557312,CHAPTER 64,heavier,0.02
2557367,CHAPTER 64,help,0.02
2557473,CHAPTER 64,hilariously,0.02
2557483,CHAPTER 64,hilted,0.02
2557489,CHAPTER 64,hind,0.02
2557594,CHAPTER 64,holy,0.02
2557775,CHAPTER 64,hull,0.02
2557827,CHAPTER 64,hungry,0.02
2558073,CHAPTER 64,impatience,0.02
2558276,CHAPTER 64,inclining,0.02
2558462,CHAPTER 64,inert,0.02
2558564,CHAPTER 64,ingeniously,0.02
2558784,CHAPTER 64,intemperately,0.02
2558855,CHAPTER 64,interposed,0.02
2558955,CHAPTER 64,invariable,0.02
2559119,CHAPTER 64,item,0.02
2559227,CHAPTER 64,jewel,0.02
2559307,CHAPTER 64,jot,0.02
2559315,CHAPTER 64,jovial,0.02
2559373,CHAPTER 64,junction,0.02
2559380,CHAPTER 64,junk,0.02
2559442,CHAPTER 64,kick,0.02
2559444,CHAPTER 64,kicking,0.02
2559455,CHAPTER 64,killed,0.02
2559548,CHAPTER 64,known,0.02
2559567,CHAPTER 64,laborers,0.02
2559595,CHAPTER 64,laden,0.02
2559864,CHAPTER 64,legged,0.02
2560014,CHAPTER 64,like,0.02
2560019,CHAPTER 64,likened,0.02
2560041,CHAPTER 64,limped,0.02
2560065,CHAPTER 64,links,0.02
2560076,CHAPTER 64,lips,0.02
2560110,CHAPTER 64,live,0.02
2560115,CHAPTER 64,liveliness,0.02
2560118,CHAPTER 64,liver,0.02
2560131,CHAPTER 64,ll,0.02
2560156,CHAPTER 64,lobes,0.02
2560219,CHAPTER 64,longingly,0.02
2560304,CHAPTER 64,low,0.02
2560322,CHAPTER 64,lubber,0.02
2560599,CHAPTER 64,man,0.02
2560628,CHAPTER 64,manifest,0.02
2560779,CHAPTER 64,mass,0.02
2560802,CHAPTER 64,mastications,0.02
2560851,CHAPTER 64,maxim,0.02
2561028,CHAPTER 64,message,0.02
2561159,CHAPTER 64,mingling,0.02
2561181,CHAPTER 64,miraculous,0.02
2561275,CHAPTER 64,mob,0.02
2561300,CHAPTER 64,moderation,0.02
2561524,CHAPTER 64,mouthful,0.02
2561525,CHAPTER 64,mouthfuls,0.02
2561528,CHAPTER 64,mouts,0.02
2561581,CHAPTER 64,mumbled,0.02
2561582,CHAPTER 64,mumbling,0.02
2561638,CHAPTER 64,mustn,0.02
2561753,CHAPTER 64,natured,0.02
2561832,CHAPTER 64,negro,0.02
2561841,CHAPTER 64,neighbour,0.02
2561936,CHAPTER 64,ninety,0.02
2561961,CHAPTER 64,noder,0.02
2562099,CHAPTER 64,ober,0.02
2562132,CHAPTER 64,obscured,0.02
2562182,CHAPTER 64,occasions,0.02
2562213,CHAPTER 64,oder,0.02
2562214,CHAPTER 64,oders,0.02
2562246,CHAPTER 64,official,0.02
2562500,CHAPTER 64,outriders,0.02
2562536,CHAPTER 64,overcome,0.02
2562537,CHAPTER 64,overdoing,0.02
2562538,CHAPTER 64,overdone,0.02
2562581,CHAPTER 64,overseeing,0.02
2562631,CHAPTER 64,paces,0.02
2562684,CHAPTER 64,palate,0.02
2562792,CHAPTER 64,parcel,0.02
2562836,CHAPTER 64,parson,0.02
2562859,CHAPTER 64,parties,0.02
2562880,CHAPTER 64,passed,0.02
2562984,CHAPTER 64,pay,0.02
2563128,CHAPTER 64,pequod,0.02
2563371,CHAPTER 64,pickle,0.02
2563400,CHAPTER 64,pig,0.02
2563457,CHAPTER 64,pint,0.02
2563965,CHAPTER 64,preachin,0.02
2563966,CHAPTER 64,preaching,0.02
2564020,CHAPTER 64,prefer,0.02
2564060,CHAPTER 64,preparing,0.02
2564218,CHAPTER 64,proceeded,0.02
2564388,CHAPTER 64,propriety,0.02
2564649,CHAPTER 64,quarrelsomely,0.02
2564681,CHAPTER 64,question,0.02
2564701,CHAPTER 64,quiescence,0.02
2564750,CHAPTER 64,racket,0.02
2564853,CHAPTER 64,rapidly,0.02
2564899,CHAPTER 64,rattling,0.02
2564943,CHAPTER 64,realizing,0.02
2565029,CHAPTER 64,reclines,0.02
2565082,CHAPTER 64,reddish,0.02
2565244,CHAPTER 64,relatively,0.02
2565258,CHAPTER 64,reliable,0.02
2565277,CHAPTER 64,relish,0.02
2565289,CHAPTER 64,remains,0.02
2565309,CHAPTER 64,reminded,0.02
2565342,CHAPTER 64,ren,0.02
2565513,CHAPTER 64,resigned,0.02
2565596,CHAPTER 64,resuming,0.02
2565766,CHAPTER 64,right,0.02
2565967,CHAPTER 64,roused,0.02
2566125,CHAPTER 64,sage,0.02
2566233,CHAPTER 64,sartin,0.02
2566396,CHAPTER 64,scooped,0.02
2566427,CHAPTER 64,scougin,0.02
2566430,CHAPTER 64,scoured,0.02
2566468,CHAPTER 64,screw,0.02
2566482,CHAPTER 64,scrouge,0.02
2566512,CHAPTER 64,se,0.02
2566513,CHAPTER 64,sea,0.02
2566609,CHAPTER 64,seen,0.02
2566730,CHAPTER 64,sermon,0.02
2566754,CHAPTER 64,set,0.02
2566840,CHAPTER 64,shambling,0.02
2566863,CHAPTER 64,sharkish,0.02
2566871,CHAPTER 64,sharply,0.02
2566943,CHAPTER 64,shindy,0.02
2566983,CHAPTER 64,shocking,0.02
2567052,CHAPTER 64,shrill,0.02
2567081,CHAPTER 64,shuffling,0.02
2567133,CHAPTER 64,sight,0.02
2567221,CHAPTER 64,sink,0.02
2567230,CHAPTER 64,sinners,0.02
2567339,CHAPTER 64,slap,0.02
2567342,CHAPTER 64,slapping,0.02
2567362,CHAPTER 64,sleep,0.02
2567443,CHAPTER 64,slowly,0.02
2567446,CHAPTER 64,sluggish,0.02
2567462,CHAPTER 64,smackin,0.02
2567464,CHAPTER 64,smackingly,0.02
2567597,CHAPTER 64,socially,0.02
2567756,CHAPTER 64,soused,0.02
2567869,CHAPTER 64,sperm,0.02
2567957,CHAPTER 64,spoil,0.02
2567991,CHAPTER 64,spose,0.02
2568054,CHAPTER 64,squaring,0.02
2568078,CHAPTER 64,stabbing,0.02
2568096,CHAPTER 64,staid,0.02
2568205,CHAPTER 64,stead,0.02
2568350,CHAPTER 64,stood,0.02
2568355,CHAPTER 64,stooping,0.02
2568383,CHAPTER 64,stoutly,0.02
2568396,CHAPTER 64,straightened,0.02
2568499,CHAPTER 64,strongest,0.02
2568731,CHAPTER 64,sulks,0.02
2568887,CHAPTER 64,surface,0.02
2568951,CHAPTER 64,suspend,0.02
2568977,CHAPTER 64,swaller,0.02
2568991,CHAPTER 64,swarming,0.02
2569007,CHAPTER 64,swearing,0.02
2569086,CHAPTER 64,symmetrical,0.02
2569105,CHAPTER 64,systematically,0.02
2569163,CHAPTER 64,talk,0.02
2569184,CHAPTER 64,tandem,0.02
2569235,CHAPTER 64,tasselled,0.02
2569276,CHAPTER 64,tearin,0.02
2569414,CHAPTER 64,testily,0.02
2569489,CHAPTER 64,thing,0.02
2569598,CHAPTER 64,thumbs,0.02
2569623,CHAPTER 64,ticklish,0.02
2569655,CHAPTER 64,till,0.02
2569665,CHAPTER 64,time,0.02
2569691,CHAPTER 64,tink,0.02
2569707,CHAPTER 64,tips,0.02
2569744,CHAPTER 64,toder,0.02
2569753,CHAPTER 64,toiled,0.02
2570149,CHAPTER 64,trophy,0.02
2570153,CHAPTER 64,trotting,0.02
2570197,CHAPTER 64,try,0.02
2570394,CHAPTER 64,unassailable,0.02
2571060,CHAPTER 64,unseasonable,0.02
2571211,CHAPTER 64,unwonted,0.02
2571251,CHAPTER 64,upside,0.02
2571271,CHAPTER 64,use,0.02
2571303,CHAPTER 64,uttons,0.02
2571309,CHAPTER 64,vacantly,0.02
2571328,CHAPTER 64,vainly,0.02
2571790,CHAPTER 64,wallowing,0.02
2572006,CHAPTER 64,welcome,0.02
2572024,CHAPTER 64,wery,0.02
2572050,CHAPTER 64,whaleship,0.02
2572080,CHAPTER 64,whereof,0.02
2572175,CHAPTER 64,widening,0.02
2572200,CHAPTER 64,willains,0.02
2572291,CHAPTER 64,withered,0.02
2572329,CHAPTER 64,won,0.02
2572345,CHAPTER 64,wonst,0.02
2572352,CHAPTER 64,wooden,0.02
2572367,CHAPTER 64,woracious,0.02
2572463,CHAPTER 64,wriggling,0.02
2572586,CHAPTER 64,yoked,0.02
2572602,CHAPTER 64,yourselbs,0.02
2572609,CHAPTER 64,zay,0.02
2547060,CHAPTER 64,according,0.01
2547131,CHAPTER 64,activity,0.01
2547254,CHAPTER 64,advance,0.01
2547294,CHAPTER 64,affair,0.01
2547295,CHAPTER 64,affairs,0.01
2547425,CHAPTER 64,ain,0.01
2547427,CHAPTER 64,air,0.01
2547627,CHAPTER 64,amid,0.01
2547688,CHAPTER 64,anchor,0.01
2547768,CHAPTER 64,answer,0.01
2547862,CHAPTER 64,apparently,0.01
2547974,CHAPTER 64,arched,0.01
2548048,CHAPTER 64,arms,0.01
2548258,CHAPTER 64,atlantic,0.01
2548433,CHAPTER 64,awful,0.01
2548480,CHAPTER 64,backs,0.01
2548491,CHAPTER 64,bad,0.01
2548674,CHAPTER 64,base,0.01
2548769,CHAPTER 64,beating,0.01
2548789,CHAPTER 64,bed,0.01
2548836,CHAPTER 64,began,0.01
2548937,CHAPTER 64,beneath,0.01
2549186,CHAPTER 64,blast,0.01
2549322,CHAPTER 64,boats,0.01
2549360,CHAPTER 64,bolt,0.01
2549441,CHAPTER 64,bottomless,0.01
2549472,CHAPTER 64,bow,0.01
2549474,CHAPTER 64,bowed,0.01
2549487,CHAPTER 64,bows,0.01
2549579,CHAPTER 64,breakfast,0.01
2549600,CHAPTER 64,bred,0.01
2549674,CHAPTER 64,bring,0.01
2549694,CHAPTER 64,broad,0.01
2549737,CHAPTER 64,brought,0.01
2549801,CHAPTER 64,bulk,0.01
2549867,CHAPTER 64,buried,0.01
2549943,CHAPTER 64,cabin,0.01
2549998,CHAPTER 64,called,0.01
2550005,CHAPTER 64,calm,0.01
2550126,CHAPTER 64,captain,0.01
2550180,CHAPTER 64,carpenter,0.01
2550190,CHAPTER 64,carried,0.01
2550213,CHAPTER 64,carved,0.01
2550219,CHAPTER 64,case,0.01
2550234,CHAPTER 64,cast,0.01
2550291,CHAPTER 64,cause,0.01
2550387,CHAPTER 64,chains,0.01
2550603,CHAPTER 64,china,0.01
2550906,CHAPTER 64,close,0.01
2550949,CHAPTER 64,clumsy,0.01
2551109,CHAPTER 64,colossal,0.01
2551165,CHAPTER 64,coming,0.01
2551167,CHAPTER 64,command,0.01
2551505,CHAPTER 64,congregation,0.01
2551685,CHAPTER 64,continued,0.01
2551824,CHAPTER 64,coral,0.01
2552086,CHAPTER 64,creature,0.01
2552087,CHAPTER 64,creatures,0.01
2552176,CHAPTER 64,crossing,0.01
2552342,CHAPTER 64,customary,0.01
2552356,CHAPTER 64,cutting,0.01
2552387,CHAPTER 64,daggoo,0.01
2552407,CHAPTER 64,damn,0.01
2552468,CHAPTER 64,darting,0.01
2552531,CHAPTER 64,death,0.01
2552629,CHAPTER 64,deep,0.01
2552948,CHAPTER 64,despair,0.01
2553094,CHAPTER 64,dick,0.01
2553166,CHAPTER 64,dimly,0.01
2553470,CHAPTER 64,distance,0.01
2553597,CHAPTER 64,dogs,0.01
2553681,CHAPTER 64,doubtless,0.01
2553712,CHAPTER 64,dragged,0.01
2553735,CHAPTER 64,draw,0.01
2553740,CHAPTER 64,drawing,0.01
2553811,CHAPTER 64,drop,0.01
2553961,CHAPTER 64,ear,0.01
2553975,CHAPTER 64,ears,0.01
2554104,CHAPTER 64,eighteen,0.01
2554345,CHAPTER 64,end,0.01
2554370,CHAPTER 64,ends,0.01
2554597,CHAPTER 64,ere,0.01
2554749,CHAPTER 64,evinced,0.01
2554816,CHAPTER 64,excitement,0.01
2554821,CHAPTER 64,exclaimed,0.01
2555035,CHAPTER 64,extremity,0.01
2555048,CHAPTER 64,eyeing,0.01
2555052,CHAPTER 64,eyes,0.01
2555172,CHAPTER 64,far,0.01
2555195,CHAPTER 64,fashion,0.01
2555439,CHAPTER 64,fight,0.01
2555481,CHAPTER 64,fingers,0.01
2555511,CHAPTER 64,fish,0.01
2555516,CHAPTER 64,fishermen,0.01
2555620,CHAPTER 64,flesh,0.01
2555753,CHAPTER 64,folded,0.01
2555765,CHAPTER 64,follow,0.01
2555772,CHAPTER 64,fond,0.01
2555784,CHAPTER 64,foot,0.01
2555872,CHAPTER 64,forget,0.01
2555893,CHAPTER 64,form,0.01
2555901,CHAPTER 64,forming,0.01
2555930,CHAPTER 64,forward,0.01
2556010,CHAPTER 64,freely,0.01
2556019,CHAPTER 64,freighted,0.01
2556166,CHAPTER 64,furnished,0.01
2556184,CHAPTER 64,future,0.01
2556328,CHAPTER 64,gazing,0.01
2556343,CHAPTER 64,general,0.01
2556467,CHAPTER 64,giving,0.01
2556605,CHAPTER 64,going,0.01
2556645,CHAPTER 64,got,0.01
2556767,CHAPTER 64,great,0.01
2556768,CHAPTER 64,greater,0.01
2557012,CHAPTER 64,half,0.01
2557016,CHAPTER 64,halloa,0.01
2557077,CHAPTER 64,hang,0.01
2557113,CHAPTER 64,hard,0.01
2557175,CHAPTER 64,hat,0.01
2557184,CHAPTER 64,hatchway,0.01
2557269,CHAPTER 64,heard,0.01
2557281,CHAPTER 64,heart,0.01
2557295,CHAPTER 64,hearts,0.01
2557305,CHAPTER 64,heave,0.01
2557314,CHAPTER 64,heavily,0.01
2557317,CHAPTER 64,heavy,0.01
2557368,CHAPTER 64,helped,0.01
2557462,CHAPTER 64,high,0.01
2557463,CHAPTER 64,higher,0.01
2557538,CHAPTER 64,ho,0.01
2557574,CHAPTER 64,hole,0.01
2557575,CHAPTER 64,holes,0.01
2557588,CHAPTER 64,hollow,0.01
2557597,CHAPTER 64,home,0.01
2557647,CHAPTER 64,hoops,0.01
2557693,CHAPTER 64,horror,0.01
2557766,CHAPTER 64,huge,0.01
2557778,CHAPTER 64,human,0.01
2558256,CHAPTER 64,inches,0.01
2558721,CHAPTER 64,instances,0.01
2558881,CHAPTER 64,intervals,0.01
2559042,CHAPTER 64,iron,0.01
2559110,CHAPTER 64,issued,0.01
2559418,CHAPTER 64,keeping,0.01
2559505,CHAPTER 64,knee,0.01
2559524,CHAPTER 64,knives,0.01
2559629,CHAPTER 64,lance,0.01
2559781,CHAPTER 64,lead,0.01
2559805,CHAPTER 64,leaning,0.01
2559824,CHAPTER 64,leave,0.01
2559879,CHAPTER 64,legs,0.01
2559889,CHAPTER 64,length,0.01
2559938,CHAPTER 64,leviathan,0.01
2559976,CHAPTER 64,lie,0.01
2559979,CHAPTER 64,lies,0.01
2559985,CHAPTER 64,life,0.01
2559992,CHAPTER 64,lifting,0.01
2559996,CHAPTER 64,light,0.01
2559997,CHAPTER 64,lighted,0.01
2560008,CHAPTER 64,lights,0.01
2560046,CHAPTER 64,line,0.01
2560073,CHAPTER 64,lip,0.01
2560105,CHAPTER 64,little,0.01
2560111,CHAPTER 64,lived,0.01
2560168,CHAPTER 64,locked,0.01
2560225,CHAPTER 64,look,0.01
2560558,CHAPTER 64,make,0.01
2560713,CHAPTER 64,mark,0.01
2560816,CHAPTER 64,mate,0.01
2560837,CHAPTER 64,matter,0.01
2560877,CHAPTER 64,mean,0.01
2560964,CHAPTER 64,men,0.01
2561080,CHAPTER 64,mid,0.01
2561083,CHAPTER 64,middle,0.01
2561088,CHAPTER 64,midnight,0.01
2561117,CHAPTER 64,mile,0.01
2561121,CHAPTER 64,military,0.01
2561279,CHAPTER 64,moby,0.01
2561341,CHAPTER 64,moment,0.01
2561373,CHAPTER 64,monomaniac,0.01
2561406,CHAPTER 64,moody,0.01
2561447,CHAPTER 64,morning,0.01
2561522,CHAPTER 64,mouth,0.01
2561527,CHAPTER 64,mouths,0.01
2561530,CHAPTER 64,moved,0.01
2561708,CHAPTER 64,nantucketers,0.01
2561776,CHAPTER 64,nearer,0.01
2561920,CHAPTER 64,nigh,0.01
2561963,CHAPTER 64,noise,0.01
2562059,CHAPTER 64,numbers,0.01
2562097,CHAPTER 64,obedience,0.01
2562107,CHAPTER 64,object,0.01
2562177,CHAPTER 64,occasion,0.01
2562235,CHAPTER 64,offered,0.01
2562265,CHAPTER 64,oil,0.01
2562341,CHAPTER 64,opinion,0.01
2562351,CHAPTER 64,opposite,0.01
2562384,CHAPTER 64,order,0.01
2562385,CHAPTER 64,ordered,0.01
2562470,CHAPTER 64,outer,0.01
2562530,CHAPTER 64,overboard,0.01
2562924,CHAPTER 64,path,0.01
2563055,CHAPTER 64,peering,0.01
2563386,CHAPTER 64,pieces,0.01
2563514,CHAPTER 64,place,0.01
2563515,CHAPTER 64,placed,0.01
2563519,CHAPTER 64,places,0.01
2563587,CHAPTER 64,play,0.01
2563698,CHAPTER 64,point,0.01
2563704,CHAPTER 64,pointing,0.01
2563808,CHAPTER 64,port,0.01
2563845,CHAPTER 64,position,0.01
2563858,CHAPTER 64,possible,0.01
2564058,CHAPTER 64,prepared,0.01
2564133,CHAPTER 64,pretty,0.01
2564144,CHAPTER 64,previously,0.01
2564191,CHAPTER 64,private,0.01
2564212,CHAPTER 64,problem,0.01
2564221,CHAPTER 64,proceeds,0.01
2564589,CHAPTER 64,pursuit,0.01
2564669,CHAPTER 64,queer,0.01
2564703,CHAPTER 64,quiet,0.01
2564707,CHAPTER 64,quietly,0.01
2564792,CHAPTER 64,raised,0.01
2564862,CHAPTER 64,rare,0.01
2564880,CHAPTER 64,rate,0.01
2564931,CHAPTER 64,readily,0.01
2564936,CHAPTER 64,ready,0.01
2564983,CHAPTER 64,recalled,0.01
2565077,CHAPTER 64,red,0.01
2565195,CHAPTER 64,regular,0.01
2565237,CHAPTER 64,related,0.01
2565569,CHAPTER 64,resting,0.01
2565826,CHAPTER 64,rise,0.01
2565979,CHAPTER 64,row,0.01
2566132,CHAPTER 64,sail,0.01
2566292,CHAPTER 64,saw,0.01
2566522,CHAPTER 64,seaman,0.01
2566557,CHAPTER 64,second,0.01
2566577,CHAPTER 64,secure,0.01
2566578,CHAPTER 64,secured,0.01
2566580,CHAPTER 64,securing,0.01
2566827,CHAPTER 64,shall,0.01
2566865,CHAPTER 64,sharp,0.01
2566961,CHAPTER 64,ships,0.01
2567017,CHAPTER 64,shoulder,0.01
2567120,CHAPTER 64,sideways,0.01
2567160,CHAPTER 64,silence,0.01
2567328,CHAPTER 64,slain,0.01
2567411,CHAPTER 64,slipped,0.01
2567440,CHAPTER 64,slow,0.01
2567468,CHAPTER 64,smallest,0.01
2567501,CHAPTER 64,smoking,0.01
2567540,CHAPTER 64,snatching,0.01
2567617,CHAPTER 64,softly,0.01
2567641,CHAPTER 64,sole,0.01
2567687,CHAPTER 64,somewhat,0.01
2567736,CHAPTER 64,soul,0.01
2567740,CHAPTER 64,sound,0.01
2567797,CHAPTER 64,spars,0.01
2567870,CHAPTER 64,spermaceti,0.01
2567928,CHAPTER 64,spirits,0.01
2567962,CHAPTER 64,spoke,0.01
2568125,CHAPTER 64,stand,0.01
2568131,CHAPTER 64,standing,0.01
2568140,CHAPTER 64,starbuck,0.01
2568155,CHAPTER 64,startled,0.01
2568254,CHAPTER 64,step,0.01
2568268,CHAPTER 64,stern,0.01
2568394,CHAPTER 64,straight,0.01
2568414,CHAPTER 64,strangely,0.01
2568497,CHAPTER 64,strong,0.01
2568584,CHAPTER 64,subject,0.01
2568680,CHAPTER 64,sudden,0.01
2568722,CHAPTER 64,suit,0.01
2568733,CHAPTER 64,sullen,0.01
2568817,CHAPTER 64,superior,0.01
2568882,CHAPTER 64,sure,0.01
2569006,CHAPTER 64,swear,0.01
2569148,CHAPTER 64,tails,0.01
2569154,CHAPTER 64,taking,0.01
2569199,CHAPTER 64,tapering,0.01
2569342,CHAPTER 64,tender,0.01
2569380,CHAPTER 64,terms,0.01
2569490,CHAPTER 64,things,0.01
2569491,CHAPTER 64,think,0.01
2569512,CHAPTER 64,thirty,0.01
2569527,CHAPTER 64,thought,0.01
2569535,CHAPTER 64,thousand,0.01
2569592,CHAPTER 64,thrust,0.01
2569635,CHAPTER 64,tied,0.01
2569854,CHAPTER 64,tossed,0.01
2569870,CHAPTER 64,touching,0.01
2569882,CHAPTER 64,towed,0.01
2569888,CHAPTER 64,towing,0.01
2569889,CHAPTER 64,town,0.01
2570252,CHAPTER 64,turn,0.01
2570823,CHAPTER 64,universal,0.01
2571177,CHAPTER 64,unusual,0.01
2571283,CHAPTER 64,usual,0.01
2571321,CHAPTER 64,vague,0.01
2571331,CHAPTER 64,valiant,0.01
2571383,CHAPTER 64,vast,0.01
2571392,CHAPTER 64,ve,0.01
2571483,CHAPTER 64,vessel,0.01
2571539,CHAPTER 64,view,0.01
2571710,CHAPTER 64,voyage,0.01
2571816,CHAPTER 64,want,0.01
2571826,CHAPTER 64,war,0.01
2571845,CHAPTER 64,warm,0.01
2571890,CHAPTER 64,watch,0.01
2571912,CHAPTER 64,waters,0.01
2572000,CHAPTER 64,weight,0.01
2572020,CHAPTER 64,went,0.01
2572048,CHAPTER 64,whales,0.01
2572165,CHAPTER 64,wicked,0.01
2572189,CHAPTER 64,wild,0.01
2572270,CHAPTER 64,wish,0.01
2572346,CHAPTER 64,wont,0.01
2572380,CHAPTER 64,working,0.01
2572385,CHAPTER 64,world,0.01
2572398,CHAPTER 64,worship,0.01
2572564,CHAPTER 64,years,0.01
