,chapter,term,tfidf
1908987,CHAPTER 41,whale,0.28
1902998,CHAPTER 41,rumors,0.17
1909092,CHAPTER 41,white,0.16
1890044,CHAPTER 41,dick,0.15
1898229,CHAPTER 41,moby,0.15
1884360,CHAPTER 41,ahab,0.13
1904819,CHAPTER 41,sperm,0.13
1891281,CHAPTER 41,encounter,0.11
1898103,CHAPTER 41,minds,0.11
1885131,CHAPTER 41,assaults,0.09
1885665,CHAPTER 41,battle,0.08
1890054,CHAPTER 41,did,0.08
1892468,CHAPTER 41,fishery,0.08
1897536,CHAPTER 41,malignity,0.08
1898322,CHAPTER 41,monomania,0.08
1908995,CHAPTER 41,whalemen,0.08
1889688,CHAPTER 41,delirium,0.07
1894784,CHAPTER 41,hunters,0.07
1896676,CHAPTER 41,latitudes,0.07
1897410,CHAPTER 41,mad,0.07
1897424,CHAPTER 41,madness,0.07
1898335,CHAPTER 41,monster,0.07
1902603,CHAPTER 41,revenge,0.07
1906615,CHAPTER 41,time,0.07
1886052,CHAPTER 41,birth,0.06
1892122,CHAPTER 41,far,0.06
1893717,CHAPTER 41,great,0.06
1897076,CHAPTER 41,living,0.06
1897529,CHAPTER 41,malice,0.06
1901718,CHAPTER 41,rage,0.06
1903490,CHAPTER 41,seas,0.06
1904689,CHAPTER 41,souls,0.06
1905773,CHAPTER 41,supernatural,0.06
1905786,CHAPTER 41,superstitious,0.06
1909139,CHAPTER 41,wild,0.06
1884307,CHAPTER 41,agencies,0.05
1885084,CHAPTER 41,ascribe,0.05
1885887,CHAPTER 41,beneath,0.05
1886290,CHAPTER 41,body,0.05
1887241,CHAPTER 41,cause,0.05
1888312,CHAPTER 41,conceit,0.05
1889549,CHAPTER 41,declaring,0.05
1890177,CHAPTER 41,disastrous,0.05
1890406,CHAPTER 41,dissembling,0.05
1891282,CHAPTER 41,encountered,0.05
1892012,CHAPTER 41,fabulous,0.05
1892172,CHAPTER 41,fatality,0.05
1892314,CHAPTER 41,ferocity,0.05
1892759,CHAPTER 41,forced,0.05
1895671,CHAPTER 41,instances,0.05
1896129,CHAPTER 41,jaw,0.05
1896495,CHAPTER 41,knowingly,0.05
1897306,CHAPTER 41,lunacy,0.05
1897549,CHAPTER 41,man,0.05
1897661,CHAPTER 41,maritime,0.05
1899004,CHAPTER 41,number,0.05
1900122,CHAPTER 41,perils,0.05
1900868,CHAPTER 41,povelson,0.05
1901187,CHAPTER 41,prodigies,0.05
1901537,CHAPTER 41,pursuers,0.05
1901859,CHAPTER 41,raving,0.05
1902535,CHAPTER 41,restricted,0.05
1903061,CHAPTER 41,sadder,0.05
1905664,CHAPTER 41,suggestions,0.05
1905862,CHAPTER 41,surpasses,0.05
1906349,CHAPTER 41,terrors,0.05
1906619,CHAPTER 41,times,0.05
1906784,CHAPTER 41,torn,0.05
1907288,CHAPTER 41,ubiquitous,0.05
1907310,CHAPTER 41,unabated,0.05
1908568,CHAPTER 41,visibly,0.05
1908660,CHAPTER 41,voyage,0.05
1884309,CHAPTER 41,agent,0.04
1885294,CHAPTER 41,aught,0.04
1885841,CHAPTER 41,believed,0.04
1886103,CHAPTER 41,blade,0.04
1886287,CHAPTER 41,bodily,0.04
1886662,CHAPTER 41,broken,0.04
1887440,CHAPTER 41,chase,0.04
1888332,CHAPTER 41,concerning,0.04
1888550,CHAPTER 41,consternation,0.04
1889404,CHAPTER 41,dark,0.04
1890150,CHAPTER 41,direful,0.04
1890440,CHAPTER 41,distinguished,0.04
1891580,CHAPTER 41,escaped,0.04
1891678,CHAPTER 41,eventually,0.04
1891695,CHAPTER 41,evil,0.04
1892689,CHAPTER 41,foe,0.04
1893962,CHAPTER 41,half,0.04
1894136,CHAPTER 41,hate,0.04
1894231,CHAPTER 41,heart,0.04
1894709,CHAPTER 41,hue,0.04
1895225,CHAPTER 41,inclined,0.04
1895456,CHAPTER 41,infernal,0.04
1895494,CHAPTER 41,influences,0.04
1895730,CHAPTER 41,intelligent,0.04
1896042,CHAPTER 41,ishmael,0.04
1896257,CHAPTER 41,jot,0.04
1896464,CHAPTER 41,knew,0.04
1896801,CHAPTER 41,leg,0.04
1896935,CHAPTER 41,life,0.04
1896980,CHAPTER 41,limbs,0.04
1897163,CHAPTER 41,long,0.04
1897914,CHAPTER 41,men,0.04
1898323,CHAPTER 41,monomaniac,0.04
1898698,CHAPTER 41,natural,0.04
1898701,CHAPTER 41,naturally,0.04
1898942,CHAPTER 41,north,0.04
1899042,CHAPTER 41,oath,0.04
1899057,CHAPTER 41,object,0.04
1899210,CHAPTER 41,oftentimes,0.04
1899223,CHAPTER 41,old,0.04
1899826,CHAPTER 41,passage,0.04
1900743,CHAPTER 41,popularly,0.04
1901162,CHAPTER 41,problem,0.04
1901536,CHAPTER 41,pursued,0.04
1901890,CHAPTER 41,reality,0.04
1903084,CHAPTER 41,sailed,0.04
1903086,CHAPTER 41,sailing,0.04
1904200,CHAPTER 41,sits,0.04
1904773,CHAPTER 41,specific,0.04
1906396,CHAPTER 41,theirs,0.04
1906439,CHAPTER 41,thing,0.04
1906485,CHAPTER 41,thousand,0.04
1908161,CHAPTER 41,unwonted,0.04
1908543,CHAPTER 41,violence,0.04
1908587,CHAPTER 41,vital,0.04
1909003,CHAPTER 41,whaling,0.04
1909506,CHAPTER 41,ye,0.04
1883910,CHAPTER 41,aboundingly,0.03
1884024,CHAPTER 41,accumulating,0.03
1884086,CHAPTER 41,actually,0.03
1884219,CHAPTER 41,adventurously,0.03
1884264,CHAPTER 41,affirms,0.03
1884289,CHAPTER 41,aforethought,0.03
1884565,CHAPTER 41,amend,0.03
1884570,CHAPTER 41,american,0.03
1884602,CHAPTER 41,amputations,0.03
1884679,CHAPTER 41,animosity,0.03
1884682,CHAPTER 41,ankles,0.03
1884753,CHAPTER 41,antiquities,0.03
1884806,CHAPTER 41,appallingly,0.03
1884952,CHAPTER 41,arethusa,0.03
1884983,CHAPTER 41,arkansas,0.03
1885092,CHAPTER 41,ashore,0.03
1885118,CHAPTER 41,assailable,0.03
1885120,CHAPTER 41,assailants,0.03
1885185,CHAPTER 41,astonishing,0.03
1885319,CHAPTER 41,authoritative,0.03
1885798,CHAPTER 41,beginning,0.03
1886214,CHAPTER 41,bloodthirsty,0.03
1886272,CHAPTER 41,boats,0.03
1886687,CHAPTER 41,brought,0.03
1886688,CHAPTER 41,brow,0.03
1886697,CHAPTER 41,bruited,0.03
1886708,CHAPTER 41,brutes,0.03
1886929,CHAPTER 41,calamities,0.03
1886972,CHAPTER 41,came,0.03
1887050,CHAPTER 41,cape,0.03
1887166,CHAPTER 41,caryatid,0.03
1887316,CHAPTER 41,certain,0.03
1887515,CHAPTER 41,chest,0.03
1887535,CHAPTER 41,childish,0.03
1887570,CHAPTER 41,chiseled,0.03
1887665,CHAPTER 41,circulate,0.03
1887901,CHAPTER 41,cluny,0.03
1888042,CHAPTER 41,collision,0.03
1888094,CHAPTER 41,come,0.03
1888324,CHAPTER 41,concentred,0.03
1888572,CHAPTER 41,consulted,0.03
1888619,CHAPTER 41,contest,0.03
1888803,CHAPTER 41,corporal,0.03
1888809,CHAPTER 41,corporeally,0.03
1889064,CHAPTER 41,crew,0.03
1889227,CHAPTER 41,cunning,0.03
1889244,CHAPTER 41,curds,0.03
1889453,CHAPTER 41,days,0.03
1889524,CHAPTER 41,deception,0.03
1889582,CHAPTER 41,deepeningly,0.03
1889583,CHAPTER 41,deeper,0.03
1889727,CHAPTER 41,demonisms,0.03
1890332,CHAPTER 41,dismembering,0.03
1890333,CHAPTER 41,dismemberment,0.03
1890346,CHAPTER 41,disorderly,0.03
1890405,CHAPTER 41,dissemble,0.03
1890436,CHAPTER 41,distinctive,0.03
1890466,CHAPTER 41,distrusting,0.03
1890531,CHAPTER 41,documents,0.03
1890816,CHAPTER 41,duellist,0.03
1891212,CHAPTER 41,eminent,0.03
1891295,CHAPTER 41,end,0.03
1891335,CHAPTER 41,enfeebled,0.03
1891368,CHAPTER 41,engrossing,0.03
1891428,CHAPTER 41,entablatures,0.03
1891525,CHAPTER 41,equalled,0.03
1891718,CHAPTER 41,exaggerate,0.03
1891734,CHAPTER 41,exasperations,0.03
1892014,CHAPTER 41,face,0.03
1892025,CHAPTER 41,fact,0.03
1892091,CHAPTER 41,familiarity,0.03
1892116,CHAPTER 41,fangs,0.03
1892119,CHAPTER 41,fantastic,0.03
1892168,CHAPTER 41,fatal,0.03
1892171,CHAPTER 41,fatalities,0.03
1892267,CHAPTER 41,feelingly,0.03
1892281,CHAPTER 41,feline,0.03
1892294,CHAPTER 41,felt,0.03
1892342,CHAPTER 41,feud,0.03
1892374,CHAPTER 41,fiendish,0.03
1892453,CHAPTER 41,firma,0.03
1892466,CHAPTER 41,fishermen,0.03
1892481,CHAPTER 41,fitness,0.03
1892603,CHAPTER 41,floated,0.03
1893097,CHAPTER 41,fungi,0.03
1893137,CHAPTER 41,fœtal,0.03
1893240,CHAPTER 41,gashed,0.03
1893263,CHAPTER 41,gave,0.03
1893293,CHAPTER 41,general,0.03
1893414,CHAPTER 41,given,0.03
1893450,CHAPTER 41,gleamings,0.03
1893465,CHAPTER 41,gliding,0.03
1893522,CHAPTER 41,gnawed,0.03
1893565,CHAPTER 41,gone,0.03
1893725,CHAPTER 41,greedy,0.03
1893733,CHAPTER 41,greenland,0.03
1893990,CHAPTER 41,hammock,0.03
1894399,CHAPTER 41,hidden,0.03
1894461,CHAPTER 41,hired,0.03
1894475,CHAPTER 41,histories,0.03
1894476,CHAPTER 41,history,0.03
1894607,CHAPTER 41,hopefully,0.03
1894641,CHAPTER 41,horrify,0.03
1894662,CHAPTER 41,hostilely,0.03
1894669,CHAPTER 41,hotel,0.03
1894728,CHAPTER 41,human,0.03
1894764,CHAPTER 41,hump,0.03
1894863,CHAPTER 41,idea,0.03
1894872,CHAPTER 41,identify,0.03
1894987,CHAPTER 41,immitigable,0.03
1895187,CHAPTER 41,incapacitated,0.03
1895193,CHAPTER 41,incarnation,0.03
1895249,CHAPTER 41,incompetence,0.03
1895250,CHAPTER 41,incompetency,0.03
1895268,CHAPTER 41,incontestable,0.03
1895284,CHAPTER 41,incredibly,0.03
1895295,CHAPTER 41,incurable,0.03
1895371,CHAPTER 41,individualizing,0.03
1895421,CHAPTER 41,inexperience,0.03
1895476,CHAPTER 41,infixed,0.03
1895478,CHAPTER 41,inflamed,0.03
1895721,CHAPTER 41,intangible,0.03
1895774,CHAPTER 41,interfusing,0.03
1895831,CHAPTER 41,intervals,0.03
1895927,CHAPTER 41,invested,0.03
1895977,CHAPTER 41,invulnerable,0.03
1895986,CHAPTER 41,ire,0.03
1896008,CHAPTER 41,irregularity,0.03
1896238,CHAPTER 41,jollity,0.03
1896387,CHAPTER 41,keyed,0.03
1896466,CHAPTER 41,knife,0.03
1896530,CHAPTER 41,laceration,0.03
1896579,CHAPTER 41,lance,0.03
1896659,CHAPTER 41,late,0.03
1896800,CHAPTER 41,left,0.03
1896888,CHAPTER 41,leviathan,0.03
1896973,CHAPTER 41,likewise,0.03
1896988,CHAPTER 41,limitless,0.03
1897308,CHAPTER 41,lunatic,0.03
1897417,CHAPTER 41,maddens,0.03
1897470,CHAPTER 41,magnitude,0.03
1897520,CHAPTER 41,malay,0.03
1897639,CHAPTER 41,marbled,0.03
1897774,CHAPTER 41,mates,0.03
1897865,CHAPTER 41,mediocrity,0.03
1898101,CHAPTER 41,mindedness,0.03
1898104,CHAPTER 41,miner,0.03
1898119,CHAPTER 41,mint,0.03
1898234,CHAPTER 41,mock,0.03
1898311,CHAPTER 41,mongrel,0.03
1898354,CHAPTER 41,moodiness,0.03
1898382,CHAPTER 41,morally,0.03
1898387,CHAPTER 41,morbid,0.03
1898489,CHAPTER 41,mower,0.03
1898596,CHAPTER 41,mutilated,0.03
1898676,CHAPTER 41,narrations,0.03
1898946,CHAPTER 41,northman,0.03
1899115,CHAPTER 41,obstructed,0.03
1899192,CHAPTER 41,officered,0.03
1899222,CHAPTER 41,olassen,0.03
1899288,CHAPTER 41,ophites,0.03
1899368,CHAPTER 41,originated,0.03
1899412,CHAPTER 41,outblown,0.03
1899476,CHAPTER 41,overawed,0.03
1899543,CHAPTER 41,overtaken,0.03
1900085,CHAPTER 41,perceptibility,0.03
1900363,CHAPTER 41,piled,0.03
1900454,CHAPTER 41,pitted,0.03
1900742,CHAPTER 41,popularize,0.03
1900789,CHAPTER 41,portugal,0.03
1900873,CHAPTER 41,power,0.03
1900939,CHAPTER 41,precipitancy,0.03
1901027,CHAPTER 41,present,0.03
1901057,CHAPTER 41,prestige,0.03
1901118,CHAPTER 41,primitively,0.03
1901227,CHAPTER 41,profitable,0.03
1901267,CHAPTER 41,prominent,0.03
1901368,CHAPTER 41,protesting,0.03
1901628,CHAPTER 41,quenchless,0.03
1901631,CHAPTER 41,question,0.03
1901638,CHAPTER 41,quick,0.03
1901852,CHAPTER 41,raved,0.03
1901889,CHAPTER 41,realities,0.03
1902125,CHAPTER 41,regarded,0.03
1902241,CHAPTER 41,remarkable,0.03
1902302,CHAPTER 41,renegades,0.03
1902329,CHAPTER 41,repeated,0.03
1902365,CHAPTER 41,reports,0.03
1902404,CHAPTER 41,repulses,0.03
1902611,CHAPTER 41,reverenced,0.03
1902716,CHAPTER 41,right,0.03
1902834,CHAPTER 41,rockings,0.03
1902941,CHAPTER 41,royalties,0.03
1903161,CHAPTER 41,sanely,0.03
1903463,CHAPTER 41,sea,0.03
1903514,CHAPTER 41,secret,0.03
1904059,CHAPTER 41,sickle,0.03
1904083,CHAPTER 41,sight,0.03
1904128,CHAPTER 41,similar,0.03
1904232,CHAPTER 41,skiff,0.03
1904434,CHAPTER 41,smiled,0.03
1904678,CHAPTER 41,sort,0.03
1904766,CHAPTER 41,special,0.03
1904772,CHAPTER 41,species,0.03
1904839,CHAPTER 41,spiked,0.03
1904962,CHAPTER 41,spread,0.03
1905075,CHAPTER 41,stand,0.03
1905116,CHAPTER 41,state,0.03
1905325,CHAPTER 41,stormed,0.03
1905330,CHAPTER 41,story,0.03
1905393,CHAPTER 41,strello,0.03
1905394,CHAPTER 41,strength,0.03
1905414,CHAPTER 41,strike,0.03
1905453,CHAPTER 41,struck,0.03
1905597,CHAPTER 41,subtler,0.03
1905631,CHAPTER 41,suddenly,0.03
1905771,CHAPTER 41,superlatively,0.03
1905837,CHAPTER 41,surface,0.03
1905931,CHAPTER 41,swam,0.03
1906040,CHAPTER 41,sympathetical,0.03
1906048,CHAPTER 41,symptom,0.03
1906051,CHAPTER 41,syracuse,0.03
1906338,CHAPTER 41,terrible,0.03
1906339,CHAPTER 41,terribleness,0.03
1906347,CHAPTER 41,terror,0.03
1906358,CHAPTER 41,tested,0.03
1906381,CHAPTER 41,thanked,0.03
1906419,CHAPTER 41,thermes,0.03
1906440,CHAPTER 41,things,0.03
1906477,CHAPTER 41,thought,0.03
1906528,CHAPTER 41,throned,0.03
1906539,CHAPTER 41,thrown,0.03
1906797,CHAPTER 41,torsoes,0.03
1906917,CHAPTER 41,transferring,0.03
1906919,CHAPTER 41,transfigured,0.03
1906934,CHAPTER 41,transit,0.03
1906960,CHAPTER 41,transports,0.03
1907016,CHAPTER 41,tremendousness,0.03
1907097,CHAPTER 41,trope,0.03
1907142,CHAPTER 41,truth,0.03
1907289,CHAPTER 41,ubiquity,0.03
1907323,CHAPTER 41,unaided,0.03
1907380,CHAPTER 41,unborrowed,0.03
1907412,CHAPTER 41,uncharted,0.03
1907433,CHAPTER 41,uncommon,0.03
1907501,CHAPTER 41,underground,0.03
1907506,CHAPTER 41,underlings,0.03
1907516,CHAPTER 41,understandings,0.03
1907600,CHAPTER 41,unensanguined,0.03
1907619,CHAPTER 41,unexampled,0.03
1907621,CHAPTER 41,unexempt,0.03
1907633,CHAPTER 41,unfair,0.03
1907674,CHAPTER 41,unfrequent,0.03
1907718,CHAPTER 41,unhinted,0.03
1907751,CHAPTER 41,unintelligent,0.03
1907799,CHAPTER 41,unlikely,0.03
1907800,CHAPTER 41,unlimbed,0.03
1907945,CHAPTER 41,unrelenting,0.03
1908072,CHAPTER 41,unsullied,0.03
1908186,CHAPTER 41,upholding,0.03
1908526,CHAPTER 41,vindictiveness,0.03
1908793,CHAPTER 41,warfare,0.03
1908865,CHAPTER 41,watery,0.03
1908879,CHAPTER 41,way,0.03
1908998,CHAPTER 41,whales,0.03
1909268,CHAPTER 41,woes,0.03
1909282,CHAPTER 41,wonderful,0.03
1909285,CHAPTER 41,wonderfulness,0.03
1883843,CHAPTER 41,abandonment,0.02
1883872,CHAPTER 41,abhorred,0.02
1883907,CHAPTER 41,abound,0.02
1883984,CHAPTER 41,accident,0.02
1883998,CHAPTER 41,accompaniments,0.02
1884021,CHAPTER 41,accounts,0.02
1884053,CHAPTER 41,acquaintances,0.02
1884095,CHAPTER 41,adam,0.02
1884102,CHAPTER 41,added,0.02
1884118,CHAPTER 41,adequate,0.02
1884311,CHAPTER 41,ages,0.02
1884329,CHAPTER 41,aghast,0.02
1884346,CHAPTER 41,agonizing,0.02
1884399,CHAPTER 41,alarm,0.02
1884577,CHAPTER 41,amid,0.02
1884643,CHAPTER 41,ancient,0.02
1884667,CHAPTER 41,anguish,0.02
1884751,CHAPTER 41,antique,0.02
1884805,CHAPTER 41,appalling,0.02
1884811,CHAPTER 41,apparent,0.02
1884813,CHAPTER 41,apparition,0.02
1884822,CHAPTER 41,appearances,0.02
1884825,CHAPTER 41,appears,0.02
1884828,CHAPTER 41,appellation,0.02
1885085,CHAPTER 41,ascribed,0.02
1885204,CHAPTER 41,athirst,0.02
1885225,CHAPTER 41,attack,0.02
1885226,CHAPTER 41,attacked,0.02
1885239,CHAPTER 41,attempt,0.02
1885247,CHAPTER 41,attended,0.02
1885285,CHAPTER 41,audacious,0.02
1885378,CHAPTER 41,away,0.02
1885380,CHAPTER 41,awe,0.02
1885383,CHAPTER 41,awful,0.02
1885577,CHAPTER 41,barbs,0.02
1885601,CHAPTER 41,baron,0.02
1885702,CHAPTER 41,bearded,0.02
1885788,CHAPTER 41,beget,0.02
1885837,CHAPTER 41,belief,0.02
1885910,CHAPTER 41,bent,0.02
1886029,CHAPTER 41,billows,0.02
1886155,CHAPTER 41,bled,0.02
1886167,CHAPTER 41,blessed,0.02
1886184,CHAPTER 41,blindly,0.02
1886207,CHAPTER 41,blood,0.02
1886215,CHAPTER 41,bloody,0.02
1886285,CHAPTER 41,bodies,0.02
1886305,CHAPTER 41,boldly,0.02
1886311,CHAPTER 41,bolted,0.02
1886367,CHAPTER 41,bore,0.02
1886476,CHAPTER 41,brain,0.02
1886500,CHAPTER 41,brave,0.02
1886550,CHAPTER 41,bred,0.02
1886578,CHAPTER 41,bridal,0.02
1886644,CHAPTER 41,broad,0.02
1886671,CHAPTER 41,brooding,0.02
1886707,CHAPTER 41,brute,0.02
1886817,CHAPTER 41,buried,0.02
1886834,CHAPTER 41,burst,0.02
1886925,CHAPTER 41,cakes,0.02
1886931,CHAPTER 41,calamity,0.02
1886934,CHAPTER 41,calculating,0.02
1886950,CHAPTER 41,calling,0.02
1887014,CHAPTER 41,cannibals,0.02
1887017,CHAPTER 41,cannon,0.02
1887076,CHAPTER 41,captain,0.02
1887081,CHAPTER 41,captive,0.02
1887085,CHAPTER 41,captured,0.02
1887186,CHAPTER 41,castaways,0.02
1887200,CHAPTER 41,casualty,0.02
1887242,CHAPTER 41,caused,0.02
1887367,CHAPTER 41,chancing,0.02
1887371,CHAPTER 41,change,0.02
1887395,CHAPTER 41,character,0.02
1887445,CHAPTER 41,chasing,0.02
1887482,CHAPTER 41,cheer,0.02
1887505,CHAPTER 41,cherished,0.02
1887522,CHAPTER 41,chewed,0.02
1887529,CHAPTER 41,chiefly,0.02
1887563,CHAPTER 41,chips,0.02
1887612,CHAPTER 41,christians,0.02
1887673,CHAPTER 41,circumference,0.02
1887832,CHAPTER 41,clinch,0.02
1887835,CHAPTER 41,cling,0.02
1888025,CHAPTER 41,collected,0.02
1888201,CHAPTER 41,comparatively,0.02
1888223,CHAPTER 41,competent,0.02
1888281,CHAPTER 41,comprehended,0.02
1888303,CHAPTER 41,comrades,0.02
1888586,CHAPTER 41,contact,0.02
1888612,CHAPTER 41,content,0.02
1888630,CHAPTER 41,continually,0.02
1888647,CHAPTER 41,contracted,0.02
1888656,CHAPTER 41,contradictory,0.02
1888878,CHAPTER 41,counted,0.02
1888913,CHAPTER 41,courageous,0.02
1888974,CHAPTER 41,cracks,0.02
1889020,CHAPTER 41,crazy,0.02
1889026,CHAPTER 41,creamy,0.02
1889047,CHAPTER 41,credulous,0.02
1889170,CHAPTER 41,cruisers,0.02
1889171,CHAPTER 41,cruises,0.02
1889264,CHAPTER 41,currents,0.02
1889268,CHAPTER 41,curses,0.02
1889308,CHAPTER 41,cuvier,0.02
1889403,CHAPTER 41,daring,0.02
1889407,CHAPTER 41,darker,0.02
1889416,CHAPTER 41,dart,0.02
1889418,CHAPTER 41,darting,0.02
1889421,CHAPTER 41,dash,0.02
1889423,CHAPTER 41,dashed,0.02
1889448,CHAPTER 41,day,0.02
1889465,CHAPTER 41,deadliest,0.02
1889467,CHAPTER 41,deadly,0.02
1889481,CHAPTER 41,death,0.02
1889547,CHAPTER 41,declared,0.02
1889550,CHAPTER 41,decline,0.02
1889579,CHAPTER 41,deep,0.02
1889627,CHAPTER 41,deformed,0.02
1889687,CHAPTER 41,deliriously,0.02
1889724,CHAPTER 41,demon,0.02
1889735,CHAPTER 41,den,0.02
1889819,CHAPTER 41,depth,0.02
1889906,CHAPTER 41,desperate,0.02
1889942,CHAPTER 41,details,0.02
1889952,CHAPTER 41,determinate,0.02
1890005,CHAPTER 41,devouring,0.02
1890059,CHAPTER 41,died,0.02
1890108,CHAPTER 41,dim,0.02
1890142,CHAPTER 41,direct,0.02
1890147,CHAPTER 41,directly,0.02
1890176,CHAPTER 41,disasters,0.02
1890326,CHAPTER 41,dismay,0.02
1890422,CHAPTER 41,distant,0.02
1890423,CHAPTER 41,distantly,0.02
1890445,CHAPTER 41,distracted,0.02
1890477,CHAPTER 41,dive,0.02
1890512,CHAPTER 41,divulged,0.02
1890537,CHAPTER 41,does,0.02
1890549,CHAPTER 41,doing,0.02
1890555,CHAPTER 41,dollars,0.02
1890582,CHAPTER 41,dominion,0.02
1890628,CHAPTER 41,doubted,0.02
1890661,CHAPTER 41,drag,0.02
1890698,CHAPTER 41,dread,0.02
1890705,CHAPTER 41,dreamed,0.02
1890716,CHAPTER 41,dreary,0.02
1890746,CHAPTER 41,drive,0.02
1890914,CHAPTER 41,earlier,0.02
1890928,CHAPTER 41,earthly,0.02
1890939,CHAPTER 41,east,0.02
1890950,CHAPTER 41,eating,0.02
1890986,CHAPTER 41,eddies,0.02
1890992,CHAPTER 41,edge,0.02
1891018,CHAPTER 41,effaced,0.02
1891049,CHAPTER 41,egyptian,0.02
1891153,CHAPTER 41,embark,0.02
1891285,CHAPTER 41,encounters,0.02
1891357,CHAPTER 41,english,0.02
1891424,CHAPTER 41,ensue,0.02
1891571,CHAPTER 41,erudite,0.02
1891589,CHAPTER 41,especially,0.02
1891603,CHAPTER 41,essence,0.02
1891633,CHAPTER 41,eternity,0.02
1891676,CHAPTER 41,events,0.02
1891699,CHAPTER 41,evinced,0.02
1891732,CHAPTER 41,exasperating,0.02
1891738,CHAPTER 41,exceeded,0.02
1891841,CHAPTER 41,exiled,0.02
1891844,CHAPTER 41,existence,0.02
1891888,CHAPTER 41,experience,0.02
1891890,CHAPTER 41,experiences,0.02
1891902,CHAPTER 41,explain,0.02
1891992,CHAPTER 41,exulting,0.02
1892040,CHAPTER 41,fail,0.02
1892047,CHAPTER 41,faint,0.02
1892094,CHAPTER 41,family,0.02
1892108,CHAPTER 41,fancy,0.02
1892182,CHAPTER 41,fathom,0.02
1892220,CHAPTER 41,fearfully,0.02
1892221,CHAPTER 41,fearfulness,0.02
1892224,CHAPTER 41,fearlessly,0.02
1892241,CHAPTER 41,features,0.02
1892264,CHAPTER 41,feel,0.02
1892312,CHAPTER 41,ferocious,0.02
1892371,CHAPTER 41,field,0.02
1892447,CHAPTER 41,fireside,0.02
1892452,CHAPTER 41,firm,0.02
1892495,CHAPTER 41,flag,0.02
1892521,CHAPTER 41,flanks,0.02
1892555,CHAPTER 41,fled,0.02
1892556,CHAPTER 41,flee,0.02
1892561,CHAPTER 41,fleet,0.02
1892584,CHAPTER 41,flight,0.02
1892647,CHAPTER 41,flowing,0.02
1892649,CHAPTER 41,flows,0.02
1892681,CHAPTER 41,foam,0.02
1892702,CHAPTER 41,fold,0.02
1892849,CHAPTER 41,formed,0.02
1892870,CHAPTER 41,fortitude,0.02
1892902,CHAPTER 41,fountain,0.02
1892938,CHAPTER 41,frantic,0.02
1892979,CHAPTER 41,frequented,0.02
1893054,CHAPTER 41,frozen,0.02
1893076,CHAPTER 41,fully,0.02
1893104,CHAPTER 41,furious,0.02
1893129,CHAPTER 41,fury,0.02
1893150,CHAPTER 41,gained,0.02
1893154,CHAPTER 41,gainsaid,0.02
1893161,CHAPTER 41,gales,0.02
1893254,CHAPTER 41,gathering,0.02
1893364,CHAPTER 41,ghastly,0.02
1893416,CHAPTER 41,gives,0.02
1893470,CHAPTER 41,glimpse,0.02
1893560,CHAPTER 41,golden,0.02
1893579,CHAPTER 41,gorge,0.02
1893648,CHAPTER 41,grandeur,0.02
1893677,CHAPTER 41,grass,0.02
1893718,CHAPTER 41,greater,0.02
1893719,CHAPTER 41,greatest,0.02
1893749,CHAPTER 41,grey,0.02
1893760,CHAPTER 41,grieved,0.02
1893764,CHAPTER 41,grim,0.02
1893819,CHAPTER 41,groves,0.02
1893820,CHAPTER 41,grow,0.02
1893971,CHAPTER 41,halls,0.02
1893986,CHAPTER 41,hammer,0.02
1894000,CHAPTER 41,hand,0.02
1894054,CHAPTER 41,harbor,0.02
1894074,CHAPTER 41,hardy,0.02
1894129,CHAPTER 41,hatches,0.02
1894161,CHAPTER 41,haunted,0.02
1894169,CHAPTER 41,having,0.02
1894191,CHAPTER 41,headed,0.02
1894223,CHAPTER 41,hearing,0.02
1894224,CHAPTER 41,hearken,0.02
1894235,CHAPTER 41,hearth,0.02
1894358,CHAPTER 41,hereditary,0.02
1894412,CHAPTER 41,high,0.02
1894415,CHAPTER 41,highland,0.02
1894456,CHAPTER 41,hints,0.02
1894483,CHAPTER 41,hitherto,0.02
1894544,CHAPTER 41,holy,0.02
1894547,CHAPTER 41,home,0.02
1894555,CHAPTER 41,homeward,0.02
1894622,CHAPTER 41,horn,0.02
1894653,CHAPTER 41,hospitable,0.02
1894666,CHAPTER 41,hot,0.02
1894698,CHAPTER 41,howl,0.02
1894700,CHAPTER 41,howling,0.02
1894708,CHAPTER 41,hudson,0.02
1894773,CHAPTER 41,hundreds,0.02
1894780,CHAPTER 41,hunt,0.02
1894785,CHAPTER 41,hunting,0.02
1894874,CHAPTER 41,identity,0.02
1894898,CHAPTER 41,ignoble,0.02
1894903,CHAPTER 41,ignorance,0.02
1894905,CHAPTER 41,ignorantly,0.02
1894914,CHAPTER 41,ill,0.02
1894949,CHAPTER 41,imagination,0.02
1894989,CHAPTER 41,immortal,0.02
1894993,CHAPTER 41,immortality,0.02
1895033,CHAPTER 41,impelled,0.02
1895119,CHAPTER 41,impressions,0.02
1895205,CHAPTER 41,inch,0.02
1895231,CHAPTER 41,included,0.02
1895273,CHAPTER 41,incorporate,0.02
1895333,CHAPTER 41,indifference,0.02
1895346,CHAPTER 41,indirect,0.02
1895364,CHAPTER 41,individual,0.02
1895383,CHAPTER 41,induce,0.02
1895417,CHAPTER 41,inevitably,0.02
1895450,CHAPTER 41,inference,0.02
1895488,CHAPTER 41,inflicted,0.02
1895566,CHAPTER 41,inland,0.02
1895598,CHAPTER 41,inordinate,0.02
1895672,CHAPTER 41,instant,0.02
1895673,CHAPTER 41,instantaneous,0.02
1895694,CHAPTER 41,instrument,0.02
1895699,CHAPTER 41,insufferable,0.02
1895725,CHAPTER 41,intellect,0.02
1895727,CHAPTER 41,intellectual,0.02
1895741,CHAPTER 41,intensified,0.02
1895746,CHAPTER 41,intent,0.02
1895830,CHAPTER 41,interval,0.02
1895863,CHAPTER 41,intrepid,0.02
1896016,CHAPTER 41,irresistible,0.02
1896047,CHAPTER 41,isle,0.02
1896060,CHAPTER 41,issued,0.02
1896069,CHAPTER 41,item,0.02
1896083,CHAPTER 41,jacket,0.02
1896169,CHAPTER 41,jet,0.02
1896203,CHAPTER 41,job,0.02
1896287,CHAPTER 41,judge,0.02
1896343,CHAPTER 41,justified,0.02
1896424,CHAPTER 41,kindred,0.02
1896428,CHAPTER 41,king,0.02
1896494,CHAPTER 41,knowing,0.02
1896496,CHAPTER 41,knowledge,0.02
1896498,CHAPTER 41,known,0.02
1896528,CHAPTER 41,lace,0.02
1896560,CHAPTER 41,lake,0.02
1896584,CHAPTER 41,land,0.02
1896632,CHAPTER 41,large,0.02
1896636,CHAPTER 41,larger,0.02
1896738,CHAPTER 41,leads,0.02
1896743,CHAPTER 41,leagues,0.02
1896766,CHAPTER 41,learned,0.02
1896797,CHAPTER 41,lees,0.02
1896811,CHAPTER 41,legendary,0.02
1896839,CHAPTER 41,length,0.02
1896891,CHAPTER 41,leviathans,0.02
1896940,CHAPTER 41,lift,0.02
1896964,CHAPTER 41,like,0.02
1896970,CHAPTER 41,likeness,0.02
1897014,CHAPTER 41,linked,0.02
1897046,CHAPTER 41,literally,0.02
1897067,CHAPTER 41,lively,0.02
1897172,CHAPTER 41,longitudes,0.02
1897192,CHAPTER 41,loose,0.02
1897255,CHAPTER 41,lower,0.02
1897256,CHAPTER 41,lowered,0.02
1897310,CHAPTER 41,lung,0.02
1897326,CHAPTER 41,lurked,0.02
1897327,CHAPTER 41,lurking,0.02
1897439,CHAPTER 41,magic,0.02
1897508,CHAPTER 41,make,0.02
1897531,CHAPTER 41,malicious,0.02
1897592,CHAPTER 41,mankind,0.02
1897664,CHAPTER 41,marked,0.02
1897718,CHAPTER 41,marvels,0.02
1897787,CHAPTER 41,matter,0.02
1897835,CHAPTER 41,means,0.02
1897950,CHAPTER 41,mere,0.02
1897955,CHAPTER 41,meridian,0.02
1898030,CHAPTER 41,mid,0.02
1898062,CHAPTER 41,mild,0.02
1898078,CHAPTER 41,milky,0.02
1898150,CHAPTER 41,mischief,0.02
1898251,CHAPTER 41,modern,0.02
1898254,CHAPTER 41,modes,0.02
1898348,CHAPTER 41,months,0.02
1898389,CHAPTER 41,morbidness,0.02
1898411,CHAPTER 41,mortar,0.02
1898439,CHAPTER 41,motive,0.02
1898453,CHAPTER 41,mountain,0.02
1898504,CHAPTER 41,muffled,0.02
1898546,CHAPTER 41,murderous,0.02
1898622,CHAPTER 41,mystic,0.02
1898623,CHAPTER 41,mystical,0.02
1898657,CHAPTER 41,nantucketer,0.02
1898679,CHAPTER 41,narrow,0.02
1898681,CHAPTER 41,narrowly,0.02
1898694,CHAPTER 41,nations,0.02
1898700,CHAPTER 41,naturalists,0.02
1898706,CHAPTER 41,naught,0.02
1898724,CHAPTER 41,near,0.02
1898841,CHAPTER 41,new,0.02
1898848,CHAPTER 41,news,0.02
1898903,CHAPTER 41,nobler,0.02
1898932,CHAPTER 41,noon,0.02
1899037,CHAPTER 41,oars,0.02
1899043,CHAPTER 41,oaths,0.02
1899161,CHAPTER 41,odds,0.02
1899185,CHAPTER 41,offered,0.02
1899186,CHAPTER 41,offering,0.02
1899301,CHAPTER 41,opposite,0.02
1899363,CHAPTER 41,original,0.02
1899564,CHAPTER 41,owing,0.02
1899589,CHAPTER 41,packed,0.02
1899638,CHAPTER 41,pale,0.02
1899694,CHAPTER 41,panic,0.02
1899841,CHAPTER 41,passionate,0.02
1899851,CHAPTER 41,past,0.02
1899862,CHAPTER 41,patagonian,0.02
1899878,CHAPTER 41,patient,0.02
1899968,CHAPTER 41,peculiar,0.02
1900131,CHAPTER 41,perished,0.02
1900187,CHAPTER 41,personified,0.02
1900218,CHAPTER 41,pervading,0.02
1900317,CHAPTER 41,pick,0.02
1900318,CHAPTER 41,picked,0.02
1900370,CHAPTER 41,piling,0.02
1900438,CHAPTER 41,pitches,0.02
1900513,CHAPTER 41,planted,0.02
1900574,CHAPTER 41,plenty,0.02
1900656,CHAPTER 41,points,0.02
1900769,CHAPTER 41,portents,0.02
1900799,CHAPTER 41,possess,0.02
1900800,CHAPTER 41,possessed,0.02
1900833,CHAPTER 41,potency,0.02
1900883,CHAPTER 41,practical,0.02
1900884,CHAPTER 41,practically,0.02
1900889,CHAPTER 41,practised,0.02
1900910,CHAPTER 41,pre,0.02
1900943,CHAPTER 41,precise,0.02
1900979,CHAPTER 41,pregnant,0.02
1901065,CHAPTER 41,presumption,0.02
1901094,CHAPTER 41,previously,0.02
1901155,CHAPTER 41,probability,0.02
1901156,CHAPTER 41,probable,0.02
1901157,CHAPTER 41,probably,0.02
1901212,CHAPTER 41,professional,0.02
1901226,CHAPTER 41,profit,0.02
1901232,CHAPTER 41,profound,0.02
1901236,CHAPTER 41,profundities,0.02
1901377,CHAPTER 41,proud,0.02
1901378,CHAPTER 41,prouder,0.02
1901411,CHAPTER 41,prow,0.02
1901413,CHAPTER 41,prows,0.02
1901416,CHAPTER 41,prudent,0.02
1901525,CHAPTER 41,purposely,0.02
1901538,CHAPTER 41,pursuing,0.02
1901539,CHAPTER 41,pursuit,0.02
1901546,CHAPTER 41,pushing,0.02
1901558,CHAPTER 41,pyramidical,0.02
1901589,CHAPTER 41,qualified,0.02
1901630,CHAPTER 41,quest,0.02
1901665,CHAPTER 41,quit,0.02
1901694,CHAPTER 41,race,0.02
1901830,CHAPTER 41,rate,0.02
1901872,CHAPTER 41,reach,0.02
1901900,CHAPTER 41,reaped,0.02
1901909,CHAPTER 41,reason,0.02
1901910,CHAPTER 41,reasonable,0.02
1901916,CHAPTER 41,reasons,0.02
1901933,CHAPTER 41,recalled,0.02
1901972,CHAPTER 41,recklessness,0.02
1902007,CHAPTER 41,record,0.02
1902076,CHAPTER 41,reference,0.02
1902077,CHAPTER 41,referred,0.02
1902127,CHAPTER 41,regarding,0.02
1902187,CHAPTER 41,related,0.02
1902239,CHAPTER 41,remains,0.02
1902284,CHAPTER 41,remotest,0.02
1902361,CHAPTER 41,report,0.02
1902362,CHAPTER 41,reported,0.02
1902428,CHAPTER 41,research,0.02
1902506,CHAPTER 41,responded,0.02
1902516,CHAPTER 41,rest,0.02
1902576,CHAPTER 41,retreats,0.02
1902590,CHAPTER 41,revealed,0.02
1902634,CHAPTER 41,revived,0.02
1902718,CHAPTER 41,righteous,0.02
1902776,CHAPTER 41,rise,0.02
1902835,CHAPTER 41,rocks,0.02
1902855,CHAPTER 41,roman,0.02
1902878,CHAPTER 41,root,0.02
1902912,CHAPTER 41,rounding,0.02
1903011,CHAPTER 41,rush,0.02
1903058,CHAPTER 41,sad,0.02
1903092,CHAPTER 41,sailors,0.02
1903160,CHAPTER 41,sane,0.02
1903166,CHAPTER 41,sanity,0.02
1903351,CHAPTER 41,scorched,0.02
1903357,CHAPTER 41,scoresby,0.02
1903496,CHAPTER 41,seated,0.02
1903503,CHAPTER 41,secluded,0.02
1903522,CHAPTER 41,secrets,0.02
1903552,CHAPTER 41,seeking,0.02
1903559,CHAPTER 41,seen,0.02
1903576,CHAPTER 41,seized,0.02
1903578,CHAPTER 41,seizing,0.02
1903651,CHAPTER 41,separate,0.02
1903667,CHAPTER 41,serene,0.02
1903722,CHAPTER 41,seventy,0.02
1903753,CHAPTER 41,shadow,0.02
1903763,CHAPTER 41,shaft,0.02
1903768,CHAPTER 41,shake,0.02
1903803,CHAPTER 41,shaped,0.02
1903814,CHAPTER 41,sharks,0.02
1903863,CHAPTER 41,shell,0.02
1903884,CHAPTER 41,shifting,0.02
1903901,CHAPTER 41,ship,0.02
1903911,CHAPTER 41,ships,0.02
1903950,CHAPTER 41,shore,0.02
1903953,CHAPTER 41,shores,0.02
1903974,CHAPTER 41,shouted,0.02
1903976,CHAPTER 41,shouts,0.02
1904016,CHAPTER 41,shrouded,0.02
1904032,CHAPTER 41,shun,0.02
1904157,CHAPTER 41,sinews,0.02
1904173,CHAPTER 41,sinking,0.02
1904187,CHAPTER 41,sire,0.02
1904416,CHAPTER 41,small,0.02
1904446,CHAPTER 41,smitten,0.02
1904457,CHAPTER 41,smote,0.02
1904591,CHAPTER 41,sole,0.02
1904620,CHAPTER 41,solitary,0.02
1904682,CHAPTER 41,sorts,0.02
1904686,CHAPTER 41,soul,0.02
1904693,CHAPTER 41,sounding,0.02
1904709,CHAPTER 41,southern,0.02
1904720,CHAPTER 41,spaces,0.02
1904729,CHAPTER 41,spangled,0.02
1904765,CHAPTER 41,spears,0.02
1904769,CHAPTER 41,specially,0.02
1904798,CHAPTER 41,speculations,0.02
1904879,CHAPTER 41,spiritual,0.02
1904903,CHAPTER 41,splinters,0.02
1904946,CHAPTER 41,spotted,0.02
1904956,CHAPTER 41,sprained,0.02
1904971,CHAPTER 41,sprinkled,0.02
1905137,CHAPTER 41,statue,0.02
1905146,CHAPTER 41,stave,0.02
1905201,CHAPTER 41,stem,0.02
1905207,CHAPTER 41,stepped,0.02
1905269,CHAPTER 41,stirs,0.02
1905293,CHAPTER 41,stone,0.02
1905334,CHAPTER 41,stove,0.02
1905357,CHAPTER 41,strait,0.02
1905383,CHAPTER 41,streaked,0.02
1905398,CHAPTER 41,stretch,0.02
1905400,CHAPTER 41,stretched,0.02
1905428,CHAPTER 41,stripped,0.02
1905438,CHAPTER 41,stroke,0.02
1905448,CHAPTER 41,stronger,0.02
1905502,CHAPTER 41,stun,0.02
1905534,CHAPTER 41,subject,0.02
1905566,CHAPTER 41,subsided,0.02
1905586,CHAPTER 41,subterranean,0.02
1905595,CHAPTER 41,subtle,0.02
1905608,CHAPTER 41,succeed,0.02
1905637,CHAPTER 41,sufferable,0.02
1905647,CHAPTER 41,sufficiently,0.02
1905691,CHAPTER 41,sum,0.02
1905724,CHAPTER 41,sunlight,0.02
1905785,CHAPTER 41,superstitions,0.02
1905787,CHAPTER 41,superstitiously,0.02
1905788,CHAPTER 41,superstitiousness,0.02
1905854,CHAPTER 41,surmisings,0.02
1905867,CHAPTER 41,surprise,0.02
1905870,CHAPTER 41,surprising,0.02
1905966,CHAPTER 41,sweeping,0.02
1905983,CHAPTER 41,swells,0.02
1905990,CHAPTER 41,swiftness,0.02
1905992,CHAPTER 41,swim,0.02
1905994,CHAPTER 41,swimming,0.02
1906023,CHAPTER 41,swung,0.02
1906049,CHAPTER 41,symptoms,0.02
1906110,CHAPTER 41,tales,0.02
1906258,CHAPTER 41,telling,0.02
1906298,CHAPTER 41,tending,0.02
1906331,CHAPTER 41,terra,0.02
1906527,CHAPTER 41,throne,0.02
1906582,CHAPTER 41,tidings,0.02
1906621,CHAPTER 41,timidity,0.02
1906711,CHAPTER 41,tokens,0.02
1906776,CHAPTER 41,tore,0.02
1906783,CHAPTER 41,torments,0.02
1906831,CHAPTER 41,tow,0.02
1906837,CHAPTER 41,towers,0.02
1906893,CHAPTER 41,tranquil,0.02
1906982,CHAPTER 41,treacherous,0.02
1907005,CHAPTER 41,tree,0.02
1907102,CHAPTER 41,tropics,0.02
1907191,CHAPTER 41,turbaned,0.02
1907196,CHAPTER 41,turk,0.02
1907202,CHAPTER 41,turn,0.02
1907229,CHAPTER 41,twelvemonth,0.02
1907312,CHAPTER 41,unaccompanied,0.02
1907313,CHAPTER 41,unaccountable,0.02
1907420,CHAPTER 41,uncivilized,0.02
1907458,CHAPTER 41,unconscious,0.02
1907493,CHAPTER 41,undeniable,0.02
1907585,CHAPTER 41,unearthly,0.02
1907643,CHAPTER 41,unfathomably,0.02
1907689,CHAPTER 41,ungodly,0.02
1907703,CHAPTER 41,unharmed,0.02
1908081,CHAPTER 41,unsuspected,0.02
1908127,CHAPTER 41,unusual,0.02
1908272,CHAPTER 41,vaguely,0.02
1908333,CHAPTER 41,vast,0.02
1908370,CHAPTER 41,venetian,0.02
1908434,CHAPTER 41,vessels,0.02
1908476,CHAPTER 41,vicissitudes,0.02
1908557,CHAPTER 41,virtue,0.02
1908597,CHAPTER 41,vivid,0.02
1908606,CHAPTER 41,vocation,0.02
1908627,CHAPTER 41,volume,0.02
1908862,CHAPTER 41,waters,0.02
1908882,CHAPTER 41,ways,0.02
1908938,CHAPTER 41,weeks,0.02
1908959,CHAPTER 41,welded,0.02
1908975,CHAPTER 41,west,0.02
1909065,CHAPTER 41,whirling,0.02
1909122,CHAPTER 41,widely,0.02
1909126,CHAPTER 41,widest,0.02
1909144,CHAPTER 41,wildness,0.02
1909157,CHAPTER 41,willing,0.02
1909175,CHAPTER 41,winding,0.02
1909202,CHAPTER 41,winter,0.02
1909334,CHAPTER 41,works,0.02
1909335,CHAPTER 41,world,0.02
1909337,CHAPTER 41,worlds,0.02
1909348,CHAPTER 41,worship,0.02
1909377,CHAPTER 41,wrapped,0.02
1909384,CHAPTER 41,wrath,0.02
1909393,CHAPTER 41,wrecks,0.02
1909396,CHAPTER 41,wrenched,0.02
1909416,CHAPTER 41,wrinkled,0.02
1909421,CHAPTER 41,wrists,0.02
1884010,CHAPTER 41,according,0.01
1884015,CHAPTER 41,account,0.01
1884338,CHAPTER 41,ago,0.01
1884377,CHAPTER 41,air,0.01
1884449,CHAPTER 41,alive,0.01
1884529,CHAPTER 41,altogether,0.01
1884985,CHAPTER 41,arm,0.01
1885106,CHAPTER 41,aspect,0.01
1885402,CHAPTER 41,aye,0.01
1885699,CHAPTER 41,bear,0.01
1885708,CHAPTER 41,bearing,0.01
1885975,CHAPTER 41,better,0.01
1886232,CHAPTER 41,blue,0.01
1886256,CHAPTER 41,board,0.01
1886343,CHAPTER 41,book,0.01
1886751,CHAPTER 41,bulk,0.01
1886955,CHAPTER 41,calm,0.01
1887140,CHAPTER 41,carried,0.01
1887173,CHAPTER 41,cases,0.01
1887235,CHAPTER 41,caught,0.01
1887363,CHAPTER 41,chance,0.01
1887690,CHAPTER 41,circumstances,0.01
1888115,CHAPTER 41,coming,0.01
1888246,CHAPTER 41,completely,0.01
1889036,CHAPTER 41,creature,0.01
1889254,CHAPTER 41,curious,0.01
1889417,CHAPTER 41,darted,0.01
1889644,CHAPTER 41,degree,0.01
1889983,CHAPTER 41,devil,0.01
1890420,CHAPTER 41,distance,0.01
1890627,CHAPTER 41,doubt,0.01
1890925,CHAPTER 41,ears,0.01
1890926,CHAPTER 41,earth,0.01
1891460,CHAPTER 41,entire,0.01
1891994,CHAPTER 41,eye,0.01
1892066,CHAPTER 41,fall,0.01
1892152,CHAPTER 41,fast,0.01
1892266,CHAPTER 41,feeling,0.01
1892284,CHAPTER 41,fell,0.01
1892416,CHAPTER 41,final,0.01
1892417,CHAPTER 41,finally,0.01
1892461,CHAPTER 41,fish,0.01
1892530,CHAPTER 41,flask,0.01
1892779,CHAPTER 41,forehead,0.01
1892843,CHAPTER 41,form,0.01
1892864,CHAPTER 41,forth,0.01
1893540,CHAPTER 41,god,0.01
1893548,CHAPTER 41,gods,0.01
1893642,CHAPTER 41,grand,0.01
1894063,CHAPTER 41,hard,0.01
1894069,CHAPTER 41,hardly,0.01
1894101,CHAPTER 41,harpoons,0.01
1894189,CHAPTER 41,head,0.01
1894218,CHAPTER 41,hear,0.01
1894219,CHAPTER 41,heard,0.01
1894317,CHAPTER 41,help,0.01
1895992,CHAPTER 41,iron,0.01
1896073,CHAPTER 41,ivory,0.01
1896404,CHAPTER 41,kill,0.01
1896714,CHAPTER 41,lay,0.01
1896776,CHAPTER 41,leaving,0.01
1896946,CHAPTER 41,light,0.01
1896996,CHAPTER 41,line,0.01
1897055,CHAPTER 41,little,0.01
1897219,CHAPTER 41,lost,0.01
1897600,CHAPTER 41,manner,0.01
1897663,CHAPTER 41,mark,0.01
1898055,CHAPTER 41,mighty,0.01
1898068,CHAPTER 41,miles,0.01
1898405,CHAPTER 41,mortal,0.01
1898899,CHAPTER 41,noble,0.01
1899338,CHAPTER 41,orders,0.01
1899582,CHAPTER 41,pacific,0.01
1899830,CHAPTER 41,passed,0.01
1900072,CHAPTER 41,people,0.01
1900078,CHAPTER 41,pequod,0.01
1900464,CHAPTER 41,place,0.01
1900465,CHAPTER 41,placed,0.01
1900648,CHAPTER 41,point,0.01
1901886,CHAPTER 41,ready,0.01
1901887,CHAPTER 41,real,0.01
1901943,CHAPTER 41,received,0.01
1902235,CHAPTER 41,remain,0.01
1902908,CHAPTER 41,round,0.01
1903006,CHAPTER 41,running,0.01
1903080,CHAPTER 41,said,0.01
1903082,CHAPTER 41,sail,0.01
1903093,CHAPTER 41,sails,0.01
1903189,CHAPTER 41,sat,0.01
1903250,CHAPTER 41,say,0.01
1903581,CHAPTER 41,seldom,0.01
1903587,CHAPTER 41,self,0.01
1903704,CHAPTER 41,set,0.01
1904163,CHAPTER 41,single,0.01
1904509,CHAPTER 41,snow,0.01
1904652,CHAPTER 41,soon,0.01
1904690,CHAPTER 41,sound,0.01
1904947,CHAPTER 41,spout,0.01
1905090,CHAPTER 41,starbuck,0.01
1905363,CHAPTER 41,strange,0.01
1905466,CHAPTER 41,stubb,0.01
1905630,CHAPTER 41,sudden,0.01
1905710,CHAPTER 41,sun,0.01
1906102,CHAPTER 41,taken,0.01
1906255,CHAPTER 41,tell,0.01
1906441,CHAPTER 41,think,0.01
1906605,CHAPTER 41,till,0.01
1906747,CHAPTER 41,took,0.01
1907122,CHAPTER 41,true,0.01
1907203,CHAPTER 41,turned,0.01
1908193,CHAPTER 41,upper,0.01
1908276,CHAPTER 41,vain,0.01
1908319,CHAPTER 41,various,0.01
1908719,CHAPTER 41,wake,0.01
1908994,CHAPTER 41,whaleman,0.01
1909108,CHAPTER 41,wholly,0.01
1909121,CHAPTER 41,wide,0.01
1909172,CHAPTER 41,wind,0.01
1909280,CHAPTER 41,wonder,0.01
1909324,CHAPTER 41,work,0.01
1909514,CHAPTER 41,years,0.01
1909545,CHAPTER 41,young,0.01
