,chapter,term,tfidf
1480670,CHAPTER 27,squire,0.14
1460218,CHAPTER 27,american,0.13
1481114,CHAPTER 27,stubb,0.13
1474343,CHAPTER 27,native,0.12
1475726,CHAPTER 27,pequod,0.12
1464985,CHAPTER 27,daggoo,0.11
1468116,CHAPTER 27,fishery,0.11
1473414,CHAPTER 27,mate,0.11
1474291,CHAPTER 27,nails,0.11
1476062,CHAPTER 27,pipe,0.11
1460011,CHAPTER 27,ahasuerus,0.1
1466594,CHAPTER 27,easy,0.1
1468178,CHAPTER 27,flask,0.1
1481828,CHAPTER 27,tashtego,0.1
1484645,CHAPTER 27,whalers,0.1
1469746,CHAPTER 27,harpooneers,0.09
1477042,CHAPTER 27,provides,0.09
1461728,CHAPTER 27,black,0.08
1464271,CHAPTER 27,continent,0.08
1468408,CHAPTER 27,forces,0.08
1469851,CHAPTER 27,headsmen,0.08
1471693,CHAPTER 27,islanders,0.08
1472703,CHAPTER 27,little,0.08
1473349,CHAPTER 27,martha,0.08
1481774,CHAPTER 27,tambourine,0.08
1462698,CHAPTER 27,cape,0.07
1463603,CHAPTER 27,cod,0.07
1463753,CHAPTER 27,comfortable,0.07
1465776,CHAPTER 27,dinner,0.07
1466143,CHAPTER 27,divided,0.07
1468166,CHAPTER 27,flank,0.07
1469850,CHAPTER 27,headsman,0.07
1470973,CHAPTER 27,indian,0.07
1472612,CHAPTER 27,like,0.07
1472811,CHAPTER 27,long,0.07
1473562,CHAPTER 27,men,0.07
1479556,CHAPTER 27,shipped,0.07
1484178,CHAPTER 27,vineyard,0.07
1484646,CHAPTER 27,whales,0.07
1485086,CHAPTER 27,wrought,0.07
1462596,CHAPTER 27,called,0.06
1465129,CHAPTER 27,death,0.06
1466882,CHAPTER 27,employed,0.06
1466992,CHAPTER 27,engaged,0.06
1474304,CHAPTER 27,nantucket,0.06
1474430,CHAPTER 27,negro,0.06
1474600,CHAPTER 27,nose,0.06
1474982,CHAPTER 27,order,0.06
1479604,CHAPTER 27,short,0.06
1480290,CHAPTER 27,son,0.06
1481906,CHAPTER 27,telling,0.06
1483867,CHAPTER 27,usage,0.06
1484635,CHAPTER 27,whale,0.06
1484983,CHAPTER 27,world,0.06
1459093,CHAPTER 27,_isolato_,0.05
1459094,CHAPTER 27,_isolatoes_,0.05
1460025,CHAPTER 27,air,0.05
1460256,CHAPTER 27,anacharsis,0.05
1461915,CHAPTER 27,boat,0.05
1462631,CHAPTER 27,camphorated,0.05
1463341,CHAPTER 27,circumvention,0.05
1463503,CHAPTER 27,clootz,0.05
1464113,CHAPTER 27,conjunctures,0.05
1465469,CHAPTER 27,deputation,0.05
1465949,CHAPTER 27,disinfecting,0.05
1467000,CHAPTER 27,engineering,0.05
1467468,CHAPTER 27,exhaling,0.05
1468237,CHAPTER 27,flingers,0.05
1468912,CHAPTER 27,gay,0.05
1468955,CHAPTER 27,generously,0.05
1469048,CHAPTER 27,giraffe,0.05
1469365,CHAPTER 27,great,0.05
1469653,CHAPTER 27,handedly,0.05
1470403,CHAPTER 27,humored,0.05
1471092,CHAPTER 27,infected,0.05
1471186,CHAPTER 27,inheritor,0.05
1471704,CHAPTER 27,isolatoes,0.05
1471868,CHAPTER 27,joiner,0.05
1471910,CHAPTER 27,journeyman,0.05
1472227,CHAPTER 27,lance,0.05
1472229,CHAPTER 27,lancers,0.05
1472283,CHAPTER 27,largeness,0.05
1474377,CHAPTER 27,nearly,0.05
1474871,CHAPTER 27,old,0.05
1475240,CHAPTER 27,packs,0.05
1475636,CHAPTER 27,pedlars,0.05
1476637,CHAPTER 27,prelusive,0.05
1476671,CHAPTER 27,prescription,0.05
1477162,CHAPTER 27,puritans,0.05
1477378,CHAPTER 27,railroads,0.05
1478108,CHAPTER 27,residue,0.05
1478358,CHAPTER 27,rigadig,0.05
1479526,CHAPTER 27,shetland,0.05
1480326,CHAPTER 27,sort,0.05
1481218,CHAPTER 27,subsists,0.05
1482263,CHAPTER 27,time,0.05
1482309,CHAPTER 27,tisbury,0.05
1482833,CHAPTER 27,tunes,0.05
1484625,CHAPTER 27,westerly,0.05
1459550,CHAPTER 27,aboriginal,0.04
1459644,CHAPTER 27,accompanied,0.04
1459648,CHAPTER 27,accompanying,0.04
1459697,CHAPTER 27,acknowledging,0.04
1459930,CHAPTER 27,affronted,0.04
1459942,CHAPTER 27,africa,0.04
1459957,CHAPTER 27,agent,0.04
1460042,CHAPTER 27,alabama,0.04
1460219,CHAPTER 27,americans,0.04
1460299,CHAPTER 27,anew,0.04
1460374,CHAPTER 27,antarctic,0.04
1460497,CHAPTER 27,application,0.04
1460515,CHAPTER 27,apprehension,0.04
1460592,CHAPTER 27,arctic,0.04
1460648,CHAPTER 27,army,0.04
1460663,CHAPTER 27,arrangement,0.04
1460683,CHAPTER 27,arrow,0.04
1460775,CHAPTER 27,assault,0.04
1460943,CHAPTER 27,augment,0.04
1461053,CHAPTER 27,azores,0.04
1461095,CHAPTER 27,badly,0.04
1461311,CHAPTER 27,battering,0.04
1461361,CHAPTER 27,beasts,0.04
1461433,CHAPTER 27,beg,0.04
1461489,CHAPTER 27,believed,0.04
1461592,CHAPTER 27,bestir,0.04
1461648,CHAPTER 27,bid,0.04
1461904,CHAPTER 27,board,0.04
1461943,CHAPTER 27,boil,0.04
1462128,CHAPTER 27,brains,0.04
1462157,CHAPTER 27,brawn,0.04
1462438,CHAPTER 27,bunk,0.04
1462639,CHAPTER 27,canals,0.04
1462757,CHAPTER 27,careless,0.04
1462986,CHAPTER 27,chair,0.04
1463127,CHAPTER 27,cheek,0.04
1463136,CHAPTER 27,cheerily,0.04
1463162,CHAPTER 27,chess,0.04
1463237,CHAPTER 27,cholera,0.04
1463480,CHAPTER 27,clinch,0.04
1463504,CHAPTER 27,close,0.04
1463561,CHAPTER 27,coal,0.04
1463673,CHAPTER 27,collected,0.04
1463837,CHAPTER 27,companies,0.04
1463891,CHAPTER 27,complement,0.04
1464005,CHAPTER 27,concussions,0.04
1464213,CHAPTER 27,construction,0.04
1464359,CHAPTER 27,converted,0.04
1464398,CHAPTER 27,coolly,0.04
1464455,CHAPTER 27,corporeal,0.04
1464657,CHAPTER 27,craven,0.04
1464690,CHAPTER 27,credited,0.04
1464712,CHAPTER 27,crew,0.04
1464739,CHAPTER 27,crisis,0.04
1465033,CHAPTER 27,danger,0.04
1465577,CHAPTER 27,destroy,0.04
1466031,CHAPTER 27,disposition,0.04
1466371,CHAPTER 27,dressed,0.04
1466396,CHAPTER 27,driver,0.04
1466562,CHAPTER 27,earlier,0.04
1466727,CHAPTER 27,elbowed,0.04
1466931,CHAPTER 27,encountering,0.04
1467379,CHAPTER 27,exasperated,0.04
1467495,CHAPTER 27,exists,0.04
1467520,CHAPTER 27,expected,0.04
1467588,CHAPTER 27,expression,0.04
1467873,CHAPTER 27,fearlessness,0.04
1467896,CHAPTER 27,federated,0.04
1468128,CHAPTER 27,fitly,0.04
1468451,CHAPTER 27,forests,0.04
1468519,CHAPTER 27,fortress,0.04
1468627,CHAPTER 27,frequented,0.04
1468648,CHAPTER 27,friendliness,0.04
1468732,CHAPTER 27,fun,0.04
1468952,CHAPTER 27,generic,0.04
1469215,CHAPTER 27,good,0.04
1469244,CHAPTER 27,gothic,0.04
1469406,CHAPTER 27,grievances,0.04
1469508,CHAPTER 27,guests,0.04
1469628,CHAPTER 27,halyards,0.04
1469660,CHAPTER 27,handkerchief,0.04
1469706,CHAPTER 27,harbors,0.04
1469817,CHAPTER 27,having,0.04
1469841,CHAPTER 27,headers,0.04
1469926,CHAPTER 27,heedful,0.04
1470005,CHAPTER 27,hereditarily,0.04
1470016,CHAPTER 27,hero,0.04
1470204,CHAPTER 27,homewards,0.04
1470397,CHAPTER 27,humility,0.04
1470632,CHAPTER 27,imminent,0.04
1470714,CHAPTER 27,impious,0.04
1471079,CHAPTER 27,infallible,0.04
1471492,CHAPTER 27,intimacy,0.04
1471606,CHAPTER 27,invited,0.04
1471776,CHAPTER 27,javelins,0.04
1471877,CHAPTER 27,joke,0.04
1472115,CHAPTER 27,knight,0.04
1472146,CHAPTER 27,known,0.04
1472301,CHAPTER 27,lasted,0.04
1472556,CHAPTER 27,liberally,0.04
1472601,CHAPTER 27,lighting,0.04
1472617,CHAPTER 27,likened,0.04
1472668,CHAPTER 27,lion,0.04
1472698,CHAPTER 27,lithe,0.04
1472737,CHAPTER 27,loading,0.04
1472757,CHAPTER 27,local,0.04
1473112,CHAPTER 27,magnified,0.04
1473197,CHAPTER 27,man,0.04
1473248,CHAPTER 27,manner,0.04
1473342,CHAPTER 27,marshal,0.04
1473719,CHAPTER 27,military,0.04
1473813,CHAPTER 27,miseries,0.04
1473942,CHAPTER 27,momentous,0.04
1474016,CHAPTER 27,moose,0.04
1474116,CHAPTER 27,mouse,0.04
1474206,CHAPTER 27,muscles,0.04
1474362,CHAPTER 27,navies,0.04
1474437,CHAPTER 27,neighboring,0.04
1474656,CHAPTER 27,numberless,0.04
1474699,CHAPTER 27,obeyed,0.04
1474927,CHAPTER 27,operated,0.04
1475607,CHAPTER 27,peasants,0.04
1475833,CHAPTER 27,personally,0.04
1476354,CHAPTER 27,pomp,0.04
1476379,CHAPTER 27,poor,0.04
1476694,CHAPTER 27,presided,0.04
1476768,CHAPTER 27,prince,0.04
1476823,CHAPTER 27,proclaimed,0.04
1476924,CHAPTER 27,promontory,0.04
1477100,CHAPTER 27,pugnacious,0.04
1477266,CHAPTER 27,queequeg,0.04
1477347,CHAPTER 27,rack,0.04
1477356,CHAPTER 27,radiating,0.04
1477477,CHAPTER 27,rat,0.04
1477530,CHAPTER 27,readiness,0.04
1477917,CHAPTER 27,remnant,0.04
1477999,CHAPTER 27,replacing,0.04
1478067,CHAPTER 27,requiring,0.04
1478258,CHAPTER 27,reverence,0.04
1478484,CHAPTER 27,rocky,0.04
1478560,CHAPTER 27,rounding,0.04
1478604,CHAPTER 27,ruddy,0.04
1478687,CHAPTER 27,sable,0.04
1479028,CHAPTER 27,scoured,0.04
1479155,CHAPTER 27,second,0.04
1479231,CHAPTER 27,selected,0.04
1479342,CHAPTER 27,serves,0.04
1479352,CHAPTER 27,set,0.04
1479601,CHAPTER 27,shores,0.04
1479777,CHAPTER 27,similarly,0.04
1479837,CHAPTER 27,sires,0.04
1480096,CHAPTER 27,smoked,0.04
1480122,CHAPTER 27,snaky,0.04
1480164,CHAPTER 27,snuffing,0.04
1480169,CHAPTER 27,snugness,0.04
1480201,CHAPTER 27,socks,0.04
1480738,CHAPTER 27,starbuck,0.04
1480845,CHAPTER 27,steerer,0.04
1481264,CHAPTER 27,succession,0.04
1481433,CHAPTER 27,superstitions,0.04
1481459,CHAPTER 27,supplying,0.04
1481861,CHAPTER 27,tawny,0.04
1481988,CHAPTER 27,terribly,0.04
1482243,CHAPTER 27,tight,0.04
1482260,CHAPTER 27,timber,0.04
1482262,CHAPTER 27,timbers,0.04
1482290,CHAPTER 27,tinker,0.04
1482334,CHAPTER 27,tobacco,0.04
1482354,CHAPTER 27,toiling,0.04
1482520,CHAPTER 27,trail,0.04
1482634,CHAPTER 27,tread,0.04
1482686,CHAPTER 27,tribulations,0.04
1482714,CHAPTER 27,trio,0.04
1482765,CHAPTER 27,truce,0.04
1482769,CHAPTER 27,trudging,0.04
1482820,CHAPTER 27,tumble,0.04
1483106,CHAPTER 27,unconscious,0.04
1483259,CHAPTER 27,unerring,0.04
1483294,CHAPTER 27,unfearing,0.04
1483492,CHAPTER 27,unmixed,0.04
1483537,CHAPTER 27,unpitying,0.04
1483784,CHAPTER 27,unvitiated,0.04
1483882,CHAPTER 27,usually,0.04
1484157,CHAPTER 27,village,0.04
1484206,CHAPTER 27,virtues,0.04
1484279,CHAPTER 27,voluntarily,0.04
1484338,CHAPTER 27,waggish,0.04
1484469,CHAPTER 27,warrior,0.04
1484643,CHAPTER 27,whalemen,0.04
1484651,CHAPTER 27,whaling,0.04
1484737,CHAPTER 27,whistling,0.04
1484787,CHAPTER 27,wild,0.04
1484951,CHAPTER 27,woodland,0.04
1485162,CHAPTER 27,years,0.04
1459658,CHAPTER 27,according,0.03
1459933,CHAPTER 27,afloat,0.03
1460008,CHAPTER 27,ahab,0.03
1460308,CHAPTER 27,angels,0.03
1460637,CHAPTER 27,armed,0.03
1461210,CHAPTER 27,bar,0.03
1461215,CHAPTER 27,barbaric,0.03
1461313,CHAPTER 27,battle,0.03
1461322,CHAPTER 27,bay,0.03
1461362,CHAPTER 27,beat,0.03
1461367,CHAPTER 27,beating,0.03
1461466,CHAPTER 27,behold,0.03
1461510,CHAPTER 27,belong,0.03
1461511,CHAPTER 27,belonged,0.03
1461951,CHAPTER 27,bold,0.03
1461961,CHAPTER 27,bolts,0.03
1462048,CHAPTER 27,bound,0.03
1462072,CHAPTER 27,bowed,0.03
1462091,CHAPTER 27,box,0.03
1462102,CHAPTER 27,brace,0.03
1462272,CHAPTER 27,bring,0.03
1462399,CHAPTER 27,bulk,0.03
1462453,CHAPTER 27,burden,0.03
1462726,CHAPTER 27,captains,0.03
1462778,CHAPTER 27,carpenter,0.03
1462821,CHAPTER 27,cases,0.03
1462889,CHAPTER 27,cause,0.03
1463041,CHAPTER 27,chapter,0.03
1463742,CHAPTER 27,come,0.03
1463766,CHAPTER 27,commanded,0.03
1464277,CHAPTER 27,continual,0.03
1464594,CHAPTER 27,coward,0.03
1464713,CHAPTER 27,crews,0.03
1465051,CHAPTER 27,daring,0.03
1465115,CHAPTER 27,deadly,0.03
1465190,CHAPTER 27,decks,0.03
1465490,CHAPTER 27,descend,0.03
1465702,CHAPTER 27,did,0.03
1465707,CHAPTER 27,died,0.03
1466409,CHAPTER 27,drop,0.03
1466573,CHAPTER 27,ears,0.03
1466576,CHAPTER 27,earthly,0.03
1466929,CHAPTER 27,encounter,0.03
1466930,CHAPTER 27,encountered,0.03
1466968,CHAPTER 27,ends,0.03
1467003,CHAPTER 27,england,0.03
1467196,CHAPTER 27,erect,0.03
1467277,CHAPTER 27,eternal,0.03
1467889,CHAPTER 27,features,0.03
1468037,CHAPTER 27,fight,0.03
1468143,CHAPTER 27,flag,0.03
1468364,CHAPTER 27,followed,0.03
1468417,CHAPTER 27,forecastle,0.03
1468629,CHAPTER 27,frequently,0.03
1469032,CHAPTER 27,gigantic,0.03
1469123,CHAPTER 27,glittering,0.03
1469145,CHAPTER 27,glory,0.03
1469208,CHAPTER 27,golden,0.03
1469345,CHAPTER 27,grave,0.03
1469381,CHAPTER 27,greenland,0.03
1469412,CHAPTER 27,grim,0.03
1469595,CHAPTER 27,hailed,0.03
1469601,CHAPTER 27,hair,0.03
1469634,CHAPTER 27,hammer,0.03
1469648,CHAPTER 27,hand,0.03
1469663,CHAPTER 27,handled,0.03
1469699,CHAPTER 27,happy,0.03
1469722,CHAPTER 27,hardy,0.03
1469966,CHAPTER 27,helped,0.03
1470060,CHAPTER 27,high,0.03
1470219,CHAPTER 27,honor,0.03
1470245,CHAPTER 27,hoops,0.03
1470270,CHAPTER 27,horn,0.03
1470375,CHAPTER 27,hum,0.03
1470402,CHAPTER 27,humor,0.03
1470429,CHAPTER 27,hunted,0.03
1470432,CHAPTER 27,hunters,0.03
1470510,CHAPTER 27,icy,0.03
1470552,CHAPTER 27,ignorant,0.03
1470696,CHAPTER 27,imperial,0.03
1470982,CHAPTER 27,indifferent,0.03
1471283,CHAPTER 27,inserted,0.03
1471326,CHAPTER 27,instead,0.03
1471692,CHAPTER 27,island,0.03
1471694,CHAPTER 27,islands,0.03
1471696,CHAPTER 27,isles,0.03
1471779,CHAPTER 27,jaws,0.03
1471887,CHAPTER 27,jolly,0.03
1472006,CHAPTER 27,keel,0.03
1472010,CHAPTER 27,keen,0.03
1472052,CHAPTER 27,kill,0.03
1472399,CHAPTER 27,lean,0.03
1472432,CHAPTER 27,led,0.03
1472477,CHAPTER 27,legs,0.03
1472539,CHAPTER 27,leviathans,0.03
1472583,CHAPTER 27,life,0.03
1472621,CHAPTER 27,likewise,0.03
1472628,CHAPTER 27,limbs,0.03
1472734,CHAPTER 27,loaded,0.03
1472764,CHAPTER 27,lock,0.03
1472804,CHAPTER 27,london,0.03
1472807,CHAPTER 27,lonely,0.03
1472813,CHAPTER 27,longer,0.03
1472931,CHAPTER 27,lucky,0.03
1473027,CHAPTER 27,lying,0.03
1473148,CHAPTER 27,majestic,0.03
1473240,CHAPTER 27,mankind,0.03
1473366,CHAPTER 27,marvels,0.03
1473422,CHAPTER 27,mates,0.03
1473528,CHAPTER 27,meet,0.03
1473588,CHAPTER 27,merchant,0.03
1474058,CHAPTER 27,mortals,0.03
1474125,CHAPTER 27,mouths,0.03
1474128,CHAPTER 27,moved,0.03
1474270,CHAPTER 27,mystic,0.03
1474297,CHAPTER 27,nameless,0.03
1474652,CHAPTER 27,number,0.03
1474841,CHAPTER 27,officers,0.03
1474904,CHAPTER 27,ones,0.03
1474939,CHAPTER 27,opinion,0.03
1475006,CHAPTER 27,oriental,0.03
1475114,CHAPTER 27,outward,0.03
1475216,CHAPTER 27,owners,0.03
1475251,CHAPTER 27,pagan,0.03
1475770,CHAPTER 27,perils,0.03
1475966,CHAPTER 27,picked,0.03
1476061,CHAPTER 27,pip,0.03
1476064,CHAPTER 27,pipes,0.03
1476456,CHAPTER 27,possible,0.03
1476458,CHAPTER 27,post,0.03
1476526,CHAPTER 27,powers,0.03
1476805,CHAPTER 27,probably,0.03
1477025,CHAPTER 27,proud,0.03
1477200,CHAPTER 27,putting,0.03
1477278,CHAPTER 27,quest,0.03
1477279,CHAPTER 27,question,0.03
1477520,CHAPTER 27,reach,0.03
1477590,CHAPTER 27,receive,0.03
1477793,CHAPTER 27,regular,0.03
1478199,CHAPTER 27,retained,0.03
1478387,CHAPTER 27,ring,0.03
1478577,CHAPTER 27,row,0.03
1478898,CHAPTER 27,say,0.03
1479178,CHAPTER 27,securing,0.03
1479271,CHAPTER 27,sense,0.03
1479282,CHAPTER 27,sent,0.03
1479299,CHAPTER 27,separate,0.03
1480064,CHAPTER 27,small,0.03
1480095,CHAPTER 27,smoke,0.03
1480099,CHAPTER 27,smoking,0.03
1480301,CHAPTER 27,sooner,0.03
1480413,CHAPTER 27,spears,0.03
1480420,CHAPTER 27,species,0.03
1480649,CHAPTER 27,square,0.03
1480685,CHAPTER 27,stage,0.03
1480979,CHAPTER 27,stout,0.03
1481062,CHAPTER 27,strike,0.03
1481122,CHAPTER 27,stuck,0.03
1481295,CHAPTER 27,sufficiently,0.03
1481455,CHAPTER 27,supplied,0.03
1481761,CHAPTER 27,talk,0.03
1482125,CHAPTER 27,thought,0.03
1482752,CHAPTER 27,trouble,0.03
1482763,CHAPTER 27,trowsers,0.03
1482900,CHAPTER 27,twisted,0.03
1483082,CHAPTER 27,uncommonly,0.03
1483421,CHAPTER 27,universal,0.03
1483899,CHAPTER 27,utterly,0.03
1483929,CHAPTER 27,valiant,0.03
1484530,CHAPTER 27,ways,0.03
1484644,CHAPTER 27,whaler,0.03
1484740,CHAPTER 27,white,0.03
1485156,CHAPTER 27,year,0.03
1485201,CHAPTER 27,youth,0.03
1460151,CHAPTER 27,aloft,0.02
1460740,CHAPTER 27,ashore,0.02
1461591,CHAPTER 27,best,0.02
1461855,CHAPTER 27,blood,0.02
1461920,CHAPTER 27,boats,0.02
1461982,CHAPTER 27,bones,0.02
1462021,CHAPTER 27,born,0.02
1462070,CHAPTER 27,bow,0.02
1462095,CHAPTER 27,boy,0.02
1462603,CHAPTER 27,calm,0.02
1462620,CHAPTER 27,came,0.02
1462724,CHAPTER 27,captain,0.02
1462832,CHAPTER 27,cast,0.02
1462964,CHAPTER 27,certain,0.02
1463011,CHAPTER 27,chance,0.02
1463088,CHAPTER 27,chase,0.02
1463176,CHAPTER 27,chief,0.02
1463568,CHAPTER 27,coast,0.02
1463806,CHAPTER 27,common,0.02
1463846,CHAPTER 27,company,0.02
1463980,CHAPTER 27,concerning,0.02
1464902,CHAPTER 27,curious,0.02
1464944,CHAPTER 27,cut,0.02
1465109,CHAPTER 27,dead,0.02
1465186,CHAPTER 27,deck,0.02
1466275,CHAPTER 27,doubt,0.02
1466574,CHAPTER 27,earth,0.02
1466943,CHAPTER 27,end,0.02
1467195,CHAPTER 27,ere,0.02
1467650,CHAPTER 27,eyes,0.02
1467662,CHAPTER 27,face,0.02
1467747,CHAPTER 27,famous,0.02
1467919,CHAPTER 27,feet,0.02
1467936,CHAPTER 27,fellow,0.02
1468109,CHAPTER 27,fish,0.02
1468491,CHAPTER 27,form,0.02
1468630,CHAPTER 27,fresh,0.02
1468946,CHAPTER 27,generally,0.02
1469203,CHAPTER 27,going,0.02
1469290,CHAPTER 27,grand,0.02
1469457,CHAPTER 27,ground,0.02
1469610,CHAPTER 27,half,0.02
1469743,CHAPTER 27,harpoon,0.02
1469745,CHAPTER 27,harpooneer,0.02
1470373,CHAPTER 27,hull,0.02
1472029,CHAPTER 27,kept,0.02
1472076,CHAPTER 27,king,0.02
1472147,CHAPTER 27,knows,0.02
1472280,CHAPTER 27,large,0.02
1472362,CHAPTER 27,lay,0.02
1472487,CHAPTER 27,length,0.02
1472724,CHAPTER 27,living,0.02
1472824,CHAPTER 27,looked,0.02
1472829,CHAPTER 27,looking,0.02
1472867,CHAPTER 27,lost,0.02
1473136,CHAPTER 27,main,0.02
1473156,CHAPTER 27,make,0.02
1473387,CHAPTER 27,mast,0.02
1473435,CHAPTER 27,matter,0.02
1473483,CHAPTER 27,means,0.02
1473747,CHAPTER 27,mind,0.02
1473983,CHAPTER 27,monster,0.02
1474053,CHAPTER 27,mortal,0.02
1474120,CHAPTER 27,mouth,0.02
1474489,CHAPTER 27,new,0.02
1474861,CHAPTER 27,oh,0.02
1475454,CHAPTER 27,particular,0.02
1475474,CHAPTER 27,passage,0.02
1475616,CHAPTER 27,peculiar,0.02
1475720,CHAPTER 27,people,0.02
1476112,CHAPTER 27,place,0.02
1476296,CHAPTER 27,point,0.02
1476675,CHAPTER 27,present,0.02
1476731,CHAPTER 27,pretty,0.02
1477252,CHAPTER 27,quarter,0.02
1477534,CHAPTER 27,ready,0.02
1477675,CHAPTER 27,red,0.02
1478164,CHAPTER 27,rest,0.02
1478728,CHAPTER 27,said,0.02
1478730,CHAPTER 27,sail,0.02
1478734,CHAPTER 27,sailing,0.02
1478738,CHAPTER 27,sailor,0.02
1478740,CHAPTER 27,sailors,0.02
1478871,CHAPTER 27,savage,0.02
1479111,CHAPTER 27,sea,0.02
1479123,CHAPTER 27,seamen,0.02
1479138,CHAPTER 27,seas,0.02
1479425,CHAPTER 27,shall,0.02
1479559,CHAPTER 27,ships,0.02
1480300,CHAPTER 27,soon,0.02
1480729,CHAPTER 27,standing,0.02
1481550,CHAPTER 27,suspended,0.02
1481752,CHAPTER 27,taking,0.02
1481903,CHAPTER 27,tell,0.02
1482088,CHAPTER 27,things,0.02
1482089,CHAPTER 27,think,0.02
1482133,CHAPTER 27,thousand,0.02
1482395,CHAPTER 27,took,0.02
1482464,CHAPTER 27,touch,0.02
1482850,CHAPTER 27,turn,0.02
1482851,CHAPTER 27,turned,0.02
1484308,CHAPTER 27,voyage,0.02
1484367,CHAPTER 27,wake,0.02
1484488,CHAPTER 27,watch,0.02
1484618,CHAPTER 27,went,0.02
1484940,CHAPTER 27,wondrous,0.02
1485154,CHAPTER 27,ye,0.02
1485193,CHAPTER 27,young,0.02
1461026,CHAPTER 27,away,0.01
1465096,CHAPTER 27,day,0.01
1469837,CHAPTER 27,head,0.01
1472823,CHAPTER 27,look,0.01
1478556,CHAPTER 27,round,0.01
1479549,CHAPTER 27,ship,0.01
1482087,CHAPTER 27,thing,0.01
1484501,CHAPTER 27,water,0.01
1484527,CHAPTER 27,way,0.01
