,chapter,term,tfidf
1800572,CHAPTER 38,tis,0.2
1796513,CHAPTER 38,revelry,0.17
1793125,CHAPTER 38,oh,0.16
1788555,CHAPTER 38,horror,0.15
1803418,CHAPTER 38,ye,0.14
1777164,CHAPTER 38,_by,0.11
1783629,CHAPTER 38,demigorgon,0.11
1787047,CHAPTER 38,futures,0.11
1788640,CHAPTER 38,human,0.11
1793429,CHAPTER 38,overmanned,0.11
1795832,CHAPTER 38,rebelling,0.11
1797924,CHAPTER 38,shrivel,0.11
1799136,CHAPTER 38,sternward,0.11
1800728,CHAPTER 38,touch,0.11
1802938,CHAPTER 38,whelped,0.11
1780585,CHAPTER 38,broods,0.1
1782594,CHAPTER 38,controlling,0.1
1783633,CHAPTER 38,democrat,0.1
1784649,CHAPTER 38,drilled,0.1
1786176,CHAPTER 38,feel,0.1
1786682,CHAPTER 38,forecastle_,0.1
1787807,CHAPTER 38,gurglings,0.1
1789976,CHAPTER 38,it_,0.1
1790847,CHAPTER 38,life,0.1
1791674,CHAPTER 38,matched,0.1
1792792,CHAPTER 38,nill,0.1
1796512,CHAPTER 38,revellers,0.1
1800428,CHAPTER 38,thrills,0.1
1777067,CHAPTER 38,_a,0.09
1779465,CHAPTER 38,bantering,0.09
1779948,CHAPTER 38,bind,0.09
1780049,CHAPTER 38,blasted,0.09
1780652,CHAPTER 38,builded,0.09
1785076,CHAPTER 38,embattled,0.09
1786166,CHAPTER 38,feed,0.09
1787356,CHAPTER 38,glassy,0.09
1788163,CHAPTER 38,heathen,0.09
1788610,CHAPTER 38,howl,0.09
1788978,CHAPTER 38,impious,0.09
1789312,CHAPTER 38,ineffable,0.09
1789620,CHAPTER 38,insulting,0.09
1790574,CHAPTER 38,latent,0.09
1791121,CHAPTER 38,lords,0.09
1791234,CHAPTER 38,lurid,0.09
1791335,CHAPTER 38,madman,0.09
1792343,CHAPTER 38,mothers,0.09
1793268,CHAPTER 38,orgies,0.09
1797078,CHAPTER 38,sanity,0.09
1797725,CHAPTER 38,sharkish,0.09
1797859,CHAPTER 38,shoots,0.09
1799168,CHAPTER 38,sting,0.09
1800754,CHAPTER 38,tows,0.09
1801548,CHAPTER 38,unfaltering,0.09
1802035,CHAPTER 38,untutored,0.09
1802839,CHAPTER 38,wedge,0.09
1803183,CHAPTER 38,wolfish,0.09
1780810,CHAPTER 38,cable,0.08
1786552,CHAPTER 38,flow,0.08
1787452,CHAPTER 38,god,0.08
1788048,CHAPTER 38,hate,0.08
1788049,CHAPTER 38,hated,0.08
1788143,CHAPTER 38,heart,0.08
1789368,CHAPTER 38,infernal,0.08
1789406,CHAPTER 38,influences,0.08
1789611,CHAPTER 38,insufferable,0.08
1790298,CHAPTER 38,key,0.08
1791403,CHAPTER 38,mainmast,0.08
1791915,CHAPTER 38,methinks,0.08
1792074,CHAPTER 38,miserable,0.08
1792962,CHAPTER 38,obey,0.08
1793101,CHAPTER 38,office,0.08
1794242,CHAPTER 38,pictures,0.08
1798598,CHAPTER 38,soul,0.08
1780079,CHAPTER 38,blessed,0.07
1781759,CHAPTER 38,clock,0.07
1782984,CHAPTER 38,cries,0.07
1784573,CHAPTER 38,drag,0.07
1786283,CHAPTER 38,field,0.07
1786671,CHAPTER 38,forced,0.07
1786702,CHAPTER 38,foremost,0.07
1787676,CHAPTER 38,grim,0.07
1787991,CHAPTER 38,hark,0.07
1788547,CHAPTER 38,horrible,0.07
1788693,CHAPTER 38,hunted,0.07
1790408,CHAPTER 38,knowledge,0.07
1790852,CHAPTER 38,lift,0.07
1793850,CHAPTER 38,peace,0.07
1794165,CHAPTER 38,phantom,0.07
1794368,CHAPTER 38,pity,0.07
1798328,CHAPTER 38,small,0.07
1798656,CHAPTER 38,sparkling,0.07
1800488,CHAPTER 38,tide,0.07
1800497,CHAPTER 38,tied,0.07
1802862,CHAPTER 38,weight,0.07
1778209,CHAPTER 38,aft,0.06
1779009,CHAPTER 38,aside,0.06
1779626,CHAPTER 38,beat,0.06
1780746,CHAPTER 38,burst,0.06
1786178,CHAPTER 38,feeling,0.06
1786301,CHAPTER 38,fight,0.06
1787176,CHAPTER 38,gay,0.06
1787392,CHAPTER 38,globe,0.06
1787471,CHAPTER 38,gold,0.06
1788217,CHAPTER 38,held,0.06
1790378,CHAPTER 38,knife,0.06
1790643,CHAPTER 38,lead,0.06
1795790,CHAPTER 38,read,0.06
1798022,CHAPTER 38,silence,0.06
1798472,CHAPTER 38,soft,0.06
1799904,CHAPTER 38,swim,0.06
1802777,CHAPTER 38,watery,0.06
1803176,CHAPTER 38,woe,0.06
1803259,CHAPTER 38,worse,0.06
1778910,CHAPTER 38,arms,0.05
1780334,CHAPTER 38,bow,0.05
1780805,CHAPTER 38,cabin,0.05
1783208,CHAPTER 38,cut,0.05
1783316,CHAPTER 38,dark,0.05
1786792,CHAPTER 38,forward,0.05
1787721,CHAPTER 38,ground,0.05
1788169,CHAPTER 38,heaven,0.05
1788229,CHAPTER 38,help,0.05
1788516,CHAPTER 38,hope,0.05
1788585,CHAPTER 38,hour,0.05
1790667,CHAPTER 38,leaning,0.05
1790876,CHAPTER 38,like,0.05
1791575,CHAPTER 38,mark,0.05
1794397,CHAPTER 38,plainly,0.05
1795434,CHAPTER 38,purpose,0.05
1795821,CHAPTER 38,reason,0.05
1796915,CHAPTER 38,run,0.05
1797375,CHAPTER 38,sea,0.05
1799002,CHAPTER 38,starbuck,0.05
1801059,CHAPTER 38,try,0.05
1802631,CHAPTER 38,wake,0.05
1802752,CHAPTER 38,watch,0.05
1802899,CHAPTER 38,whale,0.05
1803033,CHAPTER 38,wide,0.05
1778272,CHAPTER 38,ahab,0.04
1779314,CHAPTER 38,aye,0.04
1782976,CHAPTER 38,crew,0.04
1783373,CHAPTER 38,dead,0.04
1783491,CHAPTER 38,deep,0.04
1785207,CHAPTER 38,end,0.04
1786373,CHAPTER 38,fish,0.04
1788428,CHAPTER 38,hold,0.04
1796994,CHAPTER 38,sail,0.04
1797616,CHAPTER 38,set,0.04
1798987,CHAPTER 38,stand,0.04
1800306,CHAPTER 38,thee,0.04
1800352,CHAPTER 38,things,0.04
1800353,CHAPTER 38,think,0.04
1803004,CHAPTER 38,white,0.04
1803051,CHAPTER 38,wild,0.04
1785914,CHAPTER 38,eyes,0.03
1791075,CHAPTER 38,long,0.03
1791087,CHAPTER 38,look,0.03
1793135,CHAPTER 38,old,0.03
1796820,CHAPTER 38,round,0.03
1800351,CHAPTER 38,thing,0.03
1800527,CHAPTER 38,time,0.03
1802765,CHAPTER 38,water,0.03
1803247,CHAPTER 38,world,0.03
1791461,CHAPTER 38,man,0.02
