,chapter,term,tfidf
1246456,CHAPTER 19,ye,0.35
1231115,CHAPTER 19,hav,0.25
1240030,CHAPTER 19,said,0.25
1228068,CHAPTER 19,elijah,0.2
1242316,CHAPTER 19,stranger,0.16
1235347,CHAPTER 19,morning,0.15
1224026,CHAPTER 19,captain,0.14
1240857,CHAPTER 19,shipmates,0.14
1224342,CHAPTER 19,chaps,0.12
1233751,CHAPTER 19,leg,0.12
1237028,CHAPTER 19,pequod,0.12
1241044,CHAPTER 19,signed,0.12
1228094,CHAPTER 19,em,0.11
1245292,CHAPTER 19,ve,0.11
1228001,CHAPTER 19,eh,0.1
1233442,CHAPTER 19,know,0.1
1238568,CHAPTER 19,queequeg,0.1
1240858,CHAPTER 19,shipped,0.1
1243205,CHAPTER 19,tell,0.1
1244098,CHAPTER 19,trying,0.1
1223877,CHAPTER 19,calabash,0.09
1227494,CHAPTER 19,dogging,0.09
1227534,CHAPTER 19,don,0.09
1230772,CHAPTER 19,growl,0.09
1231693,CHAPTER 19,humbug,0.09
1221310,CHAPTER 19,ahab,0.08
1230545,CHAPTER 19,got,0.08
1233750,CHAPTER 19,left,0.08
1238670,CHAPTER 19,ragged,0.08
1240851,CHAPTER 19,ship,0.08
1227004,CHAPTER 19,did,0.07
1229677,CHAPTER 19,fool,0.07
1231169,CHAPTER 19,heard,0.07
1233834,CHAPTER 19,levelled,0.07
1239666,CHAPTER 19,right,0.07
1244072,CHAPTER 19,true,0.07
1222352,CHAPTER 19,aye,0.06
1225745,CHAPTER 19,corner,0.06
1227006,CHAPTER 19,didn,0.06
1229379,CHAPTER 19,finger,0.06
1229948,CHAPTER 19,friend,0.06
1231572,CHAPTER 19,horn,0.06
1232696,CHAPTER 19,intent,0.06
1234125,CHAPTER 19,look,0.06
1241074,CHAPTER 19,silver,0.06
1241628,CHAPTER 19,sort,0.06
1246269,CHAPTER 19,word,0.06
1246477,CHAPTER 19,yes,0.06
1220120,CHAPTER 19,_all_,0.05
1220349,CHAPTER 19,_he,0.05
1220684,CHAPTER 19,_tell_,0.05
1221760,CHAPTER 19,apparelled,0.05
1221964,CHAPTER 19,arranged,0.05
1222462,CHAPTER 19,bamboozle,0.05
1223684,CHAPTER 19,bugbear,0.05
1224000,CHAPTER 19,cape,0.05
1225089,CHAPTER 19,commenting,0.05
1226302,CHAPTER 19,damaged,0.05
1226559,CHAPTER 19,deficiencies,0.05
1226785,CHAPTER 19,derisive,0.05
1227887,CHAPTER 19,easiest,0.05
1229439,CHAPTER 19,fixed,0.05
1229724,CHAPTER 19,forefinger,0.05
1230517,CHAPTER 19,good,0.05
1230912,CHAPTER 19,half,0.05
1231168,CHAPTER 19,hear,0.05
1231653,CHAPTER 19,hows,0.05
1233026,CHAPTER 19,jabbering,0.05
1233290,CHAPTER 19,just,0.05
1233449,CHAPTER 19,knows,0.05
1233815,CHAPTER 19,let,0.05
1234169,CHAPTER 19,lost,0.05
1234777,CHAPTER 19,mean,0.05
1236163,CHAPTER 19,oh,0.05
1236173,CHAPTER 19,old,0.05
1236724,CHAPTER 19,parmacetti,0.05
1236780,CHAPTER 19,passed,0.05
1237600,CHAPTER 19,pointed,0.05
1237829,CHAPTER 19,pox,0.05
1237911,CHAPTER 19,prediction,0.05
1239520,CHAPTER 19,retraced,0.05
1240040,CHAPTER 19,sailor,0.05
1240200,CHAPTER 19,say,0.05
1240509,CHAPTER 19,seen,0.05
1240693,CHAPTER 19,shabbily,0.05
1240710,CHAPTER 19,shadowy,0.05
1240931,CHAPTER 19,shoving,0.05
1241206,CHAPTER 19,skrimmage,0.05
1241681,CHAPTER 19,spaniard,0.05
1241962,CHAPTER 19,squaw,0.05
1242257,CHAPTER 19,stop,0.05
1242766,CHAPTER 19,suppose,0.05
1242782,CHAPTER 19,sure,0.05
1243063,CHAPTER 19,talk,0.05
1243502,CHAPTER 19,thunder,0.05
1243616,CHAPTER 19,tistig,0.05
1245642,CHAPTER 19,wagon,0.05
1246240,CHAPTER 19,wonderments,0.05
1220350,CHAPTER 19,_he_,0.04
1220870,CHAPTER 19,abruptly,0.04
1221237,CHAPTER 19,afore,0.04
1221303,CHAPTER 19,agreed,0.04
1221464,CHAPTER 19,altar,0.04
1221502,CHAPTER 19,ambiguous,0.04
1221818,CHAPTER 19,apprehensions,0.04
1221935,CHAPTER 19,arm,0.04
1222002,CHAPTER 19,articles,0.04
1222628,CHAPTER 19,bayonet,0.04
1222737,CHAPTER 19,begat,0.04
1222741,CHAPTER 19,beggar,0.04
1222925,CHAPTER 19,better,0.04
1224317,CHAPTER 19,chancing,0.04
1225205,CHAPTER 19,complicated,0.04
1225374,CHAPTER 19,confluent,0.04
1225860,CHAPTER 19,coupled,0.04
1227096,CHAPTER 19,directions,0.04
1227681,CHAPTER 19,dried,0.04
1227872,CHAPTER 19,earnestness,0.04
1228175,CHAPTER 19,emphasis,0.04
1228982,CHAPTER 19,faded,0.04
1229238,CHAPTER 19,fellow,0.04
1229335,CHAPTER 19,fifth,0.04
1229591,CHAPTER 19,flowed,0.04
1230323,CHAPTER 19,gibberish,0.04
1230962,CHAPTER 19,handkerchief,0.04
1231404,CHAPTER 19,hinting,0.04
1231903,CHAPTER 19,imagine,0.04
1232350,CHAPTER 19,ineffable,0.04
1232565,CHAPTER 19,insane,0.04
1232884,CHAPTER 19,investing,0.04
1233376,CHAPTER 19,kinds,0.04
1233631,CHAPTER 19,laughed,0.04
1233914,CHAPTER 19,like,0.04
1233922,CHAPTER 19,likes,0.04
1234005,CHAPTER 19,little,0.04
1234113,CHAPTER 19,long,0.04
1234167,CHAPTER 19,losing,0.04
1234687,CHAPTER 19,massive,0.04
1234755,CHAPTER 19,mayhap,0.04
1235241,CHAPTER 19,moment,0.04
1236670,CHAPTER 19,papers,0.04
1236814,CHAPTER 19,patched,0.04
1236964,CHAPTER 19,peleg,0.04
1237423,CHAPTER 19,placing,0.04
1238244,CHAPTER 19,pronounced,0.04
1238260,CHAPTER 19,prophecy,0.04
1238666,CHAPTER 19,rag,0.04
1239541,CHAPTER 19,revealing,0.04
1239568,CHAPTER 19,reverie,0.04
1239623,CHAPTER 19,ribbed,0.04
1239750,CHAPTER 19,riveted,0.04
1239985,CHAPTER 19,s_,0.04
1240119,CHAPTER 19,santa,0.04
1240156,CHAPTER 19,satisfy,0.04
1240170,CHAPTER 19,sauntering,0.04
1240856,CHAPTER 19,shipmate,0.04
1240966,CHAPTER 19,shrouded,0.04
1241005,CHAPTER 19,sick,0.04
1241548,CHAPTER 19,solemnly,0.04
1241584,CHAPTER 19,somebody,0.04
1241627,CHAPTER 19,sorry,0.04
1241702,CHAPTER 19,spat,0.04
1242160,CHAPTER 19,steps,0.04
1243066,CHAPTER 19,talking,0.04
1243743,CHAPTER 19,torrent,0.04
1244152,CHAPTER 19,turn,0.04
1244711,CHAPTER 19,uninterrupted,0.04
1245610,CHAPTER 19,voyage,0.04
1245680,CHAPTER 19,walked,0.04
1245829,CHAPTER 19,way,0.04
1245963,CHAPTER 19,wheel,0.04
1220686,CHAPTER 19,_that_,0.03
1220960,CHAPTER 19,according,0.03
1221309,CHAPTER 19,ah,0.03
1221718,CHAPTER 19,anxious,0.03
1222328,CHAPTER 19,away,0.03
1222689,CHAPTER 19,bed,0.03
1223116,CHAPTER 19,bless,0.03
1223350,CHAPTER 19,bound,0.03
1224051,CHAPTER 19,care,0.03
1224334,CHAPTER 19,chap,0.03
1224638,CHAPTER 19,circumstance,0.03
1225252,CHAPTER 19,comrade,0.03
1225292,CHAPTER 19,concluded,0.03
1225423,CHAPTER 19,connected,0.03
1225970,CHAPTER 19,crazy,0.03
1226074,CHAPTER 19,crossed,0.03
1226347,CHAPTER 19,dare,0.03
1226367,CHAPTER 19,darted,0.03
1226417,CHAPTER 19,deadly,0.03
1226427,CHAPTER 19,dear,0.03
1227370,CHAPTER 19,distance,0.03
1227640,CHAPTER 19,drawing,0.03
1229095,CHAPTER 19,fashion,0.03
1229367,CHAPTER 19,finally,0.03
1229427,CHAPTER 19,fit,0.03
1229669,CHAPTER 19,following,0.03
1230099,CHAPTER 19,gain,0.03
1230145,CHAPTER 19,game,0.03
1230311,CHAPTER 19,getting,0.03
1230366,CHAPTER 19,gives,0.03
1230808,CHAPTER 19,guess,0.03
1230993,CHAPTER 19,happened,0.03
1231210,CHAPTER 19,heavens,0.03
1231732,CHAPTER 19,hunter,0.03
1232036,CHAPTER 19,important,0.03
1233033,CHAPTER 19,jacket,0.03
1233269,CHAPTER 19,jump,0.03
1233629,CHAPTER 19,laugh,0.03
1233724,CHAPTER 19,leave,0.03
1234142,CHAPTER 19,loose,0.03
1234168,CHAPTER 19,loss,0.03
1234230,CHAPTER 19,luck,0.03
1234458,CHAPTER 19,make,0.03
1234499,CHAPTER 19,man,0.03
1234738,CHAPTER 19,matters,0.03
1235145,CHAPTER 19,mistaken,0.03
1235602,CHAPTER 19,names,0.03
1235700,CHAPTER 19,neck,0.03
1235759,CHAPTER 19,nervous,0.03
1235827,CHAPTER 19,nights,0.03
1235921,CHAPTER 19,notice,0.03
1236089,CHAPTER 19,occupied,0.03
1236872,CHAPTER 19,pausing,0.03
1237406,CHAPTER 19,pity,0.03
1238033,CHAPTER 19,pretty,0.03
1238581,CHAPTER 19,question,0.03
1238595,CHAPTER 19,quickly,0.03
1238753,CHAPTER 19,rapidly,0.03
1238844,CHAPTER 19,really,0.03
1239166,CHAPTER 19,relieved,0.03
1239279,CHAPTER 19,repeated,0.03
1239425,CHAPTER 19,resolved,0.03
1239964,CHAPTER 19,rushing,0.03
1240464,CHAPTER 19,secret,0.03
1241639,CHAPTER 19,souls,0.03
1241710,CHAPTER 19,speaking,0.03
1242054,CHAPTER 19,starting,0.03
1242154,CHAPTER 19,step,0.03
1242258,CHAPTER 19,stopped,0.03
1243389,CHAPTER 19,thing,0.03
1244055,CHAPTER 19,troubled,0.03
1244065,CHAPTER 19,trowsers,0.03
1245221,CHAPTER 19,vague,0.03
1246229,CHAPTER 19,won,0.03
1246271,CHAPTER 19,words,0.03
1246442,CHAPTER 19,yards,0.03
1221288,CHAPTER 19,ago,0.02
1223030,CHAPTER 19,black,0.02
1223612,CHAPTER 19,broken,0.02
1225044,CHAPTER 19,come,0.02
1226014,CHAPTER 19,crew,0.02
1226019,CHAPTER 19,cried,0.02
1226398,CHAPTER 19,day,0.02
1226403,CHAPTER 19,days,0.02
1226411,CHAPTER 19,dead,0.02
1228944,CHAPTER 19,eye,0.02
1228964,CHAPTER 19,face,0.02
1230490,CHAPTER 19,god,0.02
1230499,CHAPTER 19,goes,0.02
1230515,CHAPTER 19,gone,0.02
1231181,CHAPTER 19,heart,0.02
1233664,CHAPTER 19,lay,0.02
1233885,CHAPTER 19,life,0.02
1234131,CHAPTER 19,looking,0.02
1234550,CHAPTER 19,manner,0.02
1234737,CHAPTER 19,matter,0.02
1235606,CHAPTER 19,nantucket,0.02
1236007,CHAPTER 19,object,0.02
1236284,CHAPTER 19,order,0.02
1238043,CHAPTER 19,previous,0.02
1238836,CHAPTER 19,ready,0.02
1240032,CHAPTER 19,sail,0.02
1240042,CHAPTER 19,sailors,0.02
1241033,CHAPTER 19,sight,0.02
1241366,CHAPTER 19,small,0.02
1241636,CHAPTER 19,soul,0.02
1242250,CHAPTER 19,stood,0.02
1242294,CHAPTER 19,straight,0.02
1242403,CHAPTER 19,struck,0.02
1243390,CHAPTER 19,things,0.02
1243391,CHAPTER 19,think,0.02
1243427,CHAPTER 19,thought,0.02
1243434,CHAPTER 19,thoughts,0.02
1243697,CHAPTER 19,took,0.02
1244153,CHAPTER 19,turned,0.02
1245383,CHAPTER 19,vessel,0.02
1245803,CHAPTER 19,water,0.02
1245812,CHAPTER 19,waters,0.02
1230667,CHAPTER 19,great,0.01
1231139,CHAPTER 19,head,0.01
1234864,CHAPTER 19,men,0.01
1243565,CHAPTER 19,time,0.01
1245937,CHAPTER 19,whale,0.01
1246285,CHAPTER 19,world,0.01
