,chapter,term,tfidf
920304,CHAPTER 13,queequeg,0.43
904304,CHAPTER 13,barrow,0.16
905033,CHAPTER 13,boom,0.16
905765,CHAPTER 13,capting,0.16
920159,CHAPTER 13,punchbowl,0.16
905762,CHAPTER 13,captain,0.11
915090,CHAPTER 13,kill,0.11
905459,CHAPTER 13,bumpkin,0.1
912301,CHAPTER 13,grace,0.1
917109,CHAPTER 13,moss,0.1
922015,CHAPTER 13,schooner,0.1
927612,CHAPTER 13,wedding,0.1
918758,CHAPTER 13,people,0.09
919793,CHAPTER 13,priest,0.09
910918,CHAPTER 13,feasts,0.08
915650,CHAPTER 13,like,0.08
921766,CHAPTER 13,said,0.08
906001,CHAPTER 13,ceremony,0.07
910974,CHAPTER 13,fellow,0.07
911367,CHAPTER 13,foam,0.07
912417,CHAPTER 13,greenhorn,0.07
912781,CHAPTER 13,harpoon,0.07
914730,CHAPTER 13,island,0.07
916331,CHAPTER 13,marches,0.07
921532,CHAPTER 13,rokovoko,0.07
927700,CHAPTER 13,wheelbarrow,0.07
928231,CHAPTER 13,young,0.07
902517,CHAPTER 13,_you_,0.06
905123,CHAPTER 13,bows,0.06
905198,CHAPTER 13,brawny,0.06
905921,CHAPTER 13,caught,0.06
906988,CHAPTER 13,comrade,0.06
909994,CHAPTER 13,ended,0.06
910914,CHAPTER 13,feast,0.06
916751,CHAPTER 13,mildly,0.06
917051,CHAPTER 13,moored,0.06
919417,CHAPTER 13,poor,0.06
921753,CHAPTER 13,safe,0.06
922235,CHAPTER 13,seeing,0.06
924078,CHAPTER 13,streets,0.06
924670,CHAPTER 13,swept,0.06
925398,CHAPTER 13,told,0.06
927539,CHAPTER 13,water,0.06
927691,CHAPTER 13,wharf,0.06
903786,CHAPTER 13,asked,0.05
904486,CHAPTER 13,begins,0.05
905700,CHAPTER 13,cannibals,0.05
905867,CHAPTER 13,casks,0.05
906201,CHAPTER 13,chest,0.05
906805,CHAPTER 13,commander,0.05
908742,CHAPTER 13,didn,0.05
909164,CHAPTER 13,dived,0.05
911261,CHAPTER 13,flew,0.05
912118,CHAPTER 13,glance,0.05
912705,CHAPTER 13,hands,0.05
913098,CHAPTER 13,high,0.05
915114,CHAPTER 13,king,0.05
915365,CHAPTER 13,laugh,0.05
915633,CHAPTER 13,lighted,0.05
916812,CHAPTER 13,minutes,0.05
919100,CHAPTER 13,pipe,0.05
921573,CHAPTER 13,rose,0.05
922656,CHAPTER 13,shoulders,0.05
923986,CHAPTER 13,stood,0.05
925889,CHAPTER 13,turned,0.05
928193,CHAPTER 13,yea,0.05
902774,CHAPTER 13,acushnet,0.04
902823,CHAPTER 13,adjust,0.04
903063,CHAPTER 13,air,0.04
903684,CHAPTER 13,arms,0.04
903821,CHAPTER 13,assembly,0.04
904195,CHAPTER 13,bamboo,0.04
904261,CHAPTER 13,barber,0.04
904282,CHAPTER 13,barnacle,0.04
904654,CHAPTER 13,betokening,0.04
904665,CHAPTER 13,beverage,0.04
904666,CHAPTER 13,bevy,0.04
905027,CHAPTER 13,boobies,0.04
905409,CHAPTER 13,buckling,0.04
905452,CHAPTER 13,bulwarks,0.04
905460,CHAPTER 13,bumpkins,0.04
905613,CHAPTER 13,calabash,0.04
906353,CHAPTER 13,circulates,0.04
906569,CHAPTER 13,clove,0.04
906640,CHAPTER 13,cocoanuts,0.04
906874,CHAPTER 13,companied,0.04
906877,CHAPTER 13,companionable,0.04
907018,CHAPTER 13,concerning,0.04
907184,CHAPTER 13,consecrated,0.04
907185,CHAPTER 13,consecrating,0.04
907457,CHAPTER 13,copying,0.04
908103,CHAPTER 13,darted,0.04
908740,CHAPTER 13,did,0.04
908777,CHAPTER 13,dignified,0.04
909068,CHAPTER 13,disposing,0.04
909496,CHAPTER 13,ducked,0.04
909498,CHAPTER 13,ducks,0.04
909842,CHAPTER 13,embarking,0.04
910002,CHAPTER 13,endlessness,0.04
910275,CHAPTER 13,especially,0.04
910684,CHAPTER 13,eyeing,0.04
910819,CHAPTER 13,farmers,0.04
911507,CHAPTER 13,forges,0.04
911668,CHAPTER 13,fresh,0.04
912101,CHAPTER 13,giver,0.04
912328,CHAPTER 13,grand,0.04
913359,CHAPTER 13,hour,0.04
913362,CHAPTER 13,house,0.04
913402,CHAPTER 13,huge,0.04
914541,CHAPTER 13,intolerableness,0.04
914826,CHAPTER 13,jeering,0.04
915026,CHAPTER 13,just,0.04
915330,CHAPTER 13,lashes,0.04
915338,CHAPTER 13,lasso,0.04
915441,CHAPTER 13,leaning,0.04
915535,CHAPTER 13,lent,0.04
915849,CHAPTER 13,long,0.04
915977,CHAPTER 13,luggage,0.04
916133,CHAPTER 13,magnanimity,0.04
916239,CHAPTER 13,manage,0.04
916538,CHAPTER 13,medal,0.04
916582,CHAPTER 13,melt,0.04
916779,CHAPTER 13,mimicking,0.04
916991,CHAPTER 13,monday,0.04
917661,CHAPTER 13,noting,0.04
918062,CHAPTER 13,ornament,0.04
919151,CHAPTER 13,placed,0.04
919219,CHAPTER 13,platters,0.04
919613,CHAPTER 13,precedence,0.04
919659,CHAPTER 13,preferred,0.04
919809,CHAPTER 13,princess,0.04
920587,CHAPTER 13,reapers,0.04
920695,CHAPTER 13,records,0.04
921571,CHAPTER 13,ropeyarn,0.04
921593,CHAPTER 13,roughly,0.04
921731,CHAPTER 13,sack,0.04
921861,CHAPTER 13,saplings,0.04
922756,CHAPTER 13,sideways,0.04
922991,CHAPTER 13,slavish,0.04
923193,CHAPTER 13,snortings,0.04
923234,CHAPTER 13,societies,0.04
923321,CHAPTER 13,somerset,0.04
923743,CHAPTER 13,stalking,0.04
923779,CHAPTER 13,stared,0.04
923904,CHAPTER 13,stern,0.04
924016,CHAPTER 13,story,0.04
925255,CHAPTER 13,ticking,0.04
925327,CHAPTER 13,tink,0.04
925433,CHAPTER 13,took,0.04
925794,CHAPTER 13,troublesome,0.04
925893,CHAPTER 13,turnpike,0.04
925894,CHAPTER 13,turns,0.04
926146,CHAPTER 13,unconsciousness,0.04
927334,CHAPTER 13,voted,0.04
927562,CHAPTER 13,waxed,0.04
927746,CHAPTER 13,whipped,0.04
927787,CHAPTER 13,whitewashed,0.04
927893,CHAPTER 13,wipe,0.04
927895,CHAPTER 13,wire,0.04
902707,CHAPTER 13,accounts,0.03
902840,CHAPTER 13,admire,0.03
902936,CHAPTER 13,affection,0.03
903086,CHAPTER 13,alarmed,0.03
903230,CHAPTER 13,amazingly,0.03
903602,CHAPTER 13,arc,0.03
903675,CHAPTER 13,armed,0.03
903820,CHAPTER 13,assembled,0.03
903833,CHAPTER 13,assigned,0.03
903860,CHAPTER 13,assured,0.03
903925,CHAPTER 13,attempt,0.03
904137,CHAPTER 13,bag,0.03
904236,CHAPTER 13,banquet,0.03
904263,CHAPTER 13,barbs,0.03
904436,CHAPTER 13,bedford,0.03
904480,CHAPTER 13,begged,0.03
904512,CHAPTER 13,beings,0.03
904694,CHAPTER 13,big,0.03
904822,CHAPTER 13,blast,0.03
904848,CHAPTER 13,blended,0.03
904853,CHAPTER 13,blessed,0.03
904884,CHAPTER 13,block,0.03
904945,CHAPTER 13,boarders,0.03
904946,CHAPTER 13,boarding,0.03
904953,CHAPTER 13,boat,0.03
905063,CHAPTER 13,borrowed,0.03
905117,CHAPTER 13,bowl,0.03
905126,CHAPTER 13,bowsprit,0.03
905145,CHAPTER 13,bracing,0.03
905160,CHAPTER 13,braided,0.03
905266,CHAPTER 13,bride,0.03
905309,CHAPTER 13,brine,0.03
905521,CHAPTER 13,bursting,0.03
905658,CHAPTER 13,came,0.03
905693,CHAPTER 13,canes,0.03
905696,CHAPTER 13,cannibal,0.03
905733,CHAPTER 13,capable,0.03
905818,CHAPTER 13,carpenters,0.03
905819,CHAPTER 13,carpet,0.03
905984,CHAPTER 13,central,0.03
906070,CHAPTER 13,chap,0.03
906298,CHAPTER 13,christians,0.03
906478,CHAPTER 13,clearing,0.03
906556,CHAPTER 13,clothes,0.03
906629,CHAPTER 13,cock,0.03
906752,CHAPTER 13,colt,0.03
906762,CHAPTER 13,combat,0.03
906780,CHAPTER 13,come,0.03
907089,CHAPTER 13,confidential,0.03
907236,CHAPTER 13,consternation,0.03
907345,CHAPTER 13,contrary,0.03
907436,CHAPTER 13,coolly,0.03
907441,CHAPTER 13,coopers,0.03
907546,CHAPTER 13,cottage,0.03
907624,CHAPTER 13,covered,0.03
907700,CHAPTER 13,crawling,0.03
907755,CHAPTER 13,cried,0.03
907857,CHAPTER 13,cruises,0.03
908224,CHAPTER 13,deck,0.03
908271,CHAPTER 13,deeply,0.03
908318,CHAPTER 13,deftly,0.03
908447,CHAPTER 13,dented,0.03
908555,CHAPTER 13,deserved,0.03
908701,CHAPTER 13,dexterity,0.03
908827,CHAPTER 13,dipping,0.03
908940,CHAPTER 13,disdain,0.03
909163,CHAPTER 13,dive,0.03
909226,CHAPTER 13,dog,0.03
909335,CHAPTER 13,downwards,0.03
909349,CHAPTER 13,dragging,0.03
909425,CHAPTER 13,drink,0.03
909483,CHAPTER 13,dry,0.03
909556,CHAPTER 13,dusky,0.03
909720,CHAPTER 13,effort,0.03
909836,CHAPTER 13,embalmed,0.03
910417,CHAPTER 13,exasperated,0.03
910622,CHAPTER 13,express,0.03
910626,CHAPTER 13,expression,0.03
910680,CHAPTER 13,eye,0.03
911087,CHAPTER 13,filed,0.03
911115,CHAPTER 13,finger,0.03
911117,CHAPTER 13,fingers,0.03
911132,CHAPTER 13,fires,0.03
911147,CHAPTER 13,fish,0.03
911276,CHAPTER 13,flinging,0.03
911540,CHAPTER 13,forms,0.03
911588,CHAPTER 13,fountain,0.03
911605,CHAPTER 13,fragrant,0.03
911653,CHAPTER 13,freezing,0.03
911689,CHAPTER 13,friendship,0.03
911786,CHAPTER 13,funny,0.03
911801,CHAPTER 13,furnish,0.03
911836,CHAPTER 13,gained,0.03
911838,CHAPTER 13,gaining,0.03
911945,CHAPTER 13,gaunt,0.03
912008,CHAPTER 13,gentleman,0.03
912120,CHAPTER 13,glances,0.03
912148,CHAPTER 13,glided,0.03
912161,CHAPTER 13,glittering,0.03
912180,CHAPTER 13,glorious,0.03
912241,CHAPTER 13,going,0.03
912423,CHAPTER 13,greenness,0.03
912459,CHAPTER 13,grinning,0.03
912546,CHAPTER 13,guests,0.03
912651,CHAPTER 13,hallo,0.03
912701,CHAPTER 13,handled,0.03
912729,CHAPTER 13,happened,0.03
912740,CHAPTER 13,harbor,0.03
912963,CHAPTER 13,heeded,0.03
912975,CHAPTER 13,heels,0.03
913106,CHAPTER 13,highway,0.03
913115,CHAPTER 13,hills,0.03
913200,CHAPTER 13,hoisting,0.03
913232,CHAPTER 13,homage,0.03
913276,CHAPTER 13,hoofs,0.03
913415,CHAPTER 13,humane,0.03
913590,CHAPTER 13,ignorant,0.03
913663,CHAPTER 13,immemorial,0.03
913919,CHAPTER 13,including,0.03
914252,CHAPTER 13,inland,0.03
914358,CHAPTER 13,instant,0.03
914531,CHAPTER 13,intimate,0.03
914644,CHAPTER 13,invited,0.03
914843,CHAPTER 13,jerk,0.03
914909,CHAPTER 13,joint,0.03
915147,CHAPTER 13,knees,0.03
915271,CHAPTER 13,landed,0.03
915279,CHAPTER 13,landlord,0.03
915444,CHAPTER 13,leap,0.03
915622,CHAPTER 13,lifeless,0.03
915958,CHAPTER 13,lubber,0.03
916110,CHAPTER 13,madness,0.03
916134,CHAPTER 13,magnanimous,0.03
916190,CHAPTER 13,majesty,0.03
916355,CHAPTER 13,marks,0.03
916399,CHAPTER 13,marvelled,0.03
916444,CHAPTER 13,mat,0.03
916505,CHAPTER 13,meadows,0.03
916643,CHAPTER 13,meridians,0.03
916716,CHAPTER 13,mid,0.03
916730,CHAPTER 13,midst,0.03
916785,CHAPTER 13,mind,0.03
916817,CHAPTER 13,miraculous,0.03
916993,CHAPTER 13,money,0.03
917142,CHAPTER 13,mountains,0.03
917176,CHAPTER 13,mowers,0.03
917296,CHAPTER 13,mutual,0.03
917527,CHAPTER 13,new,0.03
917603,CHAPTER 13,noises,0.03
917645,CHAPTER 13,nostrils,0.03
917657,CHAPTER 13,notice,0.03
917754,CHAPTER 13,obliged,0.03
917876,CHAPTER 13,officer,0.03
917890,CHAPTER 13,offing,0.03
917961,CHAPTER 13,opens,0.03
918254,CHAPTER 13,owners,0.03
918276,CHAPTER 13,packet,0.03
918296,CHAPTER 13,paid,0.03
918380,CHAPTER 13,panic,0.03
918435,CHAPTER 13,pardon,0.03
918478,CHAPTER 13,parted,0.03
918518,CHAPTER 13,passengers,0.03
918560,CHAPTER 13,path,0.03
918829,CHAPTER 13,permit,0.03
918837,CHAPTER 13,perpendicularly,0.03
918915,CHAPTER 13,peter,0.03
919004,CHAPTER 13,picked,0.03
919305,CHAPTER 13,plunging,0.03
919827,CHAPTER 13,private,0.03
919857,CHAPTER 13,proceeds,0.03
920132,CHAPTER 13,puff,0.03
920164,CHAPTER 13,punctilious,0.03
920236,CHAPTER 13,puts,0.03
920602,CHAPTER 13,reasons,0.03
920750,CHAPTER 13,reel,0.03
920752,CHAPTER 13,reeling,0.03
921043,CHAPTER 13,replied,0.03
921213,CHAPTER 13,restored,0.03
921277,CHAPTER 13,revealing,0.03
921357,CHAPTER 13,rib,0.03
921483,CHAPTER 13,river,0.03
921498,CHAPTER 13,roared,0.03
921698,CHAPTER 13,rushed,0.03
921754,CHAPTER 13,safely,0.03
921757,CHAPTER 13,sag,0.03
921768,CHAPTER 13,sail,0.03
921915,CHAPTER 13,saved,0.03
921936,CHAPTER 13,say,0.03
922146,CHAPTER 13,scythes,0.03
922149,CHAPTER 13,sea,0.03
922193,CHAPTER 13,second,0.03
922397,CHAPTER 13,settled,0.03
922524,CHAPTER 13,sheath,0.03
922542,CHAPTER 13,sheet,0.03
922570,CHAPTER 13,shifting,0.03
922587,CHAPTER 13,ship,0.03
922597,CHAPTER 13,ships,0.03
922611,CHAPTER 13,shivering,0.03
922632,CHAPTER 13,shooting,0.03
922878,CHAPTER 13,sister,0.03
922988,CHAPTER 13,slave,0.03
923035,CHAPTER 13,slightly,0.03
923164,CHAPTER 13,snapping,0.03
923176,CHAPTER 13,snatching,0.03
923200,CHAPTER 13,snuffed,0.03
923424,CHAPTER 13,spar,0.03
923589,CHAPTER 13,splinters,0.03
923663,CHAPTER 13,sprung,0.03
923667,CHAPTER 13,spurned,0.03
923734,CHAPTER 13,stained,0.03
923806,CHAPTER 13,stately,0.03
923836,CHAPTER 13,stay,0.03
923962,CHAPTER 13,stock,0.03
923996,CHAPTER 13,stopping,0.03
924008,CHAPTER 13,stories,0.03
924037,CHAPTER 13,strain,0.03
924114,CHAPTER 13,stripped,0.03
924373,CHAPTER 13,sultan,0.03
924652,CHAPTER 13,sweeping,0.03
924667,CHAPTER 13,swelled,0.03
924840,CHAPTER 13,tapping,0.03
924860,CHAPTER 13,tartar,0.03
924885,CHAPTER 13,tattooed,0.03
925016,CHAPTER 13,terms,0.03
925019,CHAPTER 13,terraces,0.03
925127,CHAPTER 13,think,0.03
925224,CHAPTER 13,throwing,0.03
925257,CHAPTER 13,tickled,0.03
925324,CHAPTER 13,tingling,0.03
925406,CHAPTER 13,tomahawk,0.03
925473,CHAPTER 13,tornadoes,0.03
925503,CHAPTER 13,touched,0.03
925649,CHAPTER 13,trapped,0.03
925692,CHAPTER 13,trees,0.03
925701,CHAPTER 13,tremendous,0.03
925736,CHAPTER 13,tricks,0.03
925812,CHAPTER 13,trump,0.03
925940,CHAPTER 13,twisting,0.03
926271,CHAPTER 13,unearthly,0.03
926484,CHAPTER 13,unlike,0.03
926918,CHAPTER 13,using,0.03
927086,CHAPTER 13,verdure,0.03
927390,CHAPTER 13,waist,0.03
927444,CHAPTER 13,wandering,0.03
927512,CHAPTER 13,wash,0.03
927673,CHAPTER 13,whale,0.03
927692,CHAPTER 13,wharves,0.03
927703,CHAPTER 13,wheeling,0.03
928204,CHAPTER 13,yelled,0.03
902576,CHAPTER 13,aboard,0.02
903045,CHAPTER 13,ah,0.02
903460,CHAPTER 13,apart,0.02
903671,CHAPTER 13,arm,0.02
903778,CHAPTER 13,ashore,0.02
904064,CHAPTER 13,away,0.02
904088,CHAPTER 13,aye,0.02
904661,CHAPTER 13,better,0.02
904942,CHAPTER 13,board,0.02
904973,CHAPTER 13,bodily,0.02
905243,CHAPTER 13,breeze,0.02
905443,CHAPTER 13,bull,0.02
905727,CHAPTER 13,canvas,0.02
905826,CHAPTER 13,carried,0.02
905837,CHAPTER 13,carry,0.02
905988,CHAPTER 13,centre,0.02
906474,CHAPTER 13,clear,0.02
906657,CHAPTER 13,coffin,0.02
906690,CHAPTER 13,cold,0.02
906844,CHAPTER 13,common,0.02
906932,CHAPTER 13,completely,0.02
908669,CHAPTER 13,devil,0.02
908853,CHAPTER 13,disappeared,0.02
909270,CHAPTER 13,don,0.02
909281,CHAPTER 13,doom,0.02
909448,CHAPTER 13,dropped,0.02
909449,CHAPTER 13,dropping,0.02
909612,CHAPTER 13,earth,0.02
909614,CHAPTER 13,earthly,0.02
910146,CHAPTER 13,entire,0.02
910147,CHAPTER 13,entirely,0.02
910700,CHAPTER 13,face,0.02
910838,CHAPTER 13,fast,0.02
910864,CHAPTER 13,father,0.02
911364,CHAPTER 13,flying,0.02
911529,CHAPTER 13,form,0.02
912128,CHAPTER 13,glass,0.02
912251,CHAPTER 13,gone,0.02
912403,CHAPTER 13,great,0.02
912676,CHAPTER 13,hammock,0.02
912787,CHAPTER 13,harpoons,0.02
912855,CHAPTER 13,having,0.02
912875,CHAPTER 13,head,0.02
912931,CHAPTER 13,hearts,0.02
912953,CHAPTER 13,heavy,0.02
912991,CHAPTER 13,held,0.02
913003,CHAPTER 13,help,0.02
913138,CHAPTER 13,hinted,0.02
913257,CHAPTER 13,honor,0.02
913537,CHAPTER 13,ice,0.02
914011,CHAPTER 13,indian,0.02
914424,CHAPTER 13,intense,0.02
914815,CHAPTER 13,jaw,0.02
915091,CHAPTER 13,killed,0.02
915184,CHAPTER 13,known,0.02
915270,CHAPTER 13,land,0.02
915318,CHAPTER 13,large,0.02
915400,CHAPTER 13,lay,0.02
915486,CHAPTER 13,left,0.02
915741,CHAPTER 13,little,0.02
915762,CHAPTER 13,living,0.02
915767,CHAPTER 13,ll,0.02
915861,CHAPTER 13,look,0.02
915862,CHAPTER 13,looked,0.02
915941,CHAPTER 13,lower,0.02
916000,CHAPTER 13,lungs,0.02
916174,CHAPTER 13,main,0.02
916235,CHAPTER 13,man,0.02
916443,CHAPTER 13,masts,0.02
916474,CHAPTER 13,matters,0.02
916513,CHAPTER 13,mean,0.02
916626,CHAPTER 13,merchant,0.02
916636,CHAPTER 13,mere,0.02
917083,CHAPTER 13,morning,0.02
917091,CHAPTER 13,mortal,0.02
917342,CHAPTER 13,nantucket,0.02
917410,CHAPTER 13,near,0.02
917468,CHAPTER 13,negro,0.02
917585,CHAPTER 13,noble,0.02
917955,CHAPTER 13,open,0.02
918166,CHAPTER 13,overboard,0.02
918492,CHAPTER 13,particular,0.02
918512,CHAPTER 13,passage,0.02
918516,CHAPTER 13,passed,0.02
918805,CHAPTER 13,perilous,0.02
918867,CHAPTER 13,person,0.02
919049,CHAPTER 13,piled,0.02
919120,CHAPTER 13,pitch,0.02
919168,CHAPTER 13,plain,0.02
919336,CHAPTER 13,pointed,0.02
919340,CHAPTER 13,pointing,0.02
919496,CHAPTER 13,post,0.02
919629,CHAPTER 13,precise,0.02
919769,CHAPTER 13,pretty,0.02
919780,CHAPTER 13,previously,0.02
919874,CHAPTER 13,prodigious,0.02
920324,CHAPTER 13,quick,0.02
921568,CHAPTER 13,rope,0.02
921689,CHAPTER 13,run,0.02
921692,CHAPTER 13,running,0.02
921909,CHAPTER 13,savage,0.02
921939,CHAPTER 13,saying,0.02
921991,CHAPTER 13,scene,0.02
922214,CHAPTER 13,secured,0.02
922245,CHAPTER 13,seen,0.02
922320,CHAPTER 13,sent,0.02
922642,CHAPTER 13,short,0.02
922668,CHAPTER 13,showed,0.02
922799,CHAPTER 13,silent,0.02
922872,CHAPTER 13,sir,0.02
923102,CHAPTER 13,small,0.02
923376,CHAPTER 13,sound,0.02
923788,CHAPTER 13,start,0.02
924030,CHAPTER 13,straight,0.02
924080,CHAPTER 13,strength,0.02
924102,CHAPTER 13,striking,0.02
924175,CHAPTER 13,stuff,0.02
924257,CHAPTER 13,substance,0.02
924316,CHAPTER 13,sudden,0.02
924502,CHAPTER 13,suppose,0.02
924680,CHAPTER 13,swimming,0.02
924790,CHAPTER 13,taking,0.02
924804,CHAPTER 13,tall,0.02
924933,CHAPTER 13,teeth,0.02
925125,CHAPTER 13,thing,0.02
925132,CHAPTER 13,thinking,0.02
925238,CHAPTER 13,thunder,0.02
925301,CHAPTER 13,time,0.02
925490,CHAPTER 13,tossed,0.02
925738,CHAPTER 13,tried,0.02
925828,CHAPTER 13,truth,0.02
925833,CHAPTER 13,try,0.02
925890,CHAPTER 13,turning,0.02
926893,CHAPTER 13,upwards,0.02
926908,CHAPTER 13,used,0.02
927346,CHAPTER 13,voyage,0.02
927526,CHAPTER 13,watch,0.02
927565,CHAPTER 13,way,0.02
927597,CHAPTER 13,weather,0.02
927656,CHAPTER 13,went,0.02
927858,CHAPTER 13,wind,0.02
927901,CHAPTER 13,wise,0.02
928021,CHAPTER 13,world,0.02
906002,CHAPTER 13,certain,0.01
909981,CHAPTER 13,end,0.01
910957,CHAPTER 13,feet,0.01
912686,CHAPTER 13,hand,0.01
912917,CHAPTER 13,heart,0.01
913202,CHAPTER 13,hold,0.01
915178,CHAPTER 13,know,0.01
919334,CHAPTER 13,point,0.01
921402,CHAPTER 13,right,0.01
921594,CHAPTER 13,round,0.01
921928,CHAPTER 13,saw,0.01
923338,CHAPTER 13,soon,0.01
925126,CHAPTER 13,things,0.01
925163,CHAPTER 13,thought,0.01
925291,CHAPTER 13,till,0.01
925305,CHAPTER 13,times,0.01
925808,CHAPTER 13,true,0.01
927684,CHAPTER 13,whales,0.01
927689,CHAPTER 13,whaling,0.01
927778,CHAPTER 13,white,0.01
