,chapter,term,tfidf
3352565,CHAPTER 91,guernsey,0.32
3364176,CHAPTER 91,stubb,0.28
3357042,CHAPTER 91,monsieur,0.2
3367697,CHAPTER 91,whale,0.18
3345131,CHAPTER 91,bouton,0.16
3361597,CHAPTER 91,rose,0.16
3345786,CHAPTER 91,captain,0.15
3357662,CHAPTER 91,nose,0.13
3344847,CHAPTER 91,blasted,0.12
3345437,CHAPTER 91,bud,0.11
3357925,CHAPTER 91,oil,0.11
3351681,CHAPTER 91,frenchman,0.1
3356259,CHAPTER 91,man,0.1
3363433,CHAPTER 91,spade,0.1
3367708,CHAPTER 91,whales,0.1
3343214,CHAPTER 91,alongside,0.09
3349491,CHAPTER 91,drugged,0.09
3367989,CHAPTER 91,won,0.09
3343258,CHAPTER 91,ambergris,0.08
3355791,CHAPTER 91,ll,0.08
3359185,CHAPTER 91,plague,0.08
3361790,CHAPTER 91,said,0.08
3362611,CHAPTER 91,ship,0.08
3368237,CHAPTER 91,yes,0.08
3364076,CHAPTER 91,stranger,0.07
3364965,CHAPTER 91,tell,0.07
3348765,CHAPTER 91,diddled,0.06
3349449,CHAPTER 91,drink,0.06
3350735,CHAPTER 91,fact,0.06
3351680,CHAPTER 91,french,0.06
3352277,CHAPTER 91,good,0.06
3354519,CHAPTER 91,interpreter,0.06
3356476,CHAPTER 91,mate,0.06
3357664,CHAPTER 91,nosegay,0.06
3358340,CHAPTER 91,pairs,0.06
3358788,CHAPTER 91,pequod,0.06
3358792,CHAPTER 91,perceived,0.06
3365858,CHAPTER 91,trying,0.06
3366705,CHAPTER 91,unsavory,0.06
3368069,CHAPTER 91,worth,0.06
3368216,CHAPTER 91,ye,0.06
3343807,CHAPTER 91,aside,0.05
3344977,CHAPTER 91,boat,0.05
3344982,CHAPTER 91,boats,0.05
3345591,CHAPTER 91,bye,0.05
3346238,CHAPTER 91,chief,0.05
3348016,CHAPTER 91,cutting,0.05
3348158,CHAPTER 91,day,0.05
3348248,CHAPTER 91,deck,0.05
3348599,CHAPTER 91,desist,0.05
3349441,CHAPTER 91,dried,0.05
3349617,CHAPTER 91,eagerly,0.05
3352718,CHAPTER 91,handfuls,0.05
3353015,CHAPTER 91,held,0.05
3353991,CHAPTER 91,increased,0.05
3355202,CHAPTER 91,know,0.05
3357639,CHAPTER 91,nonsense,0.05
3357666,CHAPTER 91,noses,0.05
3357828,CHAPTER 91,obtained,0.05
3358108,CHAPTER 91,ostentatiously,0.05
3359837,CHAPTER 91,principles,0.05
3360239,CHAPTER 91,purse,0.05
3360737,CHAPTER 91,red,0.05
3360894,CHAPTER 91,rejoined,0.05
3361965,CHAPTER 91,says,0.05
3362173,CHAPTER 91,sea,0.05
3362180,CHAPTER 91,seals,0.05
3367072,CHAPTER 91,velvet,0.05
3367145,CHAPTER 91,vest,0.05
3367367,CHAPTER 91,vowed,0.05
3367484,CHAPTER 91,wants,0.05
3368229,CHAPTER 91,yelling,0.05
3345267,CHAPTER 91,breeze,0.04
3345603,CHAPTER 91,cabin,0.04
3345817,CHAPTER 91,carefully,0.04
3346047,CHAPTER 91,chains,0.04
3346771,CHAPTER 91,colour,0.04
3346804,CHAPTER 91,come,0.04
3347322,CHAPTER 91,content,0.04
3347454,CHAPTER 91,cool,0.04
3348769,CHAPTER 91,died,0.04
3349507,CHAPTER 91,dry,0.04
3350757,CHAPTER 91,faint,0.04
3351187,CHAPTER 91,fit,0.04
3352071,CHAPTER 91,getting,0.04
3353224,CHAPTER 91,hoisting,0.04
3355765,CHAPTER 91,little,0.04
3355891,CHAPTER 91,looking,0.04
3355902,CHAPTER 91,loose,0.04
3355938,CHAPTER 91,loud,0.04
3357436,CHAPTER 91,nearer,0.04
3359206,CHAPTER 91,plan,0.04
3359264,CHAPTER 91,pleasant,0.04
3359744,CHAPTER 91,presently,0.04
3360164,CHAPTER 91,pull,0.04
3360165,CHAPTER 91,pulled,0.04
3360166,CHAPTER 91,pulling,0.04
3360355,CHAPTER 91,quickly,0.04
3361293,CHAPTER 91,returned,0.04
3361618,CHAPTER 91,round,0.04
3363048,CHAPTER 91,slid,0.04
3363137,CHAPTER 91,smell,0.04
3363141,CHAPTER 91,smells,0.04
3363388,CHAPTER 91,sort,0.04
3364789,CHAPTER 91,tackles,0.04
3365252,CHAPTER 91,thrust,0.04
3365325,CHAPTER 91,time,0.04
3365541,CHAPTER 91,tow,0.04
3365914,CHAPTER 91,turning,0.04
3341932,CHAPTER 91,_bouton_,0.03
3341963,CHAPTER 91,_cabinet_,0.03
3342338,CHAPTER 91,_rose_,0.03
3342388,CHAPTER 91,_sir,0.03
3342518,CHAPTER 91,_what_,0.03
3342521,CHAPTER 91,_white_,0.03
3342544,CHAPTER 91,_yours_,0.03
3342548,CHAPTER 91,abaft,0.03
3342718,CHAPTER 91,accordance,0.03
3343060,CHAPTER 91,agree,0.03
3343070,CHAPTER 91,ahab,0.03
3343087,CHAPTER 91,air,0.03
3343101,CHAPTER 91,ajar,0.03
3343257,CHAPTER 91,ambergriese,0.03
3343336,CHAPTER 91,anathemas,0.03
3343666,CHAPTER 91,argued,0.03
3343716,CHAPTER 91,aromatic,0.03
3343888,CHAPTER 91,assyrian,0.03
3343947,CHAPTER 91,attar,0.03
3344122,CHAPTER 91,baboon,0.03
3344125,CHAPTER 91,babyish,0.03
3344264,CHAPTER 91,banteringly,0.03
3344382,CHAPTER 91,bawled,0.03
3344550,CHAPTER 91,believe,0.03
3344612,CHAPTER 91,benevolently,0.03
3344666,CHAPTER 91,bet,0.03
3344669,CHAPTER 91,betaken,0.03
3344824,CHAPTER 91,blanche,0.03
3344971,CHAPTER 91,boards,0.03
3345044,CHAPTER 91,bones,0.03
3345063,CHAPTER 91,booms,0.03
3345072,CHAPTER 91,bordeaux,0.03
3345147,CHAPTER 91,bows,0.03
3345271,CHAPTER 91,breezing,0.03
3345372,CHAPTER 91,broken,0.03
3345397,CHAPTER 91,brought,0.03
3345401,CHAPTER 91,browne,0.03
3345457,CHAPTER 91,bulb,0.03
3345458,CHAPTER 91,bulbous,0.03
3345489,CHAPTER 91,bundle,0.03
3345580,CHAPTER 91,button,0.03
3345614,CHAPTER 91,cachalot,0.03
3345665,CHAPTER 91,calm,0.03
3345894,CHAPTER 91,cast,0.03
3345984,CHAPTER 91,cell,0.03
3345985,CHAPTER 91,cellar,0.03
3346304,CHAPTER 91,chopping,0.03
3346365,CHAPTER 91,circled,0.03
3346402,CHAPTER 91,circumventing,0.03
3346825,CHAPTER 91,coming,0.03
3346827,CHAPTER 91,command,0.03
3346884,CHAPTER 91,communication,0.03
3347023,CHAPTER 91,conceited,0.03
3347027,CHAPTER 91,conceived,0.03
3347057,CHAPTER 91,concocted,0.03
3347123,CHAPTER 91,confining,0.03
3347179,CHAPTER 91,conjures,0.03
3347573,CHAPTER 91,cotton,0.03
3347707,CHAPTER 91,crappo,0.03
3347708,CHAPTER 91,crappoes,0.03
3347774,CHAPTER 91,crew,0.03
3347779,CHAPTER 91,cried,0.03
3347943,CHAPTER 91,cupidity,0.03
3348258,CHAPTER 91,declares,0.03
3348344,CHAPTER 91,defunct,0.03
3348470,CHAPTER 91,dent,0.03
3348481,CHAPTER 91,denying,0.03
3348674,CHAPTER 91,detestation,0.03
3348693,CHAPTER 91,devil,0.03
3348799,CHAPTER 91,digging,0.03
3348849,CHAPTER 91,dipped,0.03
3348866,CHAPTER 91,dirty,0.03
3348880,CHAPTER 91,disappointed,0.03
3348944,CHAPTER 91,discoverers,0.03
3349130,CHAPTER 91,distance,0.03
3349176,CHAPTER 91,distrusting,0.03
3349294,CHAPTER 91,don,0.03
3349442,CHAPTER 91,drift,0.03
3349471,CHAPTER 91,drop,0.03
3349493,CHAPTER 91,druggist,0.03
3349521,CHAPTER 91,ducking,0.03
3349613,CHAPTER 91,dyspepsia,0.03
3350067,CHAPTER 91,english,0.03
3350183,CHAPTER 91,entrapped,0.03
3350186,CHAPTER 91,entreaties,0.03
3350292,CHAPTER 91,escaping,0.03
3350446,CHAPTER 91,excavation,0.03
3350528,CHAPTER 91,exhale,0.03
3350611,CHAPTER 91,expiring,0.03
3350816,CHAPTER 91,fanciful,0.03
3350984,CHAPTER 91,feigned,0.03
3350998,CHAPTER 91,fellow,0.03
3351050,CHAPTER 91,fetor,0.03
3351055,CHAPTER 91,fever,0.03
3351133,CHAPTER 91,fine,0.03
3351351,CHAPTER 91,flowed,0.03
3351505,CHAPTER 91,foreseeing,0.03
3351641,CHAPTER 91,frank,0.03
3351682,CHAPTER 91,frenchmen,0.03
3351766,CHAPTER 91,fruit,0.03
3351818,CHAPTER 91,furled,0.03
3351929,CHAPTER 91,gardenny,0.03
3352101,CHAPTER 91,gill,0.03
3352103,CHAPTER 91,gilt,0.03
3352269,CHAPTER 91,gold,0.03
3352394,CHAPTER 91,grateful,0.03
3352566,CHAPTER 91,guernseyman,0.03
3352580,CHAPTER 91,guinea,0.03
3352827,CHAPTER 91,hasn,0.03
3352899,CHAPTER 91,head,0.03
3353027,CHAPTER 91,help,0.03
3353029,CHAPTER 91,helping,0.03
3353226,CHAPTER 91,hold,0.03
3353386,CHAPTER 91,house,0.03
3353612,CHAPTER 91,ignoramus,0.03
3353961,CHAPTER 91,incompetent,0.03
3354050,CHAPTER 91,indigestion,0.03
3354054,CHAPTER 91,indignations,0.03
3354330,CHAPTER 91,inscription,0.03
3354458,CHAPTER 91,intentions,0.03
3354521,CHAPTER 91,interpreting,0.03
3354547,CHAPTER 91,interview,0.03
3354670,CHAPTER 91,inviting,0.03
3354772,CHAPTER 91,issuing,0.03
3354790,CHAPTER 91,jackal,0.03
3354807,CHAPTER 91,jago,0.03
3354808,CHAPTER 91,jail,0.03
3354944,CHAPTER 91,joking,0.03
3355342,CHAPTER 91,large,0.03
3355487,CHAPTER 91,leavings,0.03
3355674,CHAPTER 91,like,0.03
3355803,CHAPTER 91,loam,0.03
3356333,CHAPTER 91,manufacturer,0.03
3356515,CHAPTER 91,mayhap,0.03
3356908,CHAPTER 91,mistaking,0.03
3357073,CHAPTER 91,moor,0.03
3357152,CHAPTER 91,mottled,0.03
3357155,CHAPTER 91,moulded,0.03
3357180,CHAPTER 91,moustache,0.03
3357777,CHAPTER 91,oblige,0.03
3357877,CHAPTER 91,odor,0.03
3357938,CHAPTER 91,olfactories,0.03
3358116,CHAPTER 91,ounce,0.03
3358128,CHAPTER 91,outcries,0.03
3358623,CHAPTER 91,paunch,0.03
3358655,CHAPTER 91,peak,0.03
3358824,CHAPTER 91,perfume,0.03
3358903,CHAPTER 91,persuade,0.03
3358933,CHAPTER 91,pest,0.03
3359504,CHAPTER 91,posies,0.03
3359556,CHAPTER 91,pottery,0.03
3359873,CHAPTER 91,problematical,0.03
3359962,CHAPTER 91,projected,0.03
3360158,CHAPTER 91,puffing,0.03
3360314,CHAPTER 91,quarter,0.03
3360376,CHAPTER 91,quite,0.03
3360458,CHAPTER 91,rake,0.03
3360609,CHAPTER 91,reap,0.03
3360720,CHAPTER 91,recounted,0.03
3360986,CHAPTER 91,remonstrating,0.03
3361599,CHAPTER 91,roses,0.03
3361796,CHAPTER 91,sailing,0.03
3361802,CHAPTER 91,sailors,0.03
3361910,CHAPTER 91,satirizing,0.03
3361947,CHAPTER 91,savory,0.03
3361960,CHAPTER 91,say,0.03
3362015,CHAPTER 91,scene,0.03
3362026,CHAPTER 91,scheme,0.03
3362217,CHAPTER 91,second,0.03
3362742,CHAPTER 91,shun,0.03
3362862,CHAPTER 91,sincerity,0.03
3362987,CHAPTER 91,slacking,0.03
3363116,CHAPTER 91,slung,0.03
3363142,CHAPTER 91,smelt,0.03
3363225,CHAPTER 91,snuffers,0.03
3363238,CHAPTER 91,soap,0.03
3363765,CHAPTER 91,stalk,0.03
3363813,CHAPTER 91,started,0.03
3363913,CHAPTER 91,stems,0.03
3364163,CHAPTER 91,struck,0.03
3364618,CHAPTER 91,suspicion,0.03
3364724,CHAPTER 91,swooped,0.03
3364746,CHAPTER 91,symmetrical,0.03
3364895,CHAPTER 91,tasselled,0.03
3365037,CHAPTER 91,terminating,0.03
3365180,CHAPTER 91,thorns,0.03
3365187,CHAPTER 91,thought,0.03
3365281,CHAPTER 91,tickled,0.03
3365314,CHAPTER 91,tiles,0.03
3365913,CHAPTER 91,turned,0.03
3366051,CHAPTER 91,unappropriated,0.03
3366064,CHAPTER 91,unavoidably,0.03
3366556,CHAPTER 91,unmolested,0.03
3366617,CHAPTER 91,unprofitable,0.03
3366688,CHAPTER 91,unrighteous,0.03
3366916,CHAPTER 91,upwardly,0.03
3366986,CHAPTER 91,vain,0.03
3367052,CHAPTER 91,ve,0.03
3367187,CHAPTER 91,victim,0.03
3367204,CHAPTER 91,vigilant,0.03
3367369,CHAPTER 91,vows,0.03
3367380,CHAPTER 91,vulture,0.03
3367550,CHAPTER 91,watch,0.03
3367824,CHAPTER 91,wick,0.03
3367896,CHAPTER 91,windsor,0.03
3367943,CHAPTER 91,withal,0.03
3368068,CHAPTER 91,worsted,0.03
3342600,CHAPTER 91,aboard,0.02
3342643,CHAPTER 91,absorbed,0.02
3342720,CHAPTER 91,according,0.02
3342870,CHAPTER 91,admit,0.02
3342914,CHAPTER 91,advance,0.02
3343076,CHAPTER 91,ahoy,0.02
3343085,CHAPTER 91,ain,0.02
3343429,CHAPTER 91,answered,0.02
3343478,CHAPTER 91,anxious,0.02
3343533,CHAPTER 91,appeared,0.02
3343740,CHAPTER 91,arrived,0.02
3343797,CHAPTER 91,ash,0.02
3343816,CHAPTER 91,aspect,0.02
3344071,CHAPTER 91,avoid,0.02
3344079,CHAPTER 91,awaiting,0.02
3344088,CHAPTER 91,away,0.02
3344112,CHAPTER 91,aye,0.02
3344151,CHAPTER 91,bad,0.02
3344161,CHAPTER 91,bag,0.02
3344251,CHAPTER 91,bankrupt,0.02
3344506,CHAPTER 91,begin,0.02
3344508,CHAPTER 91,beginning,0.02
3344677,CHAPTER 91,betokened,0.02
3344710,CHAPTER 91,bid,0.02
3344873,CHAPTER 91,blending,0.02
3344995,CHAPTER 91,bodies,0.02
3345000,CHAPTER 91,body,0.02
3345095,CHAPTER 91,bottle,0.02
3345132,CHAPTER 91,bow,0.02
3345141,CHAPTER 91,bowl,0.02
3345155,CHAPTER 91,boxes,0.02
3345238,CHAPTER 91,breakers,0.02
3345315,CHAPTER 91,bright,0.02
3345371,CHAPTER 91,broke,0.02
3345476,CHAPTER 91,bulwarks,0.02
3345486,CHAPTER 91,bunch,0.02
3345527,CHAPTER 91,buried,0.02
3345533,CHAPTER 91,burn,0.02
3345550,CHAPTER 91,bury,0.02
3345611,CHAPTER 91,cables,0.02
3345658,CHAPTER 91,called,0.02
3345714,CHAPTER 91,candles,0.02
3345778,CHAPTER 91,caps,0.02
3345803,CHAPTER 91,carcase,0.02
3345873,CHAPTER 91,carved,0.02
3345883,CHAPTER 91,cases,0.02
3345921,CHAPTER 91,catch,0.02
3346127,CHAPTER 91,charity,0.02
3346166,CHAPTER 91,chat,0.02
3346204,CHAPTER 91,cheese,0.02
3346419,CHAPTER 91,city,0.02
3346586,CHAPTER 91,cloud,0.02
3346623,CHAPTER 91,coal,0.02
3346756,CHAPTER 91,cologne,0.02
3346775,CHAPTER 91,colours,0.02
3346828,CHAPTER 91,commanded,0.02
3346838,CHAPTER 91,commenced,0.02
3346954,CHAPTER 91,complete,0.02
3347052,CHAPTER 91,concluded,0.02
3347069,CHAPTER 91,condemned,0.02
3347113,CHAPTER 91,confidential,0.02
3347257,CHAPTER 91,constantly,0.02
3347298,CHAPTER 91,contain,0.02
3347475,CHAPTER 91,copper,0.02
3347522,CHAPTER 91,corpse,0.02
3347647,CHAPTER 91,cover,0.02
3347741,CHAPTER 91,creation,0.02
3347937,CHAPTER 91,cunning,0.02
3348177,CHAPTER 91,deadly,0.02
3348181,CHAPTER 91,deal,0.02
3348187,CHAPTER 91,dear,0.02
3348379,CHAPTER 91,delicate,0.02
3348385,CHAPTER 91,delight,0.02
3348483,CHAPTER 91,departed,0.02
3348593,CHAPTER 91,desired,0.02
3348634,CHAPTER 91,destined,0.02
3348696,CHAPTER 91,devils,0.02
3348754,CHAPTER 91,dick,0.02
3348764,CHAPTER 91,did,0.02
3348766,CHAPTER 91,didn,0.02
3348768,CHAPTER 91,die,0.02
3348844,CHAPTER 91,dip,0.02
3348852,CHAPTER 91,direct,0.02
3348855,CHAPTER 91,direction,0.02
3349215,CHAPTER 91,diving,0.02
3349307,CHAPTER 91,door,0.02
3349400,CHAPTER 91,drawing,0.02
3349420,CHAPTER 91,dreaming,0.02
3349438,CHAPTER 91,drew,0.02
3349451,CHAPTER 91,drinking,0.02
3349468,CHAPTER 91,drooping,0.02
3349473,CHAPTER 91,dropping,0.02
3349648,CHAPTER 91,easily,0.02
3349656,CHAPTER 91,easy,0.02
3349698,CHAPTER 91,eddying,0.02
3349729,CHAPTER 91,effect,0.02
3349761,CHAPTER 91,eh,0.02
3349854,CHAPTER 91,em,0.02
3350054,CHAPTER 91,engaged,0.02
3350142,CHAPTER 91,entangled,0.02
3350171,CHAPTER 91,entirely,0.02
3350476,CHAPTER 91,excitement,0.02
3350613,CHAPTER 91,explained,0.02
3350647,CHAPTER 91,expressed,0.02
3350707,CHAPTER 91,eyed,0.02
3350708,CHAPTER 91,eyeing,0.02
3350727,CHAPTER 91,faces,0.02
3350768,CHAPTER 91,fairly,0.02
3350876,CHAPTER 91,fat,0.02
3351091,CHAPTER 91,fiery,0.02
3351100,CHAPTER 91,fighting,0.02
3351104,CHAPTER 91,figure,0.02
3351118,CHAPTER 91,filled,0.02
3351125,CHAPTER 91,fin,0.02
3351171,CHAPTER 91,fish,0.02
3351175,CHAPTER 91,fisherman,0.02
3351176,CHAPTER 91,fishermen,0.02
3351313,CHAPTER 91,floated,0.02
3351314,CHAPTER 91,floating,0.02
3351350,CHAPTER 91,flow,0.02
3351388,CHAPTER 91,flying,0.02
3351413,CHAPTER 91,folded,0.02
3351618,CHAPTER 91,fowl,0.02
3351620,CHAPTER 91,fowls,0.02
3351692,CHAPTER 91,fresh,0.02
3351712,CHAPTER 91,friends,0.02
3351969,CHAPTER 91,gaunt,0.02
3352032,CHAPTER 91,gentleman,0.02
3352152,CHAPTER 91,glass,0.02
3352172,CHAPTER 91,glided,0.02
3352305,CHAPTER 91,got,0.02
3352657,CHAPTER 91,hailed,0.02
3352658,CHAPTER 91,hailing,0.02
3352710,CHAPTER 91,hand,0.02
3352729,CHAPTER 91,hands,0.02
3352761,CHAPTER 91,happy,0.02
3352835,CHAPTER 91,hat,0.02
3352879,CHAPTER 91,having,0.02
3352933,CHAPTER 91,hearing,0.02
3352950,CHAPTER 91,heartily,0.02
3353064,CHAPTER 91,hereabouts,0.02
3353314,CHAPTER 91,hope,0.02
3353345,CHAPTER 91,horrible,0.02
3353401,CHAPTER 91,hovered,0.02
3353419,CHAPTER 91,hue,0.02
3353426,CHAPTER 91,huge,0.02
3353464,CHAPTER 91,humor,0.02
3353494,CHAPTER 91,hunters,0.02
3353561,CHAPTER 91,ice,0.02
3353735,CHAPTER 91,impatient,0.02
3354163,CHAPTER 91,inferior,0.02
3354317,CHAPTER 91,inquiry,0.02
3354387,CHAPTER 91,instantly,0.02
3354409,CHAPTER 91,insufferable,0.02
3354541,CHAPTER 91,intervals,0.02
3354564,CHAPTER 91,intolerable,0.02
3354583,CHAPTER 91,introduced,0.02
3354897,CHAPTER 91,jib,0.02
3354913,CHAPTER 91,job,0.02
3354997,CHAPTER 91,judge,0.02
3355068,CHAPTER 91,keel,0.02
3355198,CHAPTER 91,knotted,0.02
3355204,CHAPTER 91,knowing,0.02
3355391,CHAPTER 91,laughed,0.02
3355465,CHAPTER 91,leaning,0.02
3355575,CHAPTER 91,let,0.02
3355583,CHAPTER 91,letters,0.02
3355660,CHAPTER 91,lighter,0.02
3355680,CHAPTER 91,likeness,0.02
3355706,CHAPTER 91,line,0.02
3355713,CHAPTER 91,lines,0.02
3355783,CHAPTER 91,lives,0.02
3355873,CHAPTER 91,long,0.02
3355885,CHAPTER 91,look,0.02
3355894,CHAPTER 91,looks,0.02
3355967,CHAPTER 91,lowering,0.02
3356378,CHAPTER 91,marking,0.02
3356439,CHAPTER 91,mass,0.02
3356467,CHAPTER 91,masts,0.02
3356537,CHAPTER 91,mean,0.02
3356541,CHAPTER 91,meaning,0.02
3356740,CHAPTER 91,mid,0.02
3356832,CHAPTER 91,minute,0.02
3356939,CHAPTER 91,moby,0.02
3357026,CHAPTER 91,monkey,0.02
3357168,CHAPTER 91,mounted,0.02
3357669,CHAPTER 91,nostrils,0.02
3357681,CHAPTER 91,notice,0.02
3357690,CHAPTER 91,notwithstanding,0.02
3357718,CHAPTER 91,numberless,0.02
3357745,CHAPTER 91,oakum,0.02
3357899,CHAPTER 91,office,0.02
3357923,CHAPTER 91,oh,0.02
3357933,CHAPTER 91,old,0.02
3358296,CHAPTER 91,pack,0.02
3358333,CHAPTER 91,painted,0.02
3358519,CHAPTER 91,parties,0.02
3358550,CHAPTER 91,passion,0.02
3358648,CHAPTER 91,peace,0.02
3359031,CHAPTER 91,pickle,0.02
3359045,CHAPTER 91,piece,0.02
3359126,CHAPTER 91,pipes,0.02
3359192,CHAPTER 91,plain,0.02
3359267,CHAPTER 91,pleased,0.02
3359380,CHAPTER 91,pole,0.02
3359394,CHAPTER 91,politely,0.02
3359441,CHAPTER 91,poor,0.02
3359468,CHAPTER 91,port,0.02
3359646,CHAPTER 91,precious,0.02
3359740,CHAPTER 91,presented,0.02
3359779,CHAPTER 91,pretend,0.02
3359793,CHAPTER 91,pretty,0.02
3359878,CHAPTER 91,proceeded,0.02
3359879,CHAPTER 91,proceeding,0.02
3359880,CHAPTER 91,proceedings,0.02
3359898,CHAPTER 91,prodigious,0.02
3359963,CHAPTER 91,projecting,0.02
3360015,CHAPTER 91,proper,0.02
3360092,CHAPTER 91,proved,0.02
3360301,CHAPTER 91,quality,0.02
3360329,CHAPTER 91,queer,0.02
3360433,CHAPTER 91,rail,0.02
3360490,CHAPTER 91,ran,0.02
3360513,CHAPTER 91,rapidly,0.02
3360588,CHAPTER 91,read,0.02
3360592,CHAPTER 91,readiness,0.02
3360694,CHAPTER 91,recognised,0.02
3360835,CHAPTER 91,regarded,0.02
3360848,CHAPTER 91,regions,0.02
3360937,CHAPTER 91,relish,0.02
3361071,CHAPTER 91,report,0.02
3361273,CHAPTER 91,retired,0.02
3361388,CHAPTER 91,ribs,0.02
3361390,CHAPTER 91,rich,0.02
3361472,CHAPTER 91,ripe,0.02
3361507,CHAPTER 91,river,0.02
3361522,CHAPTER 91,roared,0.02
3361565,CHAPTER 91,roman,0.02
3361569,CHAPTER 91,romantic,0.02
3361808,CHAPTER 91,sake,0.02
3361952,CHAPTER 91,saw,0.02
3361963,CHAPTER 91,saying,0.02
3362110,CHAPTER 91,scrape,0.02
3362113,CHAPTER 91,scraping,0.02
3362124,CHAPTER 91,screaming,0.02
3362238,CHAPTER 91,secured,0.02
3362259,CHAPTER 91,seeing,0.02
3362269,CHAPTER 91,seen,0.02
3362288,CHAPTER 91,seizing,0.02
3362405,CHAPTER 91,service,0.02
3362487,CHAPTER 91,shall,0.02
3362684,CHAPTER 91,shouted,0.02
3362692,CHAPTER 91,showed,0.02
3362693,CHAPTER 91,shower,0.02
3363031,CHAPTER 91,sleepy,0.02
3363058,CHAPTER 91,slightest,0.02
3363100,CHAPTER 91,slow,0.02
3363157,CHAPTER 91,smoke,0.02
3363344,CHAPTER 91,somebody,0.02
3363362,CHAPTER 91,soon,0.02
3363403,CHAPTER 91,sounding,0.02
3363529,CHAPTER 91,sperm,0.02
3363550,CHAPTER 91,spikes,0.02
3363622,CHAPTER 91,spoke,0.02
3363652,CHAPTER 91,spot,0.02
3363664,CHAPTER 91,spouts,0.02
3363669,CHAPTER 91,sprang,0.02
3363734,CHAPTER 91,st,0.02
3363799,CHAPTER 91,starboard,0.02
3363911,CHAPTER 91,stem,0.02
3363997,CHAPTER 91,stole,0.02
3364095,CHAPTER 91,stream,0.02
3364126,CHAPTER 91,striking,0.02
3364247,CHAPTER 91,subjects,0.02
3364296,CHAPTER 91,subterranean,0.02
3364357,CHAPTER 91,sufficiently,0.02
3364551,CHAPTER 91,surgeon,0.02
3364679,CHAPTER 91,sweet,0.02
3364694,CHAPTER 91,swept,0.02
3364813,CHAPTER 91,takes,0.02
3364823,CHAPTER 91,talk,0.02
3364824,CHAPTER 91,talked,0.02
3364833,CHAPTER 91,tallow,0.02
3364865,CHAPTER 91,tar,0.02
3364897,CHAPTER 91,taste,0.02
3364968,CHAPTER 91,telling,0.02
3365090,CHAPTER 91,thank,0.02
3365106,CHAPTER 91,theirs,0.02
3365156,CHAPTER 91,thinking,0.02
3365246,CHAPTER 91,throw,0.02
3365257,CHAPTER 91,thumb,0.02
3365286,CHAPTER 91,tide,0.02
3365396,CHAPTER 91,tobacco,0.02
3365489,CHAPTER 91,tormented,0.02
3365542,CHAPTER 91,towed,0.02
3365548,CHAPTER 91,towing,0.02
3365838,CHAPTER 91,trumpet,0.02
3365852,CHAPTER 91,truth,0.02
3366189,CHAPTER 91,unctuous,0.02
3366222,CHAPTER 91,understand,0.02
3366838,CHAPTER 91,unusually,0.02
3366903,CHAPTER 91,upper,0.02
3366904,CHAPTER 91,uppermost,0.02
3366942,CHAPTER 91,using,0.02
3366955,CHAPTER 91,utter,0.02
3367003,CHAPTER 91,value,0.02
3367020,CHAPTER 91,vapors,0.02
3367021,CHAPTER 91,vapory,0.02
3367208,CHAPTER 91,vigorously,0.02
3367476,CHAPTER 91,want,0.02
3367585,CHAPTER 91,wax,0.02
3367589,CHAPTER 91,way,0.02
3367645,CHAPTER 91,week,0.02
3367785,CHAPTER 91,whiskers,0.02
3367802,CHAPTER 91,white,0.02
3367899,CHAPTER 91,wine,0.02
3367930,CHAPTER 91,wish,0.02
3368012,CHAPTER 91,wooden,0.02
3368029,CHAPTER 91,word,0.02
3368033,CHAPTER 91,wore,0.02
3368036,CHAPTER 91,worked,0.02
3368040,CHAPTER 91,working,0.02
3368057,CHAPTER 91,worse,0.02
3368074,CHAPTER 91,wouldn,0.02
3368230,CHAPTER 91,yellow,0.02
3368238,CHAPTER 91,yesterday,0.02
3343213,CHAPTER 91,aloft,0.01
3344653,CHAPTER 91,best,0.01
3344966,CHAPTER 91,board,0.01
3345945,CHAPTER 91,caught,0.01
3346026,CHAPTER 91,certain,0.01
3346566,CHAPTER 91,close,0.01
3347042,CHAPTER 91,concerning,0.01
3348006,CHAPTER 91,cut,0.01
3348114,CHAPTER 91,dark,0.01
3350299,CHAPTER 91,especially,0.01
3350712,CHAPTER 91,eyes,0.01
3350724,CHAPTER 91,face,0.01
3350832,CHAPTER 91,far,0.01
3350862,CHAPTER 91,fast,0.01
3351178,CHAPTER 91,fishery,0.01
3351590,CHAPTER 91,forward,0.01
3352003,CHAPTER 91,general,0.01
3352438,CHAPTER 91,green,0.01
3352929,CHAPTER 91,heard,0.01
3352941,CHAPTER 91,heart,0.01
3352977,CHAPTER 91,heavy,0.01
3353122,CHAPTER 91,high,0.01
3353231,CHAPTER 91,holding,0.01
3355050,CHAPTER 91,just,0.01
3355424,CHAPTER 91,lay,0.01
3355486,CHAPTER 91,leaving,0.01
3355549,CHAPTER 91,length,0.01
3355598,CHAPTER 91,leviathan,0.01
3355770,CHAPTER 91,live,0.01
3355786,CHAPTER 91,living,0.01
3355886,CHAPTER 91,looked,0.01
3355929,CHAPTER 91,lost,0.01
3356218,CHAPTER 91,make,0.01
3356449,CHAPTER 91,mast,0.01
3356497,CHAPTER 91,matter,0.01
3356545,CHAPTER 91,means,0.01
3357412,CHAPTER 91,nature,0.01
3357580,CHAPTER 91,nigh,0.01
3358044,CHAPTER 91,order,0.01
3358535,CHAPTER 91,pass,0.01
3358678,CHAPTER 91,peculiar,0.01
3358782,CHAPTER 91,people,0.01
3359174,CHAPTER 91,place,0.01
3359737,CHAPTER 91,present,0.01
3361713,CHAPTER 91,run,0.01
3361803,CHAPTER 91,sails,0.01
3362525,CHAPTER 91,sharp,0.01
3362666,CHAPTER 91,short,0.01
3362896,CHAPTER 91,sir,0.01
3363103,CHAPTER 91,slowly,0.01
3363126,CHAPTER 91,small,0.01
3363467,CHAPTER 91,speak,0.01
3363791,CHAPTER 91,standing,0.01
3364340,CHAPTER 91,sudden,0.01
3364341,CHAPTER 91,suddenly,0.01
3364801,CHAPTER 91,tail,0.01
3365150,CHAPTER 91,things,0.01
3365151,CHAPTER 91,think,0.01
3365329,CHAPTER 91,times,0.01
3365912,CHAPTER 91,turn,0.01
3367143,CHAPTER 91,vessel,0.01
3367320,CHAPTER 91,voice,0.01
3367370,CHAPTER 91,voyage,0.01
3367713,CHAPTER 91,whaling,0.01
3367990,CHAPTER 91,wonder,0.01
3368034,CHAPTER 91,work,0.01
