,chapter,term,tfidf
3512628,CHAPTER 97,hunts,0.26
3514420,CHAPTER 97,lamps,0.21
3517057,CHAPTER 97,oil,0.17
3527176,CHAPTER 97,works,0.16
3502240,CHAPTER 97,aladdin,0.13
3503032,CHAPTER 97,astral,0.13
3504870,CHAPTER 97,canonized,0.13
3506717,CHAPTER 97,counsellors,0.13
3511177,CHAPTER 97,genuineness,0.13
3515149,CHAPTER 97,lunar,0.13
3516353,CHAPTER 97,mugs,0.13
3518281,CHAPTER 97,pitchiest,0.13
3520197,CHAPTER 97,replenishes,0.13
3506588,CHAPTER 97,cooler,0.12
3510835,CHAPTER 97,freshness,0.12
3512770,CHAPTER 97,illumination,0.12
3517490,CHAPTER 97,pallet,0.12
3522427,CHAPTER 97,solar,0.12
3524989,CHAPTER 97,try,0.12
3526177,CHAPTER 97,vat,0.12
3526296,CHAPTER 97,vials,0.12
3526836,CHAPTER 97,whaleman,0.12
3502738,CHAPTER 97,april,0.11
3504229,CHAPTER 97,bottles,0.11
3504671,CHAPTER 97,burns,0.11
3505413,CHAPTER 97,chiselled,0.11
3507246,CHAPTER 97,dark,0.11
3508564,CHAPTER 97,dress,0.11
3510801,CHAPTER 97,freedom,0.11
3512768,CHAPTER 97,illuminated,0.11
3515784,CHAPTER 97,merchantmen,0.11
3516435,CHAPTER 97,muteness,0.11
3519348,CHAPTER 97,purest,0.11
3521847,CHAPTER 97,shrine,0.11
3523337,CHAPTER 97,stumble,0.11
3525665,CHAPTER 97,unmanufactured,0.11
3525978,CHAPTER 97,unvitiated,0.11
3502266,CHAPTER 97,ale,0.1
3507687,CHAPTER 97,descended,0.1
3510370,CHAPTER 97,flashing,0.1
3514564,CHAPTER 97,lays,0.1
3514788,CHAPTER 97,light,0.1
3515062,CHAPTER 97,lot,0.1
3516875,CHAPTER 97,oaken,0.1
3519459,CHAPTER 97,queens,0.1
3521395,CHAPTER 97,seeks,0.1
3524875,CHAPTER 97,triangular,0.1
3526182,CHAPTER 97,vaults,0.1
3503765,CHAPTER 97,berth,0.09
3504704,CHAPTER 97,butter,0.09
3506518,CHAPTER 97,contrivances,0.09
3506607,CHAPTER 97,copper,0.09
3508789,CHAPTER 97,eat,0.09
3510496,CHAPTER 97,fluid,0.09
3511849,CHAPTER 97,handful,0.09
3512428,CHAPTER 97,hooded,0.09
3512527,CHAPTER 97,houses,0.09
3515916,CHAPTER 97,milk,0.09
3517920,CHAPTER 97,pequod,0.09
3518733,CHAPTER 97,prairie,0.09
3521197,CHAPTER 97,score,0.09
3524816,CHAPTER 97,traveller,0.09
3526075,CHAPTER 97,usual,0.09
3508759,CHAPTER 97,early,0.08
3510568,CHAPTER 97,food,0.08
3511037,CHAPTER 97,game,0.08
3511519,CHAPTER 97,grass,0.08
3514275,CHAPTER 97,kings,0.08
3514419,CHAPTER 97,lamp,0.08
3515499,CHAPTER 97,mariner,0.08
3521130,CHAPTER 97,scarce,0.08
3522159,CHAPTER 97,sleeping,0.08
3523636,CHAPTER 97,supper,0.08
3507254,CHAPTER 97,darkness,0.07
3508726,CHAPTER 97,duty,0.07
3510611,CHAPTER 97,forecastle,0.07
3514915,CHAPTER 97,lives,0.07
3522958,CHAPTER 97,state,0.07
3523811,CHAPTER 97,sweet,0.07
3523945,CHAPTER 97,takes,0.07
3502934,CHAPTER 97,ashore,0.06
3511391,CHAPTER 97,goes,0.06
3512567,CHAPTER 97,hull,0.06
3514556,CHAPTER 97,lay,0.06
3515353,CHAPTER 97,makes,0.06
3520932,CHAPTER 97,sailor,0.06
3522005,CHAPTER 97,single,0.06
3523674,CHAPTER 97,sure,0.06
3525629,CHAPTER 97,unknown,0.06
3526682,CHAPTER 97,watch,0.06
3503922,CHAPTER 97,black,0.05
3509302,CHAPTER 97,entire,0.05
3516133,CHAPTER 97,moment,0.05
3516714,CHAPTER 97,night,0.05
3522923,CHAPTER 97,standing,0.05
3509844,CHAPTER 97,eyes,0.04
3524319,CHAPTER 97,thought,0.04
3517065,CHAPTER 97,old,0.03
3521743,CHAPTER 97,ship,0.03
