,chapter,term,tfidf
2306817,CHAPTER 55,whale,0.31
2298158,CHAPTER 55,picture,0.19
2294718,CHAPTER 55,leviathan,0.18
2301164,CHAPTER 55,scientific,0.16
2298612,CHAPTER 55,portrait,0.14
2284173,CHAPTER 55,book,0.12
2298160,CHAPTER 55,pictures,0.11
2299351,CHAPTER 55,purporting,0.11
2306828,CHAPTER 55,whales,0.11
2283728,CHAPTER 55,benefit,0.1
2292273,CHAPTER 55,hindoo,0.1
2294794,CHAPTER 55,like,0.09
2298352,CHAPTER 55,plates,0.09
2302048,CHAPTER 55,skeleton,0.09
2283273,CHAPTER 55,baden,0.08
2287618,CHAPTER 55,depicting,0.08
2293986,CHAPTER 55,jeremy,0.08
2301283,CHAPTER 55,sculptures,0.08
2283867,CHAPTER 55,binder,0.07
2286473,CHAPTER 55,contour,0.07
2287084,CHAPTER 55,curious,0.07
2288835,CHAPTER 55,edition,0.07
2290784,CHAPTER 55,frederick,0.07
2291694,CHAPTER 55,guido,0.07
2296512,CHAPTER 55,narwhale,0.07
2297053,CHAPTER 55,old,0.07
2297438,CHAPTER 55,pagoda,0.07
2297999,CHAPTER 55,perseus,0.07
2301091,CHAPTER 55,scale,0.07
2302602,CHAPTER 55,species,0.07
2285138,CHAPTER 55,century,0.06
2285385,CHAPTER 55,chinese,0.06
2286651,CHAPTER 55,correctly,0.06
2286769,CHAPTER 55,covering,0.06
2286866,CHAPTER 55,creature,0.06
2287066,CHAPTER 55,cups,0.06
2287138,CHAPTER 55,cuvier,0.06
2288388,CHAPTER 55,dolphin,0.06
2288520,CHAPTER 55,drawing,0.06
2289460,CHAPTER 55,eternally,0.06
2289824,CHAPTER 55,eye,0.06
2292693,CHAPTER 55,idea,0.06
2293703,CHAPTER 55,introduced,0.06
2294598,CHAPTER 55,learning,0.06
2294906,CHAPTER 55,living,0.06
2295014,CHAPTER 55,looks,0.06
2297452,CHAPTER 55,paint,0.06
2298570,CHAPTER 55,popular,0.06
2303455,CHAPTER 55,sucking,0.06
2304503,CHAPTER 55,title,0.06
2304952,CHAPTER 55,true,0.06
2306833,CHAPTER 55,whaling,0.06
2281916,CHAPTER 55,actually,0.05
2282501,CHAPTER 55,animal,0.05
2283260,CHAPTER 55,backs,0.05
2283540,CHAPTER 55,bears,0.05
2284164,CHAPTER 55,bones,0.05
2284175,CHAPTER 55,books,0.05
2284906,CHAPTER 55,captain,0.05
2287668,CHAPTER 55,derived,0.05
2287677,CHAPTER 55,descending,0.05
2289294,CHAPTER 55,entitled,0.05
2289888,CHAPTER 55,fairly,0.05
2290245,CHAPTER 55,fin,0.05
2290261,CHAPTER 55,fingers,0.05
2290673,CHAPTER 55,form,0.05
2291547,CHAPTER 55,great,0.05
2291658,CHAPTER 55,grown,0.05
2292306,CHAPTER 55,history,0.05
2292307,CHAPTER 55,hit,0.05
2294072,CHAPTER 55,jonah,0.05
2294567,CHAPTER 55,leading,0.05
2299269,CHAPTER 55,published,0.05
2300910,CHAPTER 55,said,0.05
2301607,CHAPTER 55,shall,0.05
2301632,CHAPTER 55,shape,0.05
2301731,CHAPTER 55,ship,0.05
2302508,CHAPTER 55,sort,0.05
2302649,CHAPTER 55,sperm,0.05
2302650,CHAPTER 55,spermaceti,0.05
2303190,CHAPTER 55,stranded,0.05
2303932,CHAPTER 55,taken,0.05
2304650,CHAPTER 55,touching,0.05
2306494,CHAPTER 55,voyages,0.05
2307263,CHAPTER 55,wrong,0.05
2307375,CHAPTER 55,young,0.05
2280904,CHAPTER 55,15th,0.04
2280905,CHAPTER 55,1671,0.04
2280919,CHAPTER 55,1793,0.04
2280923,CHAPTER 55,1807,0.04
2280931,CHAPTER 55,1825,0.04
2280935,CHAPTER 55,1836,0.04
2281736,CHAPTER 55,abortions,0.04
2281858,CHAPTER 55,accurate,0.04
2282036,CHAPTER 55,advancement,0.04
2282053,CHAPTER 55,advert,0.04
2282369,CHAPTER 55,amaze,0.04
2282429,CHAPTER 55,amputated,0.04
2282439,CHAPTER 55,anaconda,0.04
2282473,CHAPTER 55,ancient,0.04
2282478,CHAPTER 55,andromeda,0.04
2282601,CHAPTER 55,anyways,0.04
2283141,CHAPTER 55,authentic,0.04
2283171,CHAPTER 55,avatar,0.04
2283190,CHAPTER 55,avocation,0.04
2283741,CHAPTER 55,bentham,0.04
2283750,CHAPTER 55,bernard,0.04
2284070,CHAPTER 55,blunder,0.04
2284072,CHAPTER 55,blundering,0.04
2284302,CHAPTER 55,brahmins,0.04
2284360,CHAPTER 55,breakfasting,0.04
2284652,CHAPTER 55,burly,0.04
2284824,CHAPTER 55,candelabra,0.04
2285084,CHAPTER 55,cavern,0.04
2285177,CHAPTER 55,challenge,0.04
2285458,CHAPTER 55,chrysalis,0.04
2285875,CHAPTER 55,colnett,0.04
2286056,CHAPTER 55,compilations,0.04
2286236,CHAPTER 55,confidently,0.04
2286644,CHAPTER 55,corpulence,0.04
2287458,CHAPTER 55,deformities,0.04
2287514,CHAPTER 55,delineations,0.04
2287535,CHAPTER 55,delusions,0.04
2287723,CHAPTER 55,desmarest,0.04
2287811,CHAPTER 55,device,0.04
2288526,CHAPTER 55,drawn,0.04
2288782,CHAPTER 55,eau,0.04
2288844,CHAPTER 55,eel,0.04
2288935,CHAPTER 55,elephanta,0.04
2288999,CHAPTER 55,embellishments,0.04
2289547,CHAPTER 55,exactness,0.04
2289929,CHAPTER 55,famous,0.04
2290291,CHAPTER 55,fish,0.04
2290490,CHAPTER 55,flukes,0.04
2290834,CHAPTER 55,friesland,0.04
2290999,CHAPTER 55,galleries,0.04
2291175,CHAPTER 55,germain,0.04
2291246,CHAPTER 55,gives,0.04
2291391,CHAPTER 55,goldsmith,0.04
2291425,CHAPTER 55,got,0.04
2291552,CHAPTER 55,grecian,0.04
2292129,CHAPTER 55,heinousness,0.04
2292288,CHAPTER 55,hippogriff,0.04
2292336,CHAPTER 55,hogarth,0.04
2292337,CHAPTER 55,hogarthian,0.04
2292342,CHAPTER 55,hoisted,0.04
2292525,CHAPTER 55,howdah,0.04
2292558,CHAPTER 55,human,0.04
2292600,CHAPTER 55,humps,0.04
2292795,CHAPTER 55,imitated,0.04
2293023,CHAPTER 55,incarnation,0.04
2293105,CHAPTER 55,incorrect,0.04
2293455,CHAPTER 55,insect,0.04
2293747,CHAPTER 55,inventive,0.04
2294073,CHAPTER 55,jonas,0.04
2294748,CHAPTER 55,library,0.04
2294809,CHAPTER 55,limbered,0.04
2295614,CHAPTER 55,matse,0.04
2295684,CHAPTER 55,medallions,0.04
2296027,CHAPTER 55,mistakes,0.04
2296042,CHAPTER 55,mittens,0.04
2296165,CHAPTER 55,monster,0.04
2296456,CHAPTER 55,mysticetus,0.04
2296528,CHAPTER 55,natural,0.04
2296532,CHAPTER 55,nature,0.04
2296729,CHAPTER 55,noble,0.04
2296978,CHAPTER 55,occurs,0.04
2297455,CHAPTER 55,painters,0.04
2297486,CHAPTER 55,palmed,0.04
2297519,CHAPTER 55,panellings,0.04
2297812,CHAPTER 55,pedestals,0.04
2298062,CHAPTER 55,peterson,0.04
2298133,CHAPTER 55,physeter,0.04
2298157,CHAPTER 55,pictorial,0.04
2298357,CHAPTER 55,platonian,0.04
2298613,CHAPTER 55,portraits,0.04
2298780,CHAPTER 55,predecessor,0.04
2298806,CHAPTER 55,prefigured,0.04
2298859,CHAPTER 55,presentations,0.04
2298890,CHAPTER 55,presumable,0.04
2298944,CHAPTER 55,primers,0.04
2299021,CHAPTER 55,prodromus,0.04
2299231,CHAPTER 55,proving,0.04
2299270,CHAPTER 55,publisher,0.04
2299545,CHAPTER 55,rafts,0.04
2300202,CHAPTER 55,represent,0.04
2300257,CHAPTER 55,rescuing,0.04
2300462,CHAPTER 55,revival,0.04
2300511,CHAPTER 55,richard,0.04
2300743,CHAPTER 55,roundingly,0.04
2300931,CHAPTER 55,saladin,0.04
2301007,CHAPTER 55,saratoga,0.04
2301046,CHAPTER 55,saucers,0.04
2301354,CHAPTER 55,section,0.04
2301584,CHAPTER 55,shadowed,0.04
2301664,CHAPTER 55,sheaf,0.04
2301711,CHAPTER 55,shields,0.04
2301779,CHAPTER 55,shops,0.04
2301879,CHAPTER 55,sibbald,0.04
2302719,CHAPTER 55,spitzbergen,0.04
2302835,CHAPTER 55,squash,0.04
2302969,CHAPTER 55,statues,0.04
2303247,CHAPTER 55,strikingly,0.04
2303441,CHAPTER 55,succeeds,0.04
2303890,CHAPTER 55,systemized,0.04
2303921,CHAPTER 55,tail,0.04
2304008,CHAPTER 55,tarts,0.04
2305311,CHAPTER 55,undashed,0.04
2305405,CHAPTER 55,undulates,0.04
2305408,CHAPTER 55,undulations,0.04
2305452,CHAPTER 55,unexhausted,0.04
2305709,CHAPTER 55,unpainted,0.04
2305736,CHAPTER 55,unprofessional,0.04
2305834,CHAPTER 55,unscrupulous,0.04
2305860,CHAPTER 55,unsightly,0.04
2306160,CHAPTER 55,vases,0.04
2306217,CHAPTER 55,veracious,0.04
2306325,CHAPTER 55,vignettes,0.04
2306395,CHAPTER 55,vishnu,0.04
2306490,CHAPTER 55,voyage,0.04
2281744,CHAPTER 55,abridged,0.03
2281756,CHAPTER 55,absolute,0.03
2281830,CHAPTER 55,accompanying,0.03
2282285,CHAPTER 55,alleged,0.03
2282505,CHAPTER 55,animated,0.03
2282558,CHAPTER 55,antediluvian,0.03
2282581,CHAPTER 55,antique,0.03
2282655,CHAPTER 55,appears,0.03
2282681,CHAPTER 55,applied,0.03
2282823,CHAPTER 55,armor,0.03
2282883,CHAPTER 55,articulated,0.03
2282887,CHAPTER 55,artificial,0.03
2283069,CHAPTER 55,attempt,0.03
2283072,CHAPTER 55,attempts,0.03
2283130,CHAPTER 55,august,0.03
2283431,CHAPTER 55,baron,0.03
2283773,CHAPTER 55,best,0.03
2283805,CHAPTER 55,better,0.03
2283826,CHAPTER 55,bibles,0.03
2284513,CHAPTER 55,brother,0.03
2284519,CHAPTER 55,browed,0.03
2284542,CHAPTER 55,bubbling,0.03
2284784,CHAPTER 55,calls,0.03
2284874,CHAPTER 55,cap,0.03
2285165,CHAPTER 55,chain,0.03
2285229,CHAPTER 55,characteristics,0.03
2285831,CHAPTER 55,coins,0.03
2285858,CHAPTER 55,collection,0.03
2286031,CHAPTER 55,comparatively,0.03
2286145,CHAPTER 55,conceivable,0.03
2286171,CHAPTER 55,conclude,0.03
2286323,CHAPTER 55,conscientious,0.03
2286550,CHAPTER 55,conveys,0.03
2286648,CHAPTER 55,correct,0.03
2286707,CHAPTER 55,count,0.03
2286723,CHAPTER 55,counterpart,0.03
2287083,CHAPTER 55,curiosity,0.03
2287085,CHAPTER 55,curiously,0.03
2287133,CHAPTER 55,cuts,0.03
2287303,CHAPTER 55,dealers,0.03
2287378,CHAPTER 55,declares,0.03
2287576,CHAPTER 55,denominated,0.03
2287605,CHAPTER 55,department,0.03
2287617,CHAPTER 55,depicted,0.03
2287667,CHAPTER 55,derive,0.03
2288204,CHAPTER 55,displayed,0.03
2288257,CHAPTER 55,distended,0.03
2288367,CHAPTER 55,does,0.03
2288390,CHAPTER 55,dolphins,0.03
2288521,CHAPTER 55,drawings,0.03
2288585,CHAPTER 55,dromedary,0.03
2288879,CHAPTER 55,egyptian,0.03
2288930,CHAPTER 55,element,0.03
2288937,CHAPTER 55,elephants,0.03
2289320,CHAPTER 55,envelopes,0.03
2289628,CHAPTER 55,executors,0.03
2289770,CHAPTER 55,expression,0.03
2289777,CHAPTER 55,extant,0.03
2289780,CHAPTER 55,extending,0.03
2289802,CHAPTER 55,extracted,0.03
2289842,CHAPTER 55,fabulous,0.03
2289891,CHAPTER 55,faith,0.03
2289933,CHAPTER 55,fancied,0.03
2289991,CHAPTER 55,fastidious,0.03
2290226,CHAPTER 55,figures,0.03
2290251,CHAPTER 55,finding,0.03
2290294,CHAPTER 55,fisheries,0.03
2290402,CHAPTER 55,fleshy,0.03
2290459,CHAPTER 55,floundering,0.03
2290994,CHAPTER 55,gallant,0.03
2291078,CHAPTER 55,gate,0.03
2291164,CHAPTER 55,genuine,0.03
2291173,CHAPTER 55,george,0.03
2291219,CHAPTER 55,gilded,0.03
2291300,CHAPTER 55,glimpse,0.03
2291864,CHAPTER 55,hangs,0.03
2291933,CHAPTER 55,harris,0.03
2292143,CHAPTER 55,helmeted,0.03
2292247,CHAPTER 55,highly,0.03
2292286,CHAPTER 55,hints,0.03
2292341,CHAPTER 55,hoist,0.03
2292588,CHAPTER 55,humorous,0.03
2292742,CHAPTER 55,iii,0.03
2292778,CHAPTER 55,imaginary,0.03
2292807,CHAPTER 55,immemorial,0.03
2292924,CHAPTER 55,imposing,0.03
2293039,CHAPTER 55,incidentally,0.03
2293150,CHAPTER 55,index,0.03
2293152,CHAPTER 55,india,0.03
2293239,CHAPTER 55,inelegant,0.03
2293290,CHAPTER 55,inferred,0.03
2293327,CHAPTER 55,inform,0.03
2293560,CHAPTER 55,intelligent,0.03
2293566,CHAPTER 55,intended,0.03
2293895,CHAPTER 55,italian,0.03
2294000,CHAPTER 55,jets,0.03
2294371,CHAPTER 55,lacépède,0.03
2294379,CHAPTER 55,lads,0.03
2294427,CHAPTER 55,landsman,0.03
2294519,CHAPTER 55,launched,0.03
2294597,CHAPTER 55,learnedly,0.03
2294673,CHAPTER 55,lengths,0.03
2294695,CHAPTER 55,let,0.03
2294749,CHAPTER 55,license,0.03
2294958,CHAPTER 55,lodged,0.03
2294978,CHAPTER 55,logs,0.03
2294993,CHAPTER 55,long,0.03
2295005,CHAPTER 55,look,0.03
2295322,CHAPTER 55,maintain,0.03
2295330,CHAPTER 55,majestic,0.03
2295334,CHAPTER 55,majesty,0.03
2295338,CHAPTER 55,make,0.03
2295379,CHAPTER 55,man,0.03
2295414,CHAPTER 55,manifold,0.03
2295489,CHAPTER 55,marines,0.03
2295851,CHAPTER 55,mexico,0.03
2295951,CHAPTER 55,minus,0.03
2296024,CHAPTER 55,mistake,0.03
2296071,CHAPTER 55,mode,0.03
2296072,CHAPTER 55,model,0.03
2296195,CHAPTER 55,moored,0.03
2296529,CHAPTER 55,naturalist,0.03
2296550,CHAPTER 55,navy,0.03
2296714,CHAPTER 55,nineteenth,0.03
2296991,CHAPTER 55,odds,0.03
2297056,CHAPTER 55,oldest,0.03
2297257,CHAPTER 55,outlandish,0.03
2297265,CHAPTER 55,outline,0.03
2297425,CHAPTER 55,padded,0.03
2297435,CHAPTER 55,page,0.03
2297437,CHAPTER 55,pages,0.03
2297454,CHAPTER 55,painter,0.03
2297456,CHAPTER 55,painting,0.03
2297800,CHAPTER 55,peculiarity,0.03
2297864,CHAPTER 55,pencil,0.03
2297969,CHAPTER 55,permanently,0.03
2297980,CHAPTER 55,perpendicular,0.03
2298013,CHAPTER 55,personal,0.03
2298059,CHAPTER 55,peter,0.03
2298161,CHAPTER 55,picturesque,0.03
2298303,CHAPTER 55,placing,0.03
2298350,CHAPTER 55,plate,0.03
2298573,CHAPTER 55,popularly,0.03
2298869,CHAPTER 55,preserve,0.03
2298915,CHAPTER 55,prevailed,0.03
2298934,CHAPTER 55,pride,0.03
2298940,CHAPTER 55,primal,0.03
2298962,CHAPTER 55,prints,0.03
2299041,CHAPTER 55,profession,0.03
2299217,CHAPTER 55,provide,0.03
2299263,CHAPTER 55,public,0.03
2299334,CHAPTER 55,purely,0.03
2299370,CHAPTER 55,pursuits,0.03
2299439,CHAPTER 55,quarto,0.03
2299500,CHAPTER 55,quitting,0.03
2299801,CHAPTER 55,recklessly,0.03
2299907,CHAPTER 55,referred,0.03
2300020,CHAPTER 55,relation,0.03
2300208,CHAPTER 55,represented,0.03
2300209,CHAPTER 55,representing,0.03
2300275,CHAPTER 55,reserved,0.03
2300403,CHAPTER 55,retreat,0.03
2300546,CHAPTER 55,right,0.03
2300569,CHAPTER 55,ring,0.03
2300613,CHAPTER 55,risk,0.03
2301093,CHAPTER 55,scales,0.03
2301119,CHAPTER 55,scarcely,0.03
2301155,CHAPTER 55,schoolboys,0.03
2301187,CHAPTER 55,scoresby,0.03
2301201,CHAPTER 55,scotch,0.03
2301281,CHAPTER 55,sculpture,0.03
2301320,CHAPTER 55,seas,0.03
2301522,CHAPTER 55,serve,0.03
2301818,CHAPTER 55,showing,0.03
2301820,CHAPTER 55,shown,0.03
2301927,CHAPTER 55,significance,0.03
2302368,CHAPTER 55,sober,0.03
2302531,CHAPTER 55,source,0.03
2302545,CHAPTER 55,sow,0.03
2302799,CHAPTER 55,springs,0.03
2302885,CHAPTER 55,stalk,0.03
2302898,CHAPTER 55,stamped,0.03
2303037,CHAPTER 55,stepped,0.03
2303106,CHAPTER 55,stock,0.03
2303222,CHAPTER 55,streets,0.03
2303524,CHAPTER 55,summary,0.03
2303551,CHAPTER 55,sunk,0.03
2303700,CHAPTER 55,surprising,0.03
2303979,CHAPTER 55,tapering,0.03
2304106,CHAPTER 55,temples,0.03
2304122,CHAPTER 55,tender,0.03
2304208,CHAPTER 55,thames,0.03
2304377,CHAPTER 55,thumb,0.03
2304449,CHAPTER 55,times,0.03
2304543,CHAPTER 55,tolerable,0.03
2304648,CHAPTER 55,touches,0.03
2304689,CHAPTER 55,trades,0.03
2304710,CHAPTER 55,traitors,0.03
2305045,CHAPTER 55,tusked,0.03
2305471,CHAPTER 55,unfathomable,0.03
2305605,CHAPTER 55,universally,0.03
2306070,CHAPTER 55,utilitarian,0.03
2306158,CHAPTER 55,varying,0.03
2306357,CHAPTER 55,vine,0.03
2306820,CHAPTER 55,whaleboats,0.03
2306921,CHAPTER 55,whit,0.03
2307005,CHAPTER 55,winding,0.03
2307009,CHAPTER 55,window,0.03
2307222,CHAPTER 55,wrecked,0.03
2307262,CHAPTER 55,written,0.03
2281840,CHAPTER 55,according,0.02
2282115,CHAPTER 55,afloat,0.02
2282141,CHAPTER 55,ages,0.02
2282189,CHAPTER 55,ah,0.02
2282334,CHAPTER 55,alongside,0.02
2282468,CHAPTER 55,anchor,0.02
2282548,CHAPTER 55,answer,0.02
2283495,CHAPTER 55,battle,0.02
2283859,CHAPTER 55,billows,0.02
2284037,CHAPTER 55,blood,0.02
2284062,CHAPTER 55,blue,0.02
2284117,CHAPTER 55,bodily,0.02
2284161,CHAPTER 55,bone,0.02
2284252,CHAPTER 55,bow,0.02
2284306,CHAPTER 55,brain,0.02
2284474,CHAPTER 55,broad,0.02
2284492,CHAPTER 55,broken,0.02
2284581,CHAPTER 55,bulk,0.02
2284677,CHAPTER 55,business,0.02
2284871,CHAPTER 55,canvas,0.02
2284880,CHAPTER 55,cape,0.02
2284999,CHAPTER 55,case,0.02
2285041,CHAPTER 55,catch,0.02
2285438,CHAPTER 55,christian,0.02
2285750,CHAPTER 55,coast,0.02
2285834,CHAPTER 55,cold,0.02
2286343,CHAPTER 55,consider,0.02
2286344,CHAPTER 55,considerable,0.02
2286746,CHAPTER 55,course,0.02
2287278,CHAPTER 55,day,0.02
2287283,CHAPTER 55,days,0.02
2287368,CHAPTER 55,deck,0.02
2287474,CHAPTER 55,degree,0.02
2287813,CHAPTER 55,devil,0.02
2287884,CHAPTER 55,did,0.02
2287899,CHAPTER 55,difference,0.02
2287901,CHAPTER 55,different,0.02
2288379,CHAPTER 55,doing,0.02
2288457,CHAPTER 55,doubt,0.02
2288707,CHAPTER 55,dutch,0.02
2288758,CHAPTER 55,earthly,0.02
2289144,CHAPTER 55,endless,0.02
2289187,CHAPTER 55,english,0.02
2289529,CHAPTER 55,evinced,0.02
2289546,CHAPTER 55,exactly,0.02
2289719,CHAPTER 55,experienced,0.02
2289855,CHAPTER 55,fact,0.02
2290201,CHAPTER 55,field,0.02
2290259,CHAPTER 55,finger,0.02
2290433,CHAPTER 55,floated,0.02
2290694,CHAPTER 55,forth,0.02
2290785,CHAPTER 55,free,0.02
2290906,CHAPTER 55,fully,0.02
2291128,CHAPTER 55,generally,0.02
2291152,CHAPTER 55,gentleman,0.02
2291262,CHAPTER 55,glance,0.02
2291563,CHAPTER 55,greenland,0.02
2291792,CHAPTER 55,half,0.02
2291844,CHAPTER 55,handle,0.02
2291861,CHAPTER 55,hanging,0.02
2292019,CHAPTER 55,head,0.02
2292452,CHAPTER 55,horn,0.02
2292496,CHAPTER 55,hot,0.02
2292546,CHAPTER 55,huge,0.02
2292555,CHAPTER 55,hull,0.02
2292612,CHAPTER 55,hunter,0.02
2292681,CHAPTER 55,ice,0.02
2292928,CHAPTER 55,impossible,0.02
2293035,CHAPTER 55,inch,0.02
2293757,CHAPTER 55,invested,0.02
2293878,CHAPTER 55,isles,0.02
2294235,CHAPTER 55,killed,0.02
2294243,CHAPTER 55,kind,0.02
2294328,CHAPTER 55,known,0.02
2294489,CHAPTER 55,late,0.02
2294885,CHAPTER 55,little,0.02
2294897,CHAPTER 55,lively,0.02
2294986,CHAPTER 55,london,0.02
2295011,CHAPTER 55,looking,0.02
2295209,CHAPTER 55,lying,0.02
2295430,CHAPTER 55,manner,0.02
2295468,CHAPTER 55,marble,0.02
2295488,CHAPTER 55,mariners,0.02
2295493,CHAPTER 55,mark,0.02
2295572,CHAPTER 55,master,0.02
2295710,CHAPTER 55,meet,0.02
2295761,CHAPTER 55,mention,0.02
2295780,CHAPTER 55,mere,0.02
2295863,CHAPTER 55,middle,0.02
2295885,CHAPTER 55,mighty,0.02
2296235,CHAPTER 55,mortal,0.02
2296302,CHAPTER 55,mouth,0.02
2296474,CHAPTER 55,naked,0.02
2296486,CHAPTER 55,nantucket,0.02
2296487,CHAPTER 55,nantucketer,0.02
2296556,CHAPTER 55,nearer,0.02
2296599,CHAPTER 55,needs,0.02
2297045,CHAPTER 55,oil,0.02
2297193,CHAPTER 55,original,0.02
2297488,CHAPTER 55,palms,0.02
2297953,CHAPTER 55,period,0.02
2298640,CHAPTER 55,post,0.02
2298773,CHAPTER 55,precise,0.02
2298774,CHAPTER 55,precisely,0.02
2298857,CHAPTER 55,present,0.02
2298924,CHAPTER 55,previously,0.02
2299018,CHAPTER 55,prodigious,0.02
2299352,CHAPTER 55,purpose,0.02
2299449,CHAPTER 55,queer,0.02
2299724,CHAPTER 55,really,0.02
2299746,CHAPTER 55,reasons,0.02
2299975,CHAPTER 55,regular,0.02
2300065,CHAPTER 55,remain,0.02
2300680,CHAPTER 55,rolling,0.02
2300738,CHAPTER 55,round,0.02
2300833,CHAPTER 55,run,0.02
2300836,CHAPTER 55,running,0.02
2300920,CHAPTER 55,sailor,0.02
2301053,CHAPTER 55,savage,0.02
2301080,CHAPTER 55,say,0.02
2301085,CHAPTER 55,says,0.02
2301135,CHAPTER 55,scene,0.02
2301293,CHAPTER 55,sea,0.02
2301389,CHAPTER 55,seen,0.02
2301411,CHAPTER 55,seldom,0.02
2301481,CHAPTER 55,separate,0.02
2301917,CHAPTER 55,sign,0.02
2302246,CHAPTER 55,small,0.02
2302537,CHAPTER 55,south,0.02
2302577,CHAPTER 55,spars,0.02
2302587,CHAPTER 55,speak,0.02
2302784,CHAPTER 55,spouts,0.02
2302854,CHAPTER 55,st,0.02
2303164,CHAPTER 55,stove,0.02
2303647,CHAPTER 55,supposed,0.02
2303667,CHAPTER 55,surface,0.02
2303813,CHAPTER 55,swells,0.02
2304269,CHAPTER 55,thing,0.02
2304665,CHAPTER 55,tower,0.02
2304955,CHAPTER 55,truly,0.02
2306163,CHAPTER 55,vast,0.02
2306563,CHAPTER 55,wall,0.02
2306683,CHAPTER 55,water,0.02
2306692,CHAPTER 55,waters,0.02
2306709,CHAPTER 55,way,0.02
2306824,CHAPTER 55,whaleman,0.02
2306859,CHAPTER 55,wherefore,0.02
2307050,CHAPTER 55,wish,0.02
2307110,CHAPTER 55,wonder,0.02
2307154,CHAPTER 55,work,0.02
2307165,CHAPTER 55,world,0.02
2307189,CHAPTER 55,worth,0.02
2282207,CHAPTER 55,air,0.01
2284120,CHAPTER 55,body,0.01
2284802,CHAPTER 55,came,0.01
2285924,CHAPTER 55,come,0.01
2289377,CHAPTER 55,ere,0.01
2290101,CHAPTER 55,feet,0.01
2291123,CHAPTER 55,general,0.01
2291385,CHAPTER 55,going,0.01
2291830,CHAPTER 55,hand,0.01
2294322,CHAPTER 55,know,0.01
2294826,CHAPTER 55,line,0.01
2295617,CHAPTER 55,matter,0.01
2295744,CHAPTER 55,men,0.01
2296671,CHAPTER 55,new,0.01
2301534,CHAPTER 55,set,0.01
2301913,CHAPTER 55,sight,0.01
2303130,CHAPTER 55,stood,0.01
2303193,CHAPTER 55,strange,0.01
2303296,CHAPTER 55,stubb,0.01
2304085,CHAPTER 55,tell,0.01
2304270,CHAPTER 55,things,0.01
2304445,CHAPTER 55,time,0.01
2306922,CHAPTER 55,white,0.01
2307149,CHAPTER 55,word,0.01
2307336,CHAPTER 55,ye,0.01
