,chapter,term,tfidf
373877,CHAPTER 111,bashee,0.17
384294,CHAPTER 111,isles,0.17
387828,CHAPTER 111,pacific,0.15
387921,CHAPTER 111,pan,0.15
378956,CHAPTER 111,dreaming,0.14
391709,CHAPTER 111,sea,0.14
391913,CHAPTER 111,serene,0.13
397116,CHAPTER 111,waves,0.13
381711,CHAPTER 111,gliding,0.12
385272,CHAPTER 111,lips,0.12
385210,CHAPTER 111,like,0.1
394215,CHAPTER 111,sweet,0.1
372427,CHAPTER 111,adoption,0.09
375192,CHAPTER 111,californian,0.09
376742,CHAPTER 111,consciously,0.09
377946,CHAPTER 111,delta,0.09
379191,CHAPTER 111,eastwards,0.09
379202,CHAPTER 111,ebb,0.09
379751,CHAPTER 111,ephesian,0.09
384359,CHAPTER 111,japans,0.09
384945,CHAPTER 111,lave,0.09
386283,CHAPTER 111,midmost,0.09
387204,CHAPTER 111,nostril,0.09
389091,CHAPTER 111,potters,0.09
390194,CHAPTER 111,recentest,0.09
390767,CHAPTER 111,restlessness,0.09
391096,CHAPTER 111,rolling,0.09
392649,CHAPTER 111,slumberers,0.09
392802,CHAPTER 111,sod,0.09
392885,CHAPTER 111,somnambulisms,0.09
393514,CHAPTER 111,stirrings,0.09
393905,CHAPTER 111,sugary,0.09
394051,CHAPTER 111,supplication,0.09
395824,CHAPTER 111,undulations,0.09
396344,CHAPTER 111,unthinkingly,0.09
396585,CHAPTER 111,vaulted,0.09
372158,CHAPTER 111,abraham,0.08
373341,CHAPTER 111,asiatic,0.08
374001,CHAPTER 111,beds,0.08
374923,CHAPTER 111,brooks,0.08
376871,CHAPTER 111,continents,0.08
379909,CHAPTER 111,evangelist,0.08
380254,CHAPTER 111,fabled,0.08
381985,CHAPTER 111,greeted,0.08
383285,CHAPTER 111,impenetrable,0.08
383776,CHAPTER 111,inhaled,0.08
383987,CHAPTER 111,intensified,0.08
385493,CHAPTER 111,lovers,0.08
385683,CHAPTER 111,magian,0.08
386115,CHAPTER 111,meditative,0.08
386463,CHAPTER 111,mizen,0.08
386529,CHAPTER 111,moles,0.08
386816,CHAPTER 111,musk,0.08
387395,CHAPTER 111,ocean,0.08
387471,CHAPTER 111,older,0.08
387753,CHAPTER 111,overladen,0.08
388105,CHAPTER 111,pastures,0.08
391172,CHAPTER 111,rover,0.08
391790,CHAPTER 111,seductive,0.08
393383,CHAPTER 111,statue,0.08
394632,CHAPTER 111,thanks,0.08
395642,CHAPTER 111,unceasingly,0.08
395717,CHAPTER 111,uncounted,0.08
397108,CHAPTER 111,waters,0.08
397824,CHAPTER 111,zones,0.08
372281,CHAPTER 111,accustomed,0.07
373179,CHAPTER 111,archipelagoes,0.07
373920,CHAPTER 111,bay,0.07
374675,CHAPTER 111,bowing,0.07
374992,CHAPTER 111,built,0.07
376168,CHAPTER 111,coasts,0.07
377020,CHAPTER 111,coral,0.07
379446,CHAPTER 111,emerged,0.07
380278,CHAPTER 111,faded,0.07
380886,CHAPTER 111,flow,0.07
381826,CHAPTER 111,gorgeous,0.07
382383,CHAPTER 111,hated,0.07
384840,CHAPTER 111,lands,0.07
384935,CHAPTER 111,launched,0.07
386333,CHAPTER 111,millions,0.07
387087,CHAPTER 111,new,0.07
389138,CHAPTER 111,prairies,0.07
390865,CHAPTER 111,reveries,0.07
390990,CHAPTER 111,ringing,0.07
391995,CHAPTER 111,shades,0.07
392500,CHAPTER 111,skirts,0.07
392760,CHAPTER 111,snuffed,0.07
393512,CHAPTER 111,stirred,0.07
394227,CHAPTER 111,swelled,0.07
395086,CHAPTER 111,towns,0.07
396605,CHAPTER 111,veins,0.07
396712,CHAPTER 111,vice,0.07
397072,CHAPTER 111,wash,0.07
373454,CHAPTER 111,atlantic,0.06
373629,CHAPTER 111,awful,0.06
373965,CHAPTER 111,beating,0.06
374786,CHAPTER 111,breath,0.06
375063,CHAPTER 111,buried,0.06
377723,CHAPTER 111,dear,0.06
378745,CHAPTER 111,divine,0.06
378958,CHAPTER 111,dreams,0.06
379019,CHAPTER 111,drowned,0.06
379560,CHAPTER 111,endless,0.06
380618,CHAPTER 111,fields,0.06
380698,CHAPTER 111,firm,0.06
380848,CHAPTER 111,float,0.06
381578,CHAPTER 111,gently,0.06
384357,CHAPTER 111,japanese,0.06
384460,CHAPTER 111,john,0.06
384989,CHAPTER 111,leagues,0.06
385187,CHAPTER 111,lifted,0.06
386126,CHAPTER 111,meet,0.06
386234,CHAPTER 111,met,0.06
386324,CHAPTER 111,milky,0.06
386460,CHAPTER 111,mixed,0.06
386863,CHAPTER 111,mysterious,0.06
386867,CHAPTER 111,mystery,0.06
388759,CHAPTER 111,planted,0.06
391099,CHAPTER 111,rolls,0.06
391366,CHAPTER 111,salt,0.06
392005,CHAPTER 111,shadows,0.06
393200,CHAPTER 111,spouts,0.06
394229,CHAPTER 111,swells,0.06
394822,CHAPTER 111,tide,0.06
395052,CHAPTER 111,tossing,0.06
396977,CHAPTER 111,walking,0.06
397338,CHAPTER 111,white,0.06
397553,CHAPTER 111,woods,0.06
397774,CHAPTER 111,yesterday,0.06
397799,CHAPTER 111,youth,0.06
372965,CHAPTER 111,answered,0.05
373244,CHAPTER 111,arms,0.05
374061,CHAPTER 111,beheld,0.05
374722,CHAPTER 111,brain,0.05
374997,CHAPTER 111,bulk,0.05
377418,CHAPTER 111,cruising,0.05
379875,CHAPTER 111,eternal,0.05
380312,CHAPTER 111,fall,0.05
380662,CHAPTER 111,final,0.05
381025,CHAPTER 111,forehead,0.05
382645,CHAPTER 111,hidden,0.05
382971,CHAPTER 111,hull,0.05
384745,CHAPTER 111,knows,0.05
385172,CHAPTER 111,lie,0.05
385319,CHAPTER 111,lives,0.05
385500,CHAPTER 111,low,0.05
385625,CHAPTER 111,lying,0.05
385757,CHAPTER 111,makes,0.05
386308,CHAPTER 111,mild,0.05
387015,CHAPTER 111,needs,0.05
389940,CHAPTER 111,race,0.05
390026,CHAPTER 111,ran,0.05
390960,CHAPTER 111,rigging,0.05
391022,CHAPTER 111,rise,0.05
391094,CHAPTER 111,rolled,0.05
392558,CHAPTER 111,sleep,0.05
392935,CHAPTER 111,souls,0.05
392953,CHAPTER 111,south,0.05
393270,CHAPTER 111,st,0.05
394240,CHAPTER 111,swimming,0.05
394730,CHAPTER 111,thoughts,0.05
397111,CHAPTER 111,watery,0.05
397128,CHAPTER 111,ways,0.05
397581,CHAPTER 111,world,0.05
374133,CHAPTER 111,beneath,0.04
374453,CHAPTER 111,blood,0.04
374478,CHAPTER 111,blue,0.04
379172,CHAPTER 111,earth,0.04
382055,CHAPTER 111,ground,0.04
383571,CHAPTER 111,indian,0.04
384238,CHAPTER 111,iron,0.04
385085,CHAPTER 111,length,0.04
389768,CHAPTER 111,purpose,0.04
393003,CHAPTER 111,speak,0.04
393464,CHAPTER 111,stern,0.04
394731,CHAPTER 111,thousand,0.04
396033,CHAPTER 111,unknown,0.04
397233,CHAPTER 111,whale,0.04
397367,CHAPTER 111,wide,0.04
372606,CHAPTER 111,ahab,0.03
381786,CHAPTER 111,god,0.03
382477,CHAPTER 111,heart,0.03
386160,CHAPTER 111,men,0.03
388710,CHAPTER 111,place,0.03
392932,CHAPTER 111,soul,0.03
393327,CHAPTER 111,standing,0.03
394686,CHAPTER 111,things,0.03
381963,CHAPTER 111,great,0.02
382435,CHAPTER 111,head,0.02
385409,CHAPTER 111,long,0.02
385795,CHAPTER 111,man,0.02
387469,CHAPTER 111,old,0.02
