,chapter,term,tfidf
3531545,CHAPTER 98,casks,0.21
3543579,CHAPTER 98,oil,0.2
3553698,CHAPTER 98,works,0.16
3532150,CHAPTER 98,cleansed,0.13
3541742,CHAPTER 98,lye,0.13
3551511,CHAPTER 98,try,0.12
3546162,CHAPTER 98,rap,0.11
3530177,CHAPTER 98,beheaded,0.1
3531188,CHAPTER 98,burned,0.1
3533902,CHAPTER 98,deck,0.1
3535894,CHAPTER 98,equatorial,0.1
3538081,CHAPTER 98,great,0.1
3548265,CHAPTER 98,ship,0.1
3532448,CHAPTER 98,combined,0.09
3541252,CHAPTER 98,leviathan,0.09
3530591,CHAPTER 98,blows,0.08
3532145,CHAPTER 98,clean,0.08
3545206,CHAPTER 98,pots,0.08
3553273,CHAPTER 98,weary,0.08
3529742,CHAPTER 98,away,0.07
3535774,CHAPTER 98,enormous,0.07
3536753,CHAPTER 98,fight,0.07
3536781,CHAPTER 98,finally,0.07
3542022,CHAPTER 98,mariners,0.07
3543577,CHAPTER 98,oh,0.07
3546603,CHAPTER 98,remains,0.07
3549183,CHAPTER 98,sperm,0.07
3549568,CHAPTER 98,step,0.07
3527702,CHAPTER 98,_ex,0.06
3528230,CHAPTER 98,abednego,0.06
3528253,CHAPTER 98,ablutions,0.06
3528488,CHAPTER 98,adhesiveness,0.06
3528700,CHAPTER 98,aglow,0.06
3530297,CHAPTER 98,besooted,0.06
3530695,CHAPTER 98,bone,0.06
3530935,CHAPTER 98,brewery,0.06
3530946,CHAPTER 98,bridegrooms,0.06
3531130,CHAPTER 98,bulwarks,0.06
3531334,CHAPTER 98,cambrics,0.06
3531499,CHAPTER 98,carpets,0.06
3531543,CHAPTER 98,casked,0.06
3532149,CHAPTER 98,cleanse,0.06
3532151,CHAPTER 98,cleansing,0.06
3533812,CHAPTER 98,day,0.06
3533834,CHAPTER 98,deafening,0.06
3533866,CHAPTER 98,decanting,0.06
3534587,CHAPTER 98,discourse,0.06
3536157,CHAPTER 98,executioner,0.06
3536322,CHAPTER 98,exterminates,0.06
3537591,CHAPTER 98,garments,0.06
3538433,CHAPTER 98,hardly,0.06
3538728,CHAPTER 98,hermetically,0.06
3539575,CHAPTER 98,incidents,0.06
3539761,CHAPTER 98,industry,0.06
3542338,CHAPTER 98,meshach,0.06
3542363,CHAPTER 98,metempsychosis,0.06
3542731,CHAPTER 98,moors,0.06
3542935,CHAPTER 98,musked,0.06
3543565,CHAPTER 98,officio_,0.06
3544135,CHAPTER 98,parlors,0.06
3544484,CHAPTER 98,perilously,0.06
3544869,CHAPTER 98,planks,0.06
3545570,CHAPTER 98,profanely,0.06
3545926,CHAPTER 98,pythagoras,0.06
3546890,CHAPTER 98,restore,0.06
3547288,CHAPTER 98,routine,0.06
3547711,CHAPTER 98,scoot,0.06
3547798,CHAPTER 98,scrubbed,0.06
3547805,CHAPTER 98,scrupulously,0.06
3548125,CHAPTER 98,shadrach,0.06
3548510,CHAPTER 98,simultaneous,0.06
3548657,CHAPTER 98,slash,0.06
3548695,CHAPTER 98,slewed,0.06
3548923,CHAPTER 98,sofas,0.06
3550018,CHAPTER 98,suffused,0.06
3550326,CHAPTER 98,sweatings,0.06
3550427,CHAPTER 98,tabernacles,0.06
3550945,CHAPTER 98,tidiness,0.06
3551071,CHAPTER 98,toilings,0.06
3552362,CHAPTER 98,unscathed,0.06
3552371,CHAPTER 98,unsealed,0.06
3553351,CHAPTER 98,whale,0.06
3528106,CHAPTER 98,_there,0.05
3528605,CHAPTER 98,afar,0.05
3528850,CHAPTER 98,allude,0.05
3529015,CHAPTER 98,anew,0.05
3529652,CHAPTER 98,audacity,0.05
3529971,CHAPTER 98,barrel,0.05
3530309,CHAPTER 98,bestirred,0.05
3531065,CHAPTER 98,brushed,0.05
3531083,CHAPTER 98,buckets,0.05
3531236,CHAPTER 98,buttoning,0.05
3532201,CHAPTER 98,clinging,0.05
3532227,CHAPTER 98,closet,0.05
3532723,CHAPTER 98,condemned,0.05
3532857,CHAPTER 98,conscientious,0.05
3533001,CHAPTER 98,continuing,0.05
3533117,CHAPTER 98,cooper,0.05
3533706,CHAPTER 98,daintiest,0.05
3533709,CHAPTER 98,dairy,0.05
3533978,CHAPTER 98,defilements,0.05
3534218,CHAPTER 98,description,0.05
3534485,CHAPTER 98,din,0.05
3534787,CHAPTER 98,distantly,0.05
3535438,CHAPTER 98,elated,0.05
3535659,CHAPTER 98,end,0.05
3535824,CHAPTER 98,entire,0.05
3536336,CHAPTER 98,extracted,0.05
3536427,CHAPTER 98,faithfully,0.05
3536810,CHAPTER 98,fires,0.05
3537353,CHAPTER 98,freshets,0.05
3537393,CHAPTER 98,frocks,0.05
3537483,CHAPTER 98,furniture,0.05
3538079,CHAPTER 98,grease,0.05
3538087,CHAPTER 98,greece,0.05
3538353,CHAPTER 98,hammers,0.05
3538491,CHAPTER 98,hatch,0.05
3538499,CHAPTER 98,hatchways,0.05
3538769,CHAPTER 98,hiding,0.05
3538897,CHAPTER 98,holland,0.05
3539123,CHAPTER 98,humorously,0.05
3539331,CHAPTER 98,immaculate,0.05
3539435,CHAPTER 98,implements,0.05
3540423,CHAPTER 98,issue,0.05
3540772,CHAPTER 98,killing,0.05
3540885,CHAPTER 98,labors,0.05
3541328,CHAPTER 98,like,0.05
3542103,CHAPTER 98,mast,0.05
3542122,CHAPTER 98,mat,0.05
3542723,CHAPTER 98,moonlight,0.05
3543027,CHAPTER 98,napkins,0.05
3543095,CHAPTER 98,neat,0.05
3543120,CHAPTER 98,necks,0.05
3543250,CHAPTER 98,ninety,0.05
3543295,CHAPTER 98,nooks,0.05
3543397,CHAPTER 98,oaken,0.05
3543587,CHAPTER 98,old,0.05
3543943,CHAPTER 98,pace,0.05
3543959,CHAPTER 98,padded,0.05
3544241,CHAPTER 98,patience,0.05
3544578,CHAPTER 98,peruvian,0.05
3544680,CHAPTER 98,piazza,0.05
3544771,CHAPTER 98,pint,0.05
3544804,CHAPTER 98,pitching,0.05
3545165,CHAPTER 98,possesses,0.05
3545198,CHAPTER 98,potent,0.05
3545462,CHAPTER 98,prick,0.05
3545533,CHAPTER 98,proceeding,0.05
3545600,CHAPTER 98,profundities,0.05
3545672,CHAPTER 98,property,0.05
3545690,CHAPTER 98,propose,0.05
3545836,CHAPTER 98,punch,0.05
3546086,CHAPTER 98,rags,0.05
3546521,CHAPTER 98,rehearsing,0.05
3546551,CHAPTER 98,related,0.05
3546713,CHAPTER 98,replaced,0.05
3546950,CHAPTER 98,returns,0.05
3547223,CHAPTER 98,romantic,0.05
3547296,CHAPTER 98,rowing,0.05
3547394,CHAPTER 98,rusty,0.05
3547414,CHAPTER 98,sacred,0.05
3547769,CHAPTER 98,scraps,0.05
3548091,CHAPTER 98,severest,0.05
3548246,CHAPTER 98,shift,0.05
3548531,CHAPTER 98,singularly,0.05
3548664,CHAPTER 98,slaughtered,0.05
3548706,CHAPTER 98,slides,0.05
3548732,CHAPTER 98,slippery,0.05
3548812,CHAPTER 98,smoked,0.05
3549019,CHAPTER 98,soot,0.05
3549262,CHAPTER 98,splice,0.05
3549307,CHAPTER 98,spotless,0.05
3549312,CHAPTER 98,spouted,0.05
3549356,CHAPTER 98,spying,0.05
3550246,CHAPTER 98,surtout,0.05
3550345,CHAPTER 98,swelled,0.05
3550471,CHAPTER 98,tale,0.05
3550566,CHAPTER 98,taught,0.05
3550581,CHAPTER 98,tea,0.05
3550758,CHAPTER 98,thee,0.05
3550869,CHAPTER 98,threes,0.05
3550979,CHAPTER 98,time,0.05
3551060,CHAPTER 98,toe,0.05
3551450,CHAPTER 98,trod,0.05
3551629,CHAPTER 98,twos,0.05
3551844,CHAPTER 98,unctuousness,0.05
3552125,CHAPTER 98,uninterrupted,0.05
3552187,CHAPTER 98,unmanufactured,0.05
3552650,CHAPTER 98,valleys,0.05
3552655,CHAPTER 98,valuable,0.05
3552697,CHAPTER 98,vast,0.05
3553099,CHAPTER 98,walled,0.05
3553785,CHAPTER 98,wrists,0.05
3528608,CHAPTER 98,affair,0.04
3528769,CHAPTER 98,alas,0.04
3528868,CHAPTER 98,alongside,0.04
3529455,CHAPTER 98,ashes,0.04
3530588,CHAPTER 98,blow,0.04
3530592,CHAPTER 98,blubber,0.04
3530789,CHAPTER 98,bowels,0.04
3530988,CHAPTER 98,bring,0.04
3531542,CHAPTER 98,cask,0.04
3531701,CHAPTER 98,chains,0.04
3531805,CHAPTER 98,chased,0.04
3532221,CHAPTER 98,closed,0.04
3532351,CHAPTER 98,coiled,0.04
3532483,CHAPTER 98,commander,0.04
3532705,CHAPTER 98,conclude,0.04
3532706,CHAPTER 98,concluded,0.04
3533108,CHAPTER 98,cool,0.04
3533906,CHAPTER 98,decks,0.04
3534217,CHAPTER 98,descried,0.04
3534422,CHAPTER 98,die,0.04
3534468,CHAPTER 98,diligently,0.04
3535248,CHAPTER 98,duty,0.04
3535828,CHAPTER 98,entitled,0.04
3536654,CHAPTER 98,fellows,0.04
3537040,CHAPTER 98,fly,0.04
3537093,CHAPTER 98,foolish,0.04
3537366,CHAPTER 98,friends,0.04
3537730,CHAPTER 98,ghost,0.04
3538379,CHAPTER 98,handled,0.04
3538383,CHAPTER 98,hands,0.04
3538395,CHAPTER 98,hanging,0.04
3538493,CHAPTER 98,hatches,0.04
3538555,CHAPTER 98,headed,0.04
3538566,CHAPTER 98,headsman,0.04
3538619,CHAPTER 98,heave,0.04
3538650,CHAPTER 98,heel,0.04
3538961,CHAPTER 98,hoops,0.04
3539030,CHAPTER 98,hot,0.04
3539796,CHAPTER 98,infallibly,0.04
3540110,CHAPTER 98,intent,0.04
3540704,CHAPTER 98,just,0.04
3540856,CHAPTER 98,know,0.04
3541123,CHAPTER 98,leaped,0.04
3541130,CHAPTER 98,learned,0.04
3541299,CHAPTER 98,life,0.04
3541539,CHAPTER 98,look,0.04
3542098,CHAPTER 98,masses,0.04
3542304,CHAPTER 98,merchant,0.04
3542774,CHAPTER 98,mortals,0.04
3543059,CHAPTER 98,native,0.04
3543377,CHAPTER 98,numerous,0.04
3544727,CHAPTER 98,piled,0.04
3545490,CHAPTER 98,principle,0.04
3545531,CHAPTER 98,proceed,0.04
3546009,CHAPTER 98,quickly,0.04
3546245,CHAPTER 98,readily,0.04
3546605,CHAPTER 98,remarkable,0.04
3547140,CHAPTER 98,rise,0.04
3547235,CHAPTER 98,room,0.04
3548503,CHAPTER 98,simple,0.04
3548525,CHAPTER 98,singing,0.04
3548707,CHAPTER 98,sliding,0.04
3548780,CHAPTER 98,small,0.04
3548811,CHAPTER 98,smoke,0.04
3548937,CHAPTER 98,soil,0.04
3549184,CHAPTER 98,spermaceti,0.04
3549469,CHAPTER 98,startled,0.04
3549515,CHAPTER 98,stayed,0.04
3549749,CHAPTER 98,stream,0.04
3550320,CHAPTER 98,swear,0.04
3550443,CHAPTER 98,tackles,0.04
3550803,CHAPTER 98,thing,0.04
3551196,CHAPTER 98,towed,0.04
3552377,CHAPTER 98,unseen,0.04
3552921,CHAPTER 98,virtue,0.04
3553541,CHAPTER 98,windlass,0.04
3553579,CHAPTER 98,wise,0.04
3553699,CHAPTER 98,world,0.04
3553854,CHAPTER 98,yard,0.04
3553871,CHAPTER 98,yea,0.04
3528702,CHAPTER 98,ago,0.03
3528867,CHAPTER 98,aloft,0.03
3530571,CHAPTER 98,blood,0.03
3530636,CHAPTER 98,boats,0.03
3530811,CHAPTER 98,boy,0.03
3530969,CHAPTER 98,bright,0.03
3531115,CHAPTER 98,bulk,0.03
3531211,CHAPTER 98,business,0.03
3531515,CHAPTER 98,carry,0.03
3531599,CHAPTER 98,caught,0.03
3531757,CHAPTER 98,chapter,0.03
3532284,CHAPTER 98,coast,0.03
3532562,CHAPTER 98,company,0.03
3532610,CHAPTER 98,completely,0.03
3533280,CHAPTER 98,course,0.03
3533660,CHAPTER 98,cut,0.03
3535125,CHAPTER 98,drop,0.03
3535289,CHAPTER 98,ears,0.03
3536780,CHAPTER 98,final,0.03
3536787,CHAPTER 98,fine,0.03
3536832,CHAPTER 98,fishery,0.03
3537133,CHAPTER 98,forecastle,0.03
3537346,CHAPTER 98,fresh,0.03
3538092,CHAPTER 98,green,0.03
3538533,CHAPTER 98,having,0.03
3538553,CHAPTER 98,head,0.03
3538565,CHAPTER 98,heads,0.03
3538631,CHAPTER 98,heavy,0.03
3538815,CHAPTER 98,hint,0.03
3539039,CHAPTER 98,hours,0.03
3540769,CHAPTER 98,killed,0.03
3540948,CHAPTER 98,land,0.03
3541203,CHAPTER 98,length,0.03
3541290,CHAPTER 98,lie,0.03
3541337,CHAPTER 98,likewise,0.03
3541424,CHAPTER 98,live,0.03
3541619,CHAPTER 98,lower,0.03
3541913,CHAPTER 98,man,0.03
3542027,CHAPTER 98,mark,0.03
3542402,CHAPTER 98,midnight,0.03
3542426,CHAPTER 98,mild,0.03
3543421,CHAPTER 98,object,0.03
3544189,CHAPTER 98,pass,0.03
3544829,CHAPTER 98,placed,0.03
3544901,CHAPTER 98,play,0.03
3545968,CHAPTER 98,quarter,0.03
3546273,CHAPTER 98,reason,0.03
3546307,CHAPTER 98,received,0.03
3546880,CHAPTER 98,rest,0.03
3547078,CHAPTER 98,rigging,0.03
3547214,CHAPTER 98,rolling,0.03
3547246,CHAPTER 98,rope,0.03
3547272,CHAPTER 98,round,0.03
3547448,CHAPTER 98,sailed,0.03
3547454,CHAPTER 98,sailor,0.03
3547827,CHAPTER 98,sea,0.03
3547951,CHAPTER 98,self,0.03
3548320,CHAPTER 98,short,0.03
3548477,CHAPTER 98,silent,0.03
3549306,CHAPTER 98,spot,0.03
3549708,CHAPTER 98,straight,0.03
3549780,CHAPTER 98,striking,0.03
3550201,CHAPTER 98,surface,0.03
3550468,CHAPTER 98,taking,0.03
3550849,CHAPTER 98,thousand,0.03
3550903,CHAPTER 98,thrown,0.03
3552585,CHAPTER 98,use,0.03
3552797,CHAPTER 98,vessel,0.03
3553159,CHAPTER 98,warm,0.03
3553229,CHAPTER 98,watery,0.03
3553891,CHAPTER 98,yes,0.03
3553909,CHAPTER 98,young,0.03
3530251,CHAPTER 98,beneath,0.02
3530631,CHAPTER 98,boat,0.02
3533428,CHAPTER 98,crew,0.02
3533943,CHAPTER 98,deep,0.02
3534418,CHAPTER 98,did,0.02
3537931,CHAPTER 98,good,0.02
3538880,CHAPTER 98,hold,0.02
3541360,CHAPTER 98,line,0.02
3541419,CHAPTER 98,little,0.02
3541872,CHAPTER 98,make,0.02
3542278,CHAPTER 98,men,0.02
3543205,CHAPTER 98,new,0.02
3543236,CHAPTER 98,night,0.02
3543633,CHAPTER 98,open,0.02
3545095,CHAPTER 98,poor,0.02
3547446,CHAPTER 98,sail,0.02
3548447,CHAPTER 98,sight,0.02
3549050,CHAPTER 98,soul,0.02
3549439,CHAPTER 98,stand,0.02
3550074,CHAPTER 98,sun,0.02
3550619,CHAPTER 98,tell,0.02
3550805,CHAPTER 98,think,0.02
3550969,CHAPTER 98,till,0.02
3553024,CHAPTER 98,voyage,0.02
3553217,CHAPTER 98,water,0.02
3553243,CHAPTER 98,way,0.02
3553362,CHAPTER 98,whales,0.02
3553367,CHAPTER 98,whaling,0.02
3553456,CHAPTER 98,white,0.02
3553878,CHAPTER 98,years,0.02
3541527,CHAPTER 98,long,0.01
