,chapter,term,tfidf
1329055,CHAPTER 22,bildad,0.48
1343052,CHAPTER 22,peleg,0.37
1352544,CHAPTER 22,ye,0.21
1348005,CHAPTER 22,spring,0.2
1330114,CHAPTER 22,captain,0.16
1343421,CHAPTER 22,pilot,0.15
1341532,CHAPTER 22,mr,0.13
1336605,CHAPTER 22,good,0.11
1327676,CHAPTER 22,anchor,0.1
1329919,CHAPTER 22,bye,0.1
1333622,CHAPTER 22,don,0.1
1348128,CHAPTER 22,starbuck,0.1
1330144,CHAPTER 22,careful,0.09
1340135,CHAPTER 22,loath,0.09
1340214,CHAPTER 22,looked,0.09
1340318,CHAPTER 22,luck,0.09
1346939,CHAPTER 22,ship,0.09
1329931,CHAPTER 22,cabin,0.08
1351984,CHAPTER 22,weigh,0.08
1342261,CHAPTER 22,old,0.07
1348142,CHAPTER 22,starting,0.07
1329305,CHAPTER 22,boat,0.06
1331132,CHAPTER 22,come,0.06
1334182,CHAPTER 22,em,0.06
1335166,CHAPTER 22,farewell,0.06
1336399,CHAPTER 22,getting,0.06
1336766,CHAPTER 22,green,0.06
1340119,CHAPTER 22,ll,0.06
1343423,CHAPTER 22,pilots,0.06
1343796,CHAPTER 22,port,0.06
1344242,CHAPTER 22,profane,0.06
1344465,CHAPTER 22,psalmody,0.06
1346288,CHAPTER 22,say,0.06
1347923,CHAPTER 22,spite,0.06
1349354,CHAPTER 22,tent,0.06
1327335,CHAPTER 22,aft,0.05
1330082,CHAPTER 22,cap,0.05
1330455,CHAPTER 22,charity,0.05
1332576,CHAPTER 22,deck,0.05
1336633,CHAPTER 22,got,0.05
1339649,CHAPTER 22,lantern,0.05
1340043,CHAPTER 22,lingered,0.05
1340804,CHAPTER 22,mate,0.05
1341910,CHAPTER 22,night,0.05
1345850,CHAPTER 22,roared,0.05
1346733,CHAPTER 22,service,0.05
1346944,CHAPTER 22,shipmate,0.05
1348184,CHAPTER 22,stave,0.05
1351698,CHAPTER 22,voyage,0.05
1327398,CHAPTER 22,ahab,0.04
1327542,CHAPTER 22,alongside,0.04
1328246,CHAPTER 22,atlantic,0.04
1330116,CHAPTER 22,captains,0.04
1331042,CHAPTER 22,cold,0.04
1335454,CHAPTER 22,final,0.04
1336036,CHAPTER 22,friend,0.04
1337304,CHAPTER 22,heaving,0.04
1342372,CHAPTER 22,order,0.04
1343116,CHAPTER 22,pequod,0.04
1343592,CHAPTER 22,pleasant,0.04
1344818,CHAPTER 22,ran,0.04
1346118,CHAPTER 22,said,0.04
1346988,CHAPTER 22,shore,0.04
1347777,CHAPTER 22,spare,0.04
1348113,CHAPTER 22,stand,0.04
1348369,CHAPTER 22,stout,0.04
1348452,CHAPTER 22,strike,0.04
1348504,CHAPTER 22,stubb,0.04
1349007,CHAPTER 22,sweet,0.04
1349514,CHAPTER 22,thou,0.04
1349750,CHAPTER 22,told,0.04
1352215,CHAPTER 22,windlass,0.04
1352357,CHAPTER 22,word,0.04
1352359,CHAPTER 22,words,0.04
1327034,CHAPTER 22,accompanied,0.03
1327118,CHAPTER 22,actively,0.03
1327146,CHAPTER 22,addition,0.03
1327404,CHAPTER 22,ahoy,0.03
1327506,CHAPTER 22,alley,0.03
1327519,CHAPTER 22,allowed,0.03
1327860,CHAPTER 22,appearances,0.03
1328031,CHAPTER 22,armor,0.03
1328416,CHAPTER 22,away,0.03
1328460,CHAPTER 22,bachelors,0.03
1328462,CHAPTER 22,backbone,0.03
1328961,CHAPTER 22,berth,0.03
1329211,CHAPTER 22,blew,0.03
1329294,CHAPTER 22,board,0.03
1329338,CHAPTER 22,boisterous,0.03
1329380,CHAPTER 22,booble,0.03
1329440,CHAPTER 22,bounded,0.03
1329475,CHAPTER 22,bows,0.03
1329654,CHAPTER 22,brimful,0.03
1330022,CHAPTER 22,canaan,0.03
1330092,CHAPTER 22,capes,0.03
1330208,CHAPTER 22,cased,0.03
1330302,CHAPTER 22,cedar,0.03
1330332,CHAPTER 22,cent,0.03
1330343,CHAPTER 22,cents,0.03
1330401,CHAPTER 22,chance,0.03
1330520,CHAPTER 22,cheer,0.03
1330530,CHAPTER 22,cheers,0.03
1330532,CHAPTER 22,cheese,0.03
1330566,CHAPTER 22,chief,0.03
1330617,CHAPTER 22,choice,0.03
1330634,CHAPTER 22,chorus,0.03
1330651,CHAPTER 22,christmas,0.03
1331026,CHAPTER 22,coiling,0.03
1331149,CHAPTER 22,comforting,0.03
1331158,CHAPTER 22,commanders,0.03
1331160,CHAPTER 22,commanding,0.03
1331663,CHAPTER 22,continents,0.03
1331770,CHAPTER 22,convulsively,0.03
1331791,CHAPTER 22,cooper,0.03
1331808,CHAPTER 22,copy,0.03
1331815,CHAPTER 22,cordage,0.03
1332016,CHAPTER 22,craft,0.03
1332323,CHAPTER 22,curving,0.03
1332486,CHAPTER 22,day,0.03
1332491,CHAPTER 22,days,0.03
1332810,CHAPTER 22,depart,0.03
1332818,CHAPTER 22,depended,0.03
1333373,CHAPTER 22,dismissal,0.03
1333518,CHAPTER 22,diverged,0.03
1333761,CHAPTER 22,dressed,0.03
1333779,CHAPTER 22,drinking,0.03
1333804,CHAPTER 22,dropt,0.03
1333957,CHAPTER 22,earned,0.03
1333980,CHAPTER 22,eastern,0.03
1334627,CHAPTER 22,especially,0.03
1334668,CHAPTER 22,eternally,0.03
1335032,CHAPTER 22,eye,0.03
1335287,CHAPTER 22,fee,0.03
1335568,CHAPTER 22,flask,0.03
1335893,CHAPTER 22,fornication,0.03
1336005,CHAPTER 22,freezing,0.03
1336051,CHAPTER 22,frightful,0.03
1336053,CHAPTER 22,frigid,0.03
1336081,CHAPTER 22,frost,0.03
1336096,CHAPTER 22,fruition,0.03
1336418,CHAPTER 22,gift,0.03
1336420,CHAPTER 22,gifts,0.03
1336449,CHAPTER 22,girls,0.03
1336463,CHAPTER 22,glades,0.03
1336510,CHAPTER 22,glistened,0.03
1336712,CHAPTER 22,grasped,0.03
1336915,CHAPTER 22,gull,0.03
1337061,CHAPTER 22,handspike,0.03
1337062,CHAPTER 22,handspikes,0.03
1337205,CHAPTER 22,haven,0.03
1337410,CHAPTER 22,heroically,0.03
1337642,CHAPTER 22,hope,0.03
1337678,CHAPTER 22,horrified,0.03
1337737,CHAPTER 22,howled,0.03
1337764,CHAPTER 22,hulls,0.03
1337833,CHAPTER 22,hurrah,0.03
1337897,CHAPTER 22,icicles,0.03
1338096,CHAPTER 22,imperturbable,0.03
1338277,CHAPTER 22,incoherently,0.03
1339223,CHAPTER 22,jews,0.03
1339288,CHAPTER 22,jordan,0.03
1339362,CHAPTER 22,juncture,0.03
1339430,CHAPTER 22,kick,0.03
1339536,CHAPTER 22,known,0.03
1339648,CHAPTER 22,lank,0.03
1339787,CHAPTER 22,leaky,0.03
1339839,CHAPTER 22,leg,0.03
1339958,CHAPTER 22,licensed,0.03
1340157,CHAPTER 22,locker,0.03
1340201,CHAPTER 22,long,0.03
1340526,CHAPTER 22,main,0.03
1340681,CHAPTER 22,marchant,0.03
1340716,CHAPTER 22,marquee,0.03
1340858,CHAPTER 22,meads,0.03
1340991,CHAPTER 22,merged,0.03
1341083,CHAPTER 22,midsummer,0.03
1341137,CHAPTER 22,mind,0.03
1341217,CHAPTER 22,miss,0.03
1341313,CHAPTER 22,molasses,0.03
1341397,CHAPTER 22,moonlight,0.03
1341621,CHAPTER 22,muster,0.03
1341694,CHAPTER 22,nantucket,0.03
1341806,CHAPTER 22,needlessly,0.03
1342006,CHAPTER 22,notes,0.03
1342242,CHAPTER 22,offing,0.03
1342538,CHAPTER 22,overhead,0.03
1342569,CHAPTER 22,overseeing,0.03
1342675,CHAPTER 22,palavering,0.03
1342752,CHAPTER 22,pants,0.03
1343314,CHAPTER 22,philosopher,0.03
1343321,CHAPTER 22,philosophy,0.03
1343422,CHAPTER 22,piloted,0.03
1343424,CHAPTER 22,pin,0.03
1343489,CHAPTER 22,pitiless,0.03
1343701,CHAPTER 22,poke,0.03
1343893,CHAPTER 22,pound,0.03
1343945,CHAPTER 22,prayers,0.03
1344064,CHAPTER 22,presence,0.03
1344718,CHAPTER 22,quohog,0.03
1344824,CHAPTER 22,rang,0.03
1344828,CHAPTER 22,ranging,0.03
1345051,CHAPTER 22,recovered,0.03
1345214,CHAPTER 22,rejecting,0.03
1345751,CHAPTER 22,riggers,0.03
1345805,CHAPTER 22,ripped,0.03
1345886,CHAPTER 22,rolled,0.03
1346120,CHAPTER 22,sail,0.03
1346173,CHAPTER 22,salvation,0.03
1346409,CHAPTER 22,scotch,0.03
1346452,CHAPTER 22,screaming,0.03
1346756,CHAPTER 22,seven,0.03
1346759,CHAPTER 22,seventh,0.03
1346886,CHAPTER 22,sheep,0.03
1346994,CHAPTER 22,short,0.03
1347230,CHAPTER 22,sister,0.03
1347682,CHAPTER 22,songs,0.03
1347688,CHAPTER 22,sons,0.03
1347945,CHAPTER 22,spoil,0.03
1348165,CHAPTER 22,station,0.03
1348186,CHAPTER 22,staves,0.03
1348338,CHAPTER 22,stood,0.03
1348352,CHAPTER 22,store,0.03
1348367,CHAPTER 22,stormy,0.03
1348449,CHAPTER 22,strides,0.03
1348935,CHAPTER 22,suspected,0.03
1349013,CHAPTER 22,sweetly,0.03
1349020,CHAPTER 22,swelling,0.03
1349058,CHAPTER 22,swore,0.03
1349154,CHAPTER 22,talking,0.03
1349262,CHAPTER 22,tear,0.03
1349515,CHAPTER 22,thought,0.03
1349517,CHAPTER 22,thoughtful,0.03
1349625,CHAPTER 22,tierce,0.03
1350138,CHAPTER 22,tropic,0.03
1350242,CHAPTER 22,turning,0.03
1350254,CHAPTER 22,tusks,0.03
1350284,CHAPTER 22,twinkling,0.03
1350932,CHAPTER 22,unpleasing,0.03
1351160,CHAPTER 22,untrodden,0.03
1351190,CHAPTER 22,unwilted,0.03
1351454,CHAPTER 22,vernal,0.03
1351873,CHAPTER 22,waste,0.03
1351904,CHAPTER 22,watts,0.03
1352022,CHAPTER 22,wetter,0.03
1352043,CHAPTER 22,wharf,0.03
1352113,CHAPTER 22,whiskers,0.03
1352242,CHAPTER 22,wintry,0.03
1352552,CHAPTER 22,years,0.03
1327110,CHAPTER 22,act,0.02
1327286,CHAPTER 22,affected,0.02
1327487,CHAPTER 22,alive,0.02
1327541,CHAPTER 22,aloft,0.02
1327751,CHAPTER 22,anon,0.02
1327806,CHAPTER 22,anxious,0.02
1327851,CHAPTER 22,apparition,0.02
1327918,CHAPTER 22,approaching,0.02
1328217,CHAPTER 22,astern,0.02
1328824,CHAPTER 22,began,0.02
1329019,CHAPTER 22,beware,0.02
1329033,CHAPTER 22,bible,0.02
1329042,CHAPTER 22,bidding,0.02
1329174,CHAPTER 22,blast,0.02
1329204,CHAPTER 22,bless,0.02
1329222,CHAPTER 22,blindly,0.02
1329438,CHAPTER 22,bound,0.02
1329485,CHAPTER 22,boy,0.02
1329565,CHAPTER 22,break,0.02
1329595,CHAPTER 22,breeze,0.02
1329721,CHAPTER 22,brother,0.02
1329804,CHAPTER 22,bulwarks,0.02
1329900,CHAPTER 22,butter,0.02
1330010,CHAPTER 22,came,0.02
1330111,CHAPTER 22,capstan,0.02
1330422,CHAPTER 22,chap,0.02
1331155,CHAPTER 22,command,0.02
1331284,CHAPTER 22,completely,0.02
1331340,CHAPTER 22,comrade,0.02
1331369,CHAPTER 22,concerned,0.02
1331552,CHAPTER 22,considerable,0.02
1332402,CHAPTER 22,damp,0.02
1333021,CHAPTER 22,devil,0.02
1333092,CHAPTER 22,did,0.02
1333357,CHAPTER 22,dismal,0.02
1333516,CHAPTER 22,dived,0.02
1333593,CHAPTER 22,dollars,0.02
1333784,CHAPTER 22,drive,0.02
1334089,CHAPTER 22,eh,0.02
1334142,CHAPTER 22,elephant,0.02
1334319,CHAPTER 22,encounter,0.02
1334352,CHAPTER 22,endless,0.02
1334382,CHAPTER 22,engaged,0.02
1335092,CHAPTER 22,fair,0.02
1335212,CHAPTER 22,fate,0.02
1335332,CHAPTER 22,felt,0.02
1335410,CHAPTER 22,fields,0.02
1335613,CHAPTER 22,flew,0.02
1335653,CHAPTER 22,flood,0.02
1335860,CHAPTER 22,forget,0.02
1335902,CHAPTER 22,forth,0.02
1335918,CHAPTER 22,forward,0.02
1335998,CHAPTER 22,freely,0.02
1336040,CHAPTER 22,friends,0.02
1336188,CHAPTER 22,gained,0.02
1336301,CHAPTER 22,gave,0.02
1336316,CHAPTER 22,gazing,0.02
1336336,CHAPTER 22,generally,0.02
1336500,CHAPTER 22,glided,0.02
1336715,CHAPTER 22,grass,0.02
1337038,CHAPTER 22,hand,0.02
1337057,CHAPTER 22,hands,0.02
1337136,CHAPTER 22,harpooneers,0.02
1337193,CHAPTER 22,hauled,0.02
1337229,CHAPTER 22,headed,0.02
1337270,CHAPTER 22,hearted,0.02
1337285,CHAPTER 22,hearty,0.02
1337293,CHAPTER 22,heave,0.02
1337295,CHAPTER 22,heaven,0.02
1337305,CHAPTER 22,heavy,0.02
1337490,CHAPTER 22,hinted,0.02
1337559,CHAPTER 22,holding,0.02
1337582,CHAPTER 22,holy,0.02
1337704,CHAPTER 22,hot,0.02
1337754,CHAPTER 22,huge,0.02
1337818,CHAPTER 22,hunt,0.02
1337837,CHAPTER 22,hurried,0.02
1337840,CHAPTER 22,hurry,0.02
1337889,CHAPTER 22,ice,0.02
1337901,CHAPTER 22,idea,0.02
1338013,CHAPTER 22,immediate,0.02
1338869,CHAPTER 22,intervals,0.02
1338965,CHAPTER 22,invested,0.02
1339008,CHAPTER 22,involuntarily,0.02
1339084,CHAPTER 22,islands,0.02
1339098,CHAPTER 22,issued,0.02
1339111,CHAPTER 22,ivory,0.02
1339121,CHAPTER 22,jacket,0.02
1339167,CHAPTER 22,jaw,0.02
1339261,CHAPTER 22,joint,0.02
1339357,CHAPTER 22,jump,0.02
1339378,CHAPTER 22,just,0.02
1339406,CHAPTER 22,keeping,0.02
1339419,CHAPTER 22,kept,0.02
1339741,CHAPTER 22,law,0.02
1339775,CHAPTER 22,leading,0.02
1339812,CHAPTER 22,leave,0.02
1340002,CHAPTER 22,like,0.02
1340093,CHAPTER 22,little,0.02
1340195,CHAPTER 22,lone,0.02
1340203,CHAPTER 22,longer,0.02
1340552,CHAPTER 22,making,0.02
1340587,CHAPTER 22,man,0.02
1340638,CHAPTER 22,manner,0.02
1340812,CHAPTER 22,mates,0.02
1340873,CHAPTER 22,means,0.02
1340875,CHAPTER 22,meantime,0.02
1340887,CHAPTER 22,mechanically,0.02
1340952,CHAPTER 22,men,0.02
1340978,CHAPTER 22,merchant,0.02
1341011,CHAPTER 22,merry,0.02
1341518,CHAPTER 22,moved,0.02
1341524,CHAPTER 22,moving,0.02
1341590,CHAPTER 22,murmured,0.02
1341736,CHAPTER 22,natural,0.02
1341780,CHAPTER 22,necessary,0.02
1341797,CHAPTER 22,need,0.02
1341798,CHAPTER 22,needed,0.02
1341804,CHAPTER 22,needles,0.02
1341807,CHAPTER 22,needs,0.02
1341970,CHAPTER 22,noon,0.02
1341983,CHAPTER 22,northern,0.02
1342177,CHAPTER 22,occupied,0.02
1342231,CHAPTER 22,officers,0.02
1342618,CHAPTER 22,paced,0.02
1342845,CHAPTER 22,particularly,0.02
1342957,CHAPTER 22,paused,0.02
1343157,CHAPTER 22,perilous,0.02
1343160,CHAPTER 22,perils,0.02
1343449,CHAPTER 22,pious,0.02
1343473,CHAPTER 22,pitched,0.02
1343503,CHAPTER 22,placed,0.02
1343542,CHAPTER 22,plank,0.02
1343612,CHAPTER 22,plenty,0.02
1343656,CHAPTER 22,plunged,0.02
1343717,CHAPTER 22,polished,0.02
1344131,CHAPTER 22,previous,0.02
1344343,CHAPTER 22,proper,0.02
1344642,CHAPTER 22,quarter,0.02
1344703,CHAPTER 22,quit,0.02
1344780,CHAPTER 22,raised,0.02
1344924,CHAPTER 22,ready,0.02
1344943,CHAPTER 22,rear,0.02
1345065,CHAPTER 22,red,0.02
1345273,CHAPTER 22,remain,0.02
1345277,CHAPTER 22,remains,0.02
1345754,CHAPTER 22,right,0.02
1345920,CHAPTER 22,rope,0.02
1345973,CHAPTER 22,rows,0.02
1346041,CHAPTER 22,run,0.02
1346122,CHAPTER 22,sailed,0.02
1346131,CHAPTER 22,sails,0.02
1346266,CHAPTER 22,save,0.02
1346291,CHAPTER 22,saying,0.02
1346501,CHAPTER 22,sea,0.02
1346510,CHAPTER 22,seaman,0.02
1346597,CHAPTER 22,seen,0.02
1346672,CHAPTER 22,sent,0.02
1346760,CHAPTER 22,seventy,0.02
1346853,CHAPTER 22,sharp,0.02
1346963,CHAPTER 22,shivering,0.02
1347003,CHAPTER 22,shot,0.02
1347125,CHAPTER 22,sign,0.02
1347199,CHAPTER 22,singing,0.02
1347209,CHAPTER 22,sink,0.02
1347489,CHAPTER 22,smoking,0.02
1347716,CHAPTER 22,sort,0.02
1347728,CHAPTER 22,sound,0.02
1347950,CHAPTER 22,spoke,0.02
1347997,CHAPTER 22,sprang,0.02
1347999,CHAPTER 22,spray,0.02
1348189,CHAPTER 22,stayed,0.02
1348202,CHAPTER 22,steady,0.02
1348236,CHAPTER 22,steering,0.02
1348265,CHAPTER 22,steward,0.02
1348345,CHAPTER 22,stop,0.02
1348668,CHAPTER 22,sudden,0.02
1348832,CHAPTER 22,supper,0.02
1348870,CHAPTER 22,sure,0.02
1349102,CHAPTER 22,table,0.02
1349285,CHAPTER 22,teeth,0.02
1349387,CHAPTER 22,terrors,0.02
1349477,CHAPTER 22,thing,0.02
1349484,CHAPTER 22,thinking,0.02
1349486,CHAPTER 22,thinks,0.02
1349500,CHAPTER 22,thirty,0.02
1349524,CHAPTER 22,thousands,0.02
1349590,CHAPTER 22,thunder,0.02
1349785,CHAPTER 22,took,0.02
1349854,CHAPTER 22,touch,0.02
1351051,CHAPTER 22,unseen,0.02
1351270,CHAPTER 22,using,0.02
1351509,CHAPTER 22,vicinity,0.02
1351878,CHAPTER 22,watch,0.02
1351917,CHAPTER 22,way,0.02
1351949,CHAPTER 22,weather,0.02
1352021,CHAPTER 22,wet,0.02
1352025,CHAPTER 22,whale,0.02
1352029,CHAPTER 22,whalebone,0.02
1352130,CHAPTER 22,white,0.02
1352159,CHAPTER 22,wide,0.02
1352181,CHAPTER 22,wildly,0.02
1352223,CHAPTER 22,winds,0.02
1352225,CHAPTER 22,windward,0.02
1352240,CHAPTER 22,winter,0.02
1352275,CHAPTER 22,withdrawing,0.02
1352528,CHAPTER 22,yard,0.02
1352546,CHAPTER 22,year,0.02
1329245,CHAPTER 22,blood,0.01
1329310,CHAPTER 22,boats,0.01
1329682,CHAPTER 22,broad,0.01
1329885,CHAPTER 22,business,0.01
1330894,CHAPTER 22,close,0.01
1332102,CHAPTER 22,crew,0.01
1332107,CHAPTER 22,cried,0.01
1332292,CHAPTER 22,curious,0.01
1332617,CHAPTER 22,deep,0.01
1335040,CHAPTER 22,eyes,0.01
1335052,CHAPTER 22,face,0.01
1335160,CHAPTER 22,far,0.01
1335309,CHAPTER 22,feet,0.01
1335461,CHAPTER 22,fine,0.01
1336578,CHAPTER 22,god,0.01
1336593,CHAPTER 22,going,0.01
1336755,CHAPTER 22,great,0.01
1337101,CHAPTER 22,hard,0.01
1337207,CHAPTER 22,having,0.01
1337227,CHAPTER 22,head,0.01
1337257,CHAPTER 22,heard,0.01
1337450,CHAPTER 22,high,0.01
1337554,CHAPTER 22,hold,0.01
1339622,CHAPTER 22,land,0.01
1339752,CHAPTER 22,lay,0.01
1339838,CHAPTER 22,left,0.01
1339877,CHAPTER 22,length,0.01
1340114,CHAPTER 22,living,0.01
1340213,CHAPTER 22,look,0.01
1340219,CHAPTER 22,looking,0.01
1340242,CHAPTER 22,lord,0.01
1340777,CHAPTER 22,mast,0.01
1340825,CHAPTER 22,matter,0.01
1341329,CHAPTER 22,moment,0.01
1341762,CHAPTER 22,near,0.01
1342187,CHAPTER 22,ocean,0.01
1342251,CHAPTER 22,oh,0.01
1343686,CHAPTER 22,point,0.01
1343769,CHAPTER 22,poor,0.01
1344656,CHAPTER 22,queequeg,0.01
1345946,CHAPTER 22,round,0.01
1346130,CHAPTER 22,sailors,0.01
1346528,CHAPTER 22,seas,0.01
1346545,CHAPTER 22,second,0.01
1346742,CHAPTER 22,set,0.01
1346949,CHAPTER 22,ships,0.01
1347454,CHAPTER 22,small,0.01
1347690,CHAPTER 22,soon,0.01
1347795,CHAPTER 22,speak,0.01
1348748,CHAPTER 22,sun,0.01
1349432,CHAPTER 22,thee,0.01
1349479,CHAPTER 22,think,0.01
1349601,CHAPTER 22,thy,0.01
1349653,CHAPTER 22,time,0.01
1350241,CHAPTER 22,turned,0.01
1351371,CHAPTER 22,vast,0.01
1351900,CHAPTER 22,waters,0.01
1352565,CHAPTER 22,yes,0.01
