,chapter,term,tfidf
479755,CHAPTER 115,bachelor,0.27
486742,CHAPTER 115,filled,0.23
478224,CHAPTER 115,aboard,0.16
480734,CHAPTER 115,bound,0.15
488889,CHAPTER 115,homeward,0.15
498235,CHAPTER 115,ship,0.15
502787,CHAPTER 115,vial,0.15
482428,CHAPTER 115,come,0.14
478694,CHAPTER 115,ahab,0.11
479944,CHAPTER 115,barrels,0.09
487757,CHAPTER 115,glad,0.09
490977,CHAPTER 115,lashed,0.09
495176,CHAPTER 115,pots,0.09
495938,CHAPTER 115,quarter,0.09
480414,CHAPTER 115,black,0.08
483872,CHAPTER 115,deck,0.08
492322,CHAPTER 115,met,0.08
498245,CHAPTER 115,ships,0.08
500810,CHAPTER 115,thou,0.08
502768,CHAPTER 115,vessels,0.08
477915,CHAPTER 115,_poke_,0.07
479143,CHAPTER 115,apparel,0.07
479376,CHAPTER 115,art,0.07
479980,CHAPTER 115,bastille,0.07
481410,CHAPTER 115,captain,0.07
481637,CHAPTER 115,centrepiece,0.07
485463,CHAPTER 115,eloped,0.07
487103,CHAPTER 115,forecastle,0.07
488452,CHAPTER 115,hast,0.07
489050,CHAPTER 115,huge,0.07
489389,CHAPTER 115,impersonated,0.07
490573,CHAPTER 115,jolly,0.07
492248,CHAPTER 115,men,0.07
494934,CHAPTER 115,plugged,0.07
497590,CHAPTER 115,sayst,0.07
497639,CHAPTER 115,scene,0.07
499153,CHAPTER 115,sperm,0.07
499722,CHAPTER 115,streamers,0.07
500236,CHAPTER 115,suspended,0.07
479899,CHAPTER 115,barbarian,0.06
479955,CHAPTER 115,bartered,0.06
479975,CHAPTER 115,basketed,0.06
480631,CHAPTER 115,boiler,0.06
480849,CHAPTER 115,brazen,0.06
481128,CHAPTER 115,bunting,0.06
481227,CHAPTER 115,cabin,0.06
481572,CHAPTER 115,caulked,0.06
482566,CHAPTER 115,complacent,0.06
484457,CHAPTER 115,dined,0.06
484820,CHAPTER 115,diversion,0.06
485123,CHAPTER 115,drums,0.06
485755,CHAPTER 115,ensigns,0.06
486696,CHAPTER 115,fiddle,0.06
487100,CHAPTER 115,forebodings,0.06
487829,CHAPTER 115,gloriously,0.06
488112,CHAPTER 115,gritted,0.06
488432,CHAPTER 115,harpooneers,0.06
488615,CHAPTER 115,heeding,0.06
488860,CHAPTER 115,holiday,0.06
489044,CHAPTER 115,hued,0.06
489090,CHAPTER 115,humoredly,0.06
490422,CHAPTER 115,jacks,0.06
490526,CHAPTER 115,jig,0.06
490607,CHAPTER 115,joyously,0.06
490617,CHAPTER 115,jubilations,0.06
490754,CHAPTER 115,kindling,0.06
493118,CHAPTER 115,negroes,0.06
493549,CHAPTER 115,oil,0.06
493712,CHAPTER 115,ornamented,0.06
495035,CHAPTER 115,polynesian,0.06
495385,CHAPTER 115,presiding,0.06
496273,CHAPTER 115,receding,0.06
496516,CHAPTER 115,rejoicing,0.06
497893,CHAPTER 115,seen,0.06
498886,CHAPTER 115,sockets,0.06
499805,CHAPTER 115,stubbornly,0.06
500134,CHAPTER 115,supplemental,0.06
501481,CHAPTER 115,try,0.06
501515,CHAPTER 115,tumultuously,0.06
503321,CHAPTER 115,whale,0.06
503506,CHAPTER 115,wind,0.06
478840,CHAPTER 115,aloud,0.05
479494,CHAPTER 115,associations,0.05
480645,CHAPTER 115,bolted,0.05
480719,CHAPTER 115,bottle,0.05
480774,CHAPTER 115,bowsprit,0.05
480862,CHAPTER 115,breakers,0.05
480910,CHAPTER 115,brick,0.05
481188,CHAPTER 115,busy,0.05
481195,CHAPTER 115,butt,0.05
481415,CHAPTER 115,captive,0.05
481512,CHAPTER 115,cask,0.05
481822,CHAPTER 115,cheerily,0.05
481854,CHAPTER 115,chests,0.05
482079,CHAPTER 115,clapped,0.05
482138,CHAPTER 115,clenched,0.05
482302,CHAPTER 115,coffee,0.05
482399,CHAPTER 115,colours,0.05
483012,CHAPTER 115,contrived,0.05
483398,CHAPTER 115,crew,0.05
483474,CHAPTER 115,crowd,0.05
483693,CHAPTER 115,damned,0.05
483713,CHAPTER 115,dancing,0.05
485007,CHAPTER 115,drama,0.05
485794,CHAPTER 115,entire,0.05
486422,CHAPTER 115,familiar,0.05
486795,CHAPTER 115,fish,0.05
486988,CHAPTER 115,fluid,0.05
487122,CHAPTER 115,foremast,0.05
487222,CHAPTER 115,fought,0.05
487745,CHAPTER 115,girls,0.05
487768,CHAPTER 115,glances,0.05
487809,CHAPTER 115,glittering,0.05
488482,CHAPTER 115,hats,0.05
488523,CHAPTER 115,head,0.05
488581,CHAPTER 115,hearty,0.05
488756,CHAPTER 115,hilarious,0.05
489093,CHAPTER 115,humorously,0.05
489123,CHAPTER 115,hurled,0.05
490330,CHAPTER 115,irons,0.05
490379,CHAPTER 115,islanders,0.05
490814,CHAPTER 115,knocked,0.05
491340,CHAPTER 115,lingering,0.05
491497,CHAPTER 115,long,0.05
491515,CHAPTER 115,looking,0.05
491825,CHAPTER 115,mainmast,0.05
492062,CHAPTER 115,masonry,0.05
492073,CHAPTER 115,mast,0.05
492310,CHAPTER 115,mess,0.05
492745,CHAPTER 115,mortar,0.05
492974,CHAPTER 115,nailed,0.05
492990,CHAPTER 115,nantucket,0.05
493564,CHAPTER 115,olive,0.05
494036,CHAPTER 115,pantaloons,0.05
494080,CHAPTER 115,parchment,0.05
494126,CHAPTER 115,parted,0.05
494966,CHAPTER 115,pockets,0.05
495163,CHAPTER 115,pot,0.05
496693,CHAPTER 115,reply,0.05
496779,CHAPTER 115,reserved,0.05
496935,CHAPTER 115,revelry,0.05
497145,CHAPTER 115,roar,0.05
497207,CHAPTER 115,rooms,0.05
497416,CHAPTER 115,sail,0.05
497535,CHAPTER 115,satisfaction,0.05
497864,CHAPTER 115,securing,0.05
497986,CHAPTER 115,separated,0.05
498100,CHAPTER 115,shaggy,0.05
498425,CHAPTER 115,signals,0.05
498662,CHAPTER 115,slender,0.05
499028,CHAPTER 115,soundings,0.05
499415,CHAPTER 115,standing,0.05
499625,CHAPTER 115,stomach,0.05
499673,CHAPTER 115,stowed,0.05
499803,CHAPTER 115,stubborn,0.05
499946,CHAPTER 115,success,0.05
500204,CHAPTER 115,surprising,0.05
500418,CHAPTER 115,taffrail,0.05
500701,CHAPTER 115,testimony,0.05
501104,CHAPTER 115,tops,0.05
501452,CHAPTER 115,truck,0.05
502559,CHAPTER 115,useless,0.05
502625,CHAPTER 115,valuable,0.05
503058,CHAPTER 115,wakes,0.05
503262,CHAPTER 115,wedged,0.05
503456,CHAPTER 115,widely,0.05
478420,CHAPTER 115,actually,0.04
478436,CHAPTER 115,added,0.04
478443,CHAPTER 115,additional,0.04
480042,CHAPTER 115,bearing,0.04
480098,CHAPTER 115,beef,0.04
480601,CHAPTER 115,boat,0.04
480701,CHAPTER 115,bore,0.04
480857,CHAPTER 115,bread,0.04
480891,CHAPTER 115,breeze,0.04
480960,CHAPTER 115,bringing,0.04
481169,CHAPTER 115,bursting,0.04
481306,CHAPTER 115,came,0.04
481412,CHAPTER 115,captains,0.04
481515,CHAPTER 115,casks,0.04
482453,CHAPTER 115,commander,0.04
482994,CHAPTER 115,contrast,0.04
483069,CHAPTER 115,cook,0.04
483272,CHAPTER 115,covered,0.04
483406,CHAPTER 115,cries,0.04
483456,CHAPTER 115,cross,0.04
483458,CHAPTER 115,crossed,0.04
483506,CHAPTER 115,cruising,0.04
483601,CHAPTER 115,cursed,0.04
485444,CHAPTER 115,elevated,0.04
485744,CHAPTER 115,enormous,0.04
485882,CHAPTER 115,erect,0.04
486331,CHAPTER 115,eyed,0.04
486792,CHAPTER 115,firmly,0.04
486953,CHAPTER 115,floor,0.04
487061,CHAPTER 115,fool,0.04
487598,CHAPTER 115,gay,0.04
487604,CHAPTER 115,gaze,0.04
487776,CHAPTER 115,glass,0.04
487818,CHAPTER 115,gloom,0.04
487901,CHAPTER 115,good,0.04
488031,CHAPTER 115,grave,0.04
488353,CHAPTER 115,hands,0.04
488365,CHAPTER 115,hanging,0.04
488463,CHAPTER 115,hatches,0.04
488525,CHAPTER 115,headed,0.04
489698,CHAPTER 115,individual,0.04
490378,CHAPTER 115,island,0.04
490382,CHAPTER 115,isles,0.04
490911,CHAPTER 115,lamp,0.04
490971,CHAPTER 115,largest,0.04
491100,CHAPTER 115,learned,0.04
491276,CHAPTER 115,lifting,0.04
491401,CHAPTER 115,lively,0.04
491562,CHAPTER 115,loud,0.04
491614,CHAPTER 115,luck,0.04
492076,CHAPTER 115,master,0.04
492285,CHAPTER 115,merely,0.04
492307,CHAPTER 115,merry,0.04
492682,CHAPTER 115,months,0.04
492690,CHAPTER 115,moody,0.04
492939,CHAPTER 115,muttered,0.04
493013,CHAPTER 115,narrow,0.04
493060,CHAPTER 115,nearer,0.04
493347,CHAPTER 115,numerous,0.04
493527,CHAPTER 115,officers,0.04
493800,CHAPTER 115,outward,0.04
494412,CHAPTER 115,pequod,0.04
494769,CHAPTER 115,pitched,0.04
494963,CHAPTER 115,pocket,0.04
494988,CHAPTER 115,pointing,0.04
495270,CHAPTER 115,precious,0.04
495745,CHAPTER 115,prow,0.04
495790,CHAPTER 115,pulling,0.04
496076,CHAPTER 115,raised,0.04
496616,CHAPTER 115,remote,0.04
496622,CHAPTER 115,removed,0.04
497205,CHAPTER 115,room,0.04
497487,CHAPTER 115,sand,0.04
497862,CHAPTER 115,secured,0.04
498404,CHAPTER 115,sideways,0.04
498420,CHAPTER 115,sights,0.04
498612,CHAPTER 115,slain,0.04
499032,CHAPTER 115,sounds,0.04
499073,CHAPTER 115,spare,0.04
499450,CHAPTER 115,state,0.04
499561,CHAPTER 115,steward,0.04
499772,CHAPTER 115,stroke,0.04
500398,CHAPTER 115,table,0.04
500774,CHAPTER 115,things,0.04
500876,CHAPTER 115,thrust,0.04
501340,CHAPTER 115,trees,0.04
503216,CHAPTER 115,ways,0.04
503272,CHAPTER 115,weeks,0.04
503293,CHAPTER 115,welded,0.04
503616,CHAPTER 115,wonderful,0.04
503657,CHAPTER 115,wore,0.04
503668,CHAPTER 115,works,0.04
478837,CHAPTER 115,aloft,0.03
480174,CHAPTER 115,believe,0.03
480771,CHAPTER 115,bows,0.03
480978,CHAPTER 115,broad,0.03
481022,CHAPTER 115,brow,0.03
482532,CHAPTER 115,company,0.03
483312,CHAPTER 115,craft,0.03
483403,CHAPTER 115,cried,0.03
484918,CHAPTER 115,don,0.03
485024,CHAPTER 115,drawing,0.03
487012,CHAPTER 115,flying,0.03
487198,CHAPTER 115,forth,0.03
487214,CHAPTER 115,forward,0.03
487597,CHAPTER 115,gave,0.03
487748,CHAPTER 115,given,0.03
487899,CHAPTER 115,gone,0.03
488143,CHAPTER 115,ground,0.03
488429,CHAPTER 115,harpoon,0.03
488881,CHAPTER 115,home,0.03
490407,CHAPTER 115,ivory,0.03
490463,CHAPTER 115,jaw,0.03
491089,CHAPTER 115,leaning,0.03
491415,CHAPTER 115,ll,0.03
491538,CHAPTER 115,lord,0.03
491553,CHAPTER 115,lost,0.03
491589,CHAPTER 115,lower,0.03
491822,CHAPTER 115,main,0.03
492108,CHAPTER 115,mates,0.03
494164,CHAPTER 115,passed,0.03
494871,CHAPTER 115,play,0.03
495427,CHAPTER 115,previous,0.03
496361,CHAPTER 115,red,0.03
497048,CHAPTER 115,rigging,0.03
497242,CHAPTER 115,round,0.03
497420,CHAPTER 115,sailing,0.03
497426,CHAPTER 115,sailors,0.03
497824,CHAPTER 115,seas,0.03
497921,CHAPTER 115,self,0.03
498038,CHAPTER 115,set,0.03
498497,CHAPTER 115,single,0.03
498574,CHAPTER 115,skin,0.03
498971,CHAPTER 115,somewhat,0.03
499024,CHAPTER 115,sound,0.03
499091,CHAPTER 115,speak,0.03
499552,CHAPTER 115,stern,0.03
499634,CHAPTER 115,stood,0.03
499750,CHAPTER 115,striking,0.03
500897,CHAPTER 115,thy,0.03
501081,CHAPTER 115,took,0.03
502610,CHAPTER 115,vain,0.03
503473,CHAPTER 115,wild,0.03
503626,CHAPTER 115,wondrous,0.03
503633,CHAPTER 115,wood,0.03
478711,CHAPTER 115,air,0.02
479712,CHAPTER 115,away,0.02
486456,CHAPTER 115,far,0.02
488553,CHAPTER 115,heard,0.02
490674,CHAPTER 115,just,0.02
491842,CHAPTER 115,make,0.02
493557,CHAPTER 115,old,0.02
497414,CHAPTER 115,said,0.02
497576,CHAPTER 115,saw,0.02
497797,CHAPTER 115,sea,0.02
498750,CHAPTER 115,small,0.02
498986,CHAPTER 115,soon,0.02
500811,CHAPTER 115,thought,0.02
503304,CHAPTER 115,went,0.02
503426,CHAPTER 115,white,0.02
503840,CHAPTER 115,ye,0.02
491298,CHAPTER 115,like,0.01
