,chapter,term,tfidf
131942,CHAPTER 102,weaver,0.24
127244,CHAPTER 102,skeleton,0.22
129926,CHAPTER 102,tranquo,0.2
108064,CHAPTER 102,arsacidean,0.16
110846,CHAPTER 102,clifford,0.16
120211,CHAPTER 102,loom,0.16
124135,CHAPTER 102,priests,0.14
124520,CHAPTER 102,pupella,0.12
116481,CHAPTER 102,glen,0.11
129918,CHAPTER 102,tranque,0.11
127288,CHAPTER 102,skull,0.1
132013,CHAPTER 102,whale,0.1
107168,CHAPTER 102,admeasurements,0.08
112495,CHAPTER 102,deafened,0.08
117909,CHAPTER 102,idler,0.08
119068,CHAPTER 102,ishmael,0.08
122847,CHAPTER 102,parts,0.08
125704,CHAPTER 102,ribs,0.08
131456,CHAPTER 102,vertu,0.08
108032,CHAPTER 102,aromatic,0.07
109360,CHAPTER 102,bones,0.07
111568,CHAPTER 102,constable,0.07
112229,CHAPTER 102,cub,0.07
116024,CHAPTER 102,friend,0.07
116410,CHAPTER 102,gigantic,0.07
116854,CHAPTER 102,grown,0.07
118232,CHAPTER 102,inches,0.07
119195,CHAPTER 102,jet,0.07
119454,CHAPTER 102,king,0.07
120739,CHAPTER 102,marvelled,0.07
121588,CHAPTER 102,museum,0.07
124363,CHAPTER 102,proprietors,0.07
125963,CHAPTER 102,royal,0.07
127067,CHAPTER 102,shuttle,0.07
127212,CHAPTER 102,sir,0.07
131422,CHAPTER 102,verdant,0.07
131555,CHAPTER 102,vines,0.07
131944,CHAPTER 102,weaving,0.07
110159,CHAPTER 102,carpet,0.06
115422,CHAPTER 102,figures,0.06
116743,CHAPTER 102,great,0.06
116754,CHAPTER 102,green,0.06
119268,CHAPTER 102,jonah,0.06
124173,CHAPTER 102,privilege,0.06
127802,CHAPTER 102,specimen,0.06
127845,CHAPTER 102,sperm,0.06
128386,CHAPTER 102,stranded,0.06
131426,CHAPTER 102,verdure,0.06
131836,CHAPTER 102,warp,0.06
132337,CHAPTER 102,woof,0.06
132397,CHAPTER 102,woven,0.06
107603,CHAPTER 102,amid,0.05
108889,CHAPTER 102,belonged,0.05
110189,CHAPTER 102,carved,0.05
110555,CHAPTER 102,chiefly,0.05
114381,CHAPTER 102,england,0.05
117509,CHAPTER 102,hitherto,0.05
119522,CHAPTER 102,knowledge,0.05
119961,CHAPTER 102,life,0.05
120102,CHAPTER 102,living,0.05
124838,CHAPTER 102,rare,0.05
125697,CHAPTER 102,rib,0.05
126604,CHAPTER 102,seizing,0.05
126730,CHAPTER 102,set,0.05
130032,CHAPTER 102,trees,0.05
107053,CHAPTER 102,accuracy,0.04
107167,CHAPTER 102,admeasurement,0.04
107225,CHAPTER 102,adult,0.04
107463,CHAPTER 102,algiers,0.04
107553,CHAPTER 102,altitude,0.04
107657,CHAPTER 102,anatomy,0.04
107709,CHAPTER 102,annals,0.04
107941,CHAPTER 102,arbours,0.04
108065,CHAPTER 102,arsacides,0.04
108535,CHAPTER 102,bamboo,0.04
108872,CHAPTER 102,belike,0.04
109420,CHAPTER 102,bough,0.04
109727,CHAPTER 102,brushed,0.04
109864,CHAPTER 102,burton,0.04
109892,CHAPTER 102,butteries,0.04
110198,CHAPTER 102,casements,0.04
110282,CHAPTER 102,cavities,0.04
110335,CHAPTER 102,cerebellum,0.04
110351,CHAPTER 102,cetacea,0.04
110389,CHAPTER 102,chance,0.04
110435,CHAPTER 102,charging,0.04
110521,CHAPTER 102,cheeseries,0.04
110597,CHAPTER 102,chiselled,0.04
110748,CHAPTER 102,claimed,0.04
110978,CHAPTER 102,cocoa,0.04
111079,CHAPTER 102,colonnades,0.04
111311,CHAPTER 102,comprehension,0.04
111645,CHAPTER 102,contest,0.04
111788,CHAPTER 102,copied,0.04
111879,CHAPTER 102,costly,0.04
112287,CHAPTER 102,curly,0.04
112388,CHAPTER 102,damocles,0.04
112419,CHAPTER 102,dar,0.04
112564,CHAPTER 102,deck,0.04
112716,CHAPTER 102,deliver,0.04
112883,CHAPTER 102,descriptively,0.04
112973,CHAPTER 102,detected,0.04
113003,CHAPTER 102,development,0.04
113025,CHAPTER 102,devotees,0.04
113045,CHAPTER 102,dey,0.04
113253,CHAPTER 102,discoursing,0.04
113319,CHAPTER 102,dishes,0.04
113429,CHAPTER 102,dissect,0.04
113482,CHAPTER 102,distributed,0.04
113785,CHAPTER 102,droopings,0.04
113921,CHAPTER 102,dwelt,0.04
113995,CHAPTER 102,echo,0.04
113996,CHAPTER 102,echoed,0.04
114011,CHAPTER 102,eddied,0.04
114364,CHAPTER 102,enfoldings,0.04
114597,CHAPTER 102,erudite,0.04
114750,CHAPTER 102,examination,0.04
114855,CHAPTER 102,exhibition,0.04
115036,CHAPTER 102,fabric,0.04
115054,CHAPTER 102,factories,0.04
115208,CHAPTER 102,fathom,0.04
115337,CHAPTER 102,ferns,0.04
115704,CHAPTER 102,flying,0.04
115767,CHAPTER 102,footman,0.04
115890,CHAPTER 102,forth,0.04
116012,CHAPTER 102,fresher,0.04
116014,CHAPTER 102,freshet,0.04
116196,CHAPTER 102,gallery,0.04
116261,CHAPTER 102,garters,0.04
116566,CHAPTER 102,god,0.04
116705,CHAPTER 102,grasses,0.04
116755,CHAPTER 102,greener,0.04
117244,CHAPTER 102,hear,0.04
117553,CHAPTER 102,holidays,0.04
117677,CHAPTER 102,hose,0.04
117801,CHAPTER 102,hung,0.04
118205,CHAPTER 102,inaudible,0.04
118325,CHAPTER 102,indebted,0.04
118421,CHAPTER 102,industrious,0.04
118539,CHAPTER 102,ingenious,0.04
118821,CHAPTER 102,intermixed,0.04
118937,CHAPTER 102,invent,0.04
119155,CHAPTER 102,jaw,0.04
119254,CHAPTER 102,joists,0.04
119414,CHAPTER 102,keys,0.04
119559,CHAPTER 102,lacings,0.04
119807,CHAPTER 102,lectures,0.04
119914,CHAPTER 102,leviathan,0.04
120234,CHAPTER 102,lordly,0.04
120585,CHAPTER 102,manchester,0.04
120867,CHAPTER 102,measurement,0.04
120870,CHAPTER 102,measuring,0.04
121004,CHAPTER 102,message,0.04
121136,CHAPTER 102,miniature,0.04
121273,CHAPTER 102,moderate,0.04
121431,CHAPTER 102,mortal,0.04
123430,CHAPTER 102,pinnings,0.04
123663,CHAPTER 102,poem,0.04
123689,CHAPTER 102,poke,0.04
124740,CHAPTER 102,rafters,0.04
125261,CHAPTER 102,remain,0.04
125840,CHAPTER 102,roast,0.04
126371,CHAPTER 102,sconces,0.04
126599,CHAPTER 102,seignories,0.04
126867,CHAPTER 102,sheaths,0.04
126895,CHAPTER 102,sheltered,0.04
127047,CHAPTER 102,shrubs,0.04
127065,CHAPTER 102,shutters,0.04
127236,CHAPTER 102,sixpence,0.04
127874,CHAPTER 102,spinal,0.04
127877,CHAPTER 102,spindles,0.04
128162,CHAPTER 102,statistics,0.04
128480,CHAPTER 102,structural,0.04
128624,CHAPTER 102,subtlest,0.04
129329,CHAPTER 102,tendrils,0.04
129473,CHAPTER 102,thinkings,0.04
129530,CHAPTER 102,threepence,0.04
129733,CHAPTER 102,toilings,0.04
129886,CHAPTER 102,trading,0.04
130023,CHAPTER 102,treating,0.04
130034,CHAPTER 102,trellised,0.04
130069,CHAPTER 102,tribute,0.04
130124,CHAPTER 102,trophies,0.04
130290,CHAPTER 102,twopence,0.04
130324,CHAPTER 102,ultimatum,0.04
130412,CHAPTER 102,unbuckling,0.04
130414,CHAPTER 102,unbutton,0.04
130656,CHAPTER 102,unextinguished,0.04
131006,CHAPTER 102,unrivalled,0.04
131113,CHAPTER 102,untagging,0.04
131118,CHAPTER 102,untattooed,0.04
131171,CHAPTER 102,unwearied,0.04
131362,CHAPTER 102,vats,0.04
131420,CHAPTER 102,verbatim,0.04
131534,CHAPTER 102,villa,0.04
131538,CHAPTER 102,villainies,0.04
131553,CHAPTER 102,vine,0.04
131780,CHAPTER 102,wandered,0.04
131785,CHAPTER 102,wanderings,0.04
131943,CHAPTER 102,weaves,0.04
132247,CHAPTER 102,wished,0.04
132286,CHAPTER 102,wived,0.04
132318,CHAPTER 102,wondrous,0.04
132325,CHAPTER 102,wood,0.04
132347,CHAPTER 102,words,0.04
132570,CHAPTER 102,yorkshire,0.04
132580,CHAPTER 102,youthful,0.04
107105,CHAPTER 102,active,0.03
107267,CHAPTER 102,afar,0.03
107305,CHAPTER 102,affrighted,0.03
107540,CHAPTER 102,altar,0.03
108061,CHAPTER 102,arrow,0.03
108079,CHAPTER 102,articulated,0.03
108083,CHAPTER 102,artificial,0.03
108105,CHAPTER 102,ascending,0.03
108195,CHAPTER 102,assuming,0.03
108320,CHAPTER 102,aught,0.03
108347,CHAPTER 102,authorities,0.03
108456,CHAPTER 102,backs,0.03
108477,CHAPTER 102,bag,0.03
108514,CHAPTER 102,ball,0.03
108593,CHAPTER 102,barbaric,0.03
108603,CHAPTER 102,barbs,0.03
108724,CHAPTER 102,beams,0.03
108813,CHAPTER 102,begat,0.03
108850,CHAPTER 102,behooves,0.03
108913,CHAPTER 102,beneath,0.03
109149,CHAPTER 102,blank,0.03
109193,CHAPTER 102,blessed,0.03
109316,CHAPTER 102,body,0.03
109366,CHAPTER 102,bony,0.03
109451,CHAPTER 102,bowels,0.03
109511,CHAPTER 102,branches,0.03
109687,CHAPTER 102,broke,0.03
109802,CHAPTER 102,bunch,0.03
109861,CHAPTER 102,bursting,0.03
109880,CHAPTER 102,busy,0.03
110049,CHAPTER 102,canoes,0.03
110082,CHAPTER 102,capital,0.03
110099,CHAPTER 102,capstan,0.03
110133,CHAPTER 102,carefully,0.03
110178,CHAPTER 102,carrying,0.03
110217,CHAPTER 102,casting,0.03
110287,CHAPTER 102,ceaseless,0.03
110412,CHAPTER 102,chapel,0.03
111099,CHAPTER 102,column,0.03
111301,CHAPTER 102,composing,0.03
111417,CHAPTER 102,confess,0.03
111471,CHAPTER 102,congenial,0.03
111644,CHAPTER 102,contents,0.03
111761,CHAPTER 102,cook,0.03
111991,CHAPTER 102,cracked,0.03
112167,CHAPTER 102,crowded,0.03
112371,CHAPTER 102,dairy,0.03
112507,CHAPTER 102,death,0.03
113008,CHAPTER 102,devices,0.03
113032,CHAPTER 102,devout,0.03
113136,CHAPTER 102,dimensions,0.03
113147,CHAPTER 102,din,0.03
113504,CHAPTER 102,dived,0.03
113626,CHAPTER 102,doors,0.03
113715,CHAPTER 102,drawers,0.03
113823,CHAPTER 102,dry,0.03
113897,CHAPTER 102,dust,0.03
114226,CHAPTER 102,emerged,0.03
114462,CHAPTER 102,enter,0.03
114463,CHAPTER 102,entered,0.03
114738,CHAPTER 102,exact,0.03
114928,CHAPTER 102,explain,0.03
115126,CHAPTER 102,fan,0.03
115129,CHAPTER 102,fancied,0.03
115267,CHAPTER 102,features,0.03
115402,CHAPTER 102,fierce,0.03
115441,CHAPTER 102,fin,0.03
115449,CHAPTER 102,fine,0.03
115539,CHAPTER 102,flame,0.03
115609,CHAPTER 102,flies,0.03
115628,CHAPTER 102,float,0.03
115671,CHAPTER 102,flowers,0.03
115675,CHAPTER 102,flows,0.03
115729,CHAPTER 102,folded,0.03
115949,CHAPTER 102,frame,0.03
115995,CHAPTER 102,freighted,0.03
116360,CHAPTER 102,genuine,0.03
116407,CHAPTER 102,gifted,0.03
116516,CHAPTER 102,glories,0.03
116606,CHAPTER 102,gorgeous,0.03
116790,CHAPTER 102,grim,0.03
116838,CHAPTER 102,grounds,0.03
117021,CHAPTER 102,hampshire,0.03
117156,CHAPTER 102,hatchet,0.03
117179,CHAPTER 102,haughty,0.03
117245,CHAPTER 102,heard,0.03
117252,CHAPTER 102,hears,0.03
117304,CHAPTER 102,heedful,0.03
117436,CHAPTER 102,hieroglyphics,0.03
117620,CHAPTER 102,hooks,0.03
117776,CHAPTER 102,hummed,0.03
117777,CHAPTER 102,humming,0.03
117888,CHAPTER 102,icy,0.03
118591,CHAPTER 102,inlaid,0.03
118606,CHAPTER 102,innermost,0.03
118801,CHAPTER 102,interior,0.03
118984,CHAPTER 102,invited,0.03
119086,CHAPTER 102,issued,0.03
119104,CHAPTER 102,jack,0.03
119252,CHAPTER 102,joints,0.03
119571,CHAPTER 102,laden,0.03
119707,CHAPTER 102,laughed,0.03
119915,CHAPTER 102,leviathanic,0.03
119990,CHAPTER 102,like,0.03
120149,CHAPTER 102,locks,0.03
120189,CHAPTER 102,long,0.03
120230,CHAPTER 102,lord,0.03
120263,CHAPTER 102,lounging,0.03
120281,CHAPTER 102,lower,0.03
120309,CHAPTER 102,lucky,0.03
120534,CHAPTER 102,make,0.03
120744,CHAPTER 102,marvels,0.03
120794,CHAPTER 102,material,0.03
120864,CHAPTER 102,measure,0.03
121372,CHAPTER 102,month,0.03
121450,CHAPTER 102,mosses,0.03
121732,CHAPTER 102,naught,0.03
122050,CHAPTER 102,nut,0.03
122064,CHAPTER 102,oarsman,0.03
122183,CHAPTER 102,odd,0.03
122296,CHAPTER 102,opened,0.03
122323,CHAPTER 102,opportunity,0.03
122528,CHAPTER 102,overheard,0.03
122606,CHAPTER 102,paced,0.03
122625,CHAPTER 102,paddles,0.03
122631,CHAPTER 102,page,0.03
122658,CHAPTER 102,palace,0.03
122681,CHAPTER 102,palm,0.03
122944,CHAPTER 102,pause,0.03
123023,CHAPTER 102,peep,0.03
123069,CHAPTER 102,penetrated,0.03
123108,CHAPTER 102,perceived,0.03
123128,CHAPTER 102,perfect,0.03
123376,CHAPTER 102,pig,0.03
123629,CHAPTER 102,plumage,0.03
123682,CHAPTER 102,points,0.03
123813,CHAPTER 102,ports,0.03
123829,CHAPTER 102,possession,0.03
124070,CHAPTER 102,preserving,0.03
124095,CHAPTER 102,pretend,0.03
124193,CHAPTER 102,proceed,0.03
124352,CHAPTER 102,propose,0.03
124616,CHAPTER 102,qualities,0.03
124747,CHAPTER 102,raging,0.03
124909,CHAPTER 102,reading,0.03
125034,CHAPTER 102,recorded,0.03
125100,CHAPTER 102,refer,0.03
125150,CHAPTER 102,regard,0.03
125323,CHAPTER 102,rendering,0.03
125546,CHAPTER 102,restless,0.03
125589,CHAPTER 102,retired,0.03
125723,CHAPTER 102,ridge,0.03
125823,CHAPTER 102,river,0.03
125863,CHAPTER 102,rod,0.03
125899,CHAPTER 102,rooms,0.03
126197,CHAPTER 102,sap,0.03
126268,CHAPTER 102,saw,0.03
126492,CHAPTER 102,seal,0.03
126553,CHAPTER 102,secure,0.03
126601,CHAPTER 102,seize,0.03
126679,CHAPTER 102,separately,0.03
126773,CHAPTER 102,shaded,0.03
126803,CHAPTER 102,shall,0.03
126893,CHAPTER 102,shells,0.03
126979,CHAPTER 102,shores,0.03
127000,CHAPTER 102,shouted,0.03
127061,CHAPTER 102,shut,0.03
127240,CHAPTER 102,size,0.03
127245,CHAPTER 102,skeletons,0.03
127341,CHAPTER 102,sleepers,0.03
127368,CHAPTER 102,slides,0.03
127398,CHAPTER 102,slit,0.03
127478,CHAPTER 102,smoky,0.03
127783,CHAPTER 102,speak,0.03
127791,CHAPTER 102,spears,0.03
127803,CHAPTER 102,specimens,0.03
127839,CHAPTER 102,spend,0.03
127939,CHAPTER 102,spoken,0.03
128150,CHAPTER 102,states,0.03
128176,CHAPTER 102,stay,0.03
128262,CHAPTER 102,sticks,0.03
128454,CHAPTER 102,stripped,0.03
128612,CHAPTER 102,subterranean,0.03
128736,CHAPTER 102,sun,0.03
128859,CHAPTER 102,surely,0.03
128982,CHAPTER 102,swear,0.03
128992,CHAPTER 102,sweeping,0.03
129026,CHAPTER 102,swing,0.03
129149,CHAPTER 102,tallow,0.03
129225,CHAPTER 102,tattooed,0.03
129300,CHAPTER 102,temple,0.03
129368,CHAPTER 102,terrific,0.03
129380,CHAPTER 102,test,0.03
129497,CHAPTER 102,thorough,0.03
129589,CHAPTER 102,thy,0.03
129984,CHAPTER 102,transported,0.03
129988,CHAPTER 102,trap,0.03
130130,CHAPTER 102,trouble,0.03
130190,CHAPTER 102,tufted,0.03
130268,CHAPTER 102,twine,0.03
130422,CHAPTER 102,unceasingly,0.03
130477,CHAPTER 102,unconditional,0.03
130795,CHAPTER 102,united,0.03
131039,CHAPTER 102,unseen,0.03
131154,CHAPTER 102,unusually,0.03
131258,CHAPTER 102,using,0.03
131271,CHAPTER 102,utter,0.03
131317,CHAPTER 102,valuable,0.03
131337,CHAPTER 102,vapory,0.03
131435,CHAPTER 102,veritable,0.03
131452,CHAPTER 102,vertebræ,0.03
131482,CHAPTER 102,vibrated,0.03
131603,CHAPTER 102,visited,0.03
131606,CHAPTER 102,visitors,0.03
131640,CHAPTER 102,voices,0.03
131768,CHAPTER 102,walls,0.03
131793,CHAPTER 102,wanted,0.03
132024,CHAPTER 102,whales,0.03
132055,CHAPTER 102,wherefore,0.03
132056,CHAPTER 102,whereof,0.03
132107,CHAPTER 102,whispering,0.03
132201,CHAPTER 102,winding,0.03
132203,CHAPTER 102,windlass,0.03
132276,CHAPTER 102,witness,0.03
132317,CHAPTER 102,wonders,0.03
132333,CHAPTER 102,woods,0.03
132345,CHAPTER 102,word,0.03
132378,CHAPTER 102,worshipped,0.03
107364,CHAPTER 102,ago,0.02
107385,CHAPTER 102,ah,0.02
108011,CHAPTER 102,arm,0.02
108123,CHAPTER 102,aside,0.02
108132,CHAPTER 102,aspect,0.02
108248,CHAPTER 102,attached,0.02
108428,CHAPTER 102,aye,0.02
109313,CHAPTER 102,bodily,0.02
109558,CHAPTER 102,breaking,0.02
109713,CHAPTER 102,brought,0.02
110127,CHAPTER 102,care,0.02
110199,CHAPTER 102,cases,0.02
110210,CHAPTER 102,cast,0.02
110541,CHAPTER 102,chest,0.02
110554,CHAPTER 102,chief,0.02
111358,CHAPTER 102,concerning,0.02
111368,CHAPTER 102,concluded,0.02
111929,CHAPTER 102,country,0.02
112253,CHAPTER 102,cunning,0.02
112332,CHAPTER 102,cutting,0.02
112605,CHAPTER 102,deep,0.02
113080,CHAPTER 102,did,0.02
113448,CHAPTER 102,distant,0.02
113952,CHAPTER 102,earth,0.02
114605,CHAPTER 102,escape,0.02
115148,CHAPTER 102,far,0.02
115292,CHAPTER 102,feeling,0.02
115442,CHAPTER 102,final,0.02
115494,CHAPTER 102,fishery,0.02
115745,CHAPTER 102,following,0.02
115805,CHAPTER 102,forehead,0.02
115875,CHAPTER 102,formed,0.02
115981,CHAPTER 102,free,0.02
116050,CHAPTER 102,fro,0.02
116160,CHAPTER 102,future,0.02
116186,CHAPTER 102,gale,0.02
116668,CHAPTER 102,grand,0.02
116759,CHAPTER 102,greenland,0.02
116835,CHAPTER 102,ground,0.02
116979,CHAPTER 102,hair,0.02
117127,CHAPTER 102,harpoons,0.02
117215,CHAPTER 102,head,0.02
117217,CHAPTER 102,headed,0.02
117227,CHAPTER 102,heads,0.02
117343,CHAPTER 102,help,0.02
117538,CHAPTER 102,hoisted,0.02
117564,CHAPTER 102,hollow,0.02
117751,CHAPTER 102,hull,0.02
119407,CHAPTER 102,kept,0.02
119492,CHAPTER 102,knife,0.02
119608,CHAPTER 102,lances,0.02
119610,CHAPTER 102,land,0.02
119658,CHAPTER 102,large,0.02
119685,CHAPTER 102,late,0.02
119740,CHAPTER 102,lay,0.02
119801,CHAPTER 102,leaves,0.02
119999,CHAPTER 102,likewise,0.02
120022,CHAPTER 102,line,0.02
120218,CHAPTER 102,loose,0.02
120266,CHAPTER 102,love,0.02
120496,CHAPTER 102,magnitude,0.02
120540,CHAPTER 102,making,0.02
120814,CHAPTER 102,matters,0.02
120861,CHAPTER 102,means,0.02
120976,CHAPTER 102,mere,0.02
121081,CHAPTER 102,mighty,0.02
121484,CHAPTER 102,mounted,0.02
121648,CHAPTER 102,mystic,0.02
121724,CHAPTER 102,natural,0.02
121748,CHAPTER 102,nay,0.02
122083,CHAPTER 102,object,0.02
122295,CHAPTER 102,open,0.02
122297,CHAPTER 102,opening,0.02
122391,CHAPTER 102,originally,0.02
122446,CHAPTER 102,outer,0.02
122684,CHAPTER 102,palms,0.02
123098,CHAPTER 102,people,0.02
123149,CHAPTER 102,period,0.02
123511,CHAPTER 102,plainly,0.02
123696,CHAPTER 102,pole,0.02
124671,CHAPTER 102,quickly,0.02
124913,CHAPTER 102,real,0.02
125913,CHAPTER 102,rose,0.02
126040,CHAPTER 102,rushing,0.02
126118,CHAPTER 102,sailors,0.02
126660,CHAPTER 102,sent,0.02
126927,CHAPTER 102,ship,0.02
127154,CHAPTER 102,similar,0.02
127189,CHAPTER 102,single,0.02
127266,CHAPTER 102,skin,0.02
127473,CHAPTER 102,smoke,0.02
127745,CHAPTER 102,space,0.02
127973,CHAPTER 102,spout,0.02
127988,CHAPTER 102,spread,0.02
128050,CHAPTER 102,st,0.02
128326,CHAPTER 102,stood,0.02
128492,CHAPTER 102,stubb,0.02
128928,CHAPTER 102,suspended,0.02
129042,CHAPTER 102,sword,0.02
129130,CHAPTER 102,taking,0.02
129420,CHAPTER 102,thee,0.02
129474,CHAPTER 102,thinks,0.02
129502,CHAPTER 102,thou,0.02
129511,CHAPTER 102,thousand,0.02
129590,CHAPTER 102,thyself,0.02
129865,CHAPTER 102,town,0.02
130031,CHAPTER 102,tree,0.02
131359,CHAPTER 102,vast,0.02
131515,CHAPTER 102,view,0.02
131636,CHAPTER 102,voice,0.02
131896,CHAPTER 102,waves,0.02
132021,CHAPTER 102,whalemen,0.02
132165,CHAPTER 102,wild,0.02
132306,CHAPTER 102,wonder,0.02
132308,CHAPTER 102,wonderful,0.02
132350,CHAPTER 102,work,0.02
132516,CHAPTER 102,yard,0.02
132540,CHAPTER 102,years,0.02
132571,CHAPTER 102,young,0.02
107403,CHAPTER 102,air,0.01
108404,CHAPTER 102,away,0.01
109293,CHAPTER 102,boat,0.01
109974,CHAPTER 102,called,0.01
110342,CHAPTER 102,certain,0.01
112474,CHAPTER 102,day,0.01
112487,CHAPTER 102,dead,0.01
115028,CHAPTER 102,eyes,0.01
115297,CHAPTER 102,feet,0.01
117026,CHAPTER 102,hand,0.01
117438,CHAPTER 102,high,0.01
117542,CHAPTER 102,hold,0.01
119518,CHAPTER 102,know,0.01
119891,CHAPTER 102,let,0.01
120201,CHAPTER 102,look,0.01
120813,CHAPTER 102,matter,0.01
121867,CHAPTER 102,new,0.01
122239,CHAPTER 102,oh,0.01
123490,CHAPTER 102,place,0.01
125742,CHAPTER 102,right,0.01
125934,CHAPTER 102,round,0.01
126276,CHAPTER 102,say,0.01
126489,CHAPTER 102,sea,0.01
127109,CHAPTER 102,sight,0.01
127442,CHAPTER 102,small,0.01
127678,CHAPTER 102,soon,0.01
128389,CHAPTER 102,strange,0.01
129281,CHAPTER 102,tell,0.01
129465,CHAPTER 102,thing,0.01
129466,CHAPTER 102,things,0.01
129467,CHAPTER 102,think,0.01
131905,CHAPTER 102,way,0.01
132029,CHAPTER 102,whaling,0.01
132118,CHAPTER 102,white,0.01
132361,CHAPTER 102,world,0.01
132532,CHAPTER 102,ye,0.01
