,chapter,term,tfidf
2276492,CHAPTER 54,steelkilt,0.49
2267869,CHAPTER 54,lakeman,0.29
2273019,CHAPTER 54,radney,0.27
2264636,CHAPTER 54,gentlemen,0.26
2258384,CHAPTER 54,captain,0.15
2261892,CHAPTER 54,don,0.11
2269074,CHAPTER 54,mate,0.11
2272778,CHAPTER 54,pumps,0.11
2274809,CHAPTER 54,sebastian,0.11
2258298,CHAPTER 54,canallers,0.1
2280814,CHAPTER 54,ye,0.1
2268052,CHAPTER 54,leak,0.08
2275209,CHAPTER 54,ship,0.08
2260377,CHAPTER 54,cried,0.07
2260846,CHAPTER 54,deck,0.07
2265796,CHAPTER 54,ho,0.07
2268284,CHAPTER 54,lima,0.07
2269222,CHAPTER 54,men,0.07
2278147,CHAPTER 54,town,0.07
2280295,CHAPTER 54,whale,0.07
2264077,CHAPTER 54,forecastle,0.06
2265294,CHAPTER 54,hammer,0.06
2271298,CHAPTER 54,pedro,0.06
2274388,CHAPTER 54,said,0.06
2278510,CHAPTER 54,turn,0.06
2256922,CHAPTER 54,barricade,0.05
2257575,CHAPTER 54,boat,0.05
2257760,CHAPTER 54,boys,0.05
2258040,CHAPTER 54,buffalo,0.05
2258832,CHAPTER 54,chicha,0.05
2259611,CHAPTER 54,comrades,0.05
2260150,CHAPTER 54,corrupt,0.05
2268272,CHAPTER 54,like,0.05
2268857,CHAPTER 54,man,0.05
2272775,CHAPTER 54,pump,0.05
2273011,CHAPTER 54,rad,0.05
2276638,CHAPTER 54,story,0.05
2277180,CHAPTER 54,surrender,0.05
2280074,CHAPTER 54,want,0.05
2257708,CHAPTER 54,bound,0.04
2258296,CHAPTER 54,canal,0.04
2258330,CHAPTER 54,canoe,0.04
2260756,CHAPTER 54,day,0.04
2261352,CHAPTER 54,dick,0.04
2261901,CHAPTER 54,dons,0.04
2262972,CHAPTER 54,evangelists,0.04
2263480,CHAPTER 54,fatality,0.04
2264868,CHAPTER 54,golden,0.04
2264875,CHAPTER 54,good,0.04
2265852,CHAPTER 54,holy,0.04
2267800,CHAPTER 54,know,0.04
2268173,CHAPTER 54,let,0.04
2268363,CHAPTER 54,little,0.04
2269537,CHAPTER 54,moby,0.04
2269599,CHAPTER 54,moment,0.04
2269705,CHAPTER 54,morning,0.04
2270180,CHAPTER 54,night,0.04
2271737,CHAPTER 54,pistol,0.04
2272415,CHAPTER 54,priest,0.04
2273194,CHAPTER 54,ready,0.04
2274053,CHAPTER 54,ringleader,0.04
2274190,CHAPTER 54,rope,0.04
2274390,CHAPTER 54,sail,0.04
2274398,CHAPTER 54,sailor,0.04
2274771,CHAPTER 54,sea,0.04
2274926,CHAPTER 54,senor,0.04
2275287,CHAPTER 54,shovel,0.04
2278020,CHAPTER 54,told,0.04
2256293,CHAPTER 54,arm,0.03
2256710,CHAPTER 54,aye,0.03
2256825,CHAPTER 54,bandaged,0.03
2259402,CHAPTER 54,come,0.03
2259425,CHAPTER 54,command,0.03
2259506,CHAPTER 54,company,0.03
2260180,CHAPTER 54,counsel,0.03
2260372,CHAPTER 54,crew,0.03
2260604,CHAPTER 54,cut,0.03
2260761,CHAPTER 54,days,0.03
2261016,CHAPTER 54,demanded,0.03
2262192,CHAPTER 54,duty,0.03
2262864,CHAPTER 54,erie,0.03
2262984,CHAPTER 54,events,0.03
2263430,CHAPTER 54,far,0.03
2263769,CHAPTER 54,fish,0.03
2264058,CHAPTER 54,forbearance,0.03
2265308,CHAPTER 54,hand,0.03
2265327,CHAPTER 54,hands,0.03
2265497,CHAPTER 54,head,0.03
2265527,CHAPTER 54,heard,0.03
2265575,CHAPTER 54,heavy,0.03
2265774,CHAPTER 54,hissed,0.03
2266885,CHAPTER 54,inn,0.03
2267694,CHAPTER 54,key,0.03
2267782,CHAPTER 54,knives,0.03
2267940,CHAPTER 54,large,0.03
2267989,CHAPTER 54,laughed,0.03
2268042,CHAPTER 54,leader,0.03
2268304,CHAPTER 54,line,0.03
2268471,CHAPTER 54,long,0.03
2269082,CHAPTER 54,mates,0.03
2269849,CHAPTER 54,murder,0.03
2269910,CHAPTER 54,mutiny,0.03
2269980,CHAPTER 54,narrated,0.03
2270030,CHAPTER 54,nay,0.03
2270358,CHAPTER 54,obey,0.03
2270457,CHAPTER 54,ocean,0.03
2271057,CHAPTER 54,pardon,0.03
2273595,CHAPTER 54,remove,0.03
2273824,CHAPTER 54,rest,0.03
2273911,CHAPTER 54,revenge,0.03
2274216,CHAPTER 54,round,0.03
2274311,CHAPTER 54,run,0.03
2274558,CHAPTER 54,say,0.03
2274783,CHAPTER 54,seamen,0.03
2274822,CHAPTER 54,secret,0.03
2275214,CHAPTER 54,shipmate,0.03
2275219,CHAPTER 54,ships,0.03
2275494,CHAPTER 54,sir,0.03
2275993,CHAPTER 54,sought,0.03
2276424,CHAPTER 54,state,0.03
2276608,CHAPTER 54,stood,0.03
2277035,CHAPTER 54,sunrise,0.03
2277396,CHAPTER 54,tahiti,0.03
2277913,CHAPTER 54,till,0.03
2277923,CHAPTER 54,time,0.03
2278516,CHAPTER 54,turns,0.03
2278550,CHAPTER 54,twine,0.03
2279818,CHAPTER 54,villages,0.03
2280187,CHAPTER 54,way,0.03
2280278,CHAPTER 54,went,0.03
2280400,CHAPTER 54,white,0.03
2280485,CHAPTER 54,windlass,0.03
2280587,CHAPTER 54,won,0.03
2280632,CHAPTER 54,work,0.03
2255605,CHAPTER 54,aft,0.02
2255685,CHAPTER 54,air,0.02
2255781,CHAPTER 54,allies,0.02
2256076,CHAPTER 54,anxious,0.02
2256297,CHAPTER 54,armed,0.02
2256338,CHAPTER 54,arrived,0.02
2256516,CHAPTER 54,atlantic,0.02
2256547,CHAPTER 54,attempt,0.02
2256555,CHAPTER 54,attended,0.02
2256686,CHAPTER 54,away,0.02
2256796,CHAPTER 54,ball,0.02
2256823,CHAPTER 54,band,0.02
2256990,CHAPTER 54,beach,0.02
2257018,CHAPTER 54,bears,0.02
2257037,CHAPTER 54,beauty,0.02
2257172,CHAPTER 54,belonging,0.02
2257231,CHAPTER 54,berth,0.02
2257251,CHAPTER 54,best,0.02
2257279,CHAPTER 54,betrayed,0.02
2257332,CHAPTER 54,billiard,0.02
2257681,CHAPTER 54,born,0.02
2257746,CHAPTER 54,bowsman,0.02
2257840,CHAPTER 54,breaking,0.02
2257970,CHAPTER 54,broken,0.02
2257986,CHAPTER 54,broom,0.02
2258155,CHAPTER 54,business,0.02
2258256,CHAPTER 54,called,0.02
2258297,CHAPTER 54,canaller,0.02
2258477,CHAPTER 54,case,0.02
2258489,CHAPTER 54,casks,0.02
2258671,CHAPTER 54,chance,0.02
2258726,CHAPTER 54,charlemagne,0.02
2258787,CHAPTER 54,cheek,0.02
2258943,CHAPTER 54,churches,0.02
2259012,CHAPTER 54,cities,0.02
2259026,CHAPTER 54,civilized,0.02
2259047,CHAPTER 54,clanged,0.02
2259126,CHAPTER 54,clicked,0.02
2259168,CHAPTER 54,closer,0.02
2259426,CHAPTER 54,commanded,0.02
2259638,CHAPTER 54,concern,0.02
2259685,CHAPTER 54,conduct,0.02
2259781,CHAPTER 54,connected,0.02
2259970,CHAPTER 54,contrasting,0.02
2260091,CHAPTER 54,cords,0.02
2260254,CHAPTER 54,coward,0.02
2260449,CHAPTER 54,crowded,0.02
2260481,CHAPTER 54,cruisings,0.02
2260538,CHAPTER 54,cup,0.02
2260600,CHAPTER 54,customary,0.02
2260665,CHAPTER 54,damn,0.02
2260694,CHAPTER 54,dangerous,0.02
2260712,CHAPTER 54,dark,0.02
2260971,CHAPTER 54,deliberately,0.02
2260976,CHAPTER 54,delicacy,0.02
2261043,CHAPTER 54,den,0.02
2261238,CHAPTER 54,destroyed,0.02
2261291,CHAPTER 54,devil,0.02
2261362,CHAPTER 54,did,0.02
2261888,CHAPTER 54,dominic,0.02
2261928,CHAPTER 54,double,0.02
2261959,CHAPTER 54,doze,0.02
2261998,CHAPTER 54,drawing,0.02
2262004,CHAPTER 54,drawn,0.02
2262175,CHAPTER 54,durst,0.02
2262733,CHAPTER 54,ensued,0.02
2262897,CHAPTER 54,especially,0.02
2263244,CHAPTER 54,express,0.02
2263302,CHAPTER 54,eye,0.02
2263322,CHAPTER 54,face,0.02
2263325,CHAPTER 54,faces,0.02
2263407,CHAPTER 54,famous,0.02
2263592,CHAPTER 54,fell,0.02
2263685,CHAPTER 54,fiercely,0.02
2263731,CHAPTER 54,fine,0.02
2263915,CHAPTER 54,floats,0.02
2263919,CHAPTER 54,flog,0.02
2263920,CHAPTER 54,flogged,0.02
2263989,CHAPTER 54,foam,0.02
2264035,CHAPTER 54,fool,0.02
2264111,CHAPTER 54,forests,0.02
2264130,CHAPTER 54,forget,0.02
2264188,CHAPTER 54,forward,0.02
2264214,CHAPTER 54,fourth,0.02
2264306,CHAPTER 54,friend,0.02
2264454,CHAPTER 54,gag,0.02
2264460,CHAPTER 54,gaining,0.02
2264514,CHAPTER 54,gangs,0.02
2264571,CHAPTER 54,gave,0.02
2264903,CHAPTER 54,got,0.02
2264950,CHAPTER 54,grand,0.02
2265200,CHAPTER 54,gunwale,0.02
2265351,CHAPTER 54,happened,0.02
2265362,CHAPTER 54,harbor,0.02
2265406,CHAPTER 54,harpooneers,0.02
2265475,CHAPTER 54,haven,0.02
2265509,CHAPTER 54,heads,0.02
2265526,CHAPTER 54,hear,0.02
2265531,CHAPTER 54,hearing,0.02
2265539,CHAPTER 54,heart,0.02
2265773,CHAPTER 54,hiss,0.02
2265824,CHAPTER 54,hold,0.02
2266062,CHAPTER 54,humor,0.02
2266083,CHAPTER 54,hung,0.02
2266750,CHAPTER 54,infatuated,0.02
2266964,CHAPTER 54,insisted,0.02
2266980,CHAPTER 54,instant,0.02
2266991,CHAPTER 54,instinctively,0.02
2267026,CHAPTER 54,insurgents,0.02
2267139,CHAPTER 54,intervals,0.02
2267352,CHAPTER 54,island,0.02
2267353,CHAPTER 54,islanders,0.02
2267437,CHAPTER 54,jaw,0.02
2267467,CHAPTER 54,jerking,0.02
2267527,CHAPTER 54,joined,0.02
2267636,CHAPTER 54,junior,0.02
2267648,CHAPTER 54,just,0.02
2267649,CHAPTER 54,justice,0.02
2267689,CHAPTER 54,kept,0.02
2267791,CHAPTER 54,knocking,0.02
2267806,CHAPTER 54,known,0.02
2267857,CHAPTER 54,lads,0.02
2267892,CHAPTER 54,land,0.02
2267922,CHAPTER 54,lanyard,0.02
2267984,CHAPTER 54,latitudes,0.02
2268051,CHAPTER 54,leagues,0.02
2268067,CHAPTER 54,leaped,0.02
2268108,CHAPTER 54,left,0.02
2268147,CHAPTER 54,length,0.02
2268243,CHAPTER 54,life,0.02
2268375,CHAPTER 54,lively,0.02
2268483,CHAPTER 54,look,0.02
2268588,CHAPTER 54,luck,0.02
2268816,CHAPTER 54,make,0.02
2268822,CHAPTER 54,making,0.02
2268965,CHAPTER 54,mariner,0.02
2269047,CHAPTER 54,mast,0.02
2269188,CHAPTER 54,meet,0.02
2269227,CHAPTER 54,menacing,0.02
2269281,CHAPTER 54,merry,0.02
2269405,CHAPTER 54,mincing,0.02
2269407,CHAPTER 54,mind,0.02
2269780,CHAPTER 54,mouth,0.02
2269906,CHAPTER 54,mutineer,0.02
2270032,CHAPTER 54,near,0.02
2270067,CHAPTER 54,need,0.02
2270178,CHAPTER 54,nigh,0.02
2270250,CHAPTER 54,north,0.02
2270275,CHAPTER 54,noted,0.02
2270321,CHAPTER 54,numerous,0.02
2270331,CHAPTER 54,nurtured,0.02
2270498,CHAPTER 54,officer,0.02
2270501,CHAPTER 54,officers,0.02
2270578,CHAPTER 54,opened,0.02
2270642,CHAPTER 54,order,0.02
2271227,CHAPTER 54,paused,0.02
2271246,CHAPTER 54,peace,0.02
2271643,CHAPTER 54,piece,0.02
2271666,CHAPTER 54,pike,0.02
2271772,CHAPTER 54,place,0.02
2272066,CHAPTER 54,port,0.02
2272106,CHAPTER 54,posse,0.02
2272116,CHAPTER 54,possible,0.02
2272406,CHAPTER 54,prick,0.02
2272449,CHAPTER 54,private,0.02
2272475,CHAPTER 54,proceed,0.02
2272491,CHAPTER 54,procure,0.02
2272578,CHAPTER 54,promise,0.02
2272616,CHAPTER 54,property,0.02
2272719,CHAPTER 54,prow,0.02
2272912,CHAPTER 54,quarter,0.02
2272965,CHAPTER 54,quietly,0.02
2273088,CHAPTER 54,ran,0.02
2273181,CHAPTER 54,reached,0.02
2273202,CHAPTER 54,really,0.02
2273335,CHAPTER 54,red,0.02
2273388,CHAPTER 54,refill,0.02
2273455,CHAPTER 54,regularly,0.02
2273545,CHAPTER 54,remained,0.02
2273783,CHAPTER 54,resolved,0.02
2273881,CHAPTER 54,retreat,0.02
2273883,CHAPTER 54,retreating,0.02
2273885,CHAPTER 54,retribution,0.02
2273891,CHAPTER 54,returned,0.02
2274022,CHAPTER 54,rigging,0.02
2274120,CHAPTER 54,roared,0.02
2274161,CHAPTER 54,rolls,0.02
2274163,CHAPTER 54,roman,0.02
2274195,CHAPTER 54,rose,0.02
2274320,CHAPTER 54,rushed,0.02
2274378,CHAPTER 54,safety,0.02
2274531,CHAPTER 54,savage,0.02
2274561,CHAPTER 54,saying,0.02
2274764,CHAPTER 54,scuttle,0.02
2274780,CHAPTER 54,seaman,0.02
2274886,CHAPTER 54,seizing,0.02
2274945,CHAPTER 54,sentences,0.02
2275017,CHAPTER 54,setting,0.02
2275085,CHAPTER 54,shall,0.02
2275249,CHAPTER 54,shook,0.02
2275282,CHAPTER 54,shouted,0.02
2275479,CHAPTER 54,sink,0.02
2275648,CHAPTER 54,slide,0.02
2275724,CHAPTER 54,small,0.02
2275795,CHAPTER 54,snatched,0.02
2275960,CHAPTER 54,soon,0.02
2275986,CHAPTER 54,sort,0.02
2275994,CHAPTER 54,soul,0.02
2276193,CHAPTER 54,spite,0.02
2276332,CHAPTER 54,st,0.02
2276504,CHAPTER 54,steered,0.02
2276535,CHAPTER 54,steward,0.02
2276545,CHAPTER 54,stiff,0.02
2276671,CHAPTER 54,strange,0.02
2276720,CHAPTER 54,striding,0.02
2276761,CHAPTER 54,struck,0.02
2276811,CHAPTER 54,stung,0.02
2276938,CHAPTER 54,sudden,0.02
2276939,CHAPTER 54,suddenly,0.02
2277009,CHAPTER 54,summoned,0.02
2277239,CHAPTER 54,swam,0.02
2277264,CHAPTER 54,swear,0.02
2277274,CHAPTER 54,sweeping,0.02
2277412,CHAPTER 54,taking,0.02
2277563,CHAPTER 54,tell,0.02
2277613,CHAPTER 54,teneriffe,0.02
2277650,CHAPTER 54,terrific,0.02
2277749,CHAPTER 54,think,0.02
2277844,CHAPTER 54,throw,0.02
2277927,CHAPTER 54,times,0.02
2278014,CHAPTER 54,toiling,0.02
2278112,CHAPTER 54,tossed,0.02
2278124,CHAPTER 54,touch,0.02
2278125,CHAPTER 54,touched,0.02
2278188,CHAPTER 54,traitors,0.02
2278189,CHAPTER 54,traits,0.02
2278354,CHAPTER 54,trick,0.02
2278430,CHAPTER 54,true,0.02
2278511,CHAPTER 54,turned,0.02
2278512,CHAPTER 54,turning,0.02
2278560,CHAPTER 54,twisted,0.02
2278820,CHAPTER 54,understand,0.02
2279435,CHAPTER 54,unusual,0.02
2279499,CHAPTER 54,uplifted,0.02
2279589,CHAPTER 54,valiant,0.02
2279683,CHAPTER 54,venice,0.02
2279741,CHAPTER 54,vessel,0.02
2279805,CHAPTER 54,vigorous,0.02
2279918,CHAPTER 54,voice,0.02
2280137,CHAPTER 54,washing,0.02
2280148,CHAPTER 54,watch,0.02
2280161,CHAPTER 54,water,0.02
2280429,CHAPTER 54,wide,0.02
2280447,CHAPTER 54,wild,0.02
2280451,CHAPTER 54,wildly,0.02
2280465,CHAPTER 54,willing,0.02
2280627,CHAPTER 54,word,0.02
2280638,CHAPTER 54,working,0.02
2280837,CHAPTER 54,yield,0.02
2280853,CHAPTER 54,young,0.02
2254490,CHAPTER 54,_as,0.01
2254720,CHAPTER 54,_him,0.01
2254723,CHAPTER 54,_his_,0.01
2255146,CHAPTER 54,abaft,0.01
2255195,CHAPTER 54,able,0.01
2255198,CHAPTER 54,aboard,0.01
2255215,CHAPTER 54,abound,0.01
2255265,CHAPTER 54,abundantly,0.01
2255288,CHAPTER 54,accessible,0.01
2255306,CHAPTER 54,accompaniments,0.01
2255318,CHAPTER 54,according,0.01
2255319,CHAPTER 54,accordingly,0.01
2255323,CHAPTER 54,account,0.01
2255380,CHAPTER 54,act,0.01
2255394,CHAPTER 54,actually,0.01
2255435,CHAPTER 54,adios,0.01
2255451,CHAPTER 54,administered,0.01
2255468,CHAPTER 54,admit,0.01
2255486,CHAPTER 54,adopt,0.01
2255513,CHAPTER 54,advanced,0.01
2255516,CHAPTER 54,advancing,0.01
2255539,CHAPTER 54,advised,0.01
2255552,CHAPTER 54,affair,0.01
2255556,CHAPTER 54,affected,0.01
2255581,CHAPTER 54,affluent,0.01
2255583,CHAPTER 54,afforded,0.01
2255601,CHAPTER 54,afric,0.01
2255628,CHAPTER 54,aggregate,0.01
2255636,CHAPTER 54,aggrieved,0.01
2255657,CHAPTER 54,agrarian,0.01
2255661,CHAPTER 54,agreed,0.01
2255683,CHAPTER 54,ain,0.01
2255707,CHAPTER 54,alarm,0.01
2255755,CHAPTER 54,alike,0.01
2255790,CHAPTER 54,allowing,0.01
2255796,CHAPTER 54,alluding,0.01
2255811,CHAPTER 54,aloft,0.01
2255837,CHAPTER 54,altogether,0.01
2255850,CHAPTER 54,amazement,0.01
2255877,CHAPTER 54,america,0.01
2255912,CHAPTER 54,amuck,0.01
2255946,CHAPTER 54,anchor,0.01
2255948,CHAPTER 54,anchored,0.01
2255951,CHAPTER 54,ancient,0.01
2255959,CHAPTER 54,anew,0.01
2255979,CHAPTER 54,animal,0.01
2256026,CHAPTER 54,answer,0.01
2256027,CHAPTER 54,answered,0.01
2256067,CHAPTER 54,antony,0.01
2256113,CHAPTER 54,appalling,0.01
2256120,CHAPTER 54,apparently,0.01
2256159,CHAPTER 54,applied,0.01
2256179,CHAPTER 54,apprehensiveness,0.01
2256185,CHAPTER 54,approach,0.01
2256187,CHAPTER 54,approaches,0.01
2256203,CHAPTER 54,apricot,0.01
2256206,CHAPTER 54,apt,0.01
2256235,CHAPTER 54,arches,0.01
2256237,CHAPTER 54,archiepiscopacy,0.01
2256241,CHAPTER 54,archipelagoes,0.01
2256306,CHAPTER 54,arms,0.01
2256335,CHAPTER 54,arrested,0.01
2256397,CHAPTER 54,ashantee,0.01
2256400,CHAPTER 54,ashore,0.01
2256405,CHAPTER 54,aside,0.01
2256407,CHAPTER 54,askance,0.01
2256408,CHAPTER 54,asked,0.01
2256455,CHAPTER 54,assigned,0.01
2256458,CHAPTER 54,assist,0.01
2256466,CHAPTER 54,associates,0.01
2256485,CHAPTER 54,assuring,0.01
2256487,CHAPTER 54,astern,0.01
2256513,CHAPTER 54,athletic,0.01
2256527,CHAPTER 54,atrocious,0.01
2256533,CHAPTER 54,attack,0.01
2256574,CHAPTER 54,attitude,0.01
2256593,CHAPTER 54,audacious,0.01
2256615,CHAPTER 54,austere,0.01
2256635,CHAPTER 54,auto,0.01
2256652,CHAPTER 54,avenger,0.01
2256662,CHAPTER 54,averse,0.01
2256676,CHAPTER 54,awaited,0.01
2256678,CHAPTER 54,awake,0.01
2256691,CHAPTER 54,awful,0.01
2256715,CHAPTER 54,babbling,0.01
2256738,CHAPTER 54,backs,0.01
2256740,CHAPTER 54,backstay,0.01
2256741,CHAPTER 54,backstays,0.01
2256745,CHAPTER 54,backwoods,0.01
2256759,CHAPTER 54,bag,0.01
2256790,CHAPTER 54,baleful,0.01
2256850,CHAPTER 54,banks,0.01
2256860,CHAPTER 54,bantam,0.01
2256863,CHAPTER 54,banterings,0.01
2256870,CHAPTER 54,bar,0.01
2256874,CHAPTER 54,barbarians,0.01
2256875,CHAPTER 54,barbaric,0.01
2256888,CHAPTER 54,bare,0.01
2256970,CHAPTER 54,batteries,0.01
2256991,CHAPTER 54,beached,0.01
2256992,CHAPTER 54,beaches,0.01
2257007,CHAPTER 54,bear,0.01
2257008,CHAPTER 54,beard,0.01
2257016,CHAPTER 54,bearing,0.01
2257021,CHAPTER 54,beasts,0.01
2257070,CHAPTER 54,beech,0.01
2257091,CHAPTER 54,befriended,0.01
2257093,CHAPTER 54,beg,0.01
2257094,CHAPTER 54,began,0.01
2257103,CHAPTER 54,begging,0.01
2257108,CHAPTER 54,begins,0.01
2257123,CHAPTER 54,beheld,0.01
2257148,CHAPTER 54,believe,0.01
2257153,CHAPTER 54,believing,0.01
2257171,CHAPTER 54,belonged,0.01
2257239,CHAPTER 54,besieged,0.01
2257266,CHAPTER 54,betake,0.01
2257270,CHAPTER 54,bethinking,0.01
2257274,CHAPTER 54,betoken,0.01
2257283,CHAPTER 54,better,0.01
2257312,CHAPTER 54,bidding,0.01
2257331,CHAPTER 54,billeted,0.01
2257365,CHAPTER 54,biscuit,0.01
2257383,CHAPTER 54,bitterly,0.01
2257384,CHAPTER 54,bitterness,0.01
2257447,CHAPTER 54,blasts,0.01
2257473,CHAPTER 54,blent,0.01
2257475,CHAPTER 54,blessed,0.01
2257491,CHAPTER 54,blinding,0.01
2257515,CHAPTER 54,blood,0.01
2257521,CHAPTER 54,bloodshot,0.01
2257523,CHAPTER 54,bloody,0.01
2257532,CHAPTER 54,blow,0.01
2257540,CHAPTER 54,blue,0.01
2257579,CHAPTER 54,boatmen,0.01
2257580,CHAPTER 54,boats,0.01
2257595,CHAPTER 54,bodily,0.01
2257611,CHAPTER 54,bold,0.01
2257619,CHAPTER 54,bolted,0.01
2257651,CHAPTER 54,book,0.01
2257671,CHAPTER 54,border,0.01
2257675,CHAPTER 54,bore,0.01
2257677,CHAPTER 54,borean,0.01
2257696,CHAPTER 54,bottling,0.01
2257730,CHAPTER 54,bow,0.01
2257733,CHAPTER 54,bowels,0.01
2257736,CHAPTER 54,bowie,0.01
2257745,CHAPTER 54,bows,0.01
2257748,CHAPTER 54,bowsprit,0.01
2257755,CHAPTER 54,boy,0.01
2257783,CHAPTER 54,braiding,0.01
2257784,CHAPTER 54,brain,0.01
2257795,CHAPTER 54,branded,0.01
2257804,CHAPTER 54,brass,0.01
2257833,CHAPTER 54,breadth,0.01
2257865,CHAPTER 54,breeze,0.01
2257868,CHAPTER 54,breezes,0.01
2257910,CHAPTER 54,brigandish,0.01
2257919,CHAPTER 54,brigs,0.01
2257932,CHAPTER 54,bring,0.01
2257935,CHAPTER 54,brings,0.01
2257982,CHAPTER 54,brook,0.01
2257995,CHAPTER 54,brought,0.01
2257996,CHAPTER 54,brow,0.01
2258014,CHAPTER 54,brutal,0.01
2258019,CHAPTER 54,bubbles,0.01
2258020,CHAPTER 54,bubbling,0.01
2258024,CHAPTER 54,buck,0.01
2258054,CHAPTER 54,built,0.01
2258060,CHAPTER 54,bulkhead,0.01
2258074,CHAPTER 54,bulwarks,0.01
2258134,CHAPTER 54,burning,0.01
2258142,CHAPTER 54,burst,0.01
2258148,CHAPTER 54,bury,0.01
2258201,CHAPTER 54,cabin,0.01
2258241,CHAPTER 54,calculated,0.01
2258255,CHAPTER 54,callao,0.01
2258258,CHAPTER 54,calling,0.01
2258265,CHAPTER 54,calmly,0.01
2258280,CHAPTER 54,came,0.01
2258323,CHAPTER 54,cannikin,0.01
2258325,CHAPTER 54,cannon,0.01
2258331,CHAPTER 54,canoes,0.01
2258358,CHAPTER 54,cape,0.01
2258365,CHAPTER 54,capitals,0.01
2258386,CHAPTER 54,captains,0.01
2258392,CHAPTER 54,capture,0.01
2258413,CHAPTER 54,career,0.01
2258415,CHAPTER 54,carefully,0.01
2258440,CHAPTER 54,carpenters,0.01
2258451,CHAPTER 54,carrion,0.01
2258486,CHAPTER 54,cask,0.01
2258539,CHAPTER 54,cattle,0.01
2258543,CHAPTER 54,caught,0.01
2258559,CHAPTER 54,cavaliers,0.01
2258560,CHAPTER 54,cave,0.01
2258625,CHAPTER 54,certainly,0.01
2258645,CHAPTER 54,chains,0.01
2258679,CHAPTER 54,change,0.01
2258696,CHAPTER 54,chapels,0.01
2258714,CHAPTER 54,charger,0.01
2258742,CHAPTER 54,charted,0.01
2258745,CHAPTER 54,chartering,0.01
2258748,CHAPTER 54,chase,0.01
2258788,CHAPTER 54,cheeked,0.01
2258790,CHAPTER 54,cheer,0.01
2258809,CHAPTER 54,chemistry,0.01
2258836,CHAPTER 54,chief,0.01
2258904,CHAPTER 54,chorus,0.01
2258915,CHAPTER 54,christenings,0.01
2258916,CHAPTER 54,christian,0.01
2258962,CHAPTER 54,circle,0.01
2258996,CHAPTER 54,circumstance,0.01
2258998,CHAPTER 54,circumstances,0.01
2259017,CHAPTER 54,city,0.01
2259029,CHAPTER 54,claim,0.01
2259030,CHAPTER 54,claimed,0.01
2259037,CHAPTER 54,clamor,0.01
2259048,CHAPTER 54,clanging,0.01
2259049,CHAPTER 54,clanking,0.01
2259096,CHAPTER 54,clear,0.01
2259113,CHAPTER 54,clenching,0.01
2259114,CHAPTER 54,cleopatra,0.01
2259120,CHAPTER 54,cleveland,0.01
2259136,CHAPTER 54,climbing,0.01
2259139,CHAPTER 54,climes,0.01
2259148,CHAPTER 54,clinking,0.01
2259155,CHAPTER 54,clock,0.01
2259164,CHAPTER 54,close,0.01
2259165,CHAPTER 54,closed,0.01
2259166,CHAPTER 54,closely,0.01
2259167,CHAPTER 54,closeness,0.01
2259197,CHAPTER 54,club,0.01
2259228,CHAPTER 54,coast,0.01
2259231,CHAPTER 54,coat,0.01
2259260,CHAPTER 54,cocoa,0.01
2259312,CHAPTER 54,cold,0.01
2259326,CHAPTER 54,collared,0.01
2259358,CHAPTER 54,colonies,0.01
2259411,CHAPTER 54,comets,0.01
2259423,CHAPTER 54,coming,0.01
2259430,CHAPTER 54,commanding,0.01
2259466,CHAPTER 54,common,0.01
2259470,CHAPTER 54,commonest,0.01
2259479,CHAPTER 54,communicated,0.01
2259492,CHAPTER 54,compact,0.01
2259505,CHAPTER 54,companionway,0.01
2259513,CHAPTER 54,comparison,0.01
2259552,CHAPTER 54,complete,0.01
2259575,CHAPTER 54,comported,0.01
2259589,CHAPTER 54,comprehended,0.01
2259620,CHAPTER 54,conceit,0.01
2259626,CHAPTER 54,conceives,0.01
2259640,CHAPTER 54,concerning,0.01
2259680,CHAPTER 54,condition,0.01
2259695,CHAPTER 54,confederate,0.01
2259727,CHAPTER 54,conflagration,0.01
2259745,CHAPTER 54,confused,0.01
2259748,CHAPTER 54,confusion,0.01
2259816,CHAPTER 54,consequent,0.01
2259818,CHAPTER 54,consequently,0.01
2259822,CHAPTER 54,considerable,0.01
2259828,CHAPTER 54,considered,0.01
2259829,CHAPTER 54,considering,0.01
2259842,CHAPTER 54,consort,0.01
2259868,CHAPTER 54,constrained,0.01
2259896,CHAPTER 54,contain,0.01
2259900,CHAPTER 54,contains,0.01
2259906,CHAPTER 54,contemplative,0.01
2259937,CHAPTER 54,continual,0.01
2259938,CHAPTER 54,continually,0.01
2259943,CHAPTER 54,continued,0.01
2259967,CHAPTER 54,contrary,0.01
2260003,CHAPTER 54,conveniently,0.01
2260005,CHAPTER 54,conventional,0.01
2260031,CHAPTER 54,convictions,0.01
2260061,CHAPTER 54,cooper,0.01
2260078,CHAPTER 54,copy,0.01
2260083,CHAPTER 54,corals,0.01
2260102,CHAPTER 54,corn,0.01
2260104,CHAPTER 54,corners,0.01
2260117,CHAPTER 54,corporeally,0.01
2260120,CHAPTER 54,corpse,0.01
2260207,CHAPTER 54,counties,0.01
2260217,CHAPTER 54,couple,0.01
2260232,CHAPTER 54,courtesy,0.01
2260269,CHAPTER 54,cozening,0.01
2260272,CHAPTER 54,crack,0.01
2260286,CHAPTER 54,craft,0.01
2260290,CHAPTER 54,craggy,0.01
2260294,CHAPTER 54,cramped,0.01
2260315,CHAPTER 54,crave,0.01
2260344,CHAPTER 54,creature,0.01
2260345,CHAPTER 54,creatures,0.01
2260360,CHAPTER 54,creepingly,0.01
2260363,CHAPTER 54,crept,0.01
2260365,CHAPTER 54,crescentic,0.01
2260376,CHAPTER 54,cricket,0.01
2260430,CHAPTER 54,cross,0.01
2260450,CHAPTER 54,crowding,0.01
2260461,CHAPTER 54,crucified,0.01
2260474,CHAPTER 54,cruise,0.01
2260477,CHAPTER 54,cruiser,0.01
2260480,CHAPTER 54,cruising,0.01
2260495,CHAPTER 54,crushed,0.01
2260520,CHAPTER 54,cuffs,0.01
2260527,CHAPTER 54,cultivated,0.01
2260562,CHAPTER 54,curious,0.01
2260564,CHAPTER 54,curiousness,0.01
2260575,CHAPTER 54,cursed,0.01
2260576,CHAPTER 54,curses,0.01
2260614,CHAPTER 54,cutting,0.01
2260635,CHAPTER 54,da,0.01
2260648,CHAPTER 54,daily,0.01
2260663,CHAPTER 54,dame,0.01
2260669,CHAPTER 54,damning,0.01
2260684,CHAPTER 54,danced,0.01
2260706,CHAPTER 54,dared,0.01
2260715,CHAPTER 54,darker,0.01
2260720,CHAPTER 54,darkness,0.01
2260731,CHAPTER 54,dashed,0.01
2260758,CHAPTER 54,daybreak,0.01
2260769,CHAPTER 54,dead,0.01
2260775,CHAPTER 54,deadly,0.01
2260789,CHAPTER 54,death,0.01
2260829,CHAPTER 54,decency,0.01
2260831,CHAPTER 54,decently,0.01
2260850,CHAPTER 54,decks,0.01
2260855,CHAPTER 54,declared,0.01
2260881,CHAPTER 54,deed,0.01
2260891,CHAPTER 54,deeper,0.01
2260900,CHAPTER 54,defection,0.01
2260920,CHAPTER 54,defied,0.01
2260983,CHAPTER 54,delight,0.01
2261000,CHAPTER 54,delivered,0.01
2261015,CHAPTER 54,demand,0.01
2261059,CHAPTER 54,denotes,0.01
2261095,CHAPTER 54,depicted,0.01
2261161,CHAPTER 54,descried,0.01
2261171,CHAPTER 54,desert,0.01
2261172,CHAPTER 54,deserted,0.01
2261190,CHAPTER 54,desire,0.01
2261198,CHAPTER 54,desisted,0.01
2261206,CHAPTER 54,despair,0.01
2261212,CHAPTER 54,desperado,0.01
2261213,CHAPTER 54,desperadoes,0.01
2261214,CHAPTER 54,desperate,0.01
2261215,CHAPTER 54,desperation,0.01
2261230,CHAPTER 54,destination,0.01
2261263,CHAPTER 54,determination,0.01
2261293,CHAPTER 54,devilishness,0.01
2261364,CHAPTER 54,didn,0.01
2261371,CHAPTER 54,diet,0.01
2261419,CHAPTER 54,diminish,0.01
2261424,CHAPTER 54,dimly,0.01
2261458,CHAPTER 54,direful,0.01
2261475,CHAPTER 54,disappeared,0.01
2261476,CHAPTER 54,disappearing,0.01
2261498,CHAPTER 54,discharge,0.01
2261540,CHAPTER 54,discovered,0.01
2261551,CHAPTER 54,discretion,0.01
2261618,CHAPTER 54,dislike,0.01
2261627,CHAPTER 54,dismal,0.01
2261628,CHAPTER 54,dismally,0.01
2261632,CHAPTER 54,dismasting,0.01
2261728,CHAPTER 54,distance,0.01
2261730,CHAPTER 54,distant,0.01
2261745,CHAPTER 54,distinctly,0.01
2261771,CHAPTER 54,distrusted,0.01
2261803,CHAPTER 54,divided,0.01
2261826,CHAPTER 54,docile,0.01
2261845,CHAPTER 54,does,0.01
2261849,CHAPTER 54,dogged,0.01
2261850,CHAPTER 54,doggedly,0.01
2261884,CHAPTER 54,domineering,0.01
2261903,CHAPTER 54,doom,0.01
2261904,CHAPTER 54,doomed,0.01
2261905,CHAPTER 54,door,0.01
2261926,CHAPTER 54,dotted,0.01
2261939,CHAPTER 54,doubtless,0.01
2261955,CHAPTER 54,downward,0.01
2261957,CHAPTER 54,downwards,0.01
2261960,CHAPTER 54,dozed,0.01
2261969,CHAPTER 54,drag,0.01
2261970,CHAPTER 54,dragged,0.01
2261983,CHAPTER 54,dramatic,0.01
2262020,CHAPTER 54,dreams,0.01
2262024,CHAPTER 54,dreary,0.01
2262036,CHAPTER 54,drew,0.01
2262054,CHAPTER 54,drive,0.01
2262069,CHAPTER 54,drop,0.01
2262080,CHAPTER 54,drown,0.01
2262081,CHAPTER 54,drowned,0.01
2262129,CHAPTER 54,dug,0.01
2262135,CHAPTER 54,dull,0.01
2262137,CHAPTER 54,duly,0.01
2262179,CHAPTER 54,dust,0.01
2262189,CHAPTER 54,duties,0.01
2262233,CHAPTER 54,ears,0.01
2262246,CHAPTER 54,easily,0.01
2262247,CHAPTER 54,east,0.01
2262250,CHAPTER 54,eastern,0.01
2262252,CHAPTER 54,eastward,0.01
2262254,CHAPTER 54,easy,0.01
2262262,CHAPTER 54,eaves,0.01
2262327,CHAPTER 54,effect,0.01
2262333,CHAPTER 54,effeminacy,0.01
2262446,CHAPTER 54,eluded,0.01
2262452,CHAPTER 54,em,0.01
2262463,CHAPTER 54,embarked,0.01
2262493,CHAPTER 54,emboldened,0.01
2262507,CHAPTER 54,emerge,0.01
2262532,CHAPTER 54,emperors,0.01
2262538,CHAPTER 54,emphatically,0.01
2262542,CHAPTER 54,employed,0.01
2262571,CHAPTER 54,encamp,0.01
2262590,CHAPTER 54,encountered,0.01
2262603,CHAPTER 54,end,0.01
2262641,CHAPTER 54,energies,0.01
2262662,CHAPTER 54,engines,0.01
2262708,CHAPTER 54,enlist,0.01
2262720,CHAPTER 54,enraged,0.01
2262768,CHAPTER 54,entire,0.01
2262775,CHAPTER 54,entombment,0.01
2262782,CHAPTER 54,entreat,0.01
2262784,CHAPTER 54,entreaties,0.01
2262787,CHAPTER 54,entrenched,0.01
2262855,CHAPTER 54,ere,0.01
2262904,CHAPTER 54,espying,0.01
2262921,CHAPTER 54,estate,0.01
2262971,CHAPTER 54,evangelist,0.01
2262978,CHAPTER 54,eve,0.01
2262979,CHAPTER 54,evening,0.01
2262986,CHAPTER 54,eventually,0.01
2263007,CHAPTER 54,evinced,0.01
2263024,CHAPTER 54,exactly,0.01
2263036,CHAPTER 54,example,0.01
2263039,CHAPTER 54,exasperated,0.01
2263047,CHAPTER 54,exceeding,0.01
2263074,CHAPTER 54,excitement,0.01
2263079,CHAPTER 54,exclaimed,0.01
2263092,CHAPTER 54,excuse,0.01
2263097,CHAPTER 54,execute,0.01
2263130,CHAPTER 54,exhausted,0.01
2263132,CHAPTER 54,exhaustion,0.01
2263163,CHAPTER 54,expanded,0.01
2263171,CHAPTER 54,expansiveness,0.01
2263231,CHAPTER 54,exported,0.01
2263288,CHAPTER 54,extreme,0.01
2263305,CHAPTER 54,eyed,0.01
2263310,CHAPTER 54,eyes,0.01
2263333,CHAPTER 54,fact,0.01
2263354,CHAPTER 54,fain,0.01
2263355,CHAPTER 54,faint,0.01
2263366,CHAPTER 54,fairly,0.01
2263406,CHAPTER 54,famishing,0.01
2263460,CHAPTER 54,fast,0.01
2263476,CHAPTER 54,fatal,0.01
2263486,CHAPTER 54,father,0.01
2263500,CHAPTER 54,fault,0.01
2263512,CHAPTER 54,favoured,0.01
2263525,CHAPTER 54,fear,0.01
2263526,CHAPTER 54,feared,0.01
2263527,CHAPTER 54,fearful,0.01
2263530,CHAPTER 54,fearing,0.01
2263531,CHAPTER 54,fearless,0.01
2263534,CHAPTER 54,fears,0.01
2263549,CHAPTER 54,features,0.01
2263572,CHAPTER 54,feel,0.01
2263574,CHAPTER 54,feeling,0.01
2263596,CHAPTER 54,fellow,0.01
2263602,CHAPTER 54,felt,0.01
2263630,CHAPTER 54,fertility,0.01
2263647,CHAPTER 54,fetid,0.01
2263679,CHAPTER 54,field,0.01
2263680,CHAPTER 54,fields,0.01
2263681,CHAPTER 54,fiend,0.01
2263684,CHAPTER 54,fierce,0.01
2263689,CHAPTER 54,fiery,0.01
2263693,CHAPTER 54,fifth,0.01
2263702,CHAPTER 54,figure,0.01
2263708,CHAPTER 54,file,0.01
2263725,CHAPTER 54,finally,0.01
2263729,CHAPTER 54,finding,0.01
2263730,CHAPTER 54,finds,0.01
2263737,CHAPTER 54,finger,0.01
2263744,CHAPTER 54,finished,0.01
2263767,CHAPTER 54,firmness,0.01
2263776,CHAPTER 54,fishery,0.01
2263797,CHAPTER 54,fixed,0.01
2263826,CHAPTER 54,flank,0.01
2263827,CHAPTER 54,flanked,0.01
2263833,CHAPTER 54,flash,0.01
2263869,CHAPTER 54,fleet,0.01
2263898,CHAPTER 54,flinging,0.01
2263910,CHAPTER 54,float,0.01
2263921,CHAPTER 54,flogging,0.01
2263954,CHAPTER 54,flowery,0.01
2263955,CHAPTER 54,flowing,0.01
2263957,CHAPTER 54,flows,0.01
2263971,CHAPTER 54,flung,0.01
2263997,CHAPTER 54,foe,0.01
2264024,CHAPTER 54,followed,0.01
2264027,CHAPTER 54,following,0.01
2264037,CHAPTER 54,foolish,0.01
2264042,CHAPTER 54,foot,0.01
2264065,CHAPTER 54,forborne,0.01
2264067,CHAPTER 54,forced,0.01
2264071,CHAPTER 54,fore,0.01
2264087,CHAPTER 54,forehead,0.01
2264097,CHAPTER 54,foremastmen,0.01
2264098,CHAPTER 54,foremost,0.01
2264131,CHAPTER 54,forgetful,0.01
2264159,CHAPTER 54,forming,0.01
2264197,CHAPTER 54,foul,0.01
2264203,CHAPTER 54,founder,0.01
2264206,CHAPTER 54,foundering,0.01
2264236,CHAPTER 54,france,0.01
2264246,CHAPTER 54,frantic,0.01
2264263,CHAPTER 54,free,0.01
2264264,CHAPTER 54,freebooters,0.01
2264265,CHAPTER 54,freebooting,0.01
2264266,CHAPTER 54,freed,0.01
2264268,CHAPTER 54,freely,0.01
2264278,CHAPTER 54,french,0.01
2264290,CHAPTER 54,fresh,0.01
2264304,CHAPTER 54,friar,0.01
2264310,CHAPTER 54,friends,0.01
2264317,CHAPTER 54,frighten,0.01
2264332,CHAPTER 54,fro,0.01
2264359,CHAPTER 54,frowned,0.01
2264381,CHAPTER 54,fullest,0.01
2264384,CHAPTER 54,fully,0.01
2264412,CHAPTER 54,furious,0.01
2264413,CHAPTER 54,furiously,0.01
2264423,CHAPTER 54,furnish,0.01
2264425,CHAPTER 54,furnishes,0.01
2264431,CHAPTER 54,furs,0.01
2264434,CHAPTER 54,furthest,0.01
2264444,CHAPTER 54,fés,0.01
2264455,CHAPTER 54,gagged,0.01
2264456,CHAPTER 54,gaily,0.01
2264469,CHAPTER 54,gales,0.01
2264485,CHAPTER 54,gallipagos,0.01
2264494,CHAPTER 54,gam,0.01
2264505,CHAPTER 54,gamesomeness,0.01
2264512,CHAPTER 54,gang,0.01
2264539,CHAPTER 54,garrison,0.01
2264552,CHAPTER 54,gasping,0.01
2264567,CHAPTER 54,gaunt,0.01
2264572,CHAPTER 54,gay,0.01
2264597,CHAPTER 54,genealogies,0.01
2264601,CHAPTER 54,general,0.01
2264611,CHAPTER 54,generations,0.01
2264640,CHAPTER 54,gently,0.01
2264701,CHAPTER 54,gilt,0.01
2264722,CHAPTER 54,given,0.01
2264740,CHAPTER 54,glance,0.01
2264741,CHAPTER 54,glanced,0.01
2264750,CHAPTER 54,glass,0.01
2264751,CHAPTER 54,glasses,0.01
2264780,CHAPTER 54,glistened,0.01
2264841,CHAPTER 54,goat,0.01
2264848,CHAPTER 54,god,0.01
2264856,CHAPTER 54,gods,0.01
2264863,CHAPTER 54,going,0.01
2264873,CHAPTER 54,gone,0.01
2264874,CHAPTER 54,goney,0.01
2264904,CHAPTER 54,gothic,0.01
2264914,CHAPTER 54,governed,0.01
2264939,CHAPTER 54,graduates,0.01
2264985,CHAPTER 54,grass,0.01
2265005,CHAPTER 54,grave,0.01
2265008,CHAPTER 54,gravely,0.01
2265019,CHAPTER 54,grazed,0.01
2265025,CHAPTER 54,great,0.01
2265036,CHAPTER 54,green,0.01
2265117,CHAPTER 54,ground,0.01
2265121,CHAPTER 54,group,0.01
2265128,CHAPTER 54,grow,0.01
2265135,CHAPTER 54,growlingly,0.01
2265180,CHAPTER 54,guise,0.01
2265198,CHAPTER 54,guns,0.01
2265255,CHAPTER 54,hailed,0.01
2265279,CHAPTER 54,halls,0.01
2265298,CHAPTER 54,hammock,0.01
2265315,CHAPTER 54,handful,0.01
2265316,CHAPTER 54,handfuls,0.01
2265322,CHAPTER 54,handle,0.01
2265323,CHAPTER 54,handled,0.01
2265324,CHAPTER 54,handles,0.01
2265325,CHAPTER 54,handling,0.01
2265332,CHAPTER 54,handspikes,0.01
2265350,CHAPTER 54,happen,0.01
2265359,CHAPTER 54,happy,0.01
2265365,CHAPTER 54,harboring,0.01
2265370,CHAPTER 54,harbours,0.01
2265371,CHAPTER 54,hard,0.01
2265377,CHAPTER 54,hardly,0.01
2265382,CHAPTER 54,hardy,0.01
2265391,CHAPTER 54,harm,0.01
2265394,CHAPTER 54,harmless,0.01
2265405,CHAPTER 54,harpooneer,0.01
2265431,CHAPTER 54,hastily,0.01
2265433,CHAPTER 54,hat,0.01
2265435,CHAPTER 54,hatch,0.01
2265437,CHAPTER 54,hatches,0.01
2265442,CHAPTER 54,hatchway,0.01
2265456,CHAPTER 54,hats,0.01
2265462,CHAPTER 54,haul,0.01
2265463,CHAPTER 54,hauled,0.01
2265499,CHAPTER 54,headed,0.01
2265507,CHAPTER 54,headlong,0.01
2265523,CHAPTER 54,heap,0.01
2265524,CHAPTER 54,heaped,0.01
2265540,CHAPTER 54,hearted,0.01
2265547,CHAPTER 54,hearties,0.01
2265548,CHAPTER 54,heartily,0.01
2265550,CHAPTER 54,heartless,0.01
2265553,CHAPTER 54,hearts,0.01
2265557,CHAPTER 54,heated,0.01
2265563,CHAPTER 54,heave,0.01
2265565,CHAPTER 54,heaven,0.01
2265574,CHAPTER 54,heaving,0.01
2265604,CHAPTER 54,heightened,0.01
2265619,CHAPTER 54,helm,0.01
2265625,CHAPTER 54,help,0.01
2265662,CHAPTER 54,hereabouts,0.01
2265666,CHAPTER 54,hereditary,0.01
2265676,CHAPTER 54,hero,0.01
2265728,CHAPTER 54,highway,0.01
2265737,CHAPTER 54,hills,0.01
2265759,CHAPTER 54,hint,0.01
2265820,CHAPTER 54,hoisted,0.01
2265829,CHAPTER 54,holding,0.01
2265832,CHAPTER 54,hole,0.01
2265833,CHAPTER 54,holes,0.01
2265837,CHAPTER 54,holies,0.01
2265838,CHAPTER 54,holiest,0.01
2265855,CHAPTER 54,home,0.01
2265863,CHAPTER 54,homeward,0.01
2265879,CHAPTER 54,honor,0.01
2265912,CHAPTER 54,hope,0.01
2265928,CHAPTER 54,horizontal,0.01
2265930,CHAPTER 54,horn,0.01
2265981,CHAPTER 54,hour,0.01
2265983,CHAPTER 54,hours,0.01
2265987,CHAPTER 54,household,0.01
2265996,CHAPTER 54,housings,0.01
2265997,CHAPTER 54,hove,0.01
2266006,CHAPTER 54,howl,0.01
2266007,CHAPTER 54,howled,0.01
2266033,CHAPTER 54,hull,0.01
2266036,CHAPTER 54,human,0.01
2266066,CHAPTER 54,humorous,0.01
2266093,CHAPTER 54,hunting,0.01
2266100,CHAPTER 54,huron,0.01
2266111,CHAPTER 54,hurrying,0.01
2266222,CHAPTER 54,ill,0.01
2266261,CHAPTER 54,imagine,0.01
2266284,CHAPTER 54,immediately,0.01
2266297,CHAPTER 54,immortal,0.01
2266370,CHAPTER 54,impetuously,0.01
2266379,CHAPTER 54,implements,0.01
2266427,CHAPTER 54,impressions,0.01
2266445,CHAPTER 54,improvements,0.01
2266487,CHAPTER 54,inaudible,0.01
2266505,CHAPTER 54,incensed,0.01
2266513,CHAPTER 54,inch,0.01
2266514,CHAPTER 54,inches,0.01
2266533,CHAPTER 54,inclined,0.01
2266589,CHAPTER 54,increased,0.01
2266590,CHAPTER 54,increasing,0.01
2266633,CHAPTER 54,indian,0.01
2266687,CHAPTER 54,indolently,0.01
2266692,CHAPTER 54,induced,0.01
2266744,CHAPTER 54,infancy,0.01
2266792,CHAPTER 54,inflexibility,0.01
2266793,CHAPTER 54,inflexible,0.01
2266800,CHAPTER 54,influence,0.01
2266806,CHAPTER 54,information,0.01
2266861,CHAPTER 54,injunctions,0.01
2266874,CHAPTER 54,inland,0.01
2266875,CHAPTER 54,inlander,0.01
2266890,CHAPTER 54,innocence,0.01
2266916,CHAPTER 54,inquisition,0.01
2266978,CHAPTER 54,instance,0.01
2266985,CHAPTER 54,instantly,0.01
2266987,CHAPTER 54,instigation,0.01
2266990,CHAPTER 54,instinctive,0.01
2267007,CHAPTER 54,insufferable,0.01
2267012,CHAPTER 54,insult,0.01
2267024,CHAPTER 54,insure,0.01
2267055,CHAPTER 54,intention,0.01
2267081,CHAPTER 54,interflowing,0.01
2267092,CHAPTER 54,interluding,0.01
2267138,CHAPTER 54,interval,0.01
2267148,CHAPTER 54,interweaving,0.01
2267158,CHAPTER 54,intimation,0.01
2267164,CHAPTER 54,intolerably,0.01
2267231,CHAPTER 54,inverted,0.01
2267235,CHAPTER 54,invested,0.01
2267244,CHAPTER 54,investment,0.01
2267278,CHAPTER 54,involuntarily,0.01
2267281,CHAPTER 54,involve,0.01
2267295,CHAPTER 54,ireful,0.01
2267300,CHAPTER 54,iron,0.01
2267344,CHAPTER 54,irritated,0.01
2267348,CHAPTER 54,isabella,0.01
2267354,CHAPTER 54,islands,0.01
2267355,CHAPTER 54,isle,0.01
2267356,CHAPTER 54,isles,0.01
2267379,CHAPTER 54,items,0.01
2267391,CHAPTER 54,jacket,0.01
2267439,CHAPTER 54,jaws,0.01
2267447,CHAPTER 54,jeer,0.01
2267475,CHAPTER 54,jesu,0.01
2267511,CHAPTER 54,job,0.01
2267526,CHAPTER 54,join,0.01
2267602,CHAPTER 54,judgments,0.01
2267627,CHAPTER 54,jump,0.01
2267668,CHAPTER 54,keeling,0.01
2267670,CHAPTER 54,keen,0.01
2267676,CHAPTER 54,keeping,0.01
2267703,CHAPTER 54,kicks,0.01
2267712,CHAPTER 54,kill,0.01
2267741,CHAPTER 54,kings,0.01
2267772,CHAPTER 54,knew,0.01
2267774,CHAPTER 54,knife,0.01
2267804,CHAPTER 54,knowledge,0.01
2267827,CHAPTER 54,laborious,0.01
2267851,CHAPTER 54,ladder,0.01
2267864,CHAPTER 54,laid,0.01
2267865,CHAPTER 54,lain,0.01
2267868,CHAPTER 54,lake,0.01
2267887,CHAPTER 54,lance,0.01
2267898,CHAPTER 54,landless,0.01
2267945,CHAPTER 54,largest,0.01
2267950,CHAPTER 54,lash,0.01
2267962,CHAPTER 54,lasting,0.01
2267983,CHAPTER 54,latitude,0.01
2268016,CHAPTER 54,lawless,0.01
2268036,CHAPTER 54,lazy,0.01
2268039,CHAPTER 54,lead,0.01
2268045,CHAPTER 54,leading,0.01
2268057,CHAPTER 54,leaky,0.01
2268063,CHAPTER 54,leaning,0.01
2268069,CHAPTER 54,leaping,0.01
2268076,CHAPTER 54,learning,0.01
2268083,CHAPTER 54,leaves,0.01
2268084,CHAPTER 54,leaving,0.01
2268093,CHAPTER 54,ledge,0.01
2268097,CHAPTER 54,lee,0.01
2268111,CHAPTER 54,legal,0.01
2268139,CHAPTER 54,leisure,0.01
2268172,CHAPTER 54,lest,0.01
2268189,CHAPTER 54,level,0.01
2268234,CHAPTER 54,lie,0.01
2268237,CHAPTER 54,lies,0.01
2268245,CHAPTER 54,lifelessly,0.01
2268248,CHAPTER 54,lift,0.01
2268249,CHAPTER 54,lifted,0.01
2268254,CHAPTER 54,light,0.01
2268255,CHAPTER 54,lighted,0.01
2268265,CHAPTER 54,lightnings,0.01
2268291,CHAPTER 54,limeese,0.01
2268311,CHAPTER 54,lines,0.01
2268352,CHAPTER 54,lit,0.01
2268394,CHAPTER 54,loaded,0.01
2268405,CHAPTER 54,loath,0.01
2268424,CHAPTER 54,lock,0.01
2268426,CHAPTER 54,locked,0.01
2268448,CHAPTER 54,lofty,0.01
2268465,CHAPTER 54,lone,0.01
2268473,CHAPTER 54,longer,0.01
2268484,CHAPTER 54,looked,0.01
2268489,CHAPTER 54,looking,0.01
2268492,CHAPTER 54,looks,0.01
2268512,CHAPTER 54,lord,0.01
2268538,CHAPTER 54,loudly,0.01
2268545,CHAPTER 54,lounging,0.01
2268548,CHAPTER 54,love,0.01
2268562,CHAPTER 54,low,0.01
2268563,CHAPTER 54,lower,0.01
2268564,CHAPTER 54,lowered,0.01
2268622,CHAPTER 54,lungs,0.01
2268713,CHAPTER 54,mackinaw,0.01
2268718,CHAPTER 54,mad,0.01
2268723,CHAPTER 54,maddened,0.01
2268738,CHAPTER 54,maelstrom,0.01
2268796,CHAPTER 54,main,0.01
2268798,CHAPTER 54,mainly,0.01
2268800,CHAPTER 54,maintain,0.01
2268801,CHAPTER 54,maintained,0.01
2268832,CHAPTER 54,maledictions,0.01
2268839,CHAPTER 54,malicious,0.01
2268841,CHAPTER 54,malignant,0.01
2268880,CHAPTER 54,manhandle,0.01
2268883,CHAPTER 54,manhood,0.01
2268889,CHAPTER 54,manifested,0.01
2268894,CHAPTER 54,manilla,0.01
2268900,CHAPTER 54,mankind,0.01
2268907,CHAPTER 54,manned,0.01
2268908,CHAPTER 54,manner,0.01
2268943,CHAPTER 54,mapped,0.01
2268966,CHAPTER 54,mariners,0.01
2268969,CHAPTER 54,maritime,0.01
2268971,CHAPTER 54,mark,0.01
2269037,CHAPTER 54,mass,0.01
2269049,CHAPTER 54,masted,0.01
2269059,CHAPTER 54,mastheads,0.01
2269066,CHAPTER 54,mat,0.01
2269068,CHAPTER 54,match,0.01
2269081,CHAPTER 54,maternal,0.01
2269095,CHAPTER 54,matter,0.01
2269096,CHAPTER 54,matters,0.01
2269135,CHAPTER 54,mean,0.01
2269138,CHAPTER 54,meanest,0.01
2269143,CHAPTER 54,means,0.01
2269144,CHAPTER 54,meant,0.01
2269145,CHAPTER 54,meantime,0.01
2269153,CHAPTER 54,meat,0.01
2269164,CHAPTER 54,meddle,0.01
2269230,CHAPTER 54,mend,0.01
2269239,CHAPTER 54,mention,0.01
2269248,CHAPTER 54,merchant,0.01
2269266,CHAPTER 54,merit,0.01
2269296,CHAPTER 54,met,0.01
2269326,CHAPTER 54,metropolitan,0.01
2269334,CHAPTER 54,michigan,0.01
2269346,CHAPTER 54,midnight,0.01
2269376,CHAPTER 54,miles,0.01
2269377,CHAPTER 54,milestones,0.01
2269386,CHAPTER 54,milky,0.01
2269402,CHAPTER 54,mince,0.01
2269408,CHAPTER 54,minded,0.01
2269434,CHAPTER 54,minutes,0.01
2269445,CHAPTER 54,mirror,0.01
2269465,CHAPTER 54,miscreants,0.01
2269522,CHAPTER 54,mixed,0.01
2269527,CHAPTER 54,mizzen,0.01
2269546,CHAPTER 54,mocking,0.01
2269550,CHAPTER 54,model,0.01
2269579,CHAPTER 54,mohawk,0.01
2269624,CHAPTER 54,monkey,0.01
2269643,CHAPTER 54,monster,0.01
2269664,CHAPTER 54,moody,0.01
2269667,CHAPTER 54,moonlight,0.01
2269740,CHAPTER 54,motion,0.01
2269761,CHAPTER 54,mountain,0.01
2269802,CHAPTER 54,mr,0.01
2269822,CHAPTER 54,mule,0.01
2269840,CHAPTER 54,mumbling,0.01
2269851,CHAPTER 54,murderer,0.01
2269854,CHAPTER 54,murderous,0.01
2269881,CHAPTER 54,muskets,0.01
2269907,CHAPTER 54,mutineers,0.01
2269925,CHAPTER 54,mysterious,0.01
2269957,CHAPTER 54,nameless,0.01
2269964,CHAPTER 54,nantucket,0.01
2269965,CHAPTER 54,nantucketer,0.01
2270002,CHAPTER 54,nations,0.01
2270003,CHAPTER 54,native,0.01
2270017,CHAPTER 54,nautical,0.01
2270019,CHAPTER 54,naval,0.01
2270035,CHAPTER 54,nearest,0.01
2270043,CHAPTER 54,neatness,0.01
2270053,CHAPTER 54,necessitated,0.01
2270117,CHAPTER 54,nervous,0.01
2270136,CHAPTER 54,netted,0.01
2270140,CHAPTER 54,neutral,0.01
2270156,CHAPTER 54,news,0.01
2270186,CHAPTER 54,nile,0.01
2270207,CHAPTER 54,noble,0.01
2270212,CHAPTER 54,noblest,0.01
2270253,CHAPTER 54,northern,0.01
2270255,CHAPTER 54,northward,0.01
2270260,CHAPTER 54,nose,0.01
2270279,CHAPTER 54,notice,0.01
2270312,CHAPTER 54,number,0.01
2270325,CHAPTER 54,nurse,0.01
2270332,CHAPTER 54,nut,0.01
2270344,CHAPTER 54,oar,0.01
2270350,CHAPTER 54,oath,0.01
2270355,CHAPTER 54,obedience,0.01
2270365,CHAPTER 54,object,0.01
2270366,CHAPTER 54,objected,0.01
2270391,CHAPTER 54,obscurely,0.01
2270408,CHAPTER 54,observed,0.01
2270437,CHAPTER 54,occasionally,0.01
2270453,CHAPTER 54,occurrence,0.01
2270465,CHAPTER 54,odd,0.01
2270466,CHAPTER 54,oddish,0.01
2270490,CHAPTER 54,offensive,0.01
2270521,CHAPTER 54,oh,0.01
2270531,CHAPTER 54,old,0.01
2270570,CHAPTER 54,ontario,0.01
2270575,CHAPTER 54,opal,0.01
2270577,CHAPTER 54,open,0.01
2270579,CHAPTER 54,opening,0.01
2270580,CHAPTER 54,openly,0.01
2270611,CHAPTER 54,opposition,0.01
2270639,CHAPTER 54,ordaining,0.01
2270646,CHAPTER 54,orders,0.01
2270651,CHAPTER 54,ordinary,0.01
2270712,CHAPTER 54,ought,0.01
2270754,CHAPTER 54,outrageous,0.01
2270787,CHAPTER 54,overbearing,0.01
2270788,CHAPTER 54,overboard,0.01
2270798,CHAPTER 54,overflowed,0.01
2270822,CHAPTER 54,overlooked,0.01
2270850,CHAPTER 54,overtake,0.01
2270875,CHAPTER 54,owner,0.01
2270888,CHAPTER 54,paced,0.01
2270890,CHAPTER 54,pacific,0.01
2270893,CHAPTER 54,pacing,0.01
2270909,CHAPTER 54,padlock,0.01
2270912,CHAPTER 54,pagans,0.01
2270925,CHAPTER 54,painfully,0.01
2270931,CHAPTER 54,painted,0.01
2270946,CHAPTER 54,pale,0.01
2270966,CHAPTER 54,palms,0.01
2271017,CHAPTER 54,panting,0.01
2271071,CHAPTER 54,parisians,0.01
2271114,CHAPTER 54,particular,0.01
2271115,CHAPTER 54,particularly,0.01
2271116,CHAPTER 54,particulars,0.01
2271122,CHAPTER 54,partly,0.01
2271134,CHAPTER 54,passage,0.01
2271138,CHAPTER 54,passed,0.01
2271146,CHAPTER 54,passing,0.01
2271151,CHAPTER 54,passionateness,0.01
2271156,CHAPTER 54,passiveness,0.01
2271159,CHAPTER 54,past,0.01
2271202,CHAPTER 54,patrolled,0.01
2271209,CHAPTER 54,patronising,0.01
2271230,CHAPTER 54,pausing,0.01
2271232,CHAPTER 54,paved,0.01
2271247,CHAPTER 54,peaceable,0.01
2271250,CHAPTER 54,peacefulness,0.01
2271276,CHAPTER 54,peculiar,0.01
2271334,CHAPTER 54,peltry,0.01
2271386,CHAPTER 54,pequod,0.01
2271390,CHAPTER 54,perceived,0.01
2271392,CHAPTER 54,perceiving,0.01
2271410,CHAPTER 54,perfect,0.01
2271416,CHAPTER 54,perfidious,0.01
2271426,CHAPTER 54,peril,0.01
2271430,CHAPTER 54,perils,0.01
2271433,CHAPTER 54,periodically,0.01
2271475,CHAPTER 54,persecutor,0.01
2271489,CHAPTER 54,person,0.01
2271525,CHAPTER 54,pervades,0.01
2271561,CHAPTER 54,phantom,0.01
2271610,CHAPTER 54,phrensy,0.01
2271624,CHAPTER 54,piazza,0.01
2271640,CHAPTER 54,picturesquely,0.01
2271658,CHAPTER 54,pig,0.01
2271688,CHAPTER 54,pillow,0.01
2271702,CHAPTER 54,pines,0.01
2271706,CHAPTER 54,pinioned,0.01
2271730,CHAPTER 54,pirates,0.01
2271739,CHAPTER 54,pistols,0.01
2271773,CHAPTER 54,placed,0.01
2271793,CHAPTER 54,plainly,0.01
2271804,CHAPTER 54,plan,0.01
2271813,CHAPTER 54,planks,0.01
2271814,CHAPTER 54,planned,0.01
2271821,CHAPTER 54,planted,0.01
2271845,CHAPTER 54,play,0.01
2271852,CHAPTER 54,playing,0.01
2271856,CHAPTER 54,plazza,0.01
2271880,CHAPTER 54,plentiful,0.01
2271900,CHAPTER 54,ploughing,0.01
2271924,CHAPTER 54,plunder,0.01
2271926,CHAPTER 54,plunged,0.01
2271937,CHAPTER 54,pocket,0.01
2271938,CHAPTER 54,pocketing,0.01
2271958,CHAPTER 54,pointed,0.01
2271962,CHAPTER 54,pointing,0.01
2272009,CHAPTER 54,polynesian,0.01
2272010,CHAPTER 54,polynesians,0.01
2272028,CHAPTER 54,poniard,0.01
2272037,CHAPTER 54,poop,0.01
2272039,CHAPTER 54,poor,0.01
2272051,CHAPTER 54,popularly,0.01
2272053,CHAPTER 54,populous,0.01
2272107,CHAPTER 54,possess,0.01
2272108,CHAPTER 54,possessed,0.01
2272142,CHAPTER 54,potent,0.01
2272150,CHAPTER 54,pots,0.01
2272170,CHAPTER 54,pour,0.01
2272171,CHAPTER 54,poured,0.01
2272178,CHAPTER 54,powder,0.01
2272211,CHAPTER 54,pray,0.01
2272234,CHAPTER 54,preceded,0.01
2272244,CHAPTER 54,precious,0.01
2272252,CHAPTER 54,precisely,0.01
2272261,CHAPTER 54,predestinated,0.01
2272333,CHAPTER 54,prescriptive,0.01
2272335,CHAPTER 54,present,0.01
2272338,CHAPTER 54,presented,0.01
2272347,CHAPTER 54,preserve,0.01
2272360,CHAPTER 54,press,0.01
2272381,CHAPTER 54,pretending,0.01
2272391,CHAPTER 54,pretty,0.01
2272403,CHAPTER 54,prey,0.01
2272412,CHAPTER 54,pride,0.01
2272420,CHAPTER 54,prime,0.01
2272441,CHAPTER 54,prior,0.01
2272442,CHAPTER 54,priority,0.01
2272445,CHAPTER 54,prisoners,0.01
2272463,CHAPTER 54,probability,0.01
2272467,CHAPTER 54,probationary,0.01
2272477,CHAPTER 54,proceeding,0.01
2272494,CHAPTER 54,procuring,0.01
2272546,CHAPTER 54,profuse,0.01
2272559,CHAPTER 54,project,0.01
2272580,CHAPTER 54,promises,0.01
2272613,CHAPTER 54,proper,0.01
2272635,CHAPTER 54,proposed,0.01
2272663,CHAPTER 54,prosperous,0.01
2272688,CHAPTER 54,proudly,0.01
2272689,CHAPTER 54,prove,0.01
2272690,CHAPTER 54,proved,0.01
2272691,CHAPTER 54,proverb,0.01
2272700,CHAPTER 54,providentially,0.01
2272704,CHAPTER 54,province,0.01
2272717,CHAPTER 54,provoked,0.01
2272731,CHAPTER 54,prying,0.01
2272744,CHAPTER 54,publicly,0.01
2272762,CHAPTER 54,pull,0.01
2272774,CHAPTER 54,pulverize,0.01
2272777,CHAPTER 54,pumping,0.01
2272815,CHAPTER 54,purge,0.01
2272830,CHAPTER 54,purpose,0.01
2272898,CHAPTER 54,qualities,0.01
2272903,CHAPTER 54,quarrel,0.01
2272915,CHAPTER 54,quarters,0.01
2272945,CHAPTER 54,questions,0.01
2272953,CHAPTER 54,quickly,0.01
2272973,CHAPTER 54,quit,0.01
2272974,CHAPTER 54,quite,0.01
2272978,CHAPTER 54,quitting,0.01
2273002,CHAPTER 54,race,0.01
2273004,CHAPTER 54,races,0.01
2273029,CHAPTER 54,raging,0.01
2273049,CHAPTER 54,raise,0.01
2273050,CHAPTER 54,raised,0.01
2273072,CHAPTER 54,rambled,0.01
2273111,CHAPTER 54,rapidly,0.01
2273120,CHAPTER 54,rare,0.01
2273127,CHAPTER 54,rascal,0.01
2273210,CHAPTER 54,reaping,0.01
2273212,CHAPTER 54,reappeared,0.01
2273214,CHAPTER 54,rearing,0.01
2273217,CHAPTER 54,reason,0.01
2273218,CHAPTER 54,reasonable,0.01
2273227,CHAPTER 54,rebelled,0.01
2273251,CHAPTER 54,received,0.01
2273279,CHAPTER 54,recklessly,0.01
2273294,CHAPTER 54,recognition,0.01
2273315,CHAPTER 54,record,0.01
2273344,CHAPTER 54,redeeming,0.01
2273358,CHAPTER 54,reduced,0.01
2273419,CHAPTER 54,refused,0.01
2273420,CHAPTER 54,refuses,0.01
2273445,CHAPTER 54,region,0.01
2273463,CHAPTER 54,rehearse,0.01
2273465,CHAPTER 54,rehearsing,0.01
2273474,CHAPTER 54,reinforcement,0.01
2273480,CHAPTER 54,reiterated,0.01
2273481,CHAPTER 54,reiterating,0.01
2273524,CHAPTER 54,relieved,0.01
2273543,CHAPTER 54,remain,0.01
2273557,CHAPTER 54,remember,0.01
2273626,CHAPTER 54,repaired,0.01
2273636,CHAPTER 54,repeat,0.01
2273637,CHAPTER 54,repeated,0.01
2273639,CHAPTER 54,repeating,0.01
2273665,CHAPTER 54,replied,0.01
2273693,CHAPTER 54,reprimand,0.01
2273708,CHAPTER 54,repugnance,0.01
2273723,CHAPTER 54,require,0.01
2273748,CHAPTER 54,resentment,0.01
2273757,CHAPTER 54,reserving,0.01
2273761,CHAPTER 54,resided,0.01
2273791,CHAPTER 54,resounded,0.01
2273796,CHAPTER 54,respect,0.01
2273817,CHAPTER 54,response,0.01
2273838,CHAPTER 54,restrain,0.01
2273853,CHAPTER 54,resumed,0.01
2273854,CHAPTER 54,resuming,0.01
2273859,CHAPTER 54,retained,0.01
2273871,CHAPTER 54,retired,0.01
2273890,CHAPTER 54,return,0.01
2273892,CHAPTER 54,returning,0.01
2273898,CHAPTER 54,revealed,0.01
2273958,CHAPTER 54,revolving,0.01
2273983,CHAPTER 54,ribboned,0.01
2274019,CHAPTER 54,rigged,0.01
2274024,CHAPTER 54,right,0.01
2274025,CHAPTER 54,righted,0.01
2274042,CHAPTER 54,rimmed,0.01
2274070,CHAPTER 54,ripe,0.01
2274073,CHAPTER 54,ripening,0.01
2274080,CHAPTER 54,rippling,0.01
2274089,CHAPTER 54,rising,0.01
2274091,CHAPTER 54,risk,0.01
2274106,CHAPTER 54,rivers,0.01
2274134,CHAPTER 54,robes,0.01
2274152,CHAPTER 54,rogues,0.01
2274156,CHAPTER 54,rolled,0.01
2274167,CHAPTER 54,romantic,0.01
2274171,CHAPTER 54,romish,0.01
2274179,CHAPTER 54,room,0.01
2274187,CHAPTER 54,rooted,0.01
2274189,CHAPTER 54,roots,0.01
2274191,CHAPTER 54,ropes,0.01
2274237,CHAPTER 54,row,0.01
2274243,CHAPTER 54,rows,0.01
2274278,CHAPTER 54,ruffles,0.01
2274309,CHAPTER 54,rumours,0.01
2274314,CHAPTER 54,running,0.01
2274315,CHAPTER 54,runs,0.01
2274318,CHAPTER 54,rural,0.01
2274319,CHAPTER 54,rush,0.01
2274392,CHAPTER 54,sailed,0.01
2274400,CHAPTER 54,sailors,0.01
2274401,CHAPTER 54,sails,0.01
2274402,CHAPTER 54,saint,0.01
2274406,CHAPTER 54,sake,0.01
2274430,CHAPTER 54,salted,0.01
2274443,CHAPTER 54,salvation,0.01
2274497,CHAPTER 54,sat,0.01
2274534,CHAPTER 54,savages,0.01
2274537,CHAPTER 54,saved,0.01
2274550,CHAPTER 54,saw,0.01
2274596,CHAPTER 54,scarce,0.01
2274608,CHAPTER 54,scatter,0.01
2274613,CHAPTER 54,scene,0.01
2274614,CHAPTER 54,scenery,0.01
2274624,CHAPTER 54,scheme,0.01
2274628,CHAPTER 54,scholar,0.01
2274637,CHAPTER 54,schooner,0.01
2274667,CHAPTER 54,scorn,0.01
2274686,CHAPTER 54,scoundrel,0.01
2274757,CHAPTER 54,scuffling,0.01
2274762,CHAPTER 54,scupper,0.01
2274793,CHAPTER 54,searching,0.01
2274798,CHAPTER 54,seas,0.01
2274803,CHAPTER 54,seat,0.01
2274804,CHAPTER 54,seated,0.01
2274815,CHAPTER 54,second,0.01
2274821,CHAPTER 54,secrecy,0.01
2274835,CHAPTER 54,secure,0.01
2274838,CHAPTER 54,securing,0.01
2274857,CHAPTER 54,seeing,0.01
2274858,CHAPTER 54,seek,0.01
2274860,CHAPTER 54,seeking,0.01
2274867,CHAPTER 54,seen,0.01
2274869,CHAPTER 54,sees,0.01
2274883,CHAPTER 54,seize,0.01
2274884,CHAPTER 54,seized,0.01
2274889,CHAPTER 54,seldom,0.01
2274937,CHAPTER 54,sensibly,0.01
2274959,CHAPTER 54,separate,0.01
2274963,CHAPTER 54,separating,0.01
2274997,CHAPTER 54,serried,0.01
2275019,CHAPTER 54,settled,0.01
2275026,CHAPTER 54,seven,0.01
2275052,CHAPTER 54,shabby,0.01
2275054,CHAPTER 54,shade,0.01
2275061,CHAPTER 54,shadow,0.01
2275082,CHAPTER 54,shaking,0.01
2275165,CHAPTER 54,sheeted,0.01
2275191,CHAPTER 54,shifted,0.01
2275215,CHAPTER 54,shipmates,0.01
2275216,CHAPTER 54,shipped,0.01
2275223,CHAPTER 54,shipwrecks,0.01
2275229,CHAPTER 54,shirt,0.01
2275258,CHAPTER 54,shore,0.01
2275259,CHAPTER 54,shored,0.01
2275264,CHAPTER 54,short,0.01
2275286,CHAPTER 54,shoved,0.01
2275307,CHAPTER 54,shrieked,0.01
2275308,CHAPTER 54,shrieking,0.01
2275343,CHAPTER 54,shut,0.01
2275363,CHAPTER 54,sick,0.01
2275378,CHAPTER 54,sideways,0.01
2275393,CHAPTER 54,sighting,0.01
2275395,CHAPTER 54,sign,0.01
2275396,CHAPTER 54,signal,0.01
2275409,CHAPTER 54,significantly,0.01
2275421,CHAPTER 54,silent,0.01
2275422,CHAPTER 54,silently,0.01
2275424,CHAPTER 54,silken,0.01
2275433,CHAPTER 54,silvery,0.01
2275447,CHAPTER 54,simple,0.01
2275467,CHAPTER 54,sing,0.01
2275488,CHAPTER 54,sinners,0.01
2275498,CHAPTER 54,sirs,0.01
2275505,CHAPTER 54,sit,0.01
2275514,CHAPTER 54,sitting,0.01
2275523,CHAPTER 54,sized,0.01
2275555,CHAPTER 54,skippers,0.01
2275583,CHAPTER 54,slacken,0.01
2275584,CHAPTER 54,slackened,0.01
2275602,CHAPTER 54,slashing,0.01
2275607,CHAPTER 54,slaughter,0.01
2275610,CHAPTER 54,slave,0.01
2275620,CHAPTER 54,sleep,0.01
2275622,CHAPTER 54,sleeper,0.01
2275629,CHAPTER 54,sleepy,0.01
2275640,CHAPTER 54,slewing,0.01
2275651,CHAPTER 54,sliding,0.01
2275656,CHAPTER 54,slightest,0.01
2275660,CHAPTER 54,slily,0.01
2275676,CHAPTER 54,slippery,0.01
2275693,CHAPTER 54,slouched,0.01
2275698,CHAPTER 54,slow,0.01
2275701,CHAPTER 54,slowly,0.01
2275738,CHAPTER 54,smelling,0.01
2275745,CHAPTER 54,smiling,0.01
2275755,CHAPTER 54,smoke,0.01
2275759,CHAPTER 54,smoking,0.01
2275767,CHAPTER 54,smothering,0.01
2275814,CHAPTER 54,snorting,0.01
2275817,CHAPTER 54,snow,0.01
2275820,CHAPTER 54,snowy,0.01
2275826,CHAPTER 54,snug,0.01
2275854,CHAPTER 54,social,0.01
2275899,CHAPTER 54,sole,0.01
2275902,CHAPTER 54,solemn,0.01
2275915,CHAPTER 54,solicitude,0.01
2275928,CHAPTER 54,solitary,0.01
2275945,CHAPTER 54,somewhat,0.01
2275950,CHAPTER 54,son,0.01
2275997,CHAPTER 54,souls,0.01
2276009,CHAPTER 54,source,0.01
2276038,CHAPTER 54,spangling,0.01
2276040,CHAPTER 54,spaniards,0.01
2276041,CHAPTER 54,spanish,0.01
2276058,CHAPTER 54,spasmodic,0.01
2276060,CHAPTER 54,spat,0.01
2276065,CHAPTER 54,speak,0.01
2276068,CHAPTER 54,speaking,0.01
2276070,CHAPTER 54,spear,0.01
2276114,CHAPTER 54,speediest,0.01
2276121,CHAPTER 54,spend,0.01
2276153,CHAPTER 54,spilled,0.01
2276154,CHAPTER 54,spilling,0.01
2276182,CHAPTER 54,spires,0.01
2276220,CHAPTER 54,spoke,0.01
2276245,CHAPTER 54,sports,0.01
2276260,CHAPTER 54,spouting,0.01
2276262,CHAPTER 54,spouts,0.01
2276264,CHAPTER 54,sprained,0.01
2276267,CHAPTER 54,sprang,0.01
2276269,CHAPTER 54,spray,0.01
2276275,CHAPTER 54,spring,0.01
2276309,CHAPTER 54,square,0.01
2276334,CHAPTER 54,stabbed,0.01
2276336,CHAPTER 54,stabbing,0.01
2276340,CHAPTER 54,stacked,0.01
2276342,CHAPTER 54,stacks,0.01
2276383,CHAPTER 54,stand,0.01
2276389,CHAPTER 54,standing,0.01
2276404,CHAPTER 54,stark,0.01
2276410,CHAPTER 54,start,0.01
2276411,CHAPTER 54,started,0.01
2276459,CHAPTER 54,stayed,0.01
2276465,CHAPTER 54,steadfastly,0.01
2276470,CHAPTER 54,steadily,0.01
2276472,CHAPTER 54,steady,0.01
2276485,CHAPTER 54,steamer,0.01
2276512,CHAPTER 54,step,0.01
2276564,CHAPTER 54,sting,0.01
2276572,CHAPTER 54,stir,0.01
2276595,CHAPTER 54,stole,0.01
2276615,CHAPTER 54,stop,0.01
2276618,CHAPTER 54,stopping,0.01
2276639,CHAPTER 54,stout,0.01
2276642,CHAPTER 54,stove,0.01
2276652,CHAPTER 54,straight,0.01
2276658,CHAPTER 54,straightway,0.01
2276660,CHAPTER 54,strained,0.01
2276665,CHAPTER 54,strait,0.01
2276674,CHAPTER 54,stranger,0.01
2276693,CHAPTER 54,stream,0.01
2276708,CHAPTER 54,stretched,0.01
2276716,CHAPTER 54,strictest,0.01
2276722,CHAPTER 54,strike,0.01
2276724,CHAPTER 54,striking,0.01
2276726,CHAPTER 54,string,0.01
2276746,CHAPTER 54,stroke,0.01
2276755,CHAPTER 54,strong,0.01
2276756,CHAPTER 54,stronger,0.01
2276768,CHAPTER 54,struggling,0.01
2276777,CHAPTER 54,stubborn,0.01
2276819,CHAPTER 54,stupid,0.01
2276827,CHAPTER 54,style,0.01
2276833,CHAPTER 54,subaltern,0.01
2276875,CHAPTER 54,subsiding,0.01
2276879,CHAPTER 54,substance,0.01
2276891,CHAPTER 54,substituting,0.01
2276903,CHAPTER 54,subtle,0.01
2276917,CHAPTER 54,succeeded,0.01
2276980,CHAPTER 54,suit,0.01
2276991,CHAPTER 54,sullen,0.01
2276992,CHAPTER 54,sullenly,0.01
2276999,CHAPTER 54,sum,0.01
2277010,CHAPTER 54,summoning,0.01
2277011,CHAPTER 54,summons,0.01
2277018,CHAPTER 54,sun,0.01
2277030,CHAPTER 54,sunken,0.01
2277034,CHAPTER 54,sunny,0.01
2277075,CHAPTER 54,superior,0.01
2277124,CHAPTER 54,suppose,0.01
2277125,CHAPTER 54,supposed,0.01
2277176,CHAPTER 54,surprised,0.01
2277185,CHAPTER 54,surrounded,0.01
2277231,CHAPTER 54,swagger,0.01
2277243,CHAPTER 54,swamps,0.01
2277252,CHAPTER 54,swart,0.01
2277268,CHAPTER 54,sweat,0.01
2277269,CHAPTER 54,sweating,0.01
2277272,CHAPTER 54,sweep,0.01
2277273,CHAPTER 54,sweepers,0.01
2277288,CHAPTER 54,swell,0.01
2277292,CHAPTER 54,swept,0.01
2277301,CHAPTER 54,swimmer,0.01
2277309,CHAPTER 54,swinging,0.01
2277324,CHAPTER 54,sword,0.01
2277328,CHAPTER 54,swore,0.01
2277332,CHAPTER 54,sydney,0.01
2277363,CHAPTER 54,systematically,0.01
2277375,CHAPTER 54,tables,0.01
2277392,CHAPTER 54,taffrail,0.01
2277398,CHAPTER 54,tahitians,0.01
2277410,CHAPTER 54,taken,0.01
2277421,CHAPTER 54,talk,0.01
2277422,CHAPTER 54,talked,0.01
2277426,CHAPTER 54,tall,0.01
2277453,CHAPTER 54,tap,0.01
2277482,CHAPTER 54,tartar,0.01
2277488,CHAPTER 54,tashtego,0.01
2277492,CHAPTER 54,tasseled,0.01
2277495,CHAPTER 54,taste,0.01
2277505,CHAPTER 54,tatters,0.01
2277555,CHAPTER 54,teeth,0.01
2277573,CHAPTER 54,temperate,0.01
2277575,CHAPTER 54,tempered,0.01
2277585,CHAPTER 54,temporarily,0.01
2277623,CHAPTER 54,tension,0.01
2277638,CHAPTER 54,terms,0.01
2277642,CHAPTER 54,terrapin,0.01
2277653,CHAPTER 54,territorial,0.01
2277655,CHAPTER 54,terror,0.01
2277688,CHAPTER 54,thank,0.01
2277694,CHAPTER 54,thanks,0.01
2277741,CHAPTER 54,thieves,0.01
2277742,CHAPTER 54,thigh,0.01
2277747,CHAPTER 54,thing,0.01
2277754,CHAPTER 54,thinking,0.01
2277770,CHAPTER 54,thirty,0.01
2277785,CHAPTER 54,thought,0.01
2277792,CHAPTER 54,thoughts,0.01
2277794,CHAPTER 54,thousands,0.01
2277795,CHAPTER 54,thousandth,0.01
2277802,CHAPTER 54,thread,0.01
2277807,CHAPTER 54,threat,0.01
2277826,CHAPTER 54,thriving,0.01
2277828,CHAPTER 54,throats,0.01
2277846,CHAPTER 54,throwing,0.01
2277860,CHAPTER 54,thunder,0.01
2277865,CHAPTER 54,thunderings,0.01
2277911,CHAPTER 54,tiled,0.01
2277926,CHAPTER 54,timely,0.01
2278010,CHAPTER 54,toil,0.01
2278022,CHAPTER 54,tolerably,0.01
2278043,CHAPTER 54,tone,0.01
2278055,CHAPTER 54,took,0.01
2278073,CHAPTER 54,topmost,0.01
2278128,CHAPTER 54,touching,0.01
2278139,CHAPTER 54,tow,0.01
2278143,CHAPTER 54,tower,0.01
2278152,CHAPTER 54,toying,0.01
2278176,CHAPTER 54,tragedy,0.01
2278243,CHAPTER 54,transition,0.01
2278261,CHAPTER 54,transpired,0.01
2278276,CHAPTER 54,travel,0.01
2278283,CHAPTER 54,travellers,0.01
2278289,CHAPTER 54,treacheries,0.01
2278292,CHAPTER 54,treachery,0.01
2278303,CHAPTER 54,treat,0.01
2278304,CHAPTER 54,treated,0.01
2278314,CHAPTER 54,trees,0.01
2278320,CHAPTER 54,trembling,0.01
2278327,CHAPTER 54,tremulous,0.01
2278391,CHAPTER 54,trivial,0.01
2278394,CHAPTER 54,trod,0.01
2278433,CHAPTER 54,truly,0.01
2278450,CHAPTER 54,truth,0.01
2278455,CHAPTER 54,try,0.01
2278469,CHAPTER 54,tucking,0.01
2278486,CHAPTER 54,tumult,0.01
2278503,CHAPTER 54,turfed,0.01
2278509,CHAPTER 54,turmoil,0.01
2278541,CHAPTER 54,twice,0.01
2278562,CHAPTER 54,twisting,0.01
2278600,CHAPTER 54,ugly,0.01
2278604,CHAPTER 54,ultimate,0.01
2278666,CHAPTER 54,unawed,0.01
2278760,CHAPTER 54,unconditionally,0.01
2278763,CHAPTER 54,unconquerable,0.01
2278836,CHAPTER 54,underwent,0.01
2278845,CHAPTER 54,undeterred,0.01
2278858,CHAPTER 54,undiscovered,0.01
2278911,CHAPTER 54,unentered,0.01
2278965,CHAPTER 54,unflinching,0.01
2279003,CHAPTER 54,ungrateful,0.01
2279054,CHAPTER 54,uninhabited,0.01
2279077,CHAPTER 54,united,0.01
2279095,CHAPTER 54,unknown,0.01
2279103,CHAPTER 54,unless,0.01
2279223,CHAPTER 54,unquestionable,0.01
2279273,CHAPTER 54,unresting,0.01
2279288,CHAPTER 54,unrivalled,0.01
2279316,CHAPTER 54,unseamanlike,0.01
2279337,CHAPTER 54,unshunned,0.01
2279355,CHAPTER 54,unspeakable,0.01
2279405,CHAPTER 54,unthinking,0.01
2279459,CHAPTER 54,unwillingness,0.01
2279501,CHAPTER 54,upper,0.01
2279506,CHAPTER 54,uproar,0.01
2279527,CHAPTER 54,usage,0.01
2279528,CHAPTER 54,usages,0.01
2279530,CHAPTER 54,used,0.01
2279552,CHAPTER 54,utmost,0.01
2279556,CHAPTER 54,uttered,0.01
2279565,CHAPTER 54,vacancy,0.01
2279577,CHAPTER 54,vagabond,0.01
2279625,CHAPTER 54,varieties,0.01
2279661,CHAPTER 54,veil,0.01
2279673,CHAPTER 54,venerable,0.01
2279679,CHAPTER 54,venetianly,0.01
2279680,CHAPTER 54,vengeance,0.01
2279681,CHAPTER 54,vengeful,0.01
2279690,CHAPTER 54,ventricles,0.01
2279701,CHAPTER 54,verbally,0.01
2279716,CHAPTER 54,verily,0.01
2279723,CHAPTER 54,vernacular,0.01
2279742,CHAPTER 54,vessels,0.01
2279775,CHAPTER 54,viceroy,0.01
2279778,CHAPTER 54,vicinities,0.01
2279788,CHAPTER 54,victories,0.01
2279801,CHAPTER 54,vigilance,0.01
2279823,CHAPTER 54,villains,0.01
2279826,CHAPTER 54,villany,0.01
2279839,CHAPTER 54,vineyarder,0.01
2279851,CHAPTER 54,violence,0.01
2279869,CHAPTER 54,visage,0.01
2279883,CHAPTER 54,visitation,0.01
2279895,CHAPTER 54,vital,0.01
2279914,CHAPTER 54,vocation,0.01
2279968,CHAPTER 54,voyage,0.01
2279980,CHAPTER 54,vultures,0.01
2280031,CHAPTER 54,wakened,0.01
2280071,CHAPTER 54,wanes,0.01
2280084,CHAPTER 54,war,0.01
2280103,CHAPTER 54,warm,0.01
2280113,CHAPTER 54,warned,0.01
2280114,CHAPTER 54,warning,0.01
2280149,CHAPTER 54,watched,0.01
2280152,CHAPTER 54,watches,0.01
2280156,CHAPTER 54,watching,0.01
2280170,CHAPTER 54,waters,0.01
2280173,CHAPTER 54,watery,0.01
2280175,CHAPTER 54,wave,0.01
2280193,CHAPTER 54,weakened,0.01
2280202,CHAPTER 54,wealthy,0.01
2280219,CHAPTER 54,weather,0.01
2280290,CHAPTER 54,westward,0.01
2280302,CHAPTER 54,whaleman,0.01
2280304,CHAPTER 54,whaler,0.01
2280306,CHAPTER 54,whales,0.01
2280375,CHAPTER 54,whirlpool,0.01
2280388,CHAPTER 54,whispered,0.01
2280405,CHAPTER 54,whitenesses,0.01
2280407,CHAPTER 54,whites,0.01
2280416,CHAPTER 54,wholly,0.01
2280423,CHAPTER 54,wicked,0.01
2280435,CHAPTER 54,widow,0.01
2280446,CHAPTER 54,wigwams,0.01
2280452,CHAPTER 54,wildness,0.01
2280466,CHAPTER 54,willingly,0.01
2280480,CHAPTER 54,wind,0.01
2280506,CHAPTER 54,winnebago,0.01
2280516,CHAPTER 54,wiping,0.01
2280542,CHAPTER 54,withdraw,0.01
2280552,CHAPTER 54,withhold,0.01
2280588,CHAPTER 54,wonder,0.01
2280590,CHAPTER 54,wonderful,0.01
2280600,CHAPTER 54,wondrous,0.01
2280615,CHAPTER 54,woods,0.01
2280623,CHAPTER 54,woollen,0.01
2280634,CHAPTER 54,worked,0.01
2280643,CHAPTER 54,world,0.01
2280665,CHAPTER 54,worst,0.01
2280667,CHAPTER 54,worth,0.01
2280671,CHAPTER 54,worthy,0.01
2280672,CHAPTER 54,wouldn,0.01
2280682,CHAPTER 54,wrangling,0.01
2280727,CHAPTER 54,wrist,0.01
2280800,CHAPTER 54,yards,0.01
2280804,CHAPTER 54,yarn,0.01
2280825,CHAPTER 54,yell,0.01
2280826,CHAPTER 54,yelled,0.01
2280844,CHAPTER 54,yoked,0.01
2280849,CHAPTER 54,yonder,0.01
2280851,CHAPTER 54,york,0.01
