,chapter,term,tfidf
1439183,CHAPTER 26,didst,0.22
1438038,CHAPTER 26,courage,0.21
1454216,CHAPTER 26,starbuck,0.21
1446675,CHAPTER 26,man,0.14
1439220,CHAPTER 26,dignity,0.13
1455602,CHAPTER 26,thou,0.13
1440450,CHAPTER 26,endure,0.11
1452903,CHAPTER 26,shall,0.11
1438848,CHAPTER 26,democratic,0.1
1454823,CHAPTER 26,summers,0.1
1440650,CHAPTER 26,equality,0.09
1441516,CHAPTER 26,fighting,0.09
1441996,CHAPTER 26,fortitude,0.09
1447037,CHAPTER 26,memories,0.09
1450716,CHAPTER 26,qualities,0.09
1451952,CHAPTER 26,robes,0.09
1454910,CHAPTER 26,superstition,0.09
1457349,CHAPTER 26,useful,0.09
1434825,CHAPTER 26,bear,0.08
1442666,CHAPTER 26,god,0.08
1447040,CHAPTER 26,men,0.08
1447828,CHAPTER 26,nature,0.08
1449443,CHAPTER 26,pick,0.08
1434111,CHAPTER 26,arm,0.07
1436232,CHAPTER 26,careful,0.07
1446090,CHAPTER 26,like,0.07
1445531,CHAPTER 26,killed,0.06
1449248,CHAPTER 26,perils,0.06
1454088,CHAPTER 26,spread,0.06
1454836,CHAPTER 26,sun,0.06
1455745,CHAPTER 26,times,0.06
1458124,CHAPTER 26,whales,0.06
1432971,CHAPTER 26,abased,0.05
1432972,CHAPTER 26,abasement,0.05
1433006,CHAPTER 26,abiding,0.05
1433773,CHAPTER 26,andrew,0.05
1433892,CHAPTER 26,anxieties,0.05
1434088,CHAPTER 26,arid,0.05
1434097,CHAPTER 26,arises,0.05
1435284,CHAPTER 26,bleeds,0.05
1435285,CHAPTER 26,blemish,0.05
1435301,CHAPTER 26,blight,0.05
1435499,CHAPTER 26,born,0.05
1435512,CHAPTER 26,bottled,0.05
1435629,CHAPTER 26,bravery,0.05
1435922,CHAPTER 26,bunyan,0.05
1436447,CHAPTER 26,cervantes,0.05
1436487,CHAPTER 26,champions,0.05
1436748,CHAPTER 26,chronometer,0.05
1436950,CHAPTER 26,climates,0.05
1436994,CHAPTER 26,clothe,0.05
1437292,CHAPTER 26,commons,0.05
1437447,CHAPTER 26,concentrating,0.05
1437488,CHAPTER 26,condensation,0.05
1437537,CHAPTER 26,confinement,0.05
1437547,CHAPTER 26,conflict,0.05
1437560,CHAPTER 26,confronted,0.05
1437847,CHAPTER 26,convict,0.05
1437978,CHAPTER 26,costliest,0.05
1438230,CHAPTER 26,critics,0.05
1438310,CHAPTER 26,crusader,0.05
1438341,CHAPTER 26,cullest,0.05
1438846,CHAPTER 26,democracy,0.05
1439089,CHAPTER 26,detestable,0.05
1439303,CHAPTER 26,disastrous,0.05
1439752,CHAPTER 26,doubly,0.05
1440447,CHAPTER 26,endued,0.05
1440476,CHAPTER 26,engendering,0.05
1440762,CHAPTER 26,ethereal,0.05
1441222,CHAPTER 26,famine,0.05
1441248,CHAPTER 26,far,0.05
1441594,CHAPTER 26,fishery,0.05
1441856,CHAPTER 26,foolishly,0.05
1442747,CHAPTER 26,graces,0.05
1443914,CHAPTER 26,hurl,0.05
1443990,CHAPTER 26,ideal,0.05
1444025,CHAPTER 26,ignominious,0.05
1444071,CHAPTER 26,images,0.05
1444350,CHAPTER 26,incline,0.05
1444454,CHAPTER 26,indication,0.05
1444458,CHAPTER 26,indies,0.05
1444846,CHAPTER 26,intact,0.05
1445061,CHAPTER 26,investiture,0.05
1445130,CHAPTER 26,irrational,0.05
1445215,CHAPTER 26,jackson,0.05
1445558,CHAPTER 26,kingly,0.05
1445578,CHAPTER 26,knaves,0.05
1445789,CHAPTER 26,latently,0.05
1446061,CHAPTER 26,life,0.05
1446284,CHAPTER 26,loneliness,0.05
1446721,CHAPTER 26,manliness,0.05
1446741,CHAPTER 26,mantle,0.05
1446773,CHAPTER 26,marchings,0.05
1446892,CHAPTER 26,mate,0.05
1446948,CHAPTER 26,meagre,0.05
1446953,CHAPTER 26,mean,0.05
1446961,CHAPTER 26,means,0.05
1447042,CHAPTER 26,menace,0.05
1447181,CHAPTER 26,mighty,0.05
1447534,CHAPTER 26,mortally,0.05
1447590,CHAPTER 26,mournful,0.05
1448373,CHAPTER 26,omnipresence,0.05
1448477,CHAPTER 26,organizations,0.05
1448478,CHAPTER 26,organized,0.05
1448549,CHAPTER 26,outfits,0.05
1448604,CHAPTER 26,overbalance,0.05
1448836,CHAPTER 26,pantomime,0.05
1448995,CHAPTER 26,patent,0.05
1449041,CHAPTER 26,paupered,0.05
1449088,CHAPTER 26,pebbles,0.05
1449272,CHAPTER 26,permitting,0.05
1449303,CHAPTER 26,persisted,0.05
1449305,CHAPTER 26,persisting,0.05
1449475,CHAPTER 26,piety,0.05
1450158,CHAPTER 26,presentiments,0.05
1450709,CHAPTER 26,quaker,0.05
1450833,CHAPTER 26,radiates,0.05
1450862,CHAPTER 26,rainbow,0.05
1451383,CHAPTER 26,remembrances,0.05
1451428,CHAPTER 26,renegades,0.05
1451656,CHAPTER 26,restrain,0.05
1451761,CHAPTER 26,revivified,0.05
1451950,CHAPTER 26,robed,0.05
1452101,CHAPTER 26,ruggedness,0.05
1452103,CHAPTER 26,ruined,0.05
1452206,CHAPTER 26,said,0.05
1452710,CHAPTER 26,selectest,0.05
1452764,CHAPTER 26,sentiment,0.05
1452918,CHAPTER 26,shameful,0.05
1453024,CHAPTER 26,shining,0.05
1453668,CHAPTER 26,sobriety,0.05
1453799,CHAPTER 26,sorrowful,0.05
1453964,CHAPTER 26,spike,0.05
1454172,CHAPTER 26,staid,0.05
1454213,CHAPTER 26,staple,0.05
1454369,CHAPTER 26,stifle,0.05
1454625,CHAPTER 26,stumped,0.05
1454799,CHAPTER 26,suitable,0.05
1454884,CHAPTER 26,superfluousness,0.05
1454914,CHAPTER 26,superstitiousness,0.05
1455070,CHAPTER 26,swart,0.05
1455577,CHAPTER 26,thinness,0.05
1455689,CHAPTER 26,thy,0.05
1455921,CHAPTER 26,torrid,0.05
1456692,CHAPTER 26,undraped,0.05
1457300,CHAPTER 26,upbraidings,0.05
1457414,CHAPTER 26,valor,0.05
1457415,CHAPTER 26,valour,0.05
1457941,CHAPTER 26,warranted,0.05
1457963,CHAPTER 26,wasting,0.05
1458041,CHAPTER 26,weave,0.05
1458258,CHAPTER 26,wields,0.05
1458457,CHAPTER 26,workman,0.05
1433035,CHAPTER 26,abounding,0.04
1433052,CHAPTER 26,absolute,0.04
1433202,CHAPTER 26,action,0.04
1433225,CHAPTER 26,adapted,0.04
1433374,CHAPTER 26,affected,0.04
1433417,CHAPTER 26,afraid,0.04
1433550,CHAPTER 26,ale,0.04
1433793,CHAPTER 26,anguish,0.04
1434210,CHAPTER 26,ascribe,0.04
1434426,CHAPTER 26,august,0.04
1434528,CHAPTER 26,aye,0.04
1434593,CHAPTER 26,baked,0.04
1434890,CHAPTER 26,beef,0.04
1435006,CHAPTER 26,bend,0.04
1435183,CHAPTER 26,biscuit,0.04
1435517,CHAPTER 26,bottomless,0.04
1435649,CHAPTER 26,bread,0.04
1435809,CHAPTER 26,brother,0.04
1435949,CHAPTER 26,burn,0.04
1436238,CHAPTER 26,cares,0.04
1436312,CHAPTER 26,castaways,0.04
1436442,CHAPTER 26,certain,0.04
1436799,CHAPTER 26,circumference,0.04
1437315,CHAPTER 26,companies,0.04
1437428,CHAPTER 26,comrade,0.04
1437619,CHAPTER 26,conscientious,0.04
1438512,CHAPTER 26,dangerous,0.04
1438529,CHAPTER 26,daring,0.04
1438712,CHAPTER 26,deeps,0.04
1438975,CHAPTER 26,descent,0.04
1439625,CHAPTER 26,divine,0.04
1439694,CHAPTER 26,domestic,0.04
1439857,CHAPTER 26,dried,0.04
1439876,CHAPTER 26,drives,0.04
1439895,CHAPTER 26,drought,0.04
1440046,CHAPTER 26,earnest,0.04
1440175,CHAPTER 26,egyptian,0.04
1440226,CHAPTER 26,element,0.04
1440276,CHAPTER 26,embalmed,0.04
1440538,CHAPTER 26,enraged,0.04
1440749,CHAPTER 26,estimation,0.04
1440849,CHAPTER 26,exalted,0.04
1441016,CHAPTER 26,experiences,0.04
1441050,CHAPTER 26,expose,0.04
1441349,CHAPTER 26,fearless,0.04
1441554,CHAPTER 26,finest,0.04
1441758,CHAPTER 26,flourish,0.04
1441828,CHAPTER 26,fold,0.04
1441858,CHAPTER 26,fools,0.04
1442635,CHAPTER 26,glowing,0.04
1442843,CHAPTER 26,great,0.04
1443023,CHAPTER 26,gush,0.04
1443113,CHAPTER 26,hammered,0.04
1443200,CHAPTER 26,hardy,0.04
1443336,CHAPTER 26,health,0.04
1443770,CHAPTER 26,horrors,0.04
1443860,CHAPTER 26,humanity,0.04
1443899,CHAPTER 26,hundreds,0.04
1443988,CHAPTER 26,icy,0.04
1444029,CHAPTER 26,ignorance,0.04
1444093,CHAPTER 26,immaculate,0.04
1444620,CHAPTER 26,influences,0.04
1444705,CHAPTER 26,inner,0.04
1444855,CHAPTER 26,intelligence,0.04
1444989,CHAPTER 26,intrepid,0.04
1445104,CHAPTER 26,inward,0.04
1445349,CHAPTER 26,joint,0.04
1445490,CHAPTER 26,keenest,0.04
1445788,CHAPTER 26,latent,0.04
1446106,CHAPTER 26,limbs,0.04
1446132,CHAPTER 26,lingering,0.04
1446289,CHAPTER 26,long,0.04
1446307,CHAPTER 26,looking,0.04
1446956,CHAPTER 26,meanest,0.04
1447586,CHAPTER 26,mounts,0.04
1447670,CHAPTER 26,murderers,0.04
1447803,CHAPTER 26,narrative,0.04
1447820,CHAPTER 26,nations,0.04
1448258,CHAPTER 26,occasions,0.04
1448592,CHAPTER 26,outward,0.04
1449081,CHAPTER 26,pearl,0.04
1449216,CHAPTER 26,perchance,0.04
1449430,CHAPTER 26,physical,0.04
1449767,CHAPTER 26,poetic,0.04
1449795,CHAPTER 26,polar,0.04
1449895,CHAPTER 26,portents,0.04
1450134,CHAPTER 26,prepared,0.04
1450629,CHAPTER 26,pure,0.04
1451036,CHAPTER 26,reasonable,0.04
1451236,CHAPTER 26,refuse,0.04
1451334,CHAPTER 26,reliable,0.04
1451715,CHAPTER 26,reveal,0.04
1451736,CHAPTER 26,reverence,0.04
1452598,CHAPTER 26,seaman,0.04
1452912,CHAPTER 26,shalt,0.04
1453059,CHAPTER 26,shocking,0.04
1453271,CHAPTER 26,simply,0.04
1453812,CHAPTER 26,soul,0.04
1453870,CHAPTER 26,sparkling,0.04
1453911,CHAPTER 26,spectacle,0.04
1454005,CHAPTER 26,spiritual,0.04
1454033,CHAPTER 26,spoil,0.04
1454282,CHAPTER 26,steadfast,0.04
1454402,CHAPTER 26,stock,0.04
1454592,CHAPTER 26,stubb,0.04
1455253,CHAPTER 26,tame,0.04
1455414,CHAPTER 26,tend,0.04
1455566,CHAPTER 26,things,0.04
1455603,CHAPTER 26,thought,0.04
1455653,CHAPTER 26,throne,0.04
1455721,CHAPTER 26,tight,0.04
1455995,CHAPTER 26,tragic,0.04
1456084,CHAPTER 26,transported,0.04
1456121,CHAPTER 26,treat,0.04
1456359,CHAPTER 26,twice,0.04
1456560,CHAPTER 26,uncommonly,0.04
1457377,CHAPTER 26,utterly,0.04
1457602,CHAPTER 26,vicissitudes,0.04
1457714,CHAPTER 26,vitality,0.04
1457962,CHAPTER 26,wasted,0.04
1458085,CHAPTER 26,welded,0.04
1458372,CHAPTER 26,withstand,0.04
1458503,CHAPTER 26,wrapped,0.04
1458549,CHAPTER 26,write,0.04
1433437,CHAPTER 26,ages,0.03
1435036,CHAPTER 26,bent,0.03
1435413,CHAPTER 26,bodily,0.03
1435626,CHAPTER 26,brave,0.03
1435653,CHAPTER 26,break,0.03
1435814,CHAPTER 26,brow,0.03
1436083,CHAPTER 26,calmly,0.03
1436176,CHAPTER 26,cape,0.03
1436299,CHAPTER 26,cases,0.03
1436428,CHAPTER 26,centre,0.03
1436519,CHAPTER 26,chapter,0.03
1436521,CHAPTER 26,character,0.03
1436654,CHAPTER 26,chief,0.03
1436655,CHAPTER 26,chiefly,0.03
1436658,CHAPTER 26,child,0.03
1436816,CHAPTER 26,circumstances,0.03
1436984,CHAPTER 26,closely,0.03
1437046,CHAPTER 26,coast,0.03
1437370,CHAPTER 26,complete,0.03
1437372,CHAPTER 26,completely,0.03
1437785,CHAPTER 26,contrary,0.03
1438072,CHAPTER 26,coward,0.03
1438162,CHAPTER 26,creature,0.03
1438224,CHAPTER 26,critical,0.03
1438523,CHAPTER 26,dare,0.03
1439109,CHAPTER 26,devil,0.03
1439180,CHAPTER 26,did,0.03
1439721,CHAPTER 26,doom,0.03
1440054,CHAPTER 26,earthly,0.03
1440408,CHAPTER 26,encountered,0.03
1440825,CHAPTER 26,evinced,0.03
1440871,CHAPTER 26,excellent,0.03
1441106,CHAPTER 26,extreme,0.03
1441143,CHAPTER 26,faces,0.03
1441166,CHAPTER 26,fail,0.03
1441180,CHAPTER 26,fair,0.03
1441192,CHAPTER 26,fall,0.03
1441225,CHAPTER 26,famous,0.03
1441234,CHAPTER 26,fancy,0.03
1441278,CHAPTER 26,fast,0.03
1441304,CHAPTER 26,father,0.03
1441416,CHAPTER 26,fellows,0.03
1441578,CHAPTER 26,firm,0.03
1441603,CHAPTER 26,fit,0.03
1441696,CHAPTER 26,flesh,0.03
1442424,CHAPTER 26,generally,0.03
1442540,CHAPTER 26,given,0.03
1442685,CHAPTER 26,gold,0.03
1443244,CHAPTER 26,hast,0.03
1443358,CHAPTER 26,hearted,0.03
1443539,CHAPTER 26,higher,0.03
1443688,CHAPTER 26,honest,0.03
1443771,CHAPTER 26,horse,0.03
1443792,CHAPTER 26,hot,0.03
1443908,CHAPTER 26,hunter,0.03
1444040,CHAPTER 26,ill,0.03
1444796,CHAPTER 26,instance,0.03
1444901,CHAPTER 26,interior,0.03
1445530,CHAPTER 26,kill,0.03
1445539,CHAPTER 26,kind,0.03
1445559,CHAPTER 26,kings,0.03
1445590,CHAPTER 26,knew,0.03
1445802,CHAPTER 26,latitudes,0.03
1445901,CHAPTER 26,leaves,0.03
1446066,CHAPTER 26,lift,0.03
1446383,CHAPTER 26,lowering,0.03
1446784,CHAPTER 26,mariners,0.03
1447077,CHAPTER 26,merely,0.03
1447531,CHAPTER 26,mortal,0.03
1447821,CHAPTER 26,native,0.03
1447824,CHAPTER 26,natural,0.03
1447848,CHAPTER 26,nay,0.03
1447996,CHAPTER 26,nigh,0.03
1448025,CHAPTER 26,noble,0.03
1448469,CHAPTER 26,ordinary,0.03
1448489,CHAPTER 26,original,0.03
1448546,CHAPTER 26,outer,0.03
1448764,CHAPTER 26,pale,0.03
1449244,CHAPTER 26,peril,0.03
1449245,CHAPTER 26,perilous,0.03
1450009,CHAPTER 26,practical,0.03
1450070,CHAPTER 26,precisely,0.03
1450792,CHAPTER 26,quite,0.03
1451365,CHAPTER 26,remains,0.03
1452063,CHAPTER 26,royal,0.03
1452414,CHAPTER 26,scarce,0.03
1453366,CHAPTER 26,skin,0.03
1453635,CHAPTER 26,snow,0.03
1453804,CHAPTER 26,sort,0.03
1453824,CHAPTER 26,sounds,0.03
1454001,CHAPTER 26,spirit,0.03
1454093,CHAPTER 26,spring,0.03
1454227,CHAPTER 26,stars,0.03
1454242,CHAPTER 26,state,0.03
1454520,CHAPTER 26,strength,0.03
1454577,CHAPTER 26,strongly,0.03
1455384,CHAPTER 26,telling,0.03
1455464,CHAPTER 26,terrible,0.03
1455468,CHAPTER 26,terrific,0.03
1455475,CHAPTER 26,terrors,0.03
1455522,CHAPTER 26,theirs,0.03
1455565,CHAPTER 26,thing,0.03
1455588,CHAPTER 26,thirty,0.03
1455662,CHAPTER 26,throw,0.03
1455678,CHAPTER 26,thunder,0.03
1455836,CHAPTER 26,token,0.03
1455910,CHAPTER 26,torn,0.03
1455942,CHAPTER 26,touch,0.03
1457348,CHAPTER 26,used,0.03
1457692,CHAPTER 26,visible,0.03
1457902,CHAPTER 26,war,0.03
1457991,CHAPTER 26,watery,0.03
1458113,CHAPTER 26,whale,0.03
1458155,CHAPTER 26,wherefore,0.03
1458259,CHAPTER 26,wife,0.03
1458311,CHAPTER 26,winds,0.03
1434504,CHAPTER 26,away,0.02
1435333,CHAPTER 26,blood,0.02
1435393,CHAPTER 26,boat,0.02
1435973,CHAPTER 26,business,0.02
1437220,CHAPTER 26,come,0.02
1437241,CHAPTER 26,coming,0.02
1438530,CHAPTER 26,dark,0.02
1438579,CHAPTER 26,days,0.02
1438705,CHAPTER 26,deep,0.02
1440421,CHAPTER 26,end,0.02
1440673,CHAPTER 26,ere,0.02
1441128,CHAPTER 26,eyes,0.02
1441390,CHAPTER 26,feel,0.02
1441587,CHAPTER 26,fish,0.02
1442419,CHAPTER 26,general,0.02
1442691,CHAPTER 26,gone,0.02
1442768,CHAPTER 26,grand,0.02
1443126,CHAPTER 26,hand,0.02
1443145,CHAPTER 26,hands,0.02
1443189,CHAPTER 26,hard,0.02
1443357,CHAPTER 26,heart,0.02
1443538,CHAPTER 26,high,0.02
1445118,CHAPTER 26,iron,0.02
1445466,CHAPTER 26,just,0.02
1446072,CHAPTER 26,light,0.02
1446186,CHAPTER 26,live,0.02
1446202,CHAPTER 26,living,0.02
1446207,CHAPTER 26,ll,0.02
1447782,CHAPTER 26,nantucket,0.02
1448275,CHAPTER 26,ocean,0.02
1448395,CHAPTER 26,open,0.02
1449204,CHAPTER 26,pequod,0.02
1449857,CHAPTER 26,poor,0.02
1451642,CHAPTER 26,rest,0.02
1452129,CHAPTER 26,run,0.02
1452616,CHAPTER 26,seas,0.02
1452633,CHAPTER 26,second,0.02
1452685,CHAPTER 26,seen,0.02
1452830,CHAPTER 26,set,0.02
1453209,CHAPTER 26,sight,0.02
1453883,CHAPTER 26,speak,0.02
1455611,CHAPTER 26,thousand,0.02
1458129,CHAPTER 26,whaling,0.02
1458265,CHAPTER 26,wild,0.02
1458445,CHAPTER 26,word,0.02
1458461,CHAPTER 26,world,0.02
1458671,CHAPTER 26,young,0.02
1448349,CHAPTER 26,old,0.01
1452034,CHAPTER 26,round,0.01
1453027,CHAPTER 26,ship,0.01
1455741,CHAPTER 26,time,0.01
