,chapter,term,tfidf
786489,CHAPTER 125,pip,0.42
783217,CHAPTER 125,log,0.29
788140,CHAPTER 125,reel,0.24
783072,CHAPTER 125,line,0.19
783704,CHAPTER 125,manxman,0.19
790262,CHAPTER 125,sir,0.17
792552,CHAPTER 125,thou,0.17
776201,CHAPTER 125,ding,0.15
780230,CHAPTER 125,haul,0.15
772523,CHAPTER 125,boy,0.14
770436,CHAPTER 125,ahab,0.12
775410,CHAPTER 125,daft,0.12
792165,CHAPTER 125,tahitian,0.12
783625,CHAPTER 125,man,0.11
783160,CHAPTER 125,lo,0.1
783998,CHAPTER 125,mend,0.1
795582,CHAPTER 125,ye,0.1
771255,CHAPTER 125,astern,0.09
774170,CHAPTER 125,come,0.08
776662,CHAPTER 125,dong,0.08
791003,CHAPTER 125,spool,0.08
792470,CHAPTER 125,thee,0.08
770744,CHAPTER 125,angular,0.07
771118,CHAPTER 125,art,0.07
775025,CHAPTER 125,cowards,0.07
777618,CHAPTER 125,er,0.07
780331,CHAPTER 125,heave,0.07
780592,CHAPTER 125,hold,0.07
782233,CHAPTER 125,jerk,0.07
782941,CHAPTER 125,let,0.07
784799,CHAPTER 125,ne,0.07
787644,CHAPTER 125,quadrant,0.07
790984,CHAPTER 125,spoiled,0.07
772449,CHAPTER 125,born,0.06
776739,CHAPTER 125,dragging,0.06
780206,CHAPTER 125,hatchet,0.06
781825,CHAPTER 125,intently,0.06
783239,CHAPTER 125,long,0.06
785289,CHAPTER 125,oh,0.06
772105,CHAPTER 125,billows,0.05
777127,CHAPTER 125,eh,0.05
780119,CHAPTER 125,happened,0.05
780324,CHAPTER 125,heat,0.05
782123,CHAPTER 125,isle,0.05
783157,CHAPTER 125,ll,0.05
784681,CHAPTER 125,muttered,0.05
785299,CHAPTER 125,old,0.05
790765,CHAPTER 125,souls,0.05
795059,CHAPTER 125,wet,0.05
771919,CHAPTER 125,believers,0.04
772969,CHAPTER 125,cabin,0.04
775024,CHAPTER 125,cowardly,0.04
775109,CHAPTER 125,creative,0.04
775146,CHAPTER 125,crier,0.04
775441,CHAPTER 125,damped,0.04
776036,CHAPTER 125,determining,0.04
776217,CHAPTER 125,dipping,0.04
776467,CHAPTER 125,disputing,0.04
778251,CHAPTER 125,fated,0.04
778406,CHAPTER 125,festoon,0.04
778539,CHAPTER 125,fished,0.04
778919,CHAPTER 125,form,0.04
779624,CHAPTER 125,gods,0.04
779769,CHAPTER 125,gratitude,0.04
779856,CHAPTER 125,grizzly,0.04
780076,CHAPTER 125,hand,0.04
780415,CHAPTER 125,henceforth,0.04
780597,CHAPTER 125,holding,0.04
780608,CHAPTER 125,holiness,0.04
780786,CHAPTER 125,hued,0.04
780851,CHAPTER 125,hung,0.04
780956,CHAPTER 125,idiotic,0.04
781652,CHAPTER 125,inmost,0.04
782236,CHAPTER 125,jerkingly,0.04
782416,CHAPTER 125,just,0.04
782937,CHAPTER 125,lesser,0.04
782988,CHAPTER 125,libertines,0.04
783260,CHAPTER 125,looks,0.04
783265,CHAPTER 125,loon,0.04
783273,CHAPTER 125,loosening,0.04
784280,CHAPTER 125,mistrust,0.04
784852,CHAPTER 125,neglect,0.04
785325,CHAPTER 125,omniscient,0.04
785616,CHAPTER 125,overstrained,0.04
786696,CHAPTER 125,plungingly,0.04
787454,CHAPTER 125,prouder,0.04
787572,CHAPTER 125,pupils,0.04
787720,CHAPTER 125,quickest,0.04
787803,CHAPTER 125,railing,0.04
787815,CHAPTER 125,rains,0.04
788144,CHAPTER 125,reelman,0.04
788286,CHAPTER 125,reliance,0.04
788836,CHAPTER 125,riots,0.04
788875,CHAPTER 125,rivet,0.04
788975,CHAPTER 125,rotten,0.04
789152,CHAPTER 125,sagged,0.04
789328,CHAPTER 125,sayest,0.04
789419,CHAPTER 125,scolds,0.04
789977,CHAPTER 125,ship,0.04
790154,CHAPTER 125,sieve,0.04
790304,CHAPTER 125,skewer,0.04
790371,CHAPTER 125,slate,0.04
790925,CHAPTER 125,spindle,0.04
791100,CHAPTER 125,st,0.04
791497,CHAPTER 125,strings,0.04
791641,CHAPTER 125,subservient,0.04
792639,CHAPTER 125,thy,0.04
792895,CHAPTER 125,touchest,0.04
793199,CHAPTER 125,truer,0.04
793244,CHAPTER 125,tugging,0.04
793284,CHAPTER 125,turns,0.04
793316,CHAPTER 125,twill,0.04
793894,CHAPTER 125,unmanned,0.04
794229,CHAPTER 125,unwinding,0.04
794960,CHAPTER 125,weak,0.04
794966,CHAPTER 125,weakness,0.04
795139,CHAPTER 125,whirl,0.04
795248,CHAPTER 125,wind,0.04
769916,CHAPTER 125,abandoned,0.03
770281,CHAPTER 125,advanced,0.03
770361,CHAPTER 125,afloat,0.03
771061,CHAPTER 125,arm,0.03
771425,CHAPTER 125,average,0.03
771864,CHAPTER 125,beget,0.03
771925,CHAPTER 125,bell,0.03
772156,CHAPTER 125,black,0.03
772608,CHAPTER 125,breaking,0.03
772952,CHAPTER 125,butts,0.03
773152,CHAPTER 125,captain,0.03
773318,CHAPTER 125,caused,0.03
773854,CHAPTER 125,clay,0.03
774062,CHAPTER 125,coil,0.03
774065,CHAPTER 125,coils,0.03
774109,CHAPTER 125,college,0.03
774160,CHAPTER 125,combined,0.03
774467,CHAPTER 125,confess,0.03
774478,CHAPTER 125,confident,0.03
774859,CHAPTER 125,cords,0.03
775022,CHAPTER 125,coward,0.03
775096,CHAPTER 125,crazy,0.03
775102,CHAPTER 125,creamy,0.03
775262,CHAPTER 125,crush,0.03
775368,CHAPTER 125,customary,0.03
775614,CHAPTER 125,deck,0.03
776725,CHAPTER 125,downwards,0.03
776737,CHAPTER 125,drag,0.03
776743,CHAPTER 125,drags,0.03
776820,CHAPTER 125,dripping,0.03
777179,CHAPTER 125,elements,0.03
777299,CHAPTER 125,emperor,0.03
777410,CHAPTER 125,energy,0.03
777821,CHAPTER 125,excellent,0.03
778056,CHAPTER 125,extreme,0.03
778541,CHAPTER 125,fisherman,0.03
778970,CHAPTER 125,founded,0.03
779057,CHAPTER 125,frequently,0.03
779130,CHAPTER 125,frozen,0.03
779398,CHAPTER 125,gentleman,0.03
779641,CHAPTER 125,gone,0.03
779646,CHAPTER 125,goodness,0.03
779735,CHAPTER 125,granite,0.03
779750,CHAPTER 125,grasped,0.03
779794,CHAPTER 125,greater,0.03
779934,CHAPTER 125,guess,0.03
780032,CHAPTER 125,hairs,0.03
780090,CHAPTER 125,handle,0.03
780095,CHAPTER 125,hands,0.03
780139,CHAPTER 125,hard,0.03
780243,CHAPTER 125,haven,0.03
780332,CHAPTER 125,heaved,0.03
780336,CHAPTER 125,heavens,0.03
780358,CHAPTER 125,heedless,0.03
780468,CHAPTER 125,hey,0.03
780488,CHAPTER 125,high,0.03
780553,CHAPTER 125,hit,0.03
780599,CHAPTER 125,holds,0.03
780720,CHAPTER 125,horrors,0.03
780955,CHAPTER 125,idiot,0.03
780962,CHAPTER 125,idly,0.03
781391,CHAPTER 125,independent,0.03
781681,CHAPTER 125,inquiring,0.03
782396,CHAPTER 125,jumped,0.03
782813,CHAPTER 125,leading,0.03
783030,CHAPTER 125,lightly,0.03
783358,CHAPTER 125,luckless,0.03
783528,CHAPTER 125,magnet,0.03
784018,CHAPTER 125,merchantmen,0.03
784079,CHAPTER 125,methinks,0.03
784260,CHAPTER 125,missing,0.03
784428,CHAPTER 125,mood,0.03
784842,CHAPTER 125,needles,0.03
785118,CHAPTER 125,oath,0.03
785145,CHAPTER 125,oblique,0.03
785151,CHAPTER 125,oblivious,0.03
785940,CHAPTER 125,patched,0.03
786014,CHAPTER 125,peace,0.03
786154,CHAPTER 125,pequod,0.03
786283,CHAPTER 125,perth,0.03
786937,CHAPTER 125,pounds,0.03
787061,CHAPTER 125,preliminary,0.03
787138,CHAPTER 125,presumed,0.03
787291,CHAPTER 125,professor,0.03
787321,CHAPTER 125,progression,0.03
787329,CHAPTER 125,projecting,0.03
787691,CHAPTER 125,queen,0.03
788009,CHAPTER 125,recalled,0.03
788166,CHAPTER 125,reflection,0.03
788223,CHAPTER 125,regularly,0.03
788327,CHAPTER 125,remembered,0.03
788542,CHAPTER 125,resistance,0.03
788722,CHAPTER 125,revolved,0.03
788729,CHAPTER 125,reward,0.03
788912,CHAPTER 125,rocky,0.03
788971,CHAPTER 125,rot,0.03
789654,CHAPTER 125,seizing,0.03
790141,CHAPTER 125,sidelong,0.03
790466,CHAPTER 125,slow,0.03
790551,CHAPTER 125,snap,0.03
790845,CHAPTER 125,specially,0.03
791115,CHAPTER 125,stagger,0.03
791272,CHAPTER 125,steered,0.03
791376,CHAPTER 125,stood,0.03
791422,CHAPTER 125,straightened,0.03
791700,CHAPTER 125,sucked,0.03
791716,CHAPTER 125,suffering,0.03
792164,CHAPTER 125,tahiti,0.03
792515,CHAPTER 125,thing,0.03
792661,CHAPTER 125,tied,0.03
792879,CHAPTER 125,toss,0.03
792914,CHAPTER 125,towing,0.03
793224,CHAPTER 125,trying,0.03
794185,CHAPTER 125,untouched,0.03
794334,CHAPTER 125,vacant,0.03
794438,CHAPTER 125,velvet,0.03
794887,CHAPTER 125,warped,0.03
795049,CHAPTER 125,wert,0.03
795141,CHAPTER 125,whirling,0.03
795435,CHAPTER 125,worth,0.03
795447,CHAPTER 125,woven,0.03
770284,CHAPTER 125,advancing,0.02
770435,CHAPTER 125,ah,0.02
770605,CHAPTER 125,altogether,0.02
771298,CHAPTER 125,attached,0.02
771862,CHAPTER 125,began,0.02
771963,CHAPTER 125,beneath,0.02
772019,CHAPTER 125,best,0.02
772255,CHAPTER 125,blind,0.02
772332,CHAPTER 125,board,0.02
772379,CHAPTER 125,bold,0.02
772738,CHAPTER 125,broken,0.02
772842,CHAPTER 125,bulwarks,0.02
773206,CHAPTER 125,carpenter,0.02
773378,CHAPTER 125,centre,0.02
773608,CHAPTER 125,child,0.02
774992,CHAPTER 125,course,0.02
775145,CHAPTER 125,cried,0.02
775248,CHAPTER 125,cruising,0.02
775372,CHAPTER 125,cut,0.02
776613,CHAPTER 125,does,0.02
777396,CHAPTER 125,ends,0.02
777665,CHAPTER 125,especially,0.02
778074,CHAPTER 125,eyeing,0.02
778340,CHAPTER 125,feel,0.02
778342,CHAPTER 125,feeling,0.02
778370,CHAPTER 125,felt,0.02
778956,CHAPTER 125,forward,0.02
779014,CHAPTER 125,frantic,0.02
779354,CHAPTER 125,gazing,0.02
779508,CHAPTER 125,glance,0.02
779625,CHAPTER 125,goes,0.02
779636,CHAPTER 125,golden,0.02
779825,CHAPTER 125,grey,0.02
779986,CHAPTER 125,ha,0.02
780107,CHAPTER 125,hanging,0.02
780277,CHAPTER 125,heads,0.02
780307,CHAPTER 125,heart,0.02
780321,CHAPTER 125,hearts,0.02
780393,CHAPTER 125,help,0.02
780564,CHAPTER 125,ho,0.02
780623,CHAPTER 125,home,0.02
780749,CHAPTER 125,hour,0.02
780751,CHAPTER 125,hours,0.02
780990,CHAPTER 125,ill,0.02
781065,CHAPTER 125,immortal,0.02
781753,CHAPTER 125,instantly,0.02
782489,CHAPTER 125,kind,0.02
782570,CHAPTER 125,knowing,0.02
782574,CHAPTER 125,known,0.02
782865,CHAPTER 125,lee,0.02
782957,CHAPTER 125,level,0.02
783079,CHAPTER 125,lines,0.02
783149,CHAPTER 125,lives,0.02
783251,CHAPTER 125,look,0.02
783268,CHAPTER 125,loose,0.02
783295,CHAPTER 125,lost,0.02
783316,CHAPTER 125,love,0.02
783332,CHAPTER 125,lowered,0.02
783486,CHAPTER 125,mad,0.02
783911,CHAPTER 125,means,0.02
784109,CHAPTER 125,middle,0.02
784570,CHAPTER 125,mr,0.02
784778,CHAPTER 125,nature,0.02
785332,CHAPTER 125,ones,0.02
785556,CHAPTER 125,overboard,0.02
785640,CHAPTER 125,owing,0.02
785897,CHAPTER 125,parts,0.02
786807,CHAPTER 125,poor,0.02
787628,CHAPTER 125,putting,0.02
787680,CHAPTER 125,quarter,0.02
787818,CHAPTER 125,raised,0.02
787879,CHAPTER 125,rapidly,0.02
787906,CHAPTER 125,rate,0.02
788924,CHAPTER 125,rolled,0.02
788926,CHAPTER 125,rolling,0.02
788958,CHAPTER 125,rope,0.02
789079,CHAPTER 125,run,0.02
789090,CHAPTER 125,rushing,0.02
789162,CHAPTER 125,sailing,0.02
789174,CHAPTER 125,sake,0.02
789331,CHAPTER 125,says,0.02
789381,CHAPTER 125,scene,0.02
789539,CHAPTER 125,sea,0.02
789551,CHAPTER 125,seamen,0.02
789652,CHAPTER 125,seized,0.02
789657,CHAPTER 125,seldom,0.02
789853,CHAPTER 125,shall,0.02
789887,CHAPTER 125,shark,0.02
790316,CHAPTER 125,skin,0.02
790585,CHAPTER 125,snow,0.02
790833,CHAPTER 125,speak,0.02
791037,CHAPTER 125,spray,0.02
791294,CHAPTER 125,stern,0.02
791440,CHAPTER 125,strangely,0.02
791470,CHAPTER 125,strength,0.02
791542,CHAPTER 125,stubb,0.02
791786,CHAPTER 125,sun,0.02
791843,CHAPTER 125,superior,0.02
792045,CHAPTER 125,sweet,0.02
792538,CHAPTER 125,thirty,0.02
792628,CHAPTER 125,thunder,0.02
792736,CHAPTER 125,tis,0.02
792823,CHAPTER 125,took,0.02
793278,CHAPTER 125,turn,0.02
793871,CHAPTER 125,unless,0.02
794297,CHAPTER 125,use,0.02
794509,CHAPTER 125,vessel,0.02
794736,CHAPTER 125,voyage,0.02
794809,CHAPTER 125,wall,0.02
795046,CHAPTER 125,went,0.02
795071,CHAPTER 125,whalemen,0.02
795184,CHAPTER 125,wholly,0.02
795378,CHAPTER 125,wooden,0.02
795411,CHAPTER 125,world,0.02
795423,CHAPTER 125,worse,0.02
771454,CHAPTER 125,away,0.01
772343,CHAPTER 125,boat,0.01
773048,CHAPTER 125,came,0.01
775537,CHAPTER 125,dead,0.01
776130,CHAPTER 125,did,0.01
777371,CHAPTER 125,end,0.01
778078,CHAPTER 125,eyes,0.01
778198,CHAPTER 125,far,0.01
778347,CHAPTER 125,feet,0.01
779616,CHAPTER 125,god,0.01
779643,CHAPTER 125,good,0.01
782568,CHAPTER 125,know,0.01
783011,CHAPTER 125,life,0.01
783131,CHAPTER 125,little,0.01
783584,CHAPTER 125,make,0.01
784917,CHAPTER 125,new,0.01
786540,CHAPTER 125,place,0.01
788984,CHAPTER 125,round,0.01
789635,CHAPTER 125,seen,0.01
792516,CHAPTER 125,things,0.01
792517,CHAPTER 125,think,0.01
792681,CHAPTER 125,till,0.01
792691,CHAPTER 125,time,0.01
794929,CHAPTER 125,water,0.01
794955,CHAPTER 125,way,0.01
795063,CHAPTER 125,whale,0.01
795168,CHAPTER 125,white,0.01
