,chapter,term,tfidf
3143113,CHAPTER 84,lance,0.25
3146977,CHAPTER 84,pitchpoling,0.19
3132801,CHAPTER 84,boat,0.14
3155521,CHAPTER 84,whale,0.13
3143373,CHAPTER 84,length,0.12
3148006,CHAPTER 84,punch,0.11
3151569,CHAPTER 84,staff,0.11
3139118,CHAPTER 84,flight,0.1
3151296,CHAPTER 84,spear,0.1
3152000,CHAPTER 84,stubb,0.1
3155344,CHAPTER 84,warp,0.1
3140629,CHAPTER 84,harpoon,0.09
3140534,CHAPTER 84,hand,0.08
3151617,CHAPTER 84,stands,0.08
3151716,CHAPTER 84,steel,0.08
3152550,CHAPTER 84,sword,0.08
3152714,CHAPTER 84,tashtego,0.08
3131933,CHAPTER 84,axles,0.07
3132800,CHAPTER 84,boasts,0.07
3133103,CHAPTER 84,brew,0.07
3133521,CHAPTER 84,canakin,0.07
3136548,CHAPTER 84,dexterities,0.07
3136954,CHAPTER 84,distance,0.07
3138062,CHAPTER 84,equanimity,0.07
3138276,CHAPTER 84,excel,0.07
3138686,CHAPTER 84,fast,0.07
3138805,CHAPTER 84,feet,0.07
3139212,CHAPTER 84,flying,0.07
3140286,CHAPTER 84,greyhound,0.07
3143305,CHAPTER 84,leash,0.07
3143697,CHAPTER 84,long,0.07
3144163,CHAPTER 84,manœuvre,0.07
3144858,CHAPTER 84,monongahela,0.07
3146975,CHAPTER 84,pitchpoled,0.07
3146976,CHAPTER 84,pitchpoler,0.07
3148108,CHAPTER 84,quaff,0.07
3150861,CHAPTER 84,sleights,0.07
3151371,CHAPTER 84,spigot,0.07
3152133,CHAPTER 84,subtleties,0.07
3155611,CHAPTER 84,whiskey,0.07
3155624,CHAPTER 84,whistlingly,0.07
3130563,CHAPTER 84,accurately,0.06
3130612,CHAPTER 84,actium,0.06
3130878,CHAPTER 84,agonized,0.06
3131150,CHAPTER 84,analogous,0.06
3131239,CHAPTER 84,anointed,0.06
3131240,CHAPTER 84,anointing,0.06
3132006,CHAPTER 84,balanced,0.06
3132008,CHAPTER 84,balancing,0.06
3132011,CHAPTER 84,bald,0.06
3132125,CHAPTER 84,barges,0.06
3133035,CHAPTER 84,bravely,0.06
3133395,CHAPTER 84,butt,0.06
3133672,CHAPTER 84,carriages,0.06
3134340,CHAPTER 84,cleopatra,0.06
3135138,CHAPTER 84,contemptible,0.06
3135285,CHAPTER 84,coolness,0.06
3135652,CHAPTER 84,crop,0.06
3136346,CHAPTER 84,depresses,0.06
3136516,CHAPTER 84,devices,0.06
3136685,CHAPTER 84,direst,0.06
3137221,CHAPTER 84,drawbacks,0.06
3137304,CHAPTER 84,drove,0.06
3137646,CHAPTER 84,elevating,0.06
3137735,CHAPTER 84,emergencies,0.06
3138344,CHAPTER 84,exercises,0.06
3138349,CHAPTER 84,exertion,0.06
3138505,CHAPTER 84,extract,0.06
3139094,CHAPTER 84,fleecy,0.06
3139100,CHAPTER 84,fleetness,0.06
3139199,CHAPTER 84,flurry,0.06
3139217,CHAPTER 84,foaming,0.06
3139437,CHAPTER 84,fountains,0.06
3139789,CHAPTER 84,gathers,0.06
3140249,CHAPTER 84,grease,0.06
3141195,CHAPTER 84,hostile,0.06
3141575,CHAPTER 84,imperative,0.06
3141681,CHAPTER 84,impulse,0.06
3142474,CHAPTER 84,inveterate,0.06
3142838,CHAPTER 84,juggler,0.06
3142849,CHAPTER 84,july,0.06
3142860,CHAPTER 84,jungfrau,0.06
3143199,CHAPTER 84,later,0.06
3143420,CHAPTER 84,levels,0.06
3145126,CHAPTER 84,mutely,0.06
3145671,CHAPTER 84,occupation,0.06
3145748,CHAPTER 84,ohio,0.06
3145749,CHAPTER 84,oil,0.06
3145908,CHAPTER 84,orleans,0.06
3146643,CHAPTER 84,perform,0.06
3147049,CHAPTER 84,planting,0.06
3147473,CHAPTER 84,precipitancy,0.06
3147565,CHAPTER 84,presentiment,0.06
3148123,CHAPTER 84,qualified,0.06
3148208,CHAPTER 84,quivers,0.06
3149537,CHAPTER 84,run,0.06
3150767,CHAPTER 84,skilful,0.06
3150881,CHAPTER 84,slighter,0.06
3151271,CHAPTER 84,spans,0.06
3151889,CHAPTER 84,strainings,0.06
3152275,CHAPTER 84,superb,0.06
3153222,CHAPTER 84,today,0.06
3154014,CHAPTER 84,unctuousness,0.06
3154292,CHAPTER 84,unintermitted,0.06
3154676,CHAPTER 84,unwarranted,0.06
3155239,CHAPTER 84,waistband,0.06
3155917,CHAPTER 84,wrapt,0.06
3130743,CHAPTER 84,advantage,0.05
3131451,CHAPTER 84,arch,0.05
3132375,CHAPTER 84,believed,0.05
3132965,CHAPTER 84,bowl,0.05
3133482,CHAPTER 84,called,0.05
3134086,CHAPTER 84,chin,0.05
3134113,CHAPTER 84,choice,0.05
3134520,CHAPTER 84,coil,0.05
3134737,CHAPTER 84,compared,0.05
3135435,CHAPTER 84,countless,0.05
3135473,CHAPTER 84,covering,0.05
3135548,CHAPTER 84,crawling,0.05
3136195,CHAPTER 84,deliberate,0.05
3136550,CHAPTER 84,dexterous,0.05
3136638,CHAPTER 84,diligently,0.05
3136878,CHAPTER 84,disordered,0.05
3137162,CHAPTER 84,doubted,0.05
3137472,CHAPTER 84,easily,0.05
3137829,CHAPTER 84,end,0.05
3138208,CHAPTER 84,event,0.05
3138271,CHAPTER 84,exceed,0.05
3138773,CHAPTER 84,feature,0.05
3139052,CHAPTER 84,flank,0.05
3139089,CHAPTER 84,fled,0.05
3139240,CHAPTER 84,folds,0.05
3139324,CHAPTER 84,foremost,0.05
3139440,CHAPTER 84,fourth,0.05
3139638,CHAPTER 84,furious,0.05
3139730,CHAPTER 84,gamesome,0.05
3139880,CHAPTER 84,german,0.05
3139969,CHAPTER 84,glancing,0.05
3140207,CHAPTER 84,grasp,0.05
3140551,CHAPTER 84,handling,0.05
3140617,CHAPTER 84,harm,0.05
3140688,CHAPTER 84,haul,0.05
3140689,CHAPTER 84,hauled,0.05
3140739,CHAPTER 84,headway,0.05
3141154,CHAPTER 84,horizontal,0.05
3141292,CHAPTER 84,humorous,0.05
3141765,CHAPTER 84,included,0.05
3141951,CHAPTER 84,inevitably,0.05
3141987,CHAPTER 84,inferior,0.05
3142250,CHAPTER 84,insure,0.05
3142526,CHAPTER 84,iron,0.05
3142693,CHAPTER 84,jerking,0.05
3143484,CHAPTER 84,lighter,0.05
3143488,CHAPTER 84,lightly,0.05
3143749,CHAPTER 84,lose,0.05
3144042,CHAPTER 84,make,0.05
3144302,CHAPTER 84,material,0.05
3144637,CHAPTER 84,minds,0.05
3145581,CHAPTER 84,obedience,0.05
3145757,CHAPTER 84,old,0.05
3145816,CHAPTER 84,operation,0.05
3146189,CHAPTER 84,palm,0.05
3146926,CHAPTER 84,pine,0.05
3147699,CHAPTER 84,procedure,0.05
3148070,CHAPTER 84,pursued,0.05
3148335,CHAPTER 84,rapid,0.05
3149118,CHAPTER 84,returning,0.05
3149367,CHAPTER 84,rocking,0.05
3149481,CHAPTER 84,rubbing,0.05
3150810,CHAPTER 84,slackened,0.05
3150874,CHAPTER 84,slide,0.05
3150877,CHAPTER 84,sliding,0.05
3151278,CHAPTER 84,sparkling,0.05
3151303,CHAPTER 84,specially,0.05
3151696,CHAPTER 84,steadily,0.05
3152143,CHAPTER 84,succeeded,0.05
3152148,CHAPTER 84,successful,0.05
3153044,CHAPTER 84,thrice,0.05
3153372,CHAPTER 84,towing,0.05
3153767,CHAPTER 84,twice,0.05
3154398,CHAPTER 84,unobstructed,0.05
3154581,CHAPTER 84,unspeakable,0.05
3154730,CHAPTER 84,upright,0.05
3154942,CHAPTER 84,verily,0.05
3154979,CHAPTER 84,veteran,0.05
3155079,CHAPTER 84,violently,0.05
3155429,CHAPTER 84,weapon,0.05
3155531,CHAPTER 84,whalers,0.05
3130549,CHAPTER 84,account,0.04
3130636,CHAPTER 84,added,0.04
3130899,CHAPTER 84,ahead,0.04
3130983,CHAPTER 84,alive,0.04
3131713,CHAPTER 84,astern,0.04
3133139,CHAPTER 84,bright,0.04
3135048,CHAPTER 84,considerable,0.04
3135055,CHAPTER 84,considering,0.04
3135146,CHAPTER 84,content,0.04
3135169,CHAPTER 84,continued,0.04
3135826,CHAPTER 84,customary,0.04
3135950,CHAPTER 84,dart,0.04
3135952,CHAPTER 84,darting,0.04
3136592,CHAPTER 84,die,0.04
3136701,CHAPTER 84,disappeared,0.04
3137273,CHAPTER 84,drink,0.04
3137297,CHAPTER 84,dropping,0.04
3137553,CHAPTER 84,effect,0.04
3138250,CHAPTER 84,exactly,0.04
3138514,CHAPTER 84,extreme,0.04
3138592,CHAPTER 84,fairly,0.04
3139215,CHAPTER 84,foam,0.04
3139293,CHAPTER 84,forced,0.04
3139489,CHAPTER 84,free,0.04
3139515,CHAPTER 84,frequently,0.04
3139650,CHAPTER 84,furnished,0.04
3140252,CHAPTER 84,greater,0.04
3140487,CHAPTER 84,hair,0.04
3140779,CHAPTER 84,hearts,0.04
3140839,CHAPTER 84,held,0.04
3141309,CHAPTER 84,hung,0.04
3141523,CHAPTER 84,immortal,0.04
3141620,CHAPTER 84,important,0.04
3141632,CHAPTER 84,impossible,0.04
3141886,CHAPTER 84,indispensable,0.04
3142212,CHAPTER 84,instead,0.04
3142703,CHAPTER 84,jet,0.04
3142892,CHAPTER 84,keel,0.04
3143076,CHAPTER 84,lad,0.04
3143674,CHAPTER 84,lofty,0.04
3143709,CHAPTER 84,look,0.04
3144276,CHAPTER 84,master,0.04
3144465,CHAPTER 84,mention,0.04
3144567,CHAPTER 84,middle,0.04
3145183,CHAPTER 84,nameless,0.04
3145466,CHAPTER 84,noon,0.04
3146154,CHAPTER 84,pains,0.04
3147047,CHAPTER 84,planted,0.04
3147071,CHAPTER 84,play,0.04
3147343,CHAPTER 84,possibly,0.04
3148276,CHAPTER 84,raised,0.04
3148769,CHAPTER 84,remain,0.04
3148863,CHAPTER 84,repeated,0.04
3150061,CHAPTER 84,secure,0.04
3150086,CHAPTER 84,seeking,0.04
3150115,CHAPTER 84,seldom,0.04
3150435,CHAPTER 84,ship,0.04
3150950,CHAPTER 84,small,0.04
3151171,CHAPTER 84,somewhat,0.04
3151187,CHAPTER 84,sooner,0.04
3151227,CHAPTER 84,sounding,0.04
3151476,CHAPTER 84,spot,0.04
3151481,CHAPTER 84,spout,0.04
3151488,CHAPTER 84,spouts,0.04
3151496,CHAPTER 84,spread,0.04
3151940,CHAPTER 84,stricken,0.04
3151985,CHAPTER 84,strongly,0.04
3152023,CHAPTER 84,stuff,0.04
3152465,CHAPTER 84,swam,0.04
3152521,CHAPTER 84,swift,0.04
3152523,CHAPTER 84,swiftly,0.04
3152647,CHAPTER 84,talk,0.04
3152973,CHAPTER 84,thing,0.04
3153194,CHAPTER 84,tis,0.04
3153338,CHAPTER 84,tossed,0.04
3153365,CHAPTER 84,tow,0.04
3155378,CHAPTER 84,watches,0.04
3155387,CHAPTER 84,water,0.04
3155484,CHAPTER 84,weight,0.04
3155723,CHAPTER 84,wine,0.04
3155816,CHAPTER 84,wonderful,0.04
3155833,CHAPTER 84,wood,0.04
3155864,CHAPTER 84,working,0.04
3156041,CHAPTER 84,yea,0.04
3132741,CHAPTER 84,blood,0.03
3132806,CHAPTER 84,boats,0.03
3132956,CHAPTER 84,bow,0.03
3133178,CHAPTER 84,broad,0.03
3134634,CHAPTER 84,comes,0.03
3135512,CHAPTER 84,craft,0.03
3135603,CHAPTER 84,cried,0.03
3135951,CHAPTER 84,darted,0.03
3137994,CHAPTER 84,entire,0.03
3138559,CHAPTER 84,fact,0.03
3138957,CHAPTER 84,fine,0.03
3139827,CHAPTER 84,general,0.03
3140083,CHAPTER 84,goes,0.03
3140089,CHAPTER 84,going,0.03
3140176,CHAPTER 84,grand,0.03
3141050,CHAPTER 84,hold,0.03
3141055,CHAPTER 84,holding,0.03
3141058,CHAPTER 84,hole,0.03
3143310,CHAPTER 84,leaving,0.03
3143498,CHAPTER 84,like,0.03
3143530,CHAPTER 84,line,0.03
3143594,CHAPTER 84,live,0.03
3143610,CHAPTER 84,living,0.03
3144825,CHAPTER 84,moment,0.03
3144869,CHAPTER 84,monster,0.03
3144931,CHAPTER 84,morning,0.03
3145591,CHAPTER 84,object,0.03
3146340,CHAPTER 84,particular,0.03
3147182,CHAPTER 84,point,0.03
3148056,CHAPTER 84,purpose,0.03
3148152,CHAPTER 84,queequeg,0.03
3148561,CHAPTER 84,red,0.03
3148771,CHAPTER 84,remained,0.03
3149050,CHAPTER 84,rest,0.03
3149416,CHAPTER 84,rope,0.03
3149540,CHAPTER 84,running,0.03
3149618,CHAPTER 84,sailed,0.03
3151878,CHAPTER 84,straight,0.03
3153281,CHAPTER 84,took,0.03
3153737,CHAPTER 84,turned,0.03
3155023,CHAPTER 84,view,0.03
3155528,CHAPTER 84,whaleman,0.03
3155826,CHAPTER 84,wondrous,0.03
3130911,CHAPTER 84,air,0.02
3136588,CHAPTER 84,did,0.02
3140251,CHAPTER 84,great,0.02
3140553,CHAPTER 84,hands,0.02
3143469,CHAPTER 84,life,0.02
3144083,CHAPTER 84,man,0.02
3149442,CHAPTER 84,round,0.02
3151186,CHAPTER 84,soon,0.02
3153139,CHAPTER 84,till,0.02
3155413,CHAPTER 84,way,0.02
3155532,CHAPTER 84,whales,0.02
3156040,CHAPTER 84,ye,0.02
