,chapter,term,tfidf
606898,CHAPTER 119,thou,0.31
605512,CHAPTER 119,starbuck,0.19
606985,CHAPTER 119,thy,0.19
589239,CHAPTER 119,corpusants,0.18
597378,CHAPTER 119,lightning,0.18
606816,CHAPTER 119,thee,0.16
592936,CHAPTER 119,flames,0.15
584782,CHAPTER 119,ahab,0.13
589491,CHAPTER 119,cried,0.13
599635,CHAPTER 119,oh,0.13
605888,CHAPTER 119,stubb,0.11
597437,CHAPTER 119,links,0.1
592935,CHAPTER 119,flame,0.09
593624,CHAPTER 119,gamy,0.09
594937,CHAPTER 119,hoky,0.09
596588,CHAPTER 119,jesty,0.09
596657,CHAPTER 119,joky,0.09
598371,CHAPTER 119,mercy,0.09
601089,CHAPTER 119,poky,0.09
603262,CHAPTER 119,rods,0.09
605361,CHAPTER 119,sporty,0.09
586689,CHAPTER 119,boat,0.08
587248,CHAPTER 119,burning,0.08
597180,CHAPTER 119,leap,0.08
598179,CHAPTER 119,masts,0.08
604581,CHAPTER 119,sing,0.08
606974,CHAPTER 119,thunder,0.08
584925,CHAPTER 119,aloft,0.07
587246,CHAPTER 119,burned,0.07
588210,CHAPTER 119,clear,0.07
592424,CHAPTER 119,eyes,0.07
592949,CHAPTER 119,flashes,0.07
593522,CHAPTER 119,funny,0.07
596915,CHAPTER 119,knowest,0.07
597386,CHAPTER 119,like,0.07
605297,CHAPTER 119,spirit,0.07
605756,CHAPTER 119,stove,0.07
607691,CHAPTER 119,typhoon,0.07
609928,CHAPTER 119,ye,0.07
586558,CHAPTER 119,blast,0.06
587454,CHAPTER 119,canst,0.06
589834,CHAPTER 119,darkness,0.06
597222,CHAPTER 119,left,0.06
597287,CHAPTER 119,let,0.06
597368,CHAPTER 119,light,0.06
597597,CHAPTER 119,look,0.06
597971,CHAPTER 119,man,0.06
598349,CHAPTER 119,mene,0.06
598916,CHAPTER 119,mr,0.06
600075,CHAPTER 119,pallidness,0.06
600606,CHAPTER 119,personality,0.06
600888,CHAPTER 119,placeless,0.06
603259,CHAPTER 119,rod,0.06
603885,CHAPTER 119,sea,0.06
607451,CHAPTER 119,tri,0.06
609770,CHAPTER 119,worship,0.06
584459,CHAPTER 119,ache,0.05
586922,CHAPTER 119,brave,0.05
587371,CHAPTER 119,callest,0.05
589960,CHAPTER 119,deck,0.05
590748,CHAPTER 119,dismay,0.05
591183,CHAPTER 119,drop,0.05
591964,CHAPTER 119,er,0.05
593017,CHAPTER 119,flip,0.05
593582,CHAPTER 119,gale,0.05
593806,CHAPTER 119,gigantic,0.05
594540,CHAPTER 119,hast,0.05
595336,CHAPTER 119,ill,0.05
596914,CHAPTER 119,know,0.05
596964,CHAPTER 119,lad,0.05
599465,CHAPTER 119,oaths,0.05
603136,CHAPTER 119,rigging,0.05
603301,CHAPTER 119,rooted,0.05
603502,CHAPTER 119,said,0.05
604687,CHAPTER 119,sky,0.05
606986,CHAPTER 119,thyself,0.05
607075,CHAPTER 119,tipped,0.05
609514,CHAPTER 119,white,0.05
609594,CHAPTER 119,wind,0.05
609743,CHAPTER 119,words,0.05
585762,CHAPTER 119,avast,0.04
585863,CHAPTER 119,bad,0.04
587245,CHAPTER 119,burn,0.04
587394,CHAPTER 119,came,0.04
589847,CHAPTER 119,dashing,0.04
591690,CHAPTER 119,enchanted,0.04
592476,CHAPTER 119,fair,0.04
593857,CHAPTER 119,glancing,0.04
594422,CHAPTER 119,hand,0.04
594517,CHAPTER 119,harpoon,0.04
594558,CHAPTER 119,hate,0.04
594641,CHAPTER 119,heard,0.04
594716,CHAPTER 119,height,0.04
594834,CHAPTER 119,high,0.04
596158,CHAPTER 119,intended,0.04
597067,CHAPTER 119,lashing,0.04
597183,CHAPTER 119,leaping,0.04
597913,CHAPTER 119,mainmast,0.04
598085,CHAPTER 119,mark,0.04
598713,CHAPTER 119,moment,0.04
599571,CHAPTER 119,ocean,0.04
599645,CHAPTER 119,old,0.04
599902,CHAPTER 119,overboard,0.04
600060,CHAPTER 119,pale,0.04
600204,CHAPTER 119,parsee,0.04
601295,CHAPTER 119,power,0.04
605065,CHAPTER 119,song,0.04
605225,CHAPTER 119,speechless,0.04
606053,CHAPTER 119,suddenly,0.04
606571,CHAPTER 119,tapering,0.04
606692,CHAPTER 119,tempest,0.04
606860,CHAPTER 119,thine,0.04
606932,CHAPTER 119,thrice,0.04
609301,CHAPTER 119,way,0.04
609587,CHAPTER 119,wilt,0.04
609746,CHAPTER 119,work,0.04
609949,CHAPTER 119,yes,0.04
584098,CHAPTER 119,_sings_,0.03
584141,CHAPTER 119,_sudden,0.03
584587,CHAPTER 119,admonished,0.03
585420,CHAPTER 119,arms,0.03
585464,CHAPTER 119,art,0.03
586220,CHAPTER 119,beginning,0.03
586325,CHAPTER 119,bengal,0.03
586460,CHAPTER 119,binding,0.03
586563,CHAPTER 119,blazed,0.03
586604,CHAPTER 119,blindfold,0.03
586738,CHAPTER 119,bomb,0.03
586844,CHAPTER 119,bow,0.03
587573,CHAPTER 119,carry,0.03
587657,CHAPTER 119,caught,0.03
587999,CHAPTER 119,chock,0.03
588283,CHAPTER 119,closes,0.03
588301,CHAPTER 119,cloudless,0.03
588405,CHAPTER 119,cohered,0.03
588516,CHAPTER 119,come,0.03
588522,CHAPTER 119,comes,0.03
588802,CHAPTER 119,conductor,0.03
588970,CHAPTER 119,constellation,0.03
589338,CHAPTER 119,course,0.03
589410,CHAPTER 119,cranes,0.03
589456,CHAPTER 119,creativeness,0.03
589486,CHAPTER 119,crew,0.03
589557,CHAPTER 119,crouches,0.03
589581,CHAPTER 119,cruellest,0.03
589626,CHAPTER 119,cuba,0.03
589826,CHAPTER 119,dark,0.03
589878,CHAPTER 119,dazed,0.03
590059,CHAPTER 119,defyingly,0.03
590573,CHAPTER 119,direst,0.03
590581,CHAPTER 119,disabled,0.03
590811,CHAPTER 119,dispute,0.03
591072,CHAPTER 119,doxology,0.03
591460,CHAPTER 119,effulgent,0.03
591501,CHAPTER 119,elbowed,0.03
591547,CHAPTER 119,elm,0.03
591673,CHAPTER 119,en,0.03
591717,CHAPTER 119,end,0.03
592336,CHAPTER 119,exploding,0.03
592388,CHAPTER 119,extinguished,0.03
592468,CHAPTER 119,fain,0.03
592538,CHAPTER 119,fangs,0.03
592803,CHAPTER 119,fiery,0.03
592811,CHAPTER 119,fight,0.03
592878,CHAPTER 119,firmer,0.03
592934,CHAPTER 119,flambeaux,0.03
593058,CHAPTER 119,flourishin,0.03
593095,CHAPTER 119,fluttering,0.03
593099,CHAPTER 119,flyin,0.03
593104,CHAPTER 119,foamin,0.03
593322,CHAPTER 119,foundling,0.03
593464,CHAPTER 119,fronts,0.03
593713,CHAPTER 119,genealogy,0.03
593871,CHAPTER 119,gleaming,0.03
593890,CHAPTER 119,glimmer,0.03
593962,CHAPTER 119,god,0.03
593989,CHAPTER 119,good,0.03
594516,CHAPTER 119,harp,0.03
594727,CHAPTER 119,held,0.03
594770,CHAPTER 119,herculaneum,0.03
594859,CHAPTER 119,himmalehs,0.03
594978,CHAPTER 119,homewards,0.03
595026,CHAPTER 119,hope,0.03
595453,CHAPTER 119,impeding,0.03
595476,CHAPTER 119,impersonal,0.03
595530,CHAPTER 119,imprecate,0.03
596094,CHAPTER 119,instant,0.03
596193,CHAPTER 119,interfering,0.03
596550,CHAPTER 119,javelins,0.03
596653,CHAPTER 119,joker,0.03
596762,CHAPTER 119,just,0.03
596861,CHAPTER 119,kiss,0.03
596879,CHAPTER 119,kneel,0.03
597112,CHAPTER 119,launchest,0.03
597182,CHAPTER 119,leapest,0.03
597343,CHAPTER 119,lick,0.03
597371,CHAPTER 119,lightens,0.03
597435,CHAPTER 119,link,0.03
597614,CHAPTER 119,loose,0.03
597662,CHAPTER 119,love,0.03
597842,CHAPTER 119,madest,0.03
597845,CHAPTER 119,madman,0.03
598087,CHAPTER 119,markest,0.03
598172,CHAPTER 119,mastery,0.03
598336,CHAPTER 119,men,0.03
598597,CHAPTER 119,mishaps,0.03
599023,CHAPTER 119,mutinous,0.03
599210,CHAPTER 119,neighborhood,0.03
599425,CHAPTER 119,numbed,0.03
599749,CHAPTER 119,orchard,0.03
599917,CHAPTER 119,overhanging,0.03
599925,CHAPTER 119,overhearing,0.03
600036,CHAPTER 119,pain,0.03
600069,CHAPTER 119,pall,0.03
600076,CHAPTER 119,pallor,0.03
600374,CHAPTER 119,peals,0.03
600461,CHAPTER 119,pendulous,0.03
600660,CHAPTER 119,petrified,0.03
600710,CHAPTER 119,phosphorescence,0.03
600904,CHAPTER 119,plain,0.03
601072,CHAPTER 119,pointed,0.03
601093,CHAPTER 119,poled,0.03
601570,CHAPTER 119,privileges,0.03
601674,CHAPTER 119,projected,0.03
602026,CHAPTER 119,quarter,0.03
602038,CHAPTER 119,queenly,0.03
602464,CHAPTER 119,redoubled,0.03
602659,CHAPTER 119,remained,0.03
602925,CHAPTER 119,resplendent,0.03
603138,CHAPTER 119,right,0.03
603272,CHAPTER 119,rolling,0.03
603425,CHAPTER 119,run,0.03
603470,CHAPTER 119,sacramental,0.03
603613,CHAPTER 119,satanic,0.03
603988,CHAPTER 119,seething,0.03
604105,CHAPTER 119,serpent,0.03
604384,CHAPTER 119,shortest,0.03
604431,CHAPTER 119,shrinking,0.03
604459,CHAPTER 119,shutter,0.03
604500,CHAPTER 119,sieve,0.03
604837,CHAPTER 119,smacks,0.03
605251,CHAPTER 119,spiced,0.03
605253,CHAPTER 119,spicin,0.03
605295,CHAPTER 119,spire,0.03
605327,CHAPTER 119,splits,0.03
605352,CHAPTER 119,sport,0.03
605524,CHAPTER 119,start,0.03
605563,CHAPTER 119,stature,0.03
605640,CHAPTER 119,stern,0.03
605927,CHAPTER 119,stunning,0.03
606108,CHAPTER 119,sulphurous,0.03
606194,CHAPTER 119,supernal,0.03
606198,CHAPTER 119,supernaturalness,0.03
606369,CHAPTER 119,swashing,0.03
606390,CHAPTER 119,sweeps,0.03
606487,CHAPTER 119,tableau,0.03
606614,CHAPTER 119,tastin,0.03
606666,CHAPTER 119,teeter,0.03
606668,CHAPTER 119,teetering,0.03
606669,CHAPTER 119,teeth,0.03
606672,CHAPTER 119,tekel,0.03
606866,CHAPTER 119,thinkest,0.03
606976,CHAPTER 119,thunderbolts,0.03
606981,CHAPTER 119,thunders,0.03
607193,CHAPTER 119,topsail,0.03
607196,CHAPTER 119,torch,0.03
607342,CHAPTER 119,transfix,0.03
607485,CHAPTER 119,trinity,0.03
607605,CHAPTER 119,tune,0.03
607783,CHAPTER 119,unbegotten,0.03
607784,CHAPTER 119,unbegun,0.03
608171,CHAPTER 119,unintegral,0.03
608306,CHAPTER 119,unparticipated,0.03
608412,CHAPTER 119,unsafe,0.03
608492,CHAPTER 119,unsuffusing,0.03
608599,CHAPTER 119,upcast,0.03
608602,CHAPTER 119,upharsin,0.03
609045,CHAPTER 119,volley,0.03
609184,CHAPTER 119,waned,0.03
609220,CHAPTER 119,warmest,0.03
609255,CHAPTER 119,wasps,0.03
609308,CHAPTER 119,weaker,0.03
609409,CHAPTER 119,whale,0.03
609449,CHAPTER 119,whencesoe,0.03
609454,CHAPTER 119,wheresoe,0.03
609609,CHAPTER 119,windward,0.03
609757,CHAPTER 119,world,0.03
609861,CHAPTER 119,wrung,0.03
609912,CHAPTER 119,yard,0.03
584531,CHAPTER 119,additional,0.02
584719,CHAPTER 119,aft,0.02
584751,CHAPTER 119,aghast,0.02
584770,CHAPTER 119,agony,0.02
584787,CHAPTER 119,ahead,0.02
584936,CHAPTER 119,altar,0.02
585067,CHAPTER 119,andes,0.02
585192,CHAPTER 119,anybody,0.02
585346,CHAPTER 119,arched,0.02
585407,CHAPTER 119,arm,0.02
585449,CHAPTER 119,arrested,0.02
585513,CHAPTER 119,ashes,0.02
585689,CHAPTER 119,attitudes,0.02
585783,CHAPTER 119,avoid,0.02
585800,CHAPTER 119,away,0.02
585824,CHAPTER 119,aye,0.02
585856,CHAPTER 119,backward,0.02
585922,CHAPTER 119,balls,0.02
585985,CHAPTER 119,barb,0.02
586002,CHAPTER 119,bare,0.02
586046,CHAPTER 119,base,0.02
586062,CHAPTER 119,basket,0.02
586136,CHAPTER 119,beat,0.02
586137,CHAPTER 119,beaten,0.02
586142,CHAPTER 119,beats,0.02
586197,CHAPTER 119,befallen,0.02
586228,CHAPTER 119,begun,0.02
586235,CHAPTER 119,beheaded,0.02
586237,CHAPTER 119,beheld,0.02
586397,CHAPTER 119,better,0.02
586516,CHAPTER 119,blackness,0.02
586601,CHAPTER 119,blind,0.02
586620,CHAPTER 119,block,0.02
586646,CHAPTER 119,blow,0.02
586712,CHAPTER 119,body,0.02
586822,CHAPTER 119,bound,0.02
586846,CHAPTER 119,bowed,0.02
586847,CHAPTER 119,bowels,0.02
586880,CHAPTER 119,braces,0.02
586898,CHAPTER 119,brain,0.02
586962,CHAPTER 119,breath,0.02
586963,CHAPTER 119,breathe,0.02
587256,CHAPTER 119,burst,0.02
587426,CHAPTER 119,candles,0.02
587463,CHAPTER 119,canvas,0.02
587664,CHAPTER 119,caused,0.02
587681,CHAPTER 119,cease,0.02
587683,CHAPTER 119,ceaseless,0.02
587739,CHAPTER 119,certainly,0.02
587759,CHAPTER 119,chains,0.02
587954,CHAPTER 119,child,0.02
588253,CHAPTER 119,climes,0.02
588298,CHAPTER 119,cloud,0.02
588324,CHAPTER 119,cluster,0.02
588799,CHAPTER 119,conduct,0.02
588936,CHAPTER 119,considerable,0.02
588960,CHAPTER 119,conspicuous,0.02
588969,CHAPTER 119,constantly,0.02
588996,CHAPTER 119,consume,0.02
589008,CHAPTER 119,contact,0.02
589057,CHAPTER 119,continued,0.02
589088,CHAPTER 119,contribute,0.02
589199,CHAPTER 119,cordage,0.02
589368,CHAPTER 119,coward,0.02
589552,CHAPTER 119,crotch,0.02
589579,CHAPTER 119,cruel,0.02
589690,CHAPTER 119,curses,0.02
589759,CHAPTER 119,daggoo,0.02
589838,CHAPTER 119,dart,0.02
589840,CHAPTER 119,darting,0.02
589870,CHAPTER 119,day,0.02
589887,CHAPTER 119,deadliest,0.02
589964,CHAPTER 119,decks,0.02
590029,CHAPTER 119,defiance,0.02
590241,CHAPTER 119,depth,0.02
590264,CHAPTER 119,descend,0.02
590476,CHAPTER 119,did,0.02
590538,CHAPTER 119,dimly,0.02
590566,CHAPTER 119,directing,0.02
590569,CHAPTER 119,directly,0.02
590597,CHAPTER 119,disaster,0.02
591017,CHAPTER 119,doom,0.02
591046,CHAPTER 119,doubloon,0.02
591166,CHAPTER 119,dripping,0.02
591168,CHAPTER 119,drive,0.02
591180,CHAPTER 119,drooping,0.02
591350,CHAPTER 119,earthly,0.02
591351,CHAPTER 119,earthquake,0.02
591366,CHAPTER 119,eastward,0.02
591707,CHAPTER 119,encounters,0.02
591766,CHAPTER 119,engaged,0.02
591970,CHAPTER 119,erect,0.02
592001,CHAPTER 119,escape,0.02
592055,CHAPTER 119,eternity,0.02
592093,CHAPTER 119,evening,0.02
592416,CHAPTER 119,eye,0.02
592439,CHAPTER 119,faces,0.02
592600,CHAPTER 119,father,0.02
592639,CHAPTER 119,fear,0.02
592645,CHAPTER 119,fearless,0.02
592691,CHAPTER 119,feels,0.02
592706,CHAPTER 119,fell,0.02
592843,CHAPTER 119,finding,0.02
592851,CHAPTER 119,finger,0.02
592880,CHAPTER 119,firmly,0.02
592937,CHAPTER 119,flaming,0.02
592947,CHAPTER 119,flash,0.02
593076,CHAPTER 119,fluid,0.02
593085,CHAPTER 119,flung,0.02
593098,CHAPTER 119,fly,0.02
593141,CHAPTER 119,following,0.02
593149,CHAPTER 119,fool,0.02
593151,CHAPTER 119,foolish,0.02
593171,CHAPTER 119,forbear,0.02
593185,CHAPTER 119,fore,0.02
593191,CHAPTER 119,forecastle,0.02
593239,CHAPTER 119,forged,0.02
593258,CHAPTER 119,forked,0.02
593391,CHAPTER 119,freighted,0.02
593506,CHAPTER 119,fun,0.02
593551,CHAPTER 119,fury,0.02
593664,CHAPTER 119,gasp,0.02
593790,CHAPTER 119,ghostly,0.02
593859,CHAPTER 119,glare,0.02
593870,CHAPTER 119,gleamed,0.02
593919,CHAPTER 119,glory,0.02
593977,CHAPTER 119,going,0.02
594002,CHAPTER 119,gorgeous,0.02
594096,CHAPTER 119,grasped,0.02
594139,CHAPTER 119,great,0.02
594140,CHAPTER 119,greater,0.02
594177,CHAPTER 119,grief,0.02
594219,CHAPTER 119,grope,0.02
594222,CHAPTER 119,groping,0.02
594241,CHAPTER 119,groves,0.02
594314,CHAPTER 119,gunwale,0.02
594384,CHAPTER 119,half,0.02
594411,CHAPTER 119,hammers,0.02
594415,CHAPTER 119,hamper,0.02
594575,CHAPTER 119,haughty,0.02
594577,CHAPTER 119,hauled,0.02
594611,CHAPTER 119,head,0.02
594653,CHAPTER 119,heart,0.02
594678,CHAPTER 119,heaved,0.02
594704,CHAPTER 119,heedless,0.02
594788,CHAPTER 119,hermit,0.02
594835,CHAPTER 119,higher,0.02
594836,CHAPTER 119,highest,0.02
594936,CHAPTER 119,hoisting,0.02
594938,CHAPTER 119,hold,0.02
594968,CHAPTER 119,homage,0.02
594977,CHAPTER 119,homeward,0.02
595101,CHAPTER 119,household,0.02
595197,CHAPTER 119,hung,0.02
595202,CHAPTER 119,hunt,0.02
595219,CHAPTER 119,hurricane,0.02
595398,CHAPTER 119,immediately,0.02
595399,CHAPTER 119,immemorial,0.02
595667,CHAPTER 119,incommunicable,0.02
595756,CHAPTER 119,indifferent,0.02
596099,CHAPTER 119,instantly,0.02
596290,CHAPTER 119,intricate,0.02
596529,CHAPTER 119,jammed,0.02
596533,CHAPTER 119,japanese,0.02
596591,CHAPTER 119,jet,0.02
596661,CHAPTER 119,jolly,0.02
596741,CHAPTER 119,jump,0.02
596784,CHAPTER 119,keen,0.02
596826,CHAPTER 119,kill,0.02
596827,CHAPTER 119,killed,0.02
596835,CHAPTER 119,kind,0.02
596846,CHAPTER 119,kindred,0.02
596881,CHAPTER 119,kneeling,0.02
596908,CHAPTER 119,knot,0.02
596978,CHAPTER 119,laid,0.02
597004,CHAPTER 119,lances,0.02
597016,CHAPTER 119,lands,0.02
597065,CHAPTER 119,lashed,0.02
597101,CHAPTER 119,laugh,0.02
597185,CHAPTER 119,leaps,0.02
597194,CHAPTER 119,leather,0.02
597220,CHAPTER 119,leeward,0.02
597266,CHAPTER 119,lengthwise,0.02
597306,CHAPTER 119,levelled,0.02
597323,CHAPTER 119,liable,0.02
597351,CHAPTER 119,lies,0.02
597357,CHAPTER 119,life,0.02
597363,CHAPTER 119,lifted,0.02
597380,CHAPTER 119,lights,0.02
597448,CHAPTER 119,lips,0.02
597466,CHAPTER 119,lit,0.02
597477,CHAPTER 119,little,0.02
597495,CHAPTER 119,lives,0.02
597562,CHAPTER 119,lofty,0.02
597579,CHAPTER 119,lone,0.02
597585,CHAPTER 119,long,0.02
597608,CHAPTER 119,loomed,0.02
597684,CHAPTER 119,lowest,0.02
597702,CHAPTER 119,luck,0.02
597736,CHAPTER 119,lungs,0.02
597870,CHAPTER 119,magnanimous,0.02
598079,CHAPTER 119,mariner,0.02
598080,CHAPTER 119,mariners,0.02
598161,CHAPTER 119,mast,0.02
598270,CHAPTER 119,mechanical,0.02
598302,CHAPTER 119,meet,0.02
598466,CHAPTER 119,midst,0.02
598521,CHAPTER 119,mind,0.02
598849,CHAPTER 119,mother,0.02
599128,CHAPTER 119,naught,0.02
599136,CHAPTER 119,navies,0.02
599204,CHAPTER 119,negro,0.02
599354,CHAPTER 119,noon,0.02
599367,CHAPTER 119,northern,0.02
599426,CHAPTER 119,number,0.02
599439,CHAPTER 119,nurse,0.02
599464,CHAPTER 119,oath,0.02
599549,CHAPTER 119,occasion,0.02
599668,CHAPTER 119,omnipotent,0.02
599878,CHAPTER 119,outside,0.02
599922,CHAPTER 119,overhead,0.02
600042,CHAPTER 119,pains,0.02
600074,CHAPTER 119,pallid,0.02
600116,CHAPTER 119,panic,0.02
600214,CHAPTER 119,parted,0.02
600260,CHAPTER 119,passing,0.02
600296,CHAPTER 119,path,0.02
600360,CHAPTER 119,peace,0.02
600500,CHAPTER 119,pequod,0.02
600541,CHAPTER 119,perilous,0.02
600596,CHAPTER 119,persian,0.02
600609,CHAPTER 119,personified,0.02
600629,CHAPTER 119,perth,0.02
600879,CHAPTER 119,pivot,0.02
600959,CHAPTER 119,play,0.02
601070,CHAPTER 119,point,0.02
601076,CHAPTER 119,pointing,0.02
601232,CHAPTER 119,post,0.02
601475,CHAPTER 119,pressed,0.02
601501,CHAPTER 119,preternatural,0.02
601654,CHAPTER 119,profound,0.02
601692,CHAPTER 119,promise,0.02
601885,CHAPTER 119,pulse,0.02
601966,CHAPTER 119,pushed,0.02
601975,CHAPTER 119,puzzle,0.02
602053,CHAPTER 119,question,0.02
602144,CHAPTER 119,rags,0.02
602163,CHAPTER 119,raise,0.02
602164,CHAPTER 119,raised,0.02
602202,CHAPTER 119,ran,0.02
602271,CHAPTER 119,rattling,0.02
602300,CHAPTER 119,read,0.02
602303,CHAPTER 119,readily,0.02
602309,CHAPTER 119,real,0.02
602488,CHAPTER 119,reeling,0.02
602549,CHAPTER 119,regarding,0.02
602638,CHAPTER 119,relieved,0.02
602661,CHAPTER 119,remains,0.02
602716,CHAPTER 119,render,0.02
602751,CHAPTER 119,repeated,0.02
602837,CHAPTER 119,require,0.02
603012,CHAPTER 119,revealed,0.02
603032,CHAPTER 119,reverence,0.02
603113,CHAPTER 119,riddle,0.02
603146,CHAPTER 119,rights,0.02
603234,CHAPTER 119,roared,0.02
603359,CHAPTER 119,royal,0.02
603429,CHAPTER 119,runs,0.02
603593,CHAPTER 119,sap,0.02
603664,CHAPTER 119,saw,0.02
603677,CHAPTER 119,says,0.02
603708,CHAPTER 119,scar,0.02
603773,CHAPTER 119,scorched,0.02
603868,CHAPTER 119,scud,0.02
603912,CHAPTER 119,seas,0.02
603950,CHAPTER 119,secured,0.02
603952,CHAPTER 119,securing,0.02
604000,CHAPTER 119,seizing,0.02
604003,CHAPTER 119,seldom,0.02
604009,CHAPTER 119,self,0.02
604233,CHAPTER 119,shark,0.02
604260,CHAPTER 119,sheath,0.02
604280,CHAPTER 119,sheets,0.02
604306,CHAPTER 119,shifting,0.02
604323,CHAPTER 119,ship,0.02
604333,CHAPTER 119,ships,0.02
604372,CHAPTER 119,shore,0.02
604389,CHAPTER 119,shoulder,0.02
604404,CHAPTER 119,showed,0.02
604437,CHAPTER 119,shroud,0.02
604440,CHAPTER 119,shrouds,0.02
604505,CHAPTER 119,sight,0.02
604509,CHAPTER 119,sign,0.02
604535,CHAPTER 119,silent,0.02
604536,CHAPTER 119,silently,0.02
604583,CHAPTER 119,singing,0.02
604609,CHAPTER 119,sire,0.02
604641,CHAPTER 119,skeletons,0.02
604653,CHAPTER 119,skies,0.02
604684,CHAPTER 119,skull,0.02
604743,CHAPTER 119,sleepy,0.02
604750,CHAPTER 119,slender,0.02
604791,CHAPTER 119,slipping,0.02
604912,CHAPTER 119,snatching,0.02
604995,CHAPTER 119,soil,0.02
605037,CHAPTER 119,soliloquized,0.02
605108,CHAPTER 119,soul,0.02
605160,CHAPTER 119,spar,0.02
605241,CHAPTER 119,sperm,0.02
605242,CHAPTER 119,spermaceti,0.02
605300,CHAPTER 119,spirits,0.02
605326,CHAPTER 119,split,0.02
605334,CHAPTER 119,spoke,0.02
605389,CHAPTER 119,spring,0.02
605423,CHAPTER 119,square,0.02
605497,CHAPTER 119,stand,0.02
605503,CHAPTER 119,standing,0.02
605505,CHAPTER 119,stands,0.02
605523,CHAPTER 119,stars,0.02
605568,CHAPTER 119,stave,0.02
605604,CHAPTER 119,steel,0.02
605631,CHAPTER 119,stepping,0.02
605691,CHAPTER 119,stirs,0.02
605722,CHAPTER 119,stood,0.02
605729,CHAPTER 119,stop,0.02
605750,CHAPTER 119,storms,0.02
605816,CHAPTER 119,strength,0.02
605828,CHAPTER 119,stricken,0.02
605836,CHAPTER 119,strike,0.02
606378,CHAPTER 119,swear,0.02
606379,CHAPTER 119,swearing,0.02
606391,CHAPTER 119,sweet,0.02
606406,CHAPTER 119,swept,0.02
606445,CHAPTER 119,swung,0.02
606535,CHAPTER 119,talk,0.02
606540,CHAPTER 119,tall,0.02
606549,CHAPTER 119,tame,0.02
606572,CHAPTER 119,tapers,0.02
606602,CHAPTER 119,tashtego,0.02
606622,CHAPTER 119,tattooing,0.02
606769,CHAPTER 119,terror,0.02
606818,CHAPTER 119,theirs,0.02
606941,CHAPTER 119,throat,0.02
606961,CHAPTER 119,thrown,0.02
607015,CHAPTER 119,tiger,0.02
607082,CHAPTER 119,tis,0.02
607157,CHAPTER 119,tone,0.02
607162,CHAPTER 119,tongue,0.02
607206,CHAPTER 119,torn,0.02
607209,CHAPTER 119,tornadoes,0.02
607239,CHAPTER 119,touched,0.02
607260,CHAPTER 119,towing,0.02
607261,CHAPTER 119,town,0.02
607310,CHAPTER 119,trance,0.02
607427,CHAPTER 119,tree,0.02
607656,CHAPTER 119,twig,0.02
607873,CHAPTER 119,unconditional,0.02
607934,CHAPTER 119,understand,0.02
608613,CHAPTER 119,uplifted,0.02
608627,CHAPTER 119,upward,0.02
608629,CHAPTER 119,upwards,0.02
608822,CHAPTER 119,verdure,0.02
608915,CHAPTER 119,vigilance,0.02
608967,CHAPTER 119,violently,0.02
609019,CHAPTER 119,vivid,0.02
609082,CHAPTER 119,voyage,0.02
609088,CHAPTER 119,voyagings,0.02
609198,CHAPTER 119,war,0.02
609253,CHAPTER 119,wasn,0.02
609275,CHAPTER 119,water,0.02
609289,CHAPTER 119,wave,0.02
609290,CHAPTER 119,waved,0.02
609297,CHAPTER 119,wax,0.02
609381,CHAPTER 119,welded,0.02
609686,CHAPTER 119,woe,0.02
609718,CHAPTER 119,wont,0.02
609759,CHAPTER 119,worlds,0.02
609793,CHAPTER 119,woven,0.02
609799,CHAPTER 119,wrapped,0.02
609813,CHAPTER 119,wreck,0.02
609914,CHAPTER 119,yards,0.02
609963,CHAPTER 119,yonder,0.02
584494,CHAPTER 119,act,0.01
584799,CHAPTER 119,air,0.01
585528,CHAPTER 119,aspect,0.01
586121,CHAPTER 119,bear,0.01
586309,CHAPTER 119,beneath,0.01
586365,CHAPTER 119,best,0.01
586502,CHAPTER 119,black,0.01
586629,CHAPTER 119,blood,0.01
586654,CHAPTER 119,blue,0.01
586694,CHAPTER 119,boats,0.01
587188,CHAPTER 119,bulwarks,0.01
587377,CHAPTER 119,calm,0.01
587472,CHAPTER 119,cape,0.01
587606,CHAPTER 119,cast,0.01
588580,CHAPTER 119,common,0.01
589400,CHAPTER 119,craft,0.01
589718,CHAPTER 119,cut,0.01
590466,CHAPTER 119,dick,0.01
591006,CHAPTER 119,don,0.01
592436,CHAPTER 119,face,0.01
592544,CHAPTER 119,far,0.01
592574,CHAPTER 119,fast,0.01
592686,CHAPTER 119,feel,0.01
592911,CHAPTER 119,fixed,0.01
592952,CHAPTER 119,flask,0.01
593156,CHAPTER 119,foot,0.01
593265,CHAPTER 119,form,0.01
593302,CHAPTER 119,forward,0.01
593720,CHAPTER 119,generally,0.01
594231,CHAPTER 119,ground,0.01
594441,CHAPTER 119,hands,0.01
594485,CHAPTER 119,hard,0.01
594640,CHAPTER 119,hear,0.01
594943,CHAPTER 119,holding,0.01
594946,CHAPTER 119,hole,0.01
594969,CHAPTER 119,home,0.01
595095,CHAPTER 119,hour,0.01
595147,CHAPTER 119,hull,0.01
596253,CHAPTER 119,intervals,0.01
596803,CHAPTER 119,kept,0.01
596921,CHAPTER 119,knows,0.01
597482,CHAPTER 119,live,0.01
597503,CHAPTER 119,ll,0.01
597677,CHAPTER 119,lower,0.01
597930,CHAPTER 119,make,0.01
598188,CHAPTER 119,mate,0.01
598372,CHAPTER 119,mere,0.01
598651,CHAPTER 119,moby,0.01
598894,CHAPTER 119,mouth,0.01
599078,CHAPTER 119,nantucket,0.01
599146,CHAPTER 119,near,0.01
599294,CHAPTER 119,night,0.01
599637,CHAPTER 119,oil,0.01
599691,CHAPTER 119,open,0.01
600243,CHAPTER 119,parts,0.01
600252,CHAPTER 119,passed,0.01
601153,CHAPTER 119,poor,0.01
601515,CHAPTER 119,previous,0.01
602040,CHAPTER 119,queequeg,0.01
602060,CHAPTER 119,quick,0.01
602938,CHAPTER 119,rest,0.01
603270,CHAPTER 119,rolled,0.01
603304,CHAPTER 119,rope,0.01
603330,CHAPTER 119,round,0.01
603428,CHAPTER 119,running,0.01
603504,CHAPTER 119,sail,0.01
603512,CHAPTER 119,sailor,0.01
603514,CHAPTER 119,sailors,0.01
603897,CHAPTER 119,seamen,0.01
604608,CHAPTER 119,sir,0.01
604815,CHAPTER 119,slowly,0.01
605786,CHAPTER 119,strangely,0.01
605875,CHAPTER 119,struck,0.01
606513,CHAPTER 119,tail,0.01
606677,CHAPTER 119,tell,0.01
606861,CHAPTER 119,thing,0.01
606906,CHAPTER 119,thoughts,0.01
607027,CHAPTER 119,till,0.01
607037,CHAPTER 119,time,0.01
607544,CHAPTER 119,true,0.01
607624,CHAPTER 119,turn,0.01
607626,CHAPTER 119,turning,0.01
608741,CHAPTER 119,various,0.01
608855,CHAPTER 119,vessel,0.01
609032,CHAPTER 119,voice,0.01
609333,CHAPTER 119,weather,0.01
