,chapter,term,tfidf
713814,CHAPTER 122,um,0.89
713062,CHAPTER 122,thunder,0.25
709497,CHAPTER 122,rum,0.2
715276,CHAPTER 122,want,0.14
690239,CHAPTER 122,_tashtego,0.11
702574,CHAPTER 122,it_,0.11
703156,CHAPTER 122,lashings,0.11
716001,CHAPTER 122,yard_,0.11
690247,CHAPTER 122,_the,0.08
699952,CHAPTER 122,glass,0.07
707084,CHAPTER 122,plenty,0.07
706348,CHAPTER 122,passing,0.06
711817,CHAPTER 122,stop,0.06
697094,CHAPTER 122,don,0.05
703998,CHAPTER 122,main,0.05
714731,CHAPTER 122,use,0.05
705351,CHAPTER 122,new,0.04
709592,CHAPTER 122,sail,0.04
