,chapter,term,tfidf
1035656,CHAPTER 134,ahab,0.26
1060283,CHAPTER 134,whale,0.15
1037568,CHAPTER 134,boats,0.14
1060802,CHAPTER 134,ye,0.14
1049210,CHAPTER 134,men,0.12
1040365,CHAPTER 134,cried,0.11
1044861,CHAPTER 134,gone,0.11
1051078,CHAPTER 134,parsee,0.11
1056762,CHAPTER 134,stubb,0.11
1036698,CHAPTER 134,aye,0.1
1037563,CHAPTER 134,boat,0.1
1048292,CHAPTER 134,line,0.1
1053169,CHAPTER 134,reached,0.1
1055482,CHAPTER 134,sir,0.09
1056386,CHAPTER 134,starbuck,0.09
1037958,CHAPTER 134,broken,0.08
1047292,CHAPTER 134,irons,0.08
1048260,CHAPTER 134,like,0.08
1048845,CHAPTER 134,man,0.08
1054759,CHAPTER 134,sea,0.08
1057690,CHAPTER 134,thee,0.08
1060388,CHAPTER 134,white,0.08
1041340,CHAPTER 134,dick,0.07
1045206,CHAPTER 134,ha,0.07
1047654,CHAPTER 134,keel,0.07
1049525,CHAPTER 134,moby,0.07
1050168,CHAPTER 134,night,0.07
1050333,CHAPTER 134,oars,0.07
1055531,CHAPTER 134,skill,0.07
1057956,CHAPTER 134,tis,0.07
1037523,CHAPTER 134,blows,0.06
1037818,CHAPTER 134,breaching,0.06
1038531,CHAPTER 134,caught,0.06
1040361,CHAPTER 134,crews,0.06
1043470,CHAPTER 134,fate,0.06
1048125,CHAPTER 134,legs,0.06
1048378,CHAPTER 134,ll_,0.06
1050509,CHAPTER 134,oh,0.06
1050519,CHAPTER 134,old,0.06
1050535,CHAPTER 134,omens,0.06
1052389,CHAPTER 134,previous,0.06
1054178,CHAPTER 134,rope,0.06
1055197,CHAPTER 134,ship,0.06
1057433,CHAPTER 134,tangles,0.06
1057772,CHAPTER 134,thou,0.06
1057859,CHAPTER 134,thy,0.06
1058529,CHAPTER 134,twice,0.06
1034730,CHAPTER 134,_i,0.05
1034830,CHAPTER 134,_my_,0.05
1035368,CHAPTER 134,act,0.05
1037004,CHAPTER 134,bearing,0.05
1037796,CHAPTER 134,brave,0.05
1037817,CHAPTER 134,breaches,0.05
1038874,CHAPTER 134,chocks,0.05
1040744,CHAPTER 134,day,0.05
1041439,CHAPTER 134,directed,0.05
1041958,CHAPTER 134,dragged,0.05
1042843,CHAPTER 134,ere,0.05
1043333,CHAPTER 134,fading,0.05
1044075,CHAPTER 134,forehead,0.05
1048094,CHAPTER 134,leeward,0.05
1048097,CHAPTER 134,leg,0.05
1048281,CHAPTER 134,limit,0.05
1048299,CHAPTER 134,lines,0.05
1048377,CHAPTER 134,ll,0.05
1049035,CHAPTER 134,mast,0.05
1049879,CHAPTER 134,muster,0.05
1050875,CHAPTER 134,pace,0.05
1051679,CHAPTER 134,pilot,0.05
1051800,CHAPTER 134,plank,0.05
1053720,CHAPTER 134,rescue,0.05
1054010,CHAPTER 134,rigging,0.05
1054072,CHAPTER 134,rise,0.05
1055068,CHAPTER 134,shakes,0.05
1055220,CHAPTER 134,shivered,0.05
1055379,CHAPTER 134,sight,0.05
1055783,CHAPTER 134,snatched,0.05
1056035,CHAPTER 134,spare,0.05
1056196,CHAPTER 134,splinter,0.05
1056243,CHAPTER 134,spout,0.05
1057735,CHAPTER 134,thing,0.05
1057736,CHAPTER 134,things,0.05
1057911,CHAPTER 134,time,0.05
1058171,CHAPTER 134,train,0.05
1038594,CHAPTER 134,central,0.04
1038737,CHAPTER 134,chased,0.04
1039133,CHAPTER 134,clinging,0.04
1039411,CHAPTER 134,coming,0.04
1039503,CHAPTER 134,compass,0.04
1039931,CHAPTER 134,continued,0.04
1040747,CHAPTER 134,daylight,0.04
1040834,CHAPTER 134,deck,0.04
1041149,CHAPTER 134,descried,0.04
1041350,CHAPTER 134,did,0.04
1041441,CHAPTER 134,direction,0.04
1043448,CHAPTER 134,fast,0.04
1043464,CHAPTER 134,fatal,0.04
1043667,CHAPTER 134,field,0.04
1043669,CHAPTER 134,fiend,0.04
1044023,CHAPTER 134,fool,0.04
1045296,CHAPTER 134,hand,0.04
1045553,CHAPTER 134,heaven,0.04
1045630,CHAPTER 134,hemp,0.04
1045969,CHAPTER 134,hour,0.04
1046078,CHAPTER 134,hunter,0.04
1046968,CHAPTER 134,instant,0.04
1047248,CHAPTER 134,invisible,0.04
1047878,CHAPTER 134,lances,0.04
1048351,CHAPTER 134,little,0.04
1048610,CHAPTER 134,lungs,0.04
1049901,CHAPTER 134,muttered,0.04
1051385,CHAPTER 134,perch,0.04
1052750,CHAPTER 134,pull,0.04
1052934,CHAPTER 134,quick,0.04
1053099,CHAPTER 134,rapidly,0.04
1054307,CHAPTER 134,rush,0.04
1054376,CHAPTER 134,said,0.04
1054846,CHAPTER 134,seek,0.04
1054874,CHAPTER 134,seizing,0.04
1055073,CHAPTER 134,shall,0.04
1055242,CHAPTER 134,shooting,0.04
1056015,CHAPTER 134,space,0.04
1056101,CHAPTER 134,speed,0.04
1056148,CHAPTER 134,spine,0.04
1057285,CHAPTER 134,swiftly,0.04
1057901,CHAPTER 134,till,0.04
1058072,CHAPTER 134,tore,0.04
1058452,CHAPTER 134,tubs,0.04
1059309,CHAPTER 134,unseen,0.04
1060175,CHAPTER 134,way,0.04
1060622,CHAPTER 134,worked,0.04
1060837,CHAPTER 134,yonder,0.04
1035325,CHAPTER 134,accurately,0.03
1035357,CHAPTER 134,acquired,0.03
1035387,CHAPTER 134,acuteness,0.03
1035661,CHAPTER 134,ahead,0.03
1035673,CHAPTER 134,air,0.03
1035778,CHAPTER 134,allowing,0.03
1035799,CHAPTER 134,aloft,0.03
1035978,CHAPTER 134,ankles,0.03
1035983,CHAPTER 134,annihilating,0.03
1036037,CHAPTER 134,anticipatingly,0.03
1036294,CHAPTER 134,arms,0.03
1036401,CHAPTER 134,aslope,0.03
1036415,CHAPTER 134,assailant,0.03
1036472,CHAPTER 134,assures,0.03
1036548,CHAPTER 134,attentive,0.03
1036631,CHAPTER 134,avail,0.03
1036674,CHAPTER 134,away,0.03
1036729,CHAPTER 134,backstays,0.03
1036744,CHAPTER 134,baffle,0.03
1037126,CHAPTER 134,belayed,0.03
1037130,CHAPTER 134,belfry,0.03
1037323,CHAPTER 134,billion,0.03
1037357,CHAPTER 134,bison,0.03
1037431,CHAPTER 134,blasphemy,0.03
1037487,CHAPTER 134,blister,0.03
1037488,CHAPTER 134,blistered,0.03
1037520,CHAPTER 134,blow,0.03
1037529,CHAPTER 134,blueness,0.03
1037530,CHAPTER 134,bluer,0.03
1037574,CHAPTER 134,bobbed,0.03
1037627,CHAPTER 134,bone,0.03
1037649,CHAPTER 134,booms,0.03
1037702,CHAPTER 134,bounding,0.03
1037728,CHAPTER 134,bowled,0.03
1037795,CHAPTER 134,bravadoes,0.03
1037823,CHAPTER 134,break,0.03
1037930,CHAPTER 134,bristling,0.03
1038009,CHAPTER 134,bubblingly,0.03
1038022,CHAPTER 134,buckskin,0.03
1038268,CHAPTER 134,came,0.03
1038426,CHAPTER 134,carpenter,0.03
1038469,CHAPTER 134,cases,0.03
1038593,CHAPTER 134,centipede,0.03
1038703,CHAPTER 134,chargers,0.03
1038736,CHAPTER 134,chase,0.03
1039216,CHAPTER 134,coast,0.03
1039318,CHAPTER 134,collateral,0.03
1039320,CHAPTER 134,collect,0.03
1039646,CHAPTER 134,concrete,0.03
1039647,CHAPTER 134,concreted,0.03
1039984,CHAPTER 134,contusions,0.03
1040086,CHAPTER 134,corkscrewed,0.03
1040274,CHAPTER 134,craft,0.03
1040350,CHAPTER 134,creeps,0.03
1040395,CHAPTER 134,critically,0.03
1040470,CHAPTER 134,crumb,0.03
1040715,CHAPTER 134,dartingly,0.03
1040719,CHAPTER 134,dashed,0.03
1040813,CHAPTER 134,deceived,0.03
1040858,CHAPTER 134,decreed,0.03
1041291,CHAPTER 134,devoted,0.03
1041328,CHAPTER 134,dial,0.03
1041488,CHAPTER 134,discharges,0.03
1041564,CHAPTER 134,disencumber,0.03
1041716,CHAPTER 134,distance,0.03
1042024,CHAPTER 134,drew,0.03
1042058,CHAPTER 134,dropped,0.03
1042070,CHAPTER 134,drowning,0.03
1042164,CHAPTER 134,dusk,0.03
1042460,CHAPTER 134,embattled,0.03
1042576,CHAPTER 134,encore,0.03
1042719,CHAPTER 134,enslaved,0.03
1042875,CHAPTER 134,escape,0.03
1042956,CHAPTER 134,evanescence,0.03
1043003,CHAPTER 134,evolutions,0.03
1043073,CHAPTER 134,excludes,0.03
1043117,CHAPTER 134,exhaust,0.03
1043298,CHAPTER 134,eyes,0.03
1043335,CHAPTER 134,fagot,0.03
1043418,CHAPTER 134,far,0.03
1043560,CHAPTER 134,feel,0.03
1043590,CHAPTER 134,felt,0.03
1043614,CHAPTER 134,ferrule,0.03
1043757,CHAPTER 134,fish,0.03
1043785,CHAPTER 134,fixed,0.03
1043826,CHAPTER 134,flask,0.03
1043900,CHAPTER 134,floating,0.03
1043956,CHAPTER 134,flukes,0.03
1044062,CHAPTER 134,forebodings,0.03
1044094,CHAPTER 134,foreshortened,0.03
1044103,CHAPTER 134,foretell,0.03
1044271,CHAPTER 134,frenzies,0.03
1044302,CHAPTER 134,frigates,0.03
1044417,CHAPTER 134,furrow,0.03
1044454,CHAPTER 134,gait,0.03
1044609,CHAPTER 134,geniuses,0.03
1044717,CHAPTER 134,glacier,0.03
1044770,CHAPTER 134,glittered,0.03
1044828,CHAPTER 134,goal,0.03
1044874,CHAPTER 134,gores,0.03
1044979,CHAPTER 134,grated,0.03
1045006,CHAPTER 134,graze,0.03
1045062,CHAPTER 134,grimly,0.03
1045067,CHAPTER 134,grindstone,0.03
1045163,CHAPTER 134,guilt,0.03
1045164,CHAPTER 134,guiltiness,0.03
1045258,CHAPTER 134,half,0.03
1045263,CHAPTER 134,halloo,0.03
1045315,CHAPTER 134,hands,0.03
1045365,CHAPTER 134,hardly,0.03
1045374,CHAPTER 134,hares,0.03
1045391,CHAPTER 134,harpoon,0.03
1045397,CHAPTER 134,harpoons,0.03
1045473,CHAPTER 134,hawser,0.03
1045485,CHAPTER 134,head,0.03
1045492,CHAPTER 134,headland,0.03
1045514,CHAPTER 134,hear,0.03
1045515,CHAPTER 134,heard,0.03
1045541,CHAPTER 134,hearts,0.03
1045603,CHAPTER 134,heliotrope,0.03
1045607,CHAPTER 134,helm,0.03
1045692,CHAPTER 134,hid,0.03
1045909,CHAPTER 134,hoping,0.03
1045971,CHAPTER 134,hours,0.03
1046111,CHAPTER 134,husks,0.03
1046244,CHAPTER 134,imaginary,0.03
1046269,CHAPTER 134,immeasurable,0.03
1046300,CHAPTER 134,immutably,0.03
1046361,CHAPTER 134,impiety,0.03
1046458,CHAPTER 134,inaccessible,0.03
1046663,CHAPTER 134,individualities,0.03
1046724,CHAPTER 134,inextricable,0.03
1046745,CHAPTER 134,inferable,0.03
1047052,CHAPTER 134,intercepted,0.03
1047122,CHAPTER 134,intertangled,0.03
1047242,CHAPTER 134,invincible,0.03
1047288,CHAPTER 134,iron,0.03
1047314,CHAPTER 134,irresistibly,0.03
1047427,CHAPTER 134,jaws,0.03
1047464,CHAPTER 134,jesus,0.03
1047465,CHAPTER 134,jet,0.03
1047586,CHAPTER 134,judges,0.03
1047677,CHAPTER 134,kept,0.03
1047758,CHAPTER 134,knell,0.03
1047840,CHAPTER 134,ladders,0.03
1047844,CHAPTER 134,ladle,0.03
1047875,CHAPTER 134,lance,0.03
1047920,CHAPTER 134,lapse,0.03
1047983,CHAPTER 134,launch,0.03
1048050,CHAPTER 134,leaner,0.03
1048072,CHAPTER 134,leaving,0.03
1048184,CHAPTER 134,leviathan,0.03
1048229,CHAPTER 134,lieutenant,0.03
1048320,CHAPTER 134,lipless,0.03
1048349,CHAPTER 134,litter,0.03
1048370,CHAPTER 134,livid,0.03
1048551,CHAPTER 134,lower,0.03
1048628,CHAPTER 134,lustily,0.03
1048860,CHAPTER 134,mane,0.03
1048926,CHAPTER 134,manœuvred,0.03
1048929,CHAPTER 134,maple,0.03
1049108,CHAPTER 134,mazes,0.03
1049131,CHAPTER 134,means,0.03
1049301,CHAPTER 134,methodic,0.03
1049364,CHAPTER 134,miles,0.03
1049376,CHAPTER 134,miller,0.03
1049470,CHAPTER 134,mishap,0.03
1049478,CHAPTER 134,missent,0.03
1049497,CHAPTER 134,mistiness,0.03
1049523,CHAPTER 134,mobbing,0.03
1049559,CHAPTER 134,modifying,0.03
1049587,CHAPTER 134,moment,0.03
1049592,CHAPTER 134,momentum,0.03
1049790,CHAPTER 134,mr,0.03
1050020,CHAPTER 134,near,0.03
1050025,CHAPTER 134,nearly,0.03
1050166,CHAPTER 134,nigh,0.03
1050322,CHAPTER 134,nutmeg,0.03
1050330,CHAPTER 134,oaks,0.03
1050348,CHAPTER 134,obeyest,0.03
1050380,CHAPTER 134,obscures,0.03
1050551,CHAPTER 134,oneness,0.03
1050624,CHAPTER 134,orchestra,0.03
1050756,CHAPTER 134,outspreadingly,0.03
1051106,CHAPTER 134,parting,0.03
1051126,CHAPTER 134,passed,0.03
1051262,CHAPTER 134,pecks,0.03
1051418,CHAPTER 134,perils,0.03
1051504,CHAPTER 134,pertinacious,0.03
1051666,CHAPTER 134,piling,0.03
1051778,CHAPTER 134,plain,0.03
1051860,CHAPTER 134,pleated,0.03
1051886,CHAPTER 134,plough,0.03
1052315,CHAPTER 134,prescience,0.03
1052629,CHAPTER 134,propped,0.03
1052680,CHAPTER 134,proverbial,0.03
1052777,CHAPTER 134,punctually,0.03
1053028,CHAPTER 134,railway,0.03
1053053,CHAPTER 134,rally,0.03
1053126,CHAPTER 134,rate,0.03
1053315,CHAPTER 134,recrossed,0.03
1053452,CHAPTER 134,rehearsed,0.03
1054003,CHAPTER 134,rifles,0.03
1054219,CHAPTER 134,routed,0.03
1054378,CHAPTER 134,sail,0.03
1054389,CHAPTER 134,sails,0.03
1054413,CHAPTER 134,salmon,0.03
1054485,CHAPTER 134,sat,0.03
1054596,CHAPTER 134,scatter,0.03
1054855,CHAPTER 134,seen,0.03
1055047,CHAPTER 134,shading,0.03
1055110,CHAPTER 134,sharks,0.03
1055114,CHAPTER 134,sharpening,0.03
1055255,CHAPTER 134,shortened,0.03
1055332,CHAPTER 134,shuts,0.03
1055444,CHAPTER 134,simultaneousness,0.03
1055530,CHAPTER 134,skilfully,0.03
1055671,CHAPTER 134,slogan,0.03
1055781,CHAPTER 134,snarls,0.03
1055926,CHAPTER 134,solve,0.03
1055948,CHAPTER 134,soon,0.03
1056249,CHAPTER 134,spoutings,0.03
1056252,CHAPTER 134,sprained,0.03
1056418,CHAPTER 134,statements,0.03
1056460,CHAPTER 134,steady,0.03
1056478,CHAPTER 134,steel,0.03
1056596,CHAPTER 134,stood,0.03
1056640,CHAPTER 134,straight,0.03
1056676,CHAPTER 134,stray,0.03
1056749,CHAPTER 134,struck,0.03
1056754,CHAPTER 134,struggled,0.03
1057013,CHAPTER 134,sundering,0.03
1057133,CHAPTER 134,surface,0.03
1057202,CHAPTER 134,suspense,0.03
1057231,CHAPTER 134,swamps,0.03
1057387,CHAPTER 134,tail,0.03
1057535,CHAPTER 134,tedious,0.03
1057758,CHAPTER 134,thirty,0.03
1057773,CHAPTER 134,thought,0.03
1057781,CHAPTER 134,thousand,0.03
1057933,CHAPTER 134,tingles,0.03
1058027,CHAPTER 134,tomorrow,0.03
1058138,CHAPTER 134,tows,0.03
1058172,CHAPTER 134,trained,0.03
1058273,CHAPTER 134,travels,0.03
1058320,CHAPTER 134,trending,0.03
1058554,CHAPTER 134,twitching,0.03
1058801,CHAPTER 134,underling,0.03
1058942,CHAPTER 134,unfearing,0.03
1058943,CHAPTER 134,unfeatured,0.03
1059127,CHAPTER 134,unmeasured,0.03
1059358,CHAPTER 134,unstricken,0.03
1059407,CHAPTER 134,untraceable,0.03
1059575,CHAPTER 134,vale,0.03
1059578,CHAPTER 134,valiantly,0.03
1059584,CHAPTER 134,valor,0.03
1059751,CHAPTER 134,vibrate,0.03
1059934,CHAPTER 134,vomit,0.03
1060015,CHAPTER 134,wake,0.03
1060104,CHAPTER 134,warnings,0.03
1060153,CHAPTER 134,watergate,0.03
1060169,CHAPTER 134,wavings,0.03
1060468,CHAPTER 134,wind,0.03
1060469,CHAPTER 134,windbound,0.03
1060507,CHAPTER 134,wires,0.03
1060588,CHAPTER 134,wondrous,0.03
1060620,CHAPTER 134,work,0.03
1060718,CHAPTER 134,writ,0.03
1035032,CHAPTER 134,_that_,0.02
1035306,CHAPTER 134,according,0.02
1035311,CHAPTER 134,account,0.02
1035326,CHAPTER 134,accursed,0.02
1035458,CHAPTER 134,admitted,0.02
1035504,CHAPTER 134,advancing,0.02
1035571,CHAPTER 134,afforded,0.02
1035588,CHAPTER 134,afresh,0.02
1035596,CHAPTER 134,afternoon,0.02
1035604,CHAPTER 134,agency,0.02
1035655,CHAPTER 134,ah,0.02
1035769,CHAPTER 134,allies,0.02
1035802,CHAPTER 134,aloud,0.02
1035803,CHAPTER 134,alow,0.02
1035947,CHAPTER 134,anew,0.02
1035956,CHAPTER 134,angels,0.02
1036101,CHAPTER 134,appalling,0.02
1036262,CHAPTER 134,aright,0.02
1036331,CHAPTER 134,arrow,0.02
1036393,CHAPTER 134,aside,0.02
1036446,CHAPTER 134,assist,0.02
1036676,CHAPTER 134,awe,0.02
1036710,CHAPTER 134,baby,0.02
1036722,CHAPTER 134,backed,0.02
1036730,CHAPTER 134,backward,0.02
1036768,CHAPTER 134,balanced,0.02
1036784,CHAPTER 134,ball,0.02
1036873,CHAPTER 134,barbs,0.02
1036961,CHAPTER 134,battle,0.02
1036978,CHAPTER 134,beach,0.02
1036986,CHAPTER 134,beak,0.02
1037011,CHAPTER 134,beaten,0.02
1037027,CHAPTER 134,becalmed,0.02
1037071,CHAPTER 134,befallen,0.02
1037136,CHAPTER 134,believe,0.02
1037150,CHAPTER 134,bellies,0.02
1037359,CHAPTER 134,bit,0.02
1037419,CHAPTER 134,blank,0.02
1037475,CHAPTER 134,blind,0.02
1037583,CHAPTER 134,bodily,0.02
1037586,CHAPTER 134,body,0.02
1037595,CHAPTER 134,boiling,0.02
1037727,CHAPTER 134,bowl,0.02
1037734,CHAPTER 134,bowsman,0.02
1037772,CHAPTER 134,brain,0.02
1037816,CHAPTER 134,breach,0.02
1037821,CHAPTER 134,breadth,0.02
1038047,CHAPTER 134,bulk,0.02
1038130,CHAPTER 134,burst,0.02
1038244,CHAPTER 134,called,0.02
1038302,CHAPTER 134,cane,0.02
1038313,CHAPTER 134,cannon,0.02
1038346,CHAPTER 134,cape,0.02
1038380,CHAPTER 134,capture,0.02
1038402,CHAPTER 134,careful,0.02
1038492,CHAPTER 134,casts,0.02
1038548,CHAPTER 134,cave,0.02
1038560,CHAPTER 134,cedar,0.02
1038598,CHAPTER 134,centre,0.02
1038612,CHAPTER 134,certain,0.02
1038613,CHAPTER 134,certainly,0.02
1038700,CHAPTER 134,charge,0.02
1038741,CHAPTER 134,chasing,0.02
1038785,CHAPTER 134,cheering,0.02
1038856,CHAPTER 134,chip,0.02
1038859,CHAPTER 134,chips,0.02
1038936,CHAPTER 134,churning,0.02
1038953,CHAPTER 134,circling,0.02
1038986,CHAPTER 134,circumstances,0.02
1039129,CHAPTER 134,clinched,0.02
1039380,CHAPTER 134,combined,0.02
1039416,CHAPTER 134,commanders,0.02
1039494,CHAPTER 134,company,0.02
1039497,CHAPTER 134,comparatively,0.02
1039540,CHAPTER 134,complete,0.02
1039626,CHAPTER 134,concern,0.02
1039697,CHAPTER 134,confidence,0.02
1039930,CHAPTER 134,continue,0.02
1039958,CHAPTER 134,contrasting,0.02
1040260,CHAPTER 134,crack,0.02
1040305,CHAPTER 134,craven,0.02
1040322,CHAPTER 134,creamy,0.02
1040332,CHAPTER 134,creature,0.02
1040360,CHAPTER 134,crew,0.02
1040420,CHAPTER 134,crossed,0.02
1040645,CHAPTER 134,dam,0.02
1040672,CHAPTER 134,danced,0.02
1040708,CHAPTER 134,darkness,0.02
1040712,CHAPTER 134,dart,0.02
1040749,CHAPTER 134,days,0.02
1040754,CHAPTER 134,dazzling,0.02
1040757,CHAPTER 134,dead,0.02
1040838,CHAPTER 134,decks,0.02
1040903,CHAPTER 134,defiance,0.02
1040940,CHAPTER 134,degree,0.02
1041116,CHAPTER 134,depths,0.02
1041141,CHAPTER 134,descended,0.02
1041179,CHAPTER 134,desired,0.02
1041180,CHAPTER 134,desires,0.02
1041225,CHAPTER 134,destroy,0.02
1041230,CHAPTER 134,destruction,0.02
1041400,CHAPTER 134,diligently,0.02
1041404,CHAPTER 134,dim,0.02
1041463,CHAPTER 134,disappeared,0.02
1041465,CHAPTER 134,disappears,0.02
1041619,CHAPTER 134,dismasted,0.02
1041773,CHAPTER 134,dive,0.02
1041801,CHAPTER 134,diving,0.02
1041823,CHAPTER 134,doctors,0.02
1041845,CHAPTER 134,doing,0.02
1041945,CHAPTER 134,downwards,0.02
1041959,CHAPTER 134,dragging,0.02
1041992,CHAPTER 134,drawn,0.02
1041995,CHAPTER 134,dreaded,0.02
1042040,CHAPTER 134,dripping,0.02
1042042,CHAPTER 134,drive,0.02
1042059,CHAPTER 134,dropping,0.02
1042068,CHAPTER 134,drown,0.02
1042167,CHAPTER 134,dust,0.02
1042204,CHAPTER 134,eagerness,0.02
1042211,CHAPTER 134,earliest,0.02
1042240,CHAPTER 134,eastward,0.02
1042396,CHAPTER 134,element,0.02
1042434,CHAPTER 134,eluded,0.02
1042708,CHAPTER 134,enraged,0.02
1042728,CHAPTER 134,entangled,0.02
1042905,CHAPTER 134,established,0.02
1042970,CHAPTER 134,event,0.02
1042974,CHAPTER 134,eventually,0.02
1042981,CHAPTER 134,evermore,0.02
1042991,CHAPTER 134,evil,0.02
1043012,CHAPTER 134,exactly,0.02
1043184,CHAPTER 134,experience,0.02
1043388,CHAPTER 134,familiarly,0.02
1043451,CHAPTER 134,fastened,0.02
1043456,CHAPTER 134,faster,0.02
1043473,CHAPTER 134,fates,0.02
1043513,CHAPTER 134,fear,0.02
1043519,CHAPTER 134,fearless,0.02
1043522,CHAPTER 134,fears,0.02
1043542,CHAPTER 134,fedallah,0.02
1043562,CHAPTER 134,feeling,0.02
1043580,CHAPTER 134,fell,0.02
1043586,CHAPTER 134,fellows,0.02
1043685,CHAPTER 134,fight,0.02
1043761,CHAPTER 134,fisherman,0.02
1043824,CHAPTER 134,flashing,0.02
1043898,CHAPTER 134,float,0.02
1043899,CHAPTER 134,floated,0.02
1043915,CHAPTER 134,floor,0.02
1043974,CHAPTER 134,flying,0.02
1043977,CHAPTER 134,foam,0.02
1044059,CHAPTER 134,fore,0.02
1044065,CHAPTER 134,forecastle,0.02
1044086,CHAPTER 134,foremost,0.02
1044113,CHAPTER 134,forged,0.02
1044198,CHAPTER 134,fountain,0.02
1044278,CHAPTER 134,fresh,0.02
1044400,CHAPTER 134,furious,0.02
1044415,CHAPTER 134,furniture,0.02
1044422,CHAPTER 134,furthest,0.02
1044430,CHAPTER 134,future,0.02
1044446,CHAPTER 134,gained,0.02
1044456,CHAPTER 134,gale,0.02
1044460,CHAPTER 134,gallant,0.02
1044665,CHAPTER 134,ghosts,0.02
1044699,CHAPTER 134,girdle,0.02
1044728,CHAPTER 134,glance,0.02
1044734,CHAPTER 134,glared,0.02
1044776,CHAPTER 134,globe,0.02
1044863,CHAPTER 134,good,0.02
1044925,CHAPTER 134,gradually,0.02
1045013,CHAPTER 134,great,0.02
1045117,CHAPTER 134,growing,0.02
1045188,CHAPTER 134,gunwale,0.02
1045193,CHAPTER 134,gush,0.02
1045276,CHAPTER 134,halyards,0.02
1045285,CHAPTER 134,hammers,0.02
1045452,CHAPTER 134,hauling,0.02
1045469,CHAPTER 134,hawk,0.02
1045495,CHAPTER 134,headlong,0.02
1045497,CHAPTER 134,heads,0.02
1045578,CHAPTER 134,heedless,0.02
1045601,CHAPTER 134,held,0.02
1045614,CHAPTER 134,helped,0.02
1045709,CHAPTER 134,higher,0.02
1045748,CHAPTER 134,hinted,0.02
1045773,CHAPTER 134,hit,0.02
1045807,CHAPTER 134,hoist,0.02
1046023,CHAPTER 134,hum,0.02
1046050,CHAPTER 134,humor,0.02
1046071,CHAPTER 134,hung,0.02
1046076,CHAPTER 134,hunt,0.02
1046210,CHAPTER 134,ill,0.02
1046321,CHAPTER 134,impatient,0.02
1046477,CHAPTER 134,inboard,0.02
1046498,CHAPTER 134,incessantly,0.02
1046674,CHAPTER 134,indolent,0.02
1046752,CHAPTER 134,infernal,0.02
1046763,CHAPTER 134,infinite,0.02
1046974,CHAPTER 134,instead,0.02
1047041,CHAPTER 134,intensity,0.02
1047042,CHAPTER 134,intent,0.02
1047152,CHAPTER 134,intolerably,0.02
1047162,CHAPTER 134,intricacies,0.02
1047266,CHAPTER 134,involuntarily,0.02
1047270,CHAPTER 134,involved,0.02
1047312,CHAPTER 134,irresistible,0.02
1047349,CHAPTER 134,isolated,0.02
1047455,CHAPTER 134,jerking,0.02
1047553,CHAPTER 134,jot,0.02
1047663,CHAPTER 134,keepers,0.02
1047682,CHAPTER 134,key,0.02
1047762,CHAPTER 134,knife,0.02
1047788,CHAPTER 134,know,0.02
1047795,CHAPTER 134,knows,0.02
1047881,CHAPTER 134,landed,0.02
1047909,CHAPTER 134,lanterns,0.02
1047941,CHAPTER 134,lashing,0.02
1047955,CHAPTER 134,late,0.02
1047971,CHAPTER 134,latitude,0.02
1047975,CHAPTER 134,laugh,0.02
1047985,CHAPTER 134,launched,0.02
1048009,CHAPTER 134,lawyers,0.02
1048027,CHAPTER 134,lead,0.02
1048039,CHAPTER 134,leagues,0.02
1048047,CHAPTER 134,lean,0.02
1048049,CHAPTER 134,leaned,0.02
1048071,CHAPTER 134,leaves,0.02
1048177,CHAPTER 134,level,0.02
1048250,CHAPTER 134,lightly,0.02
1048357,CHAPTER 134,lived,0.02
1048380,CHAPTER 134,lo,0.02
1048455,CHAPTER 134,lonely,0.02
1048467,CHAPTER 134,longitude,0.02
1048471,CHAPTER 134,look,0.02
1048488,CHAPTER 134,loose,0.02
1048513,CHAPTER 134,losing,0.02
1048706,CHAPTER 134,mad,0.02
1048720,CHAPTER 134,madness,0.02
1048726,CHAPTER 134,maelstrom,0.02
1048895,CHAPTER 134,manned,0.02
1048948,CHAPTER 134,margin,0.02
1048953,CHAPTER 134,mariner,0.02
1048954,CHAPTER 134,mariners,0.02
1048960,CHAPTER 134,marked,0.02
1049053,CHAPTER 134,masts,0.02
1049083,CHAPTER 134,matter,0.02
1049084,CHAPTER 134,matters,0.02
1049133,CHAPTER 134,meantime,0.02
1049144,CHAPTER 134,mechanical,0.02
1049363,CHAPTER 134,mile,0.02
1049422,CHAPTER 134,minutes,0.02
1049480,CHAPTER 134,missing,0.02
1049491,CHAPTER 134,mistaken,0.02
1049547,CHAPTER 134,modern,0.02
1049591,CHAPTER 134,moments,0.02
1049698,CHAPTER 134,morrow,0.02
1049706,CHAPTER 134,mortals,0.02
1049728,CHAPTER 134,motion,0.02
1049749,CHAPTER 134,mountain,0.02
1049776,CHAPTER 134,moved,0.02
1049779,CHAPTER 134,moves,0.02
1049842,CHAPTER 134,murderous,0.02
1049882,CHAPTER 134,mustering,0.02
1049918,CHAPTER 134,mystic,0.02
1049936,CHAPTER 134,nailed,0.02
1049954,CHAPTER 134,nantucketers,0.02
1050022,CHAPTER 134,nearer,0.02
1050182,CHAPTER 134,ninety,0.02
1050262,CHAPTER 134,note,0.02
1050328,CHAPTER 134,oak,0.02
1050332,CHAPTER 134,oar,0.02
1050391,CHAPTER 134,observation,0.02
1050396,CHAPTER 134,observed,0.02
1050428,CHAPTER 134,occasions,0.02
1050445,CHAPTER 134,ocean,0.02
1050453,CHAPTER 134,odd,0.02
1050466,CHAPTER 134,odorous,0.02
1050481,CHAPTER 134,offered,0.02
1050504,CHAPTER 134,oftener,0.02
1050555,CHAPTER 134,onset,0.02
1050593,CHAPTER 134,opportunity,0.02
1050634,CHAPTER 134,orders,0.02
1050906,CHAPTER 134,paid,0.02
1050934,CHAPTER 134,pale,0.02
1050951,CHAPTER 134,palm,0.02
1050954,CHAPTER 134,palms,0.02
1051147,CHAPTER 134,past,0.02
1051235,CHAPTER 134,peaceable,0.02
1051419,CHAPTER 134,period,0.02
1051425,CHAPTER 134,perish,0.02
1051447,CHAPTER 134,perpendicularly,0.02
1051557,CHAPTER 134,phenomenon,0.02
1051614,CHAPTER 134,picked,0.02
1051632,CHAPTER 134,pieces,0.02
1051658,CHAPTER 134,pile,0.02
1051682,CHAPTER 134,pin,0.02
1051688,CHAPTER 134,pine,0.02
1051730,CHAPTER 134,pitch,0.02
1051760,CHAPTER 134,place,0.02
1051809,CHAPTER 134,planted,0.02
1051915,CHAPTER 134,plunging,0.02
1051944,CHAPTER 134,point,0.02
1051952,CHAPTER 134,points,0.02
1052023,CHAPTER 134,pool,0.02
1052054,CHAPTER 134,port,0.02
1052187,CHAPTER 134,prairie,0.02
1052239,CHAPTER 134,precise,0.02
1052323,CHAPTER 134,present,0.02
1052452,CHAPTER 134,probable,0.02
1052541,CHAPTER 134,progression,0.02
1052601,CHAPTER 134,proper,0.02
1052678,CHAPTER 134,proved,0.02
1052752,CHAPTER 134,pulling,0.02
1052759,CHAPTER 134,pulse,0.02
1052768,CHAPTER 134,punch,0.02
1052799,CHAPTER 134,pure,0.02
1052822,CHAPTER 134,purposes,0.02
1052835,CHAPTER 134,pursuit,0.02
1052840,CHAPTER 134,pushed,0.02
1052941,CHAPTER 134,quickly,0.02
1052990,CHAPTER 134,race,0.02
1052995,CHAPTER 134,rack,0.02
1053038,CHAPTER 134,raised,0.02
1053076,CHAPTER 134,ran,0.02
1053162,CHAPTER 134,rays,0.02
1053168,CHAPTER 134,reach,0.02
1053171,CHAPTER 134,reaching,0.02
1053266,CHAPTER 134,reckless,0.02
1053504,CHAPTER 134,reliable,0.02
1053512,CHAPTER 134,relieved,0.02
1053534,CHAPTER 134,remaining,0.02
1053578,CHAPTER 134,remote,0.02
1053590,CHAPTER 134,render,0.02
1053815,CHAPTER 134,resting,0.02
1053878,CHAPTER 134,return,0.02
1053879,CHAPTER 134,returned,0.02
1053885,CHAPTER 134,reveal,0.02
1053946,CHAPTER 134,revolving,0.02
1053987,CHAPTER 134,riddle,0.02
1054005,CHAPTER 134,rig,0.02
1054007,CHAPTER 134,rigged,0.02
1054047,CHAPTER 134,rings,0.02
1054058,CHAPTER 134,ripe,0.02
1054077,CHAPTER 134,rising,0.02
1054129,CHAPTER 134,rocking,0.02
1054164,CHAPTER 134,roof,0.02
1054179,CHAPTER 134,ropes,0.02
1054204,CHAPTER 134,round,0.02
1054236,CHAPTER 134,royals,0.02
1054308,CHAPTER 134,rushed,0.02
1054310,CHAPTER 134,rushing,0.02
1054364,CHAPTER 134,safely,0.02
1054368,CHAPTER 134,sagacious,0.02
1054416,CHAPTER 134,salt,0.02
1054500,CHAPTER 134,satisfied,0.02
1054538,CHAPTER 134,saw,0.02
1054546,CHAPTER 134,say,0.02
1054696,CHAPTER 134,scrape,0.02
1054752,CHAPTER 134,scuttle,0.02
1054766,CHAPTER 134,seals,0.02
1054930,CHAPTER 134,sent,0.02
1054947,CHAPTER 134,separate,0.02
1055014,CHAPTER 134,seven,0.02
1055049,CHAPTER 134,shadow,0.02
1055103,CHAPTER 134,share,0.02
1055121,CHAPTER 134,shattered,0.02
1055154,CHAPTER 134,sheets,0.02
1055259,CHAPTER 134,shortly,0.02
1055261,CHAPTER 134,shot,0.02
1055263,CHAPTER 134,shoulder,0.02
1055266,CHAPTER 134,shoulders,0.02
1055279,CHAPTER 134,shower,0.02
1055287,CHAPTER 134,shows,0.02
1055291,CHAPTER 134,shreds,0.02
1055314,CHAPTER 134,shrouds,0.02
1055361,CHAPTER 134,sidelong,0.02
1055362,CHAPTER 134,sides,0.02
1055366,CHAPTER 134,sideways,0.02
1055435,CHAPTER 134,simple,0.02
1055455,CHAPTER 134,sing,0.02
1055457,CHAPTER 134,singing,0.02
1055467,CHAPTER 134,sink,0.02
1055536,CHAPTER 134,skin,0.02
1055561,CHAPTER 134,sky,0.02
1055569,CHAPTER 134,slack,0.02
1055602,CHAPTER 134,slay,0.02
1055634,CHAPTER 134,slid,0.02
1055681,CHAPTER 134,slouched,0.02
1055741,CHAPTER 134,smiting,0.02
1055773,CHAPTER 134,snapped,0.02
1055933,CHAPTER 134,somewhat,0.02
1055982,CHAPTER 134,soul,0.02
1055985,CHAPTER 134,souls,0.02
1056003,CHAPTER 134,south,0.02
1056034,CHAPTER 134,spar,0.02
1056040,CHAPTER 134,sparkling,0.02
1056043,CHAPTER 134,spars,0.02
1056197,CHAPTER 134,splintered,0.02
1056199,CHAPTER 134,splinters,0.02
1056200,CHAPTER 134,split,0.02
1056238,CHAPTER 134,spot,0.02
1056257,CHAPTER 134,spray,0.02
1056258,CHAPTER 134,spread,0.02
1056371,CHAPTER 134,stand,0.02
1056379,CHAPTER 134,stands,0.02
1056397,CHAPTER 134,stars,0.02
1056452,CHAPTER 134,steadfast,0.02
1056562,CHAPTER 134,stirred,0.02
1056563,CHAPTER 134,stirring,0.02
1056630,CHAPTER 134,stove,0.02
1056648,CHAPTER 134,strained,0.02
1056656,CHAPTER 134,stranded,0.02
1056660,CHAPTER 134,strangely,0.02
1056681,CHAPTER 134,stream,0.02
1056710,CHAPTER 134,strike,0.02
1056748,CHAPTER 134,strove,0.02
1056794,CHAPTER 134,stump,0.02
1056886,CHAPTER 134,subtile,0.02
1056910,CHAPTER 134,successful,0.02
1057006,CHAPTER 134,sun,0.02
1057020,CHAPTER 134,sunlight,0.02
1057129,CHAPTER 134,surely,0.02
1057132,CHAPTER 134,surf,0.02
1057247,CHAPTER 134,sway,0.02
1057265,CHAPTER 134,sweet,0.02
1057283,CHAPTER 134,swift,0.02
1057288,CHAPTER 134,swim,0.02
1057324,CHAPTER 134,symbol,0.02
1057399,CHAPTER 134,takes,0.02
1057410,CHAPTER 134,talked,0.02
1057414,CHAPTER 134,tall,0.02
1057643,CHAPTER 134,terror,0.02
1057734,CHAPTER 134,thine,0.02
1057860,CHAPTER 134,thyself,0.02
1057878,CHAPTER 134,tidings,0.02
1057915,CHAPTER 134,times,0.02
1057916,CHAPTER 134,timid,0.02
1057999,CHAPTER 134,toiled,0.02
1058008,CHAPTER 134,told,0.02
1058066,CHAPTER 134,tops,0.02
1058080,CHAPTER 134,torn,0.02
1058099,CHAPTER 134,toss,0.02
1058100,CHAPTER 134,tossed,0.02
1058112,CHAPTER 134,touch,0.02
1058113,CHAPTER 134,touched,0.02
1058127,CHAPTER 134,tow,0.02
1058128,CHAPTER 134,towed,0.02
1058170,CHAPTER 134,trailing,0.02
1058270,CHAPTER 134,traveller,0.02
1058311,CHAPTER 134,tremendous,0.02
1058372,CHAPTER 134,triumphant,0.02
1058418,CHAPTER 134,true,0.02
1058422,CHAPTER 134,trump,0.02
1058460,CHAPTER 134,tufted,0.02
1058504,CHAPTER 134,turns,0.02
1058520,CHAPTER 134,twas,0.02
1058548,CHAPTER 134,twisted,0.02
1058729,CHAPTER 134,uncommon,0.02
1058751,CHAPTER 134,unconquerable,0.02
1058881,CHAPTER 134,unearthly,0.02
1059134,CHAPTER 134,unmindful,0.02
1059195,CHAPTER 134,unprecedented,0.02
1059405,CHAPTER 134,untouched,0.02
1059493,CHAPTER 134,uprising,0.02
1059503,CHAPTER 134,upwards,0.02
1059540,CHAPTER 134,utmost,0.02
1059613,CHAPTER 134,varieties,0.02
1059638,CHAPTER 134,ve,0.02
1059657,CHAPTER 134,velocity,0.02
1059749,CHAPTER 134,vial,0.02
1059767,CHAPTER 134,vicinity,0.02
1059865,CHAPTER 134,vision,0.02
1059873,CHAPTER 134,visited,0.02
1059893,CHAPTER 134,vivid,0.02
1060107,CHAPTER 134,warped,0.02
1060140,CHAPTER 134,watches,0.02
1060178,CHAPTER 134,ways,0.02
1060192,CHAPTER 134,weapons,0.02
1060255,CHAPTER 134,welded,0.02
1060266,CHAPTER 134,went,0.02
1060313,CHAPTER 134,wheeling,0.02
1060435,CHAPTER 134,wild,0.02
1060461,CHAPTER 134,wilt,0.02
1060485,CHAPTER 134,wine,0.02
1060511,CHAPTER 134,wise,0.02
1060578,CHAPTER 134,wonderful,0.02
1060595,CHAPTER 134,wood,0.02
1060643,CHAPTER 134,worse,0.02
1060661,CHAPTER 134,wouldst,0.02
1060688,CHAPTER 134,wrecked,0.02
1060689,CHAPTER 134,wrecks,0.02
1060691,CHAPTER 134,wrench,0.02
1060692,CHAPTER 134,wrenched,0.02
1060717,CHAPTER 134,wrists,0.02
1060788,CHAPTER 134,yards,0.02
1060803,CHAPTER 134,yea,0.02
1060824,CHAPTER 134,yesterday,0.02
1037376,CHAPTER 134,black,0.01
1037503,CHAPTER 134,blood,0.01
1037528,CHAPTER 134,blue,0.01
1037630,CHAPTER 134,bones,0.01
1037733,CHAPTER 134,bows,0.01
1037940,CHAPTER 134,broad,0.01
1038062,CHAPTER 134,bulwarks,0.01
1038189,CHAPTER 134,cabin,0.01
1038251,CHAPTER 134,calm,0.01
1038372,CHAPTER 134,captain,0.01
1039152,CHAPTER 134,close,0.01
1039628,CHAPTER 134,concerning,0.01
1040212,CHAPTER 134,course,0.01
1040592,CHAPTER 134,cut,0.01
1040713,CHAPTER 134,darted,0.01
1040777,CHAPTER 134,death,0.01
1040875,CHAPTER 134,deep,0.01
1041279,CHAPTER 134,devil,0.01
1041833,CHAPTER 134,does,0.01
1042242,CHAPTER 134,easy,0.01
1042591,CHAPTER 134,end,0.01
1042756,CHAPTER 134,entire,0.01
1043290,CHAPTER 134,eye,0.01
1043310,CHAPTER 134,face,0.01
1043764,CHAPTER 134,fishery,0.01
1044030,CHAPTER 134,foot,0.01
1044160,CHAPTER 134,forth,0.01
1044176,CHAPTER 134,forward,0.01
1044589,CHAPTER 134,general,0.01
1044710,CHAPTER 134,given,0.01
1044836,CHAPTER 134,god,0.01
1045394,CHAPTER 134,harpooneers,0.01
1045465,CHAPTER 134,having,0.01
1045527,CHAPTER 134,heart,0.01
1045613,CHAPTER 134,help,0.01
1045900,CHAPTER 134,hope,0.01
1046021,CHAPTER 134,hull,0.01
1047369,CHAPTER 134,ivory,0.01
1047760,CHAPTER 134,knew,0.01
1047794,CHAPTER 134,known,0.01
1047880,CHAPTER 134,land,0.01
1048010,CHAPTER 134,lay,0.01
1048051,CHAPTER 134,leaning,0.01
1048161,CHAPTER 134,let,0.01
1048231,CHAPTER 134,life,0.01
1048242,CHAPTER 134,light,0.01
1048356,CHAPTER 134,live,0.01
1048372,CHAPTER 134,living,0.01
1048459,CHAPTER 134,long,0.01
1048500,CHAPTER 134,lord,0.01
1048515,CHAPTER 134,lost,0.01
1048804,CHAPTER 134,make,0.01
1048959,CHAPTER 134,mark,0.01
1049062,CHAPTER 134,mate,0.01
1049351,CHAPTER 134,mighty,0.01
1049395,CHAPTER 134,mind,0.01
1049952,CHAPTER 134,nantucket,0.01
1049994,CHAPTER 134,natural,0.01
1050565,CHAPTER 134,open,0.01
1050630,CHAPTER 134,order,0.01
1051102,CHAPTER 134,particular,0.01
1051801,CHAPTER 134,planks,0.01
1052379,CHAPTER 134,pretty,0.01
1052818,CHAPTER 134,purpose,0.01
1052900,CHAPTER 134,quarter,0.01
1053182,CHAPTER 134,ready,0.01
1053812,CHAPTER 134,rest,0.01
1054012,CHAPTER 134,right,0.01
1054144,CHAPTER 134,rolled,0.01
1054146,CHAPTER 134,rolling,0.01
1054299,CHAPTER 134,run,0.01
1054519,CHAPTER 134,savage,0.01
1055111,CHAPTER 134,sharp,0.01
1055252,CHAPTER 134,short,0.01
1055459,CHAPTER 134,single,0.01
1055689,CHAPTER 134,slowly,0.01
1055986,CHAPTER 134,sound,0.01
1056053,CHAPTER 134,speak,0.01
1056115,CHAPTER 134,sperm,0.01
1056320,CHAPTER 134,st,0.01
1056377,CHAPTER 134,standing,0.01
1056926,CHAPTER 134,sudden,0.01
1056927,CHAPTER 134,suddenly,0.01
1057543,CHAPTER 134,teeth,0.01
1058116,CHAPTER 134,touching,0.01
1058498,CHAPTER 134,turn,0.01
1058499,CHAPTER 134,turned,0.01
1058500,CHAPTER 134,turning,0.01
1059729,CHAPTER 134,vessel,0.01
1059785,CHAPTER 134,view,0.01
1059862,CHAPTER 134,visible,0.01
1060149,CHAPTER 134,water,0.01
1060158,CHAPTER 134,waters,0.01
1060166,CHAPTER 134,waves,0.01
1060290,CHAPTER 134,whaleman,0.01
1060294,CHAPTER 134,whales,0.01
1060615,CHAPTER 134,word,0.01
1060631,CHAPTER 134,world,0.01
1060810,CHAPTER 134,years,0.01
