,chapter,term,tfidf
2974090,CHAPTER 79,brow,0.26
2986354,CHAPTER 79,nose,0.25
2992221,CHAPTER 79,sperm,0.18
2984100,CHAPTER 79,lavater,0.17
2980714,CHAPTER 79,genius,0.16
2996389,CHAPTER 79,whale,0.16
2983666,CHAPTER 79,jove,0.13
2989280,CHAPTER 79,read,0.13
2974764,CHAPTER 79,champollion,0.12
2976512,CHAPTER 79,crocodile,0.12
2987710,CHAPTER 79,physiognomical,0.12
2977048,CHAPTER 79,deified,0.11
2979416,CHAPTER 79,face,0.11
2980565,CHAPTER 79,gall,0.11
2987711,CHAPTER 79,physiognomically,0.11
2988626,CHAPTER 79,profile,0.1
2979342,CHAPTER 79,expression,0.09
2980181,CHAPTER 79,forehead,0.09
2982130,CHAPTER 79,human,0.09
2991001,CHAPTER 79,semi,0.09
2994255,CHAPTER 79,track,0.09
2973224,CHAPTER 79,beholding,0.08
2981050,CHAPTER 79,grandeur,0.08
2981119,CHAPTER 79,great,0.08
2985855,CHAPTER 79,mountain,0.08
2976949,CHAPTER 79,declared,0.07
2979419,CHAPTER 79,faces,0.07
2996819,CHAPTER 79,wrinkles,0.07
2971667,CHAPTER 79,affixed,0.06
2971914,CHAPTER 79,alpine,0.06
2972157,CHAPTER 79,antlered,0.06
2972234,CHAPTER 79,appendage,0.06
2975731,CHAPTER 79,conceptions,0.06
2976636,CHAPTER 79,cupola,0.06
2976935,CHAPTER 79,decipher,0.06
2976936,CHAPTER 79,deciphered,0.06
2977596,CHAPTER 79,disciple,0.06
2978851,CHAPTER 79,enthrone,0.06
2980620,CHAPTER 79,gardening,0.06
2981814,CHAPTER 79,high,0.06
2985287,CHAPTER 79,melancthon,0.06
2985663,CHAPTER 79,modifies,0.06
2986124,CHAPTER 79,nay,0.06
2987109,CHAPTER 79,pantheon,0.06
2987664,CHAPTER 79,phidias,0.06
2987712,CHAPTER 79,physiognomist,0.06
2988707,CHAPTER 79,proper,0.06
2988776,CHAPTER 79,protrusion,0.06
2991911,CHAPTER 79,snow,0.06
2992391,CHAPTER 79,spurzheim,0.06
2993886,CHAPTER 79,thoughts,0.06
2993979,CHAPTER 79,tideless,0.06
2994144,CHAPTER 79,tongueless,0.06
2995108,CHAPTER 79,unhaunted,0.06
2995198,CHAPTER 79,unlettered,0.06
2971442,CHAPTER 79,achieve,0.05
2971648,CHAPTER 79,affect,0.05
2971995,CHAPTER 79,amplified,0.05
2972111,CHAPTER 79,anomalous,0.05
2972655,CHAPTER 79,attentively,0.05
2973090,CHAPTER 79,beadle,0.05
2973236,CHAPTER 79,belfry,0.05
2973561,CHAPTER 79,blemish,0.05
2974177,CHAPTER 79,bumps,0.05
2974745,CHAPTER 79,chaldee,0.05
2974801,CHAPTER 79,characteristics,0.05
2975651,CHAPTER 79,completion,0.05
2976085,CHAPTER 79,controls,0.05
2976459,CHAPTER 79,crescentic,0.05
2976625,CHAPTER 79,cultured,0.05
2976965,CHAPTER 79,decrees,0.05
2976989,CHAPTER 79,deer,0.05
2977012,CHAPTER 79,deficiency,0.05
2977017,CHAPTER 79,defiles,0.05
2977053,CHAPTER 79,deity,0.05
2977215,CHAPTER 79,depression,0.05
2977513,CHAPTER 79,diminish,0.05
2977966,CHAPTER 79,dome,0.05
2977976,CHAPTER 79,domineer,0.05
2978234,CHAPTER 79,dumbly,0.05
2978296,CHAPTER 79,dwells,0.05
2978447,CHAPTER 79,egotistical,0.05
2978450,CHAPTER 79,egypt,0.05
2978702,CHAPTER 79,endeavor,0.05
2978841,CHAPTER 79,enterprise,0.05
2979125,CHAPTER 79,exalted,0.05
2979409,CHAPTER 79,fable,0.05
2979443,CHAPTER 79,failed,0.05
2979666,CHAPTER 79,feel,0.05
2979856,CHAPTER 79,firmament,0.05
2980163,CHAPTER 79,forcibly,0.05
2980182,CHAPTER 79,foreheads,0.05
2980776,CHAPTER 79,gibraltar,0.05
2981061,CHAPTER 79,granite,0.05
2981591,CHAPTER 79,head,0.05
2981812,CHAPTER 79,hieroglyphics,0.05
2981817,CHAPTER 79,highland,0.05
2982008,CHAPTER 79,hopeful,0.05
2982382,CHAPTER 79,immensely,0.05
2982459,CHAPTER 79,impertinent,0.05
2982496,CHAPTER 79,imposing,0.05
2982588,CHAPTER 79,incapable,0.05
2982935,CHAPTER 79,inherent,0.05
2983057,CHAPTER 79,insist,0.05
2983107,CHAPTER 79,insulted,0.05
2983647,CHAPTER 79,jones,0.05
2983964,CHAPTER 79,lakes,0.05
2983997,CHAPTER 79,landscape,0.05
2984006,CHAPTER 79,languages,0.05
2984290,CHAPTER 79,leviathan,0.05
2984366,CHAPTER 79,like,0.05
2984479,CHAPTER 79,livingly,0.05
2984722,CHAPTER 79,lure,0.05
2984839,CHAPTER 79,magian,0.05
2984951,CHAPTER 79,man,0.05
2984991,CHAPTER 79,manipulated,0.05
2985234,CHAPTER 79,meanings,0.05
2985457,CHAPTER 79,mighty,0.05
2985660,CHAPTER 79,modifications,0.05
2985751,CHAPTER 79,monument,0.05
2986280,CHAPTER 79,nile,0.05
2986524,CHAPTER 79,obtruding,0.05
2986759,CHAPTER 79,orient,0.05
2987260,CHAPTER 79,pasture,0.05
2987360,CHAPTER 79,peasant,0.05
2987628,CHAPTER 79,pestilent,0.05
2987697,CHAPTER 79,phrenological,0.05
2987699,CHAPTER 79,phrenologist,0.05
2987713,CHAPTER 79,physiognomy,0.05
2987811,CHAPTER 79,pioneer,0.05
2987966,CHAPTER 79,pleated,0.05
2988044,CHAPTER 79,poetical,0.05
2988534,CHAPTER 79,prints,0.05
2988635,CHAPTER 79,profounder,0.05
2988727,CHAPTER 79,proportions,0.05
2988960,CHAPTER 79,pyramidical,0.05
2988991,CHAPTER 79,qualified,0.05
2989638,CHAPTER 79,remainder,0.05
2989663,CHAPTER 79,reminds,0.05
2990095,CHAPTER 79,riddles,0.05
2990675,CHAPTER 79,scan,0.05
2990734,CHAPTER 79,science,0.05
2990735,CHAPTER 79,sciences,0.05
2990845,CHAPTER 79,scrutinized,0.05
2990854,CHAPTER 79,sculptured,0.05
2991090,CHAPTER 79,serpents,0.05
2991175,CHAPTER 79,shakespeare,0.05
2991179,CHAPTER 79,shall,0.05
2991504,CHAPTER 79,signifies,0.05
2991543,CHAPTER 79,simplest,0.05
2992204,CHAPTER 79,speech,0.05
2992275,CHAPTER 79,spire,0.05
2992883,CHAPTER 79,studies,0.05
2994403,CHAPTER 79,treats,0.05
2994923,CHAPTER 79,undertaken,0.05
2995891,CHAPTER 79,view,0.05
2995892,CHAPTER 79,viewed,0.05
2996557,CHAPTER 79,william,0.05
2996726,CHAPTER 79,work,0.05
2971323,CHAPTER 79,absence,0.04
2972073,CHAPTER 79,animal,0.04
2972251,CHAPTER 79,application,0.04
2973228,CHAPTER 79,beings,0.04
2973452,CHAPTER 79,birds,0.04
2973454,CHAPTER 79,birth,0.04
2974159,CHAPTER 79,bull,0.04
2974419,CHAPTER 79,cannon,0.04
2974700,CHAPTER 79,central,0.04
2974934,CHAPTER 79,child,0.04
2975486,CHAPTER 79,combined,0.04
2975714,CHAPTER 79,conceit,0.04
2975940,CHAPTER 79,conspicuous,0.04
2976281,CHAPTER 79,countenance,0.04
2976659,CHAPTER 79,curled,0.04
2976823,CHAPTER 79,dash,0.04
2976850,CHAPTER 79,day,0.04
2976978,CHAPTER 79,deemed,0.04
2977244,CHAPTER 79,descend,0.04
2977249,CHAPTER 79,descending,0.04
2977496,CHAPTER 79,dignity,0.04
2977587,CHAPTER 79,discernible,0.04
2977835,CHAPTER 79,distinct,0.04
2977939,CHAPTER 79,does,0.04
2977997,CHAPTER 79,doom,0.04
2978100,CHAPTER 79,dread,0.04
2978141,CHAPTER 79,drink,0.04
2978506,CHAPTER 79,elephant,0.04
2978512,CHAPTER 79,elevated,0.04
2978626,CHAPTER 79,emperors,0.04
2979142,CHAPTER 79,exceedingly,0.04
2979362,CHAPTER 79,external,0.04
2979404,CHAPTER 79,eyes,0.04
2979641,CHAPTER 79,feature,0.04
2979643,CHAPTER 79,features,0.04
2980748,CHAPTER 79,german,0.04
2980942,CHAPTER 79,god,0.04
2980962,CHAPTER 79,golden,0.04
2981803,CHAPTER 79,hideous,0.04
2981819,CHAPTER 79,highly,0.04
2981858,CHAPTER 79,hints,0.04
2982022,CHAPTER 79,horizontal,0.04
2982051,CHAPTER 79,horses,0.04
2982316,CHAPTER 79,ill,0.04
2982754,CHAPTER 79,indispensable,0.04
2983444,CHAPTER 79,ishmael,0.04
2983770,CHAPTER 79,keeping,0.04
2983945,CHAPTER 79,ladder,0.04
2984036,CHAPTER 79,largely,0.04
2984872,CHAPTER 79,magnitude,0.04
2984902,CHAPTER 79,majestic,0.04
2985040,CHAPTER 79,marble,0.04
2985375,CHAPTER 79,merry,0.04
2985454,CHAPTER 79,mightiest,0.04
2985860,CHAPTER 79,mounted,0.04
2986025,CHAPTER 79,mystical,0.04
2986092,CHAPTER 79,nation,0.04
2987210,CHAPTER 79,particulars,0.04
2987483,CHAPTER 79,perceive,0.04
2988280,CHAPTER 79,powers,0.04
2988783,CHAPTER 79,prove,0.04
2988857,CHAPTER 79,pulled,0.04
2988948,CHAPTER 79,pushing,0.04
2989492,CHAPTER 79,reflection,0.04
2989768,CHAPTER 79,repose,0.04
2990231,CHAPTER 79,rock,0.04
2990868,CHAPTER 79,seal,0.04
2992079,CHAPTER 79,sorry,0.04
2992315,CHAPTER 79,spoken,0.04
2992522,CHAPTER 79,stately,0.04
2992825,CHAPTER 79,strip,0.04
2992941,CHAPTER 79,sublime,0.04
2992997,CHAPTER 79,subtle,0.04
2993929,CHAPTER 79,throne,0.04
2993938,CHAPTER 79,throw,0.04
2994142,CHAPTER 79,tongue,0.04
2994237,CHAPTER 79,tower,0.04
2994507,CHAPTER 79,troubled,0.04
2996818,CHAPTER 79,wrinkled,0.04
2996834,CHAPTER 79,written,0.04
2971504,CHAPTER 79,added,0.03
2972508,CHAPTER 79,aspect,0.03
2972785,CHAPTER 79,awful,0.03
2973745,CHAPTER 79,book,0.03
2975190,CHAPTER 79,clear,0.03
2976438,CHAPTER 79,creature,0.03
2976439,CHAPTER 79,creatures,0.03
2977951,CHAPTER 79,doing,0.03
2978327,CHAPTER 79,ears,0.03
2978341,CHAPTER 79,east,0.03
2979031,CHAPTER 79,eternal,0.03
2979501,CHAPTER 79,famous,0.03
2979819,CHAPTER 79,finally,0.03
2980680,CHAPTER 79,gazing,0.03
2980950,CHAPTER 79,gods,0.03
2981044,CHAPTER 79,grand,0.03
2981669,CHAPTER 79,heavy,0.03
2981828,CHAPTER 79,hill,0.03
2982006,CHAPTER 79,hope,0.03
2982186,CHAPTER 79,hunters,0.03
2983641,CHAPTER 79,jolly,0.03
2984405,CHAPTER 79,lines,0.03
2984606,CHAPTER 79,lord,0.03
2984656,CHAPTER 79,low,0.03
2984659,CHAPTER 79,lowering,0.03
2984781,CHAPTER 79,lying,0.03
2985065,CHAPTER 79,mark,0.03
2985316,CHAPTER 79,men,0.03
2985352,CHAPTER 79,mere,0.03
2985435,CHAPTER 79,middle,0.03
2985874,CHAPTER 79,mouth,0.03
2986104,CHAPTER 79,nature,0.03
2986301,CHAPTER 79,noble,0.03
2986459,CHAPTER 79,object,0.03
2987208,CHAPTER 79,particular,0.03
2987240,CHAPTER 79,passing,0.03
2987887,CHAPTER 79,plainly,0.03
2988346,CHAPTER 79,precisely,0.03
2989527,CHAPTER 79,regarded,0.03
2989992,CHAPTER 79,revealed,0.03
2990178,CHAPTER 79,rise,0.03
2990339,CHAPTER 79,royal,0.03
2990707,CHAPTER 79,scene,0.03
2990897,CHAPTER 79,seat,0.03
2991512,CHAPTER 79,silence,0.03
2991667,CHAPTER 79,sky,0.03
2993234,CHAPTER 79,sure,0.03
2993864,CHAPTER 79,thirty,0.03
2994218,CHAPTER 79,touch,0.03
2994222,CHAPTER 79,touching,0.03
2994549,CHAPTER 79,try,0.03
2995721,CHAPTER 79,various,0.03
2996694,CHAPTER 79,wondrous,0.03
2996947,CHAPTER 79,young,0.03
2973669,CHAPTER 79,boat,0.02
2973674,CHAPTER 79,boats,0.02
2974046,CHAPTER 79,broad,0.02
2978862,CHAPTER 79,entire,0.02
2979825,CHAPTER 79,fine,0.02
2979863,CHAPTER 79,fish,0.02
2981402,CHAPTER 79,hand,0.02
2983900,CHAPTER 79,known,0.02
2983986,CHAPTER 79,land,0.02
2984398,CHAPTER 79,line,0.02
2984478,CHAPTER 79,living,0.02
2985799,CHAPTER 79,morning,0.02
2986671,CHAPTER 79,open,0.02
2988050,CHAPTER 79,point,0.02
2990118,CHAPTER 79,right,0.02
2990484,CHAPTER 79,sail,0.02
2991313,CHAPTER 79,ships,0.02
2991588,CHAPTER 79,sir,0.02
2991818,CHAPTER 79,small,0.02
2992080,CHAPTER 79,sort,0.02
2993841,CHAPTER 79,thing,0.02
2993842,CHAPTER 79,things,0.02
2993879,CHAPTER 79,thought,0.02
2995735,CHAPTER 79,vast,0.02
2996062,CHAPTER 79,voyage,0.02
2996737,CHAPTER 79,world,0.02
2986625,CHAPTER 79,old,0.01
2990310,CHAPTER 79,round,0.01
2996281,CHAPTER 79,way,0.01
