,chapter,term,tfidf
3102054,CHAPTER 82,vishnoo,0.36
3093659,CHAPTER 82,perseus,0.32
3086833,CHAPTER 82,george,0.3
3098820,CHAPTER 82,story,0.19
3098514,CHAPTER 82,st,0.18
3084155,CHAPTER 82,dragon,0.16
3102477,CHAPTER 82,whale,0.16
3102484,CHAPTER 82,whaleman,0.15
3078138,CHAPTER 82,andromeda,0.13
3089739,CHAPTER 82,joppa,0.12
3087839,CHAPTER 82,hercules,0.11
3089732,CHAPTER 82,jonah,0.09
3097314,CHAPTER 82,shaster,0.09
3101834,CHAPTER 82,vedas,0.09
3082011,CHAPTER 82,considering,0.08
3083204,CHAPTER 82,demi,0.08
3085405,CHAPTER 82,exploit,0.08
3086434,CHAPTER 82,fraternity,0.08
3087207,CHAPTER 82,great,0.08
3088135,CHAPTER 82,horse,0.08
3094806,CHAPTER 82,prophets,0.08
3096587,CHAPTER 82,saith,0.08
3081211,CHAPTER 82,claim,0.07
3087038,CHAPTER 82,gods,0.07
3087586,CHAPTER 82,harpooned,0.07
3087860,CHAPTER 82,heroes,0.07
3091825,CHAPTER 82,monster,0.07
3096540,CHAPTER 82,sacred,0.07
3083328,CHAPTER 82,derived,0.06
3084772,CHAPTER 82,encountered,0.06
3090355,CHAPTER 82,let,0.06
3090378,CHAPTER 82,leviathan,0.06
3097292,CHAPTER 82,shape,0.06
3097708,CHAPTER 82,skeleton,0.06
3102352,CHAPTER 82,waters,0.06
3078133,CHAPTER 82,ancient,0.05
3078134,CHAPTER 82,ancientest,0.05
3078474,CHAPTER 82,arkite,0.05
3079155,CHAPTER 82,battle,0.05
3080643,CHAPTER 82,carson,0.05
3082599,CHAPTER 82,crockett,0.05
3082828,CHAPTER 82,dagon,0.05
3083048,CHAPTER 82,decoration,0.05
3083835,CHAPTER 82,disorderliness,0.05
3083904,CHAPTER 82,dissolutions,0.05
3084026,CHAPTER 82,doer,0.05
3084156,CHAPTER 82,dragons,0.05
3084664,CHAPTER 82,emblazoned,0.05
3086906,CHAPTER 82,gives,0.05
3087252,CHAPTER 82,griffin,0.05
3087679,CHAPTER 82,head,0.05
3088063,CHAPTER 82,honorableness,0.05
3088137,CHAPTER 82,horseback,0.05
3088684,CHAPTER 82,incarnations,0.05
3089808,CHAPTER 82,jumbled,0.05
3089959,CHAPTER 82,knightly,0.05
3090454,CHAPTER 82,like,0.05
3093386,CHAPTER 82,patron,0.05
3095508,CHAPTER 82,recreate,0.05
3095727,CHAPTER 82,remained,0.05
3096337,CHAPTER 82,roll,0.05
3096795,CHAPTER 82,scene,0.05
3096953,CHAPTER 82,sea,0.05
3099092,CHAPTER 82,subtract,0.05
3099156,CHAPTER 82,suggestively,0.05
3100632,CHAPTER 82,truth,0.05
3100709,CHAPTER 82,tutelary,0.05
3101913,CHAPTER 82,versions,0.05
3101914,CHAPTER 82,versâ,0.05
3077531,CHAPTER 82,achieved,0.04
3077703,CHAPTER 82,adventure,0.04
3077882,CHAPTER 82,akin,0.04
3078244,CHAPTER 82,antiquity,0.04
3078425,CHAPTER 82,architects,0.04
3078557,CHAPTER 82,artistic,0.04
3078559,CHAPTER 82,artists,0.04
3078630,CHAPTER 82,asserted,0.04
3078716,CHAPTER 82,attacked,0.04
3078811,CHAPTER 82,authorities,0.04
3079433,CHAPTER 82,best,0.04
3079961,CHAPTER 82,brahma,0.04
3080002,CHAPTER 82,brawny,0.04
3080174,CHAPTER 82,brotherhood,0.04
3081111,CHAPTER 82,chronicles,0.04
3081226,CHAPTER 82,clan,0.04
3081379,CHAPTER 82,club,0.04
3081410,CHAPTER 82,coast,0.04
3081780,CHAPTER 82,comprise,0.04
3082079,CHAPTER 82,contained,0.04
3082146,CHAPTER 82,contradictory,0.04
3082503,CHAPTER 82,crawled,0.04
3082924,CHAPTER 82,daughter,0.04
3083064,CHAPTER 82,deeds,0.04
3083182,CHAPTER 82,delivered,0.04
3083206,CHAPTER 82,demigods,0.04
3083277,CHAPTER 82,depicted,0.04
3083744,CHAPTER 82,disdain,0.04
3083924,CHAPTER 82,distinction,0.04
3083942,CHAPTER 82,distressed,0.04
3084173,CHAPTER 82,draughts,0.04
3084294,CHAPTER 82,dubious,0.04
3084905,CHAPTER 82,enrolled,0.04
3084930,CHAPTER 82,enterprises,0.04
3085495,CHAPTER 82,ezekiel,0.04
3085746,CHAPTER 82,feeders,0.04
3085962,CHAPTER 82,fishy,0.04
3086519,CHAPTER 82,frocks,0.04
3087034,CHAPTER 82,godhead,0.04
3087212,CHAPTER 82,grecian,0.04
3087341,CHAPTER 82,guardian,0.04
3087588,CHAPTER 82,harpooneers,0.04
3087758,CHAPTER 82,hebrew,0.04
3087935,CHAPTER 82,hindoos,0.04
3088138,CHAPTER 82,horseman,0.04
3088606,CHAPTER 82,impressed,0.04
3088681,CHAPTER 82,incarnate,0.04
3088738,CHAPTER 82,incompatible,0.04
3089017,CHAPTER 82,inhabitants,0.04
3089355,CHAPTER 82,intrepidly,0.04
3089461,CHAPTER 82,involuntary,0.04
3089547,CHAPTER 82,israel,0.04
3089557,CHAPTER 82,italy,0.04
3089584,CHAPTER 82,jaffa,0.04
3089823,CHAPTER 82,jupiter,0.04
3089933,CHAPTER 82,kit,0.04
3089960,CHAPTER 82,knights,0.04
3090074,CHAPTER 82,land,0.04
3090300,CHAPTER 82,legend,0.04
3090302,CHAPTER 82,legends,0.04
3090966,CHAPTER 82,maid,0.04
3091132,CHAPTER 82,march,0.04
3091174,CHAPTER 82,married,0.04
3091494,CHAPTER 82,method,0.04
3091666,CHAPTER 82,mislead,0.04
3091860,CHAPTER 82,mooted,0.04
3092125,CHAPTER 82,mythologies,0.04
3092389,CHAPTER 82,noble,0.04
3092824,CHAPTER 82,order,0.04
3093117,CHAPTER 82,paintings,0.04
3093614,CHAPTER 82,periodical,0.04
3093678,CHAPTER 82,persons,0.04
3093702,CHAPTER 82,perusal,0.04
3093762,CHAPTER 82,philistines,0.04
3093833,CHAPTER 82,piercing,0.04
3094535,CHAPTER 82,preside,0.04
3094610,CHAPTER 82,prince,0.04
3095304,CHAPTER 82,rarely,0.04
3095646,CHAPTER 82,rehearsed,0.04
3095672,CHAPTER 82,rejoicing,0.04
3095868,CHAPTER 82,represented,0.04
3095883,CHAPTER 82,reptile,0.04
3095915,CHAPTER 82,rescued,0.04
3095919,CHAPTER 82,researches,0.04
3096180,CHAPTER 82,ridden,0.04
3096186,CHAPTER 82,rides,0.04
3096348,CHAPTER 82,romans,0.04
3096584,CHAPTER 82,saint,0.04
3096586,CHAPTER 82,saints,0.04
3096634,CHAPTER 82,sanctified,0.04
3097194,CHAPTER 82,set,0.04
3097334,CHAPTER 82,shed,0.04
3097820,CHAPTER 82,slew,0.04
3097962,CHAPTER 82,snake,0.04
3098158,CHAPTER 82,sordid,0.04
3098557,CHAPTER 82,stamp,0.04
3098897,CHAPTER 82,strict,0.04
3099043,CHAPTER 82,subordinately,0.04
3099110,CHAPTER 82,succor,0.04
3099543,CHAPTER 82,syrian,0.04
3099654,CHAPTER 82,tarred,0.04
3099766,CHAPTER 82,temples,0.04
3100564,CHAPTER 82,triumph,0.04
3101762,CHAPTER 82,vaguely,0.04
3101873,CHAPTER 82,venture,0.04
3102118,CHAPTER 82,volumes,0.04
3077576,CHAPTER 82,actually,0.03
3077637,CHAPTER 82,admirable,0.03
3077650,CHAPTER 82,admit,0.03
3077698,CHAPTER 82,advancing,0.03
3077801,CHAPTER 82,ages,0.03
3078161,CHAPTER 82,animal,0.03
3078241,CHAPTER 82,antique,0.03
3078264,CHAPTER 82,apart,0.03
3078310,CHAPTER 82,appear,0.03
3078315,CHAPTER 82,appears,0.03
3078472,CHAPTER 82,ark,0.03
3079172,CHAPTER 82,beach,0.03
3079288,CHAPTER 82,beginning,0.03
3079352,CHAPTER 82,belong,0.03
3079485,CHAPTER 82,bible,0.03
3079542,CHAPTER 82,birth,0.03
3079795,CHAPTER 82,boldly,0.03
3079835,CHAPTER 82,books,0.03
3079857,CHAPTER 82,bore,0.03
3080438,CHAPTER 82,called,0.03
3080440,CHAPTER 82,calling,0.03
3080596,CHAPTER 82,careful,0.03
3080642,CHAPTER 82,carrying,0.03
3081199,CHAPTER 82,city,0.03
3081461,CHAPTER 82,coffin,0.03
3082010,CHAPTER 82,considered,0.03
3082504,CHAPTER 82,crawling,0.03
3082521,CHAPTER 82,creation,0.03
3082906,CHAPTER 82,dart,0.03
3083066,CHAPTER 82,deemed,0.03
3083310,CHAPTER 82,depths,0.03
3083967,CHAPTER 82,dive,0.03
3083989,CHAPTER 82,divine,0.03
3084039,CHAPTER 82,doing,0.03
3084188,CHAPTER 82,dread,0.03
3084418,CHAPTER 82,earthly,0.03
3084845,CHAPTER 82,england,0.03
3084954,CHAPTER 82,entitled,0.03
3085119,CHAPTER 82,eternal,0.03
3085615,CHAPTER 82,fare,0.03
3085951,CHAPTER 82,fish,0.03
3086060,CHAPTER 82,flesh,0.03
3086398,CHAPTER 82,fowl,0.03
3086654,CHAPTER 82,gallant,0.03
3086987,CHAPTER 82,glory,0.03
3087030,CHAPTER 82,god,0.03
3087057,CHAPTER 82,good,0.03
3087216,CHAPTER 82,greek,0.03
3087946,CHAPTER 82,hints,0.03
3088061,CHAPTER 82,honor,0.03
3088062,CHAPTER 82,honorable,0.03
3088359,CHAPTER 82,identical,0.03
3088377,CHAPTER 82,idol,0.03
3088393,CHAPTER 82,ignorance,0.03
3088576,CHAPTER 82,important,0.03
3088667,CHAPTER 82,inasmuch,0.03
3088837,CHAPTER 82,indirectly,0.03
3088842,CHAPTER 82,indispensable,0.03
3089129,CHAPTER 82,inside,0.03
3089236,CHAPTER 82,intent,0.03
3089923,CHAPTER 82,kings,0.03
3090067,CHAPTER 82,lamp,0.03
3090510,CHAPTER 82,lion,0.03
3090735,CHAPTER 82,lovely,0.03
3090869,CHAPTER 82,lying,0.03
3090982,CHAPTER 82,maintain,0.03
3091039,CHAPTER 82,man,0.03
3091232,CHAPTER 82,master,0.03
3091321,CHAPTER 82,meaning,0.03
3091389,CHAPTER 82,member,0.03
3091741,CHAPTER 82,modern,0.03
3092113,CHAPTER 82,mystical,0.03
3092138,CHAPTER 82,named,0.03
3092147,CHAPTER 82,nantucketer,0.03
3092713,CHAPTER 82,old,0.03
3092848,CHAPTER 82,oriental,0.03
3093093,CHAPTER 82,pagan,0.03
3093148,CHAPTER 82,palms,0.03
3094003,CHAPTER 82,planted,0.03
3094373,CHAPTER 82,practical,0.03
3094701,CHAPTER 82,profession,0.03
3094804,CHAPTER 82,prophet,0.03
3095033,CHAPTER 82,push,0.03
3095320,CHAPTER 82,rate,0.03
3095580,CHAPTER 82,reflection,0.03
3095965,CHAPTER 82,resolved,0.03
3096214,CHAPTER 82,rights,0.03
3096319,CHAPTER 82,rock,0.03
3096956,CHAPTER 82,seal,0.03
3097618,CHAPTER 82,similar,0.03
3097655,CHAPTER 82,singular,0.03
3097768,CHAPTER 82,slain,0.03
3098132,CHAPTER 82,son,0.03
3098172,CHAPTER 82,sorts,0.03
3098183,CHAPTER 82,sounding,0.03
3098457,CHAPTER 82,spring,0.03
3098899,CHAPTER 82,strictly,0.03
3098988,CHAPTER 82,stump,0.03
3099307,CHAPTER 82,supposed,0.03
3099419,CHAPTER 82,swallowed,0.03
3100029,CHAPTER 82,thrown,0.03
3100075,CHAPTER 82,tied,0.03
3100109,CHAPTER 82,times,0.03
3100448,CHAPTER 82,transported,0.03
3100605,CHAPTER 82,trowsers,0.03
3100612,CHAPTER 82,true,0.03
3101742,CHAPTER 82,uttermost,0.03
3101771,CHAPTER 82,valiant,0.03
3101956,CHAPTER 82,vice,0.03
3102805,CHAPTER 82,woollen,0.03
3077500,CHAPTER 82,according,0.02
3077562,CHAPTER 82,act,0.02
3078019,CHAPTER 82,altogether,0.02
3078488,CHAPTER 82,arms,0.02
3078532,CHAPTER 82,art,0.02
3079198,CHAPTER 82,bearing,0.02
3079465,CHAPTER 82,better,0.02
3079824,CHAPTER 82,bones,0.02
3080630,CHAPTER 82,carried,0.02
3080659,CHAPTER 82,case,0.02
3080725,CHAPTER 82,caught,0.02
3080807,CHAPTER 82,certainly,0.02
3081688,CHAPTER 82,company,0.02
3081822,CHAPTER 82,concerning,0.02
3082526,CHAPTER 82,creature,0.02
3082943,CHAPTER 82,days,0.02
3083069,CHAPTER 82,deep,0.02
3084117,CHAPTER 82,doubt,0.02
3085079,CHAPTER 82,especially,0.02
3085484,CHAPTER 82,eye,0.02
3085515,CHAPTER 82,fact,0.02
3085589,CHAPTER 82,famous,0.02
3085774,CHAPTER 82,fell,0.02
3085913,CHAPTER 82,fine,0.02
3086333,CHAPTER 82,form,0.02
3086753,CHAPTER 82,gave,0.02
3087132,CHAPTER 82,grand,0.02
3087509,CHAPTER 82,hands,0.02
3087721,CHAPTER 82,heart,0.02
3088006,CHAPTER 82,hold,0.02
3089168,CHAPTER 82,instead,0.02
3089894,CHAPTER 82,kill,0.02
3089895,CHAPTER 82,killed,0.02
3089918,CHAPTER 82,king,0.02
3089989,CHAPTER 82,knows,0.02
3090122,CHAPTER 82,large,0.02
3090694,CHAPTER 82,lord,0.02
3091001,CHAPTER 82,makes,0.02
3091277,CHAPTER 82,matter,0.02
3091589,CHAPTER 82,mind,0.02
3092146,CHAPTER 82,nantucket,0.02
3093955,CHAPTER 82,placed,0.02
3093975,CHAPTER 82,plainly,0.02
3094517,CHAPTER 82,present,0.02
3096427,CHAPTER 82,royal,0.02
3096572,CHAPTER 82,sail,0.02
3097446,CHAPTER 82,short,0.02
3098565,CHAPTER 82,stand,0.02
3098790,CHAPTER 82,stood,0.02
3098854,CHAPTER 82,strangely,0.02
3099966,CHAPTER 82,thou,0.02
3100237,CHAPTER 82,took,0.02
3101277,CHAPTER 82,unknown,0.02
3101285,CHAPTER 82,unless,0.02
3101711,CHAPTER 82,use,0.02
3101823,CHAPTER 82,vast,0.02
3102485,CHAPTER 82,whalemen,0.02
3102488,CHAPTER 82,whales,0.02
3102493,CHAPTER 82,whaling,0.02
3102782,CHAPTER 82,wondrous,0.02
3102809,CHAPTER 82,word,0.02
3102814,CHAPTER 82,work,0.02
3103035,CHAPTER 82,young,0.02
3082938,CHAPTER 82,day,0.01
3083544,CHAPTER 82,did,0.01
3090653,CHAPTER 82,long,0.01
3091404,CHAPTER 82,men,0.01
3096570,CHAPTER 82,said,0.01
3096740,CHAPTER 82,say,0.01
3098168,CHAPTER 82,sort,0.01
3102369,CHAPTER 82,way,0.01
3102825,CHAPTER 82,world,0.01
