,chapter,term,tfidf
152226,CHAPTER 103,ribs,0.31
141819,CHAPTER 103,feet,0.27
153766,CHAPTER 103,skeleton,0.25
154400,CHAPTER 103,spine,0.2
146185,CHAPTER 103,largest,0.15
146387,CHAPTER 103,length,0.14
156294,CHAPTER 103,tons,0.14
145475,CHAPTER 103,invested,0.13
147387,CHAPTER 103,measured,0.13
148434,CHAPTER 103,ninety,0.13
136483,CHAPTER 103,calculation,0.12
139367,CHAPTER 103,depth,0.12
147581,CHAPTER 103,middle,0.12
153270,CHAPTER 103,seventy,0.12
158535,CHAPTER 103,whale,0.12
153810,CHAPTER 103,skull,0.11
156440,CHAPTER 103,tranque,0.11
144754,CHAPTER 103,inches,0.1
158678,CHAPTER 103,width,0.1
136299,CHAPTER 103,bulk,0.09
141933,CHAPTER 103,fifth,0.09
146624,CHAPTER 103,living,0.09
148524,CHAPTER 103,notion,0.09
154669,CHAPTER 103,statement,0.09
155698,CHAPTER 103,tapers,0.09
141989,CHAPTER 103,fins,0.08
143267,CHAPTER 103,greatest,0.08
152219,CHAPTER 103,rib,0.08
136654,CHAPTER 103,careful,0.07
142208,CHAPTER 103,flukes,0.07
142624,CHAPTER 103,fully,0.07
147018,CHAPTER 103,magnitude,0.07
148192,CHAPTER 103,naked,0.07
148804,CHAPTER 103,ones,0.07
133558,CHAPTER 103,according,0.06
134214,CHAPTER 103,angry,0.06
135879,CHAPTER 103,bone,0.06
139765,CHAPTER 103,disconnected,0.06
140537,CHAPTER 103,eddyings,0.06
142292,CHAPTER 103,footpath,0.06
142841,CHAPTER 103,general,0.06
145677,CHAPTER 103,jaw,0.06
146732,CHAPTER 103,looks,0.06
149017,CHAPTER 103,outweigh,0.06
150030,CHAPTER 103,plain,0.06
150085,CHAPTER 103,play,0.06
150255,CHAPTER 103,pompey,0.06
151877,CHAPTER 103,repeated,0.06
154284,CHAPTER 103,spanned,0.06
157759,CHAPTER 103,urchins,0.06
134138,CHAPTER 103,ample,0.05
134587,CHAPTER 103,arsacides,0.05
134804,CHAPTER 103,attenuated,0.05
135188,CHAPTER 103,basket,0.05
135572,CHAPTER 103,billiard,0.05
135881,CHAPTER 103,boneless,0.05
135882,CHAPTER 103,bones,0.05
136136,CHAPTER 103,bridges,0.05
136145,CHAPTER 103,briefly,0.05
136277,CHAPTER 103,budge,0.05
136779,CHAPTER 103,cattle,0.05
137209,CHAPTER 103,circular,0.05
137373,CHAPTER 103,climax,0.05
137839,CHAPTER 103,comprised,0.05
138266,CHAPTER 103,conveyed,0.05
138374,CHAPTER 103,correspondence,0.05
138466,CHAPTER 103,courses,0.05
138535,CHAPTER 103,crane,0.05
140029,CHAPTER 103,divers,0.05
140607,CHAPTER 103,eighty,0.05
140740,CHAPTER 103,embraces,0.05
140824,CHAPTER 103,enclosed,0.05
140987,CHAPTER 103,enterprise,0.05
141169,CHAPTER 103,estimate,0.05
141374,CHAPTER 103,exhibit,0.05
141497,CHAPTER 103,extended,0.05
142621,CHAPTER 103,fullest,0.05
143144,CHAPTER 103,gothic,0.05
144267,CHAPTER 103,hugest,0.05
144497,CHAPTER 103,imagination,0.05
145075,CHAPTER 103,inhabitants,0.05
146024,CHAPTER 103,knobbed,0.05
146262,CHAPTER 103,lay,0.05
146436,CHAPTER 103,leviathan,0.05
146512,CHAPTER 103,like,0.05
146603,CHAPTER 103,little,0.05
146625,CHAPTER 103,livingly,0.05
146711,CHAPTER 103,long,0.05
146764,CHAPTER 103,loses,0.05
147189,CHAPTER 103,marbles,0.05
147276,CHAPTER 103,masonry,0.05
148105,CHAPTER 103,muscle,0.05
149354,CHAPTER 103,particular,0.05
149923,CHAPTER 103,pillar,0.05
150292,CHAPTER 103,population,0.05
150299,CHAPTER 103,poring,0.05
150868,CHAPTER 103,proportion,0.05
151192,CHAPTER 103,quickest,0.05
151982,CHAPTER 103,resembled,0.05
152905,CHAPTER 103,scoresby,0.05
153106,CHAPTER 103,seemly,0.05
154356,CHAPTER 103,speedy,0.05
154421,CHAPTER 103,spire,0.05
154828,CHAPTER 103,stocks,0.05
154836,CHAPTER 103,stolen,0.05
154938,CHAPTER 103,streams,0.05
155166,CHAPTER 103,successively,0.05
155639,CHAPTER 103,tail,0.05
155867,CHAPTER 103,tenth,0.05
156008,CHAPTER 103,thirteen,0.05
156282,CHAPTER 103,ton,0.05
156931,CHAPTER 103,unbounded,0.05
157412,CHAPTER 103,unobstructed,0.05
157497,CHAPTER 103,unrelieved,0.05
157668,CHAPTER 103,untravelled,0.05
157771,CHAPTER 103,useful,0.05
157868,CHAPTER 103,variously,0.05
157974,CHAPTER 103,vertebræ,0.05
158138,CHAPTER 103,vitals,0.05
158494,CHAPTER 103,weigh,0.05
158501,CHAPTER 103,weighty,0.05
158579,CHAPTER 103,whereon,0.05
159084,CHAPTER 103,yoked,0.05
134199,CHAPTER 103,anew,0.04
134472,CHAPTER 103,arched,0.04
134514,CHAPTER 103,aright,0.04
135036,CHAPTER 103,ball,0.04
135246,CHAPTER 103,beams,0.04
135344,CHAPTER 103,begin,0.04
135671,CHAPTER 103,blank,0.04
135752,CHAPTER 103,blocks,0.04
135838,CHAPTER 103,body,0.04
135915,CHAPTER 103,bore,0.04
135973,CHAPTER 103,bowels,0.04
136028,CHAPTER 103,brains,0.04
136558,CHAPTER 103,cannibal,0.04
137087,CHAPTER 103,children,0.04
137221,CHAPTER 103,circumference,0.04
137607,CHAPTER 103,colossal,0.04
137632,CHAPTER 103,combined,0.04
137751,CHAPTER 103,compared,0.04
137803,CHAPTER 103,complicated,0.04
137828,CHAPTER 103,comprehend,0.04
138063,CHAPTER 103,considerably,0.04
138377,CHAPTER 103,corresponding,0.04
139660,CHAPTER 103,diminished,0.04
139892,CHAPTER 103,disordered,0.04
141498,CHAPTER 103,extending,0.04
141502,CHAPTER 103,extent,0.04
141588,CHAPTER 103,fail,0.04
142277,CHAPTER 103,foolish,0.04
142399,CHAPTER 103,forming,0.04
142454,CHAPTER 103,fourth,0.04
142697,CHAPTER 103,gain,0.04
145313,CHAPTER 103,interesting,0.04
145774,CHAPTER 103,joints,0.04
146145,CHAPTER 103,landsman,0.04
146483,CHAPTER 103,life,0.04
147048,CHAPTER 103,majestic,0.04
147992,CHAPTER 103,mould,0.04
148687,CHAPTER 103,occupied,0.04
148705,CHAPTER 103,odd,0.04
149488,CHAPTER 103,peaceful,0.04
149910,CHAPTER 103,pile,0.04
150012,CHAPTER 103,place,0.04
150655,CHAPTER 103,priest,0.04
150715,CHAPTER 103,proceed,0.04
150929,CHAPTER 103,prove,0.04
151523,CHAPTER 103,reckoning,0.04
151786,CHAPTER 103,remaining,0.04
152221,CHAPTER 103,ribbed,0.04
152790,CHAPTER 103,saw,0.04
153687,CHAPTER 103,simple,0.04
153693,CHAPTER 103,simply,0.04
153759,CHAPTER 103,sixteen,0.04
153763,CHAPTER 103,sized,0.04
153965,CHAPTER 103,smaller,0.04
153966,CHAPTER 103,smallest,0.04
154157,CHAPTER 103,solid,0.04
154367,CHAPTER 103,sperm,0.04
154948,CHAPTER 103,stretched,0.04
155003,CHAPTER 103,structure,0.04
155979,CHAPTER 103,thickness,0.04
156153,CHAPTER 103,till,0.04
156160,CHAPTER 103,timber,0.04
156168,CHAPTER 103,timid,0.04
157793,CHAPTER 103,utter,0.04
158057,CHAPTER 103,village,0.04
158768,CHAPTER 103,wish,0.04
158925,CHAPTER 103,wrapped,0.04
133650,CHAPTER 103,added,0.03
134770,CHAPTER 103,attached,0.03
134926,CHAPTER 103,away,0.03
135172,CHAPTER 103,base,0.03
135891,CHAPTER 103,book,0.03
135970,CHAPTER 103,bow,0.03
136699,CHAPTER 103,carry,0.03
136941,CHAPTER 103,chapter,0.03
137063,CHAPTER 103,chest,0.03
137080,CHAPTER 103,child,0.03
137236,CHAPTER 103,circumstance,0.03
137792,CHAPTER 103,complete,0.03
137880,CHAPTER 103,concerning,0.03
138061,CHAPTER 103,consider,0.03
138069,CHAPTER 103,considering,0.03
141670,CHAPTER 103,far,0.03
142118,CHAPTER 103,flesh,0.03
142327,CHAPTER 103,forehead,0.03
142391,CHAPTER 103,form,0.03
143265,CHAPTER 103,great,0.03
143281,CHAPTER 103,greenland,0.03
143815,CHAPTER 103,heavy,0.03
144072,CHAPTER 103,hole,0.03
144273,CHAPTER 103,hull,0.03
145183,CHAPTER 103,inserted,0.03
145621,CHAPTER 103,ivory,0.03
145906,CHAPTER 103,keel,0.03
146104,CHAPTER 103,laid,0.03
146324,CHAPTER 103,leaving,0.03
146474,CHAPTER 103,lie,0.03
146666,CHAPTER 103,locked,0.03
146713,CHAPTER 103,longer,0.03
146767,CHAPTER 103,lost,0.03
147383,CHAPTER 103,means,0.03
147499,CHAPTER 103,merely,0.03
147603,CHAPTER 103,mighty,0.03
148277,CHAPTER 103,nearly,0.03
148298,CHAPTER 103,neck,0.03
149362,CHAPTER 103,partly,0.03
149369,CHAPTER 103,parts,0.03
149670,CHAPTER 103,perils,0.03
150780,CHAPTER 103,profound,0.03
154495,CHAPTER 103,spout,0.03
154892,CHAPTER 103,straight,0.03
155001,CHAPTER 103,struck,0.03
155795,CHAPTER 103,teeth,0.03
156033,CHAPTER 103,thousand,0.03
156260,CHAPTER 103,told,0.03
156368,CHAPTER 103,touching,0.03
156673,CHAPTER 103,truly,0.03
156695,CHAPTER 103,try,0.03
157770,CHAPTER 103,used,0.03
157824,CHAPTER 103,vain,0.03
157867,CHAPTER 103,various,0.03
158037,CHAPTER 103,view,0.03
158427,CHAPTER 103,way,0.03
158430,CHAPTER 103,ways,0.03
158840,CHAPTER 103,wondrous,0.03
158847,CHAPTER 103,wood,0.03
134533,CHAPTER 103,arm,0.02
135491,CHAPTER 103,best,0.02
135755,CHAPTER 103,blood,0.02
136520,CHAPTER 103,came,0.02
136624,CHAPTER 103,captain,0.02
139009,CHAPTER 103,dead,0.02
140843,CHAPTER 103,end,0.02
141008,CHAPTER 103,entire,0.02
142009,CHAPTER 103,fish,0.02
143510,CHAPTER 103,half,0.02
143717,CHAPTER 103,having,0.02
143779,CHAPTER 103,heart,0.02
143960,CHAPTER 103,high,0.02
146180,CHAPTER 103,large,0.02
146544,CHAPTER 103,line,0.02
147056,CHAPTER 103,make,0.02
147462,CHAPTER 103,men,0.02
147647,CHAPTER 103,mind,0.02
148389,CHAPTER 103,new,0.02
150196,CHAPTER 103,point,0.02
152798,CHAPTER 103,say,0.02
153055,CHAPTER 103,second,0.02
153325,CHAPTER 103,shall,0.02
153964,CHAPTER 103,small,0.02
155988,CHAPTER 103,things,0.02
155989,CHAPTER 103,think,0.02
156025,CHAPTER 103,thought,0.02
156670,CHAPTER 103,true,0.02
157881,CHAPTER 103,vast,0.02
158640,CHAPTER 103,white,0.02
147097,CHAPTER 103,man,0.01
152456,CHAPTER 103,round,0.01
153011,CHAPTER 103,sea,0.01
153449,CHAPTER 103,ship,0.01
156163,CHAPTER 103,time,0.01
