,chapter,term,tfidf
1185524,CHAPTER 17,queequeg,0.37
1185667,CHAPTER 17,ramadan,0.28
1180495,CHAPTER 17,landlady,0.2
1174503,CHAPTER 17,door,0.15
1173070,CHAPTER 17,cruet,0.13
1186986,CHAPTER 17,said,0.13
1177903,CHAPTER 17,hams,0.12
1178724,CHAPTER 17,hussey,0.12
1182401,CHAPTER 17,mrs,0.12
1192434,CHAPTER 17,vinegar,0.12
1180416,CHAPTER 17,la,0.11
1183175,CHAPTER 17,open,0.11
1186126,CHAPTER 17,religion,0.11
1180292,CHAPTER 17,key,0.1
1186777,CHAPTER 17,room,0.1
1188957,CHAPTER 17,stairs,0.1
1190383,CHAPTER 17,thought,0.1
1169302,CHAPTER 17,axe,0.09
1184087,CHAPTER 17,person,0.09
1169645,CHAPTER 17,bed,0.08
1188112,CHAPTER 17,sitting,0.08
1171910,CHAPTER 17,cold,0.07
1180246,CHAPTER 17,just,0.07
1180310,CHAPTER 17,kill,0.07
1182488,CHAPTER 17,mustard,0.07
1185668,CHAPTER 17,ramadans,0.07
1168698,CHAPTER 17,apoplexy,0.06
1171256,CHAPTER 17,chamber,0.06
1174490,CHAPTER 17,don,0.06
1175577,CHAPTER 17,evening,0.06
1176070,CHAPTER 17,fasting,0.06
1180370,CHAPTER 17,knew,0.06
1180945,CHAPTER 17,listening,0.06
1181693,CHAPTER 17,matter,0.06
1182883,CHAPTER 17,notions,0.06
1183521,CHAPTER 17,pained,0.06
1184508,CHAPTER 17,plum,0.06
1184901,CHAPTER 17,premises,0.06
1185327,CHAPTER 17,pry,0.06
1186128,CHAPTER 17,religions,0.06
1186912,CHAPTER 17,running,0.06
1187004,CHAPTER 17,sake,0.06
1190521,CHAPTER 17,time,0.06
1192385,CHAPTER 17,victor,0.06
1192639,CHAPTER 17,wall,0.06
1192876,CHAPTER 17,went,0.06
1170435,CHAPTER 17,breakfast,0.05
1171410,CHAPTER 17,cherish,0.05
1173960,CHAPTER 17,did,0.05
1174533,CHAPTER 17,doubt,0.05
1177446,CHAPTER 17,god,0.05
1177623,CHAPTER 17,great,0.05
1178001,CHAPTER 17,harpoon,0.05
1178430,CHAPTER 17,hole,0.05
1180987,CHAPTER 17,ll,0.05
1182778,CHAPTER 17,night,0.05
1182819,CHAPTER 17,noise,0.05
1183510,CHAPTER 17,pagans,0.05
1184362,CHAPTER 17,pity,0.05
1184735,CHAPTER 17,pot,0.05
1187095,CHAPTER 17,sat,0.05
1187534,CHAPTER 17,sensible,0.05
1189002,CHAPTER 17,stark,0.05
1190618,CHAPTER 17,told,0.05
1193225,CHAPTER 17,word,0.05
1193440,CHAPTER 17,yojo,0.05
1193451,CHAPTER 17,young,0.05
1169246,CHAPTER 17,avast,0.04
1169571,CHAPTER 17,battle,0.04
1170433,CHAPTER 17,break,0.04
1170740,CHAPTER 17,burst,0.04
1171223,CHAPTER 17,certainly,0.04
1171753,CHAPTER 17,clock,0.04
1172975,CHAPTER 17,cried,0.04
1173354,CHAPTER 17,day,0.04
1176383,CHAPTER 17,fit,0.04
1177473,CHAPTER 17,good,0.04
1177726,CHAPTER 17,grow,0.04
1178769,CHAPTER 17,idea,0.04
1179545,CHAPTER 17,inside,0.04
1179950,CHAPTER 17,island,0.04
1179989,CHAPTER 17,jacket,0.04
1180771,CHAPTER 17,let,0.04
1181024,CHAPTER 17,locked,0.04
1181081,CHAPTER 17,look,0.04
1181082,CHAPTER 17,looked,0.04
1183509,CHAPTER 17,pagan,0.04
1184701,CHAPTER 17,position,0.04
1184714,CHAPTER 17,possible,0.04
1185458,CHAPTER 17,putting,0.04
1185551,CHAPTER 17,quickly,0.04
1185800,CHAPTER 17,really,0.04
1187156,CHAPTER 17,say,0.04
1187540,CHAPTER 17,sent,0.04
1187993,CHAPTER 17,sign,0.04
1188019,CHAPTER 17,silent,0.04
1189700,CHAPTER 17,supper,0.04
1189722,CHAPTER 17,suppose,0.04
1190511,CHAPTER 17,till,0.04
1190958,CHAPTER 17,tried,0.04
1191418,CHAPTER 17,understand,0.04
1192785,CHAPTER 17,way,0.04
1167074,CHAPTER 17,_alive_,0.03
1167856,CHAPTER 17,absurd,0.03
1167862,CHAPTER 17,abundant,0.03
1168306,CHAPTER 17,alarmed,0.03
1168383,CHAPTER 17,allow,0.03
1168666,CHAPTER 17,ants,0.03
1168697,CHAPTER 17,apoplectic,0.03
1168747,CHAPTER 17,apple,0.03
1168861,CHAPTER 17,argue,0.03
1168862,CHAPTER 17,argued,0.03
1168863,CHAPTER 17,arguing,0.03
1168978,CHAPTER 17,arts,0.03
1169154,CHAPTER 17,attending,0.03
1169241,CHAPTER 17,avail,0.03
1169353,CHAPTER 17,badly,0.03
1169360,CHAPTER 17,baggage,0.03
1169479,CHAPTER 17,barbecue,0.03
1169617,CHAPTER 17,bearskin,0.03
1169662,CHAPTER 17,bedside,0.03
1169692,CHAPTER 17,began,0.03
1169746,CHAPTER 17,believe,0.03
1169884,CHAPTER 17,betty,0.03
1170025,CHAPTER 17,blandishments,0.03
1170132,CHAPTER 17,blown,0.03
1170162,CHAPTER 17,board,0.03
1170279,CHAPTER 17,born,0.03
1170430,CHAPTER 17,breadfruit,0.03
1170505,CHAPTER 17,brig,0.03
1170908,CHAPTER 17,candle,0.03
1171100,CHAPTER 17,castor,0.03
1171101,CHAPTER 17,castors,0.03
1171141,CHAPTER 17,caught,0.03
1171161,CHAPTER 17,caves,0.03
1171171,CHAPTER 17,ceiling,0.03
1171319,CHAPTER 17,charitable,0.03
1171390,CHAPTER 17,cheerful,0.03
1171396,CHAPTER 17,cheerless,0.03
1171497,CHAPTER 17,choose,0.03
1171507,CHAPTER 17,chowders,0.03
1171518,CHAPTER 17,christians,0.03
1171519,CHAPTER 17,christmas,0.03
1171653,CHAPTER 17,clapping,0.03
1171769,CHAPTER 17,closet,0.03
1171772,CHAPTER 17,closing,0.03
1171860,CHAPTER 17,cocoanuts,0.03
1171931,CHAPTER 17,collected,0.03
1172020,CHAPTER 17,comical,0.03
1172116,CHAPTER 17,compassion,0.03
1172169,CHAPTER 17,compliments,0.03
1172220,CHAPTER 17,conceits,0.03
1172273,CHAPTER 17,condescending,0.03
1172316,CHAPTER 17,confined,0.03
1172466,CHAPTER 17,constrained,0.03
1172540,CHAPTER 17,continue,0.03
1172644,CHAPTER 17,cooked,0.03
1172770,CHAPTER 17,couch,0.03
1172798,CHAPTER 17,counterpane,0.03
1172954,CHAPTER 17,creed,0.03
1173021,CHAPTER 17,crooked,0.03
1173416,CHAPTER 17,deceased,0.03
1173685,CHAPTER 17,depend,0.03
1173697,CHAPTER 17,deplorably,0.03
1173806,CHAPTER 17,despairing,0.03
1173864,CHAPTER 17,determined,0.03
1174002,CHAPTER 17,digressively,0.03
1174373,CHAPTER 17,disturb,0.03
1174431,CHAPTER 17,doctor,0.03
1174550,CHAPTER 17,downright,0.03
1174557,CHAPTER 17,doze,0.03
1174607,CHAPTER 17,dreadfully,0.03
1174622,CHAPTER 17,dreary,0.03
1174743,CHAPTER 17,dumpling,0.03
1174809,CHAPTER 17,dyspepsia,0.03
1174810,CHAPTER 17,dyspepsias,0.03
1174811,CHAPTER 17,dyspeptic,0.03
1174832,CHAPTER 17,earth,0.03
1174855,CHAPTER 17,eaten,0.03
1175207,CHAPTER 17,endeavored,0.03
1175237,CHAPTER 17,enemy,0.03
1175351,CHAPTER 17,entertaining,0.03
1175387,CHAPTER 17,entry,0.03
1175568,CHAPTER 17,evangelical,0.03
1175845,CHAPTER 17,expressing,0.03
1175887,CHAPTER 17,extremely,0.03
1175956,CHAPTER 17,faintest,0.03
1176058,CHAPTER 17,fast,0.03
1176134,CHAPTER 17,feast,0.03
1176200,CHAPTER 17,felt,0.03
1176648,CHAPTER 17,footmanism,0.03
1177122,CHAPTER 17,garden,0.03
1177136,CHAPTER 17,garnished,0.03
1177314,CHAPTER 17,girl,0.03
1177455,CHAPTER 17,goes,0.03
1177461,CHAPTER 17,going,0.03
1177596,CHAPTER 17,grating,0.03
1177857,CHAPTER 17,hain,0.03
1177868,CHAPTER 17,half,0.03
1177869,CHAPTER 17,halibut,0.03
1177887,CHAPTER 17,ham,0.03
1177906,CHAPTER 17,hand,0.03
1178095,CHAPTER 17,head,0.03
1178163,CHAPTER 17,heaven,0.03
1178261,CHAPTER 17,hereafters,0.03
1178360,CHAPTER 17,hinting,0.03
1178427,CHAPTER 17,holding,0.03
1178516,CHAPTER 17,hopelessly,0.03
1178582,CHAPTER 17,house,0.03
1178654,CHAPTER 17,humiliation,0.03
1178735,CHAPTER 17,hygiene,0.03
1178774,CHAPTER 17,ideas,0.03
1179024,CHAPTER 17,impression,0.03
1179357,CHAPTER 17,inferences,0.03
1179504,CHAPTER 17,inordinate,0.03
1179521,CHAPTER 17,insane,0.03
1179711,CHAPTER 17,interposed,0.03
1180132,CHAPTER 17,joints,0.03
1180311,CHAPTER 17,killed,0.03
1180350,CHAPTER 17,kitchen,0.03
1180381,CHAPTER 17,knob,0.03
1180421,CHAPTER 17,labored,0.03
1180493,CHAPTER 17,landing,0.03
1180571,CHAPTER 17,later,0.03
1180617,CHAPTER 17,laws,0.03
1180756,CHAPTER 17,lents,0.03
1180897,CHAPTER 17,limped,0.03
1180902,CHAPTER 17,line,0.03
1180961,CHAPTER 17,little,0.03
1181030,CHAPTER 17,locksmith,0.03
1181033,CHAPTER 17,lodge,0.03
1181291,CHAPTER 17,ma,0.03
1181382,CHAPTER 17,maid,0.03
1181417,CHAPTER 17,makes,0.03
1181455,CHAPTER 17,man,0.03
1181730,CHAPTER 17,meals,0.03
1181813,CHAPTER 17,memorable,0.03
1181832,CHAPTER 17,mending,0.03
1181850,CHAPTER 17,merciful,0.03
1181855,CHAPTER 17,mercy,0.03
1182108,CHAPTER 17,mistress,0.03
1182365,CHAPTER 17,mounting,0.03
1182374,CHAPTER 17,mouse,0.03
1182594,CHAPTER 17,nate,0.03
1182647,CHAPTER 17,necessarily,0.03
1182835,CHAPTER 17,nonsense,0.03
1182929,CHAPTER 17,nurtured,0.03
1182965,CHAPTER 17,objection,0.03
1182971,CHAPTER 17,obligations,0.03
1183043,CHAPTER 17,occupation,0.03
1183205,CHAPTER 17,opposed,0.03
1183472,CHAPTER 17,owned,0.03
1183523,CHAPTER 17,painfully,0.03
1183528,CHAPTER 17,paint,0.03
1183530,CHAPTER 17,painter,0.03
1183691,CHAPTER 17,parsley,0.03
1183915,CHAPTER 17,peg,0.03
1184017,CHAPTER 17,performances,0.03
1184051,CHAPTER 17,permitted,0.03
1184062,CHAPTER 17,perpetuated,0.03
1184226,CHAPTER 17,picking,0.03
1184255,CHAPTER 17,piety,0.03
1184267,CHAPTER 17,pilau,0.03
1184407,CHAPTER 17,planets,0.03
1184422,CHAPTER 17,plaster,0.03
1184589,CHAPTER 17,polite,0.03
1184702,CHAPTER 17,positive,0.03
1184710,CHAPTER 17,possessions,0.03
1184923,CHAPTER 17,presbyterian,0.03
1184924,CHAPTER 17,presbyterians,0.03
1184990,CHAPTER 17,prevail,0.03
1184999,CHAPTER 17,previous,0.03
1185023,CHAPTER 17,primitive,0.03
1185095,CHAPTER 17,prodigiously,0.03
1185132,CHAPTER 17,profit,0.03
1185150,CHAPTER 17,progress,0.03
1185177,CHAPTER 17,promised,0.03
1185242,CHAPTER 17,proprietor,0.03
1185256,CHAPTER 17,prospect,0.03
1185329,CHAPTER 17,prying,0.03
1185349,CHAPTER 17,pudding,0.03
1185350,CHAPTER 17,puddingers,0.03
1185386,CHAPTER 17,punctual,0.03
1185572,CHAPTER 17,quite,0.03
1185815,CHAPTER 17,reason,0.03
1186127,CHAPTER 17,religionists,0.03
1186129,CHAPTER 17,religious,0.03
1186143,CHAPTER 17,remained,0.03
1186152,CHAPTER 17,remarks,0.03
1186219,CHAPTER 17,rented,0.03
1186373,CHAPTER 17,resisted,0.03
1186422,CHAPTER 17,rest,0.03
1186606,CHAPTER 17,ridiculous,0.03
1186696,CHAPTER 17,rituals,0.03
1186779,CHAPTER 17,rooms,0.03
1186814,CHAPTER 17,round,0.03
1186882,CHAPTER 17,ruin,0.03
1186898,CHAPTER 17,ruminated,0.03
1186909,CHAPTER 17,run,0.03
1186973,CHAPTER 17,safe,0.03
1187019,CHAPTER 17,sallied,0.03
1187126,CHAPTER 17,sauntering,0.03
1187235,CHAPTER 17,schooner,0.03
1187248,CHAPTER 17,scolding,0.03
1187530,CHAPTER 17,senseless,0.03
1187669,CHAPTER 17,shaft,0.03
1187862,CHAPTER 17,short,0.03
1188074,CHAPTER 17,sinister,0.03
1188098,CHAPTER 17,sister,0.03
1188111,CHAPTER 17,sittin,0.03
1188186,CHAPTER 17,slamming,0.03
1188390,CHAPTER 17,snarles,0.03
1188814,CHAPTER 17,spoiled,0.03
1188914,CHAPTER 17,squatted,0.03
1188915,CHAPTER 17,squatting,0.03
1188916,CHAPTER 17,squattings,0.03
1189017,CHAPTER 17,starve,0.03
1189018,CHAPTER 17,starved,0.03
1189023,CHAPTER 17,stated,0.03
1189153,CHAPTER 17,stiggs,0.03
1189172,CHAPTER 17,stirred,0.03
1189207,CHAPTER 17,stool,0.03
1189377,CHAPTER 17,stubbornly,0.03
1189577,CHAPTER 17,suicides,0.03
1189706,CHAPTER 17,supplemental,0.03
1189774,CHAPTER 17,surprised,0.03
1189815,CHAPTER 17,suspicions,0.03
1190234,CHAPTER 17,termination,0.03
1190347,CHAPTER 17,think,0.03
1190586,CHAPTER 17,toad,0.03
1190684,CHAPTER 17,torment,0.03
1190702,CHAPTER 17,torso,0.03
1190929,CHAPTER 17,trenchers,0.03
1191104,CHAPTER 17,turkeys,0.03
1191336,CHAPTER 17,uncomfortable,0.03
1191432,CHAPTER 17,undervalue,0.03
1191448,CHAPTER 17,undigested,0.03
1191494,CHAPTER 17,uneasy,0.03
1191573,CHAPTER 17,unfort,0.03
1191743,CHAPTER 17,unmethodically,0.03
1191760,CHAPTER 17,unnaturally,0.03
1191805,CHAPTER 17,unprecedented,0.03
1192065,CHAPTER 17,unwithdrawn,0.03
1192240,CHAPTER 17,vastly,0.03
1192356,CHAPTER 17,vexed,0.03
1192564,CHAPTER 17,vowing,0.03
1192566,CHAPTER 17,voyage,0.03
1193205,CHAPTER 17,wood,0.03
1193208,CHAPTER 17,wooden,0.03
1193261,CHAPTER 17,worshipping,0.03
1167823,CHAPTER 17,abroad,0.02
1167921,CHAPTER 17,account,0.02
1167985,CHAPTER 17,active,0.02
1168150,CHAPTER 17,affair,0.02
1168206,CHAPTER 17,afternoon,0.02
1168311,CHAPTER 17,alas,0.02
1168353,CHAPTER 17,alike,0.02
1168387,CHAPTER 17,allowed,0.02
1168435,CHAPTER 17,altogether,0.02
1168624,CHAPTER 17,answer,0.02
1168729,CHAPTER 17,appeared,0.02
1169003,CHAPTER 17,aside,0.02
1169006,CHAPTER 17,asked,0.02
1169080,CHAPTER 17,assured,0.02
1169114,CHAPTER 17,atlantic,0.02
1169276,CHAPTER 17,awake,0.02
1169347,CHAPTER 17,bad,0.02
1169704,CHAPTER 17,beginning,0.02
1169724,CHAPTER 17,behold,0.02
1169956,CHAPTER 17,birds,0.02
1170193,CHAPTER 17,bodily,0.02
1170216,CHAPTER 17,bolt,0.02
1170240,CHAPTER 17,bones,0.02
1170328,CHAPTER 17,bow,0.02
1170353,CHAPTER 17,boy,0.02
1170568,CHAPTER 17,broken,0.02
1170593,CHAPTER 17,brought,0.02
1170861,CHAPTER 17,calm,0.02
1171069,CHAPTER 17,carved,0.02
1171158,CHAPTER 17,cave,0.02
1171244,CHAPTER 17,chair,0.02
1171277,CHAPTER 17,change,0.02
1172006,CHAPTER 17,comes,0.02
1172236,CHAPTER 17,concern,0.02
1172361,CHAPTER 17,congregation,0.02
1172426,CHAPTER 17,considered,0.02
1172518,CHAPTER 17,content,0.02
1172650,CHAPTER 17,cool,0.02
1172701,CHAPTER 17,corner,0.02
1172785,CHAPTER 17,countenance,0.02
1172871,CHAPTER 17,cracked,0.02
1172926,CHAPTER 17,crazy,0.02
1172943,CHAPTER 17,creatures,0.02
1172978,CHAPTER 17,cries,0.02
1173197,CHAPTER 17,custom,0.02
1173329,CHAPTER 17,dashed,0.02
1173377,CHAPTER 17,deal,0.02
1173550,CHAPTER 17,degree,0.02
1174506,CHAPTER 17,doors,0.02
1174567,CHAPTER 17,drag,0.02
1174629,CHAPTER 17,dressed,0.02
1174668,CHAPTER 17,dropped,0.02
1174733,CHAPTER 17,dull,0.02
1175343,CHAPTER 17,entered,0.02
1175495,CHAPTER 17,especially,0.02
1175582,CHAPTER 17,events,0.02
1175592,CHAPTER 17,everybody,0.02
1175677,CHAPTER 17,exclaimed,0.02
1175972,CHAPTER 17,fall,0.02
1176014,CHAPTER 17,fancy,0.02
1176061,CHAPTER 17,fastened,0.02
1176084,CHAPTER 17,father,0.02
1176172,CHAPTER 17,feeling,0.02
1176240,CHAPTER 17,fetch,0.02
1176323,CHAPTER 17,finally,0.02
1176481,CHAPTER 17,flew,0.02
1176525,CHAPTER 17,floor,0.02
1176621,CHAPTER 17,follow,0.02
1176625,CHAPTER 17,following,0.02
1176635,CHAPTER 17,foolish,0.02
1176640,CHAPTER 17,foot,0.02
1176664,CHAPTER 17,force,0.02
1176685,CHAPTER 17,forehead,0.02
1176844,CHAPTER 17,frantic,0.02
1176861,CHAPTER 17,free,0.02
1176908,CHAPTER 17,friends,0.02
1177056,CHAPTER 17,gained,0.02
1177058,CHAPTER 17,gaining,0.02
1177169,CHAPTER 17,gave,0.02
1177272,CHAPTER 17,ghost,0.02
1177320,CHAPTER 17,given,0.02
1177339,CHAPTER 17,glanced,0.02
1177376,CHAPTER 17,glimpse,0.02
1177501,CHAPTER 17,got,0.02
1177625,CHAPTER 17,greatest,0.02
1177764,CHAPTER 17,guess,0.02
1177910,CHAPTER 17,handed,0.02
1177949,CHAPTER 17,happened,0.02
1178073,CHAPTER 17,haven,0.02
1178116,CHAPTER 17,health,0.02
1178129,CHAPTER 17,hearing,0.02
1178153,CHAPTER 17,hearty,0.02
1178166,CHAPTER 17,heavens,0.02
1178173,CHAPTER 17,heavy,0.02
1178214,CHAPTER 17,hell,0.02
1178264,CHAPTER 17,hereditary,0.02
1178358,CHAPTER 17,hinted,0.02
1178581,CHAPTER 17,hours,0.02
1178847,CHAPTER 17,image,0.02
1178992,CHAPTER 17,important,0.02
1179111,CHAPTER 17,inch,0.02
1179270,CHAPTER 17,individual,0.02
1179483,CHAPTER 17,inn,0.02
1179610,CHAPTER 17,insult,0.02
1179760,CHAPTER 17,intolerable,0.02
1179948,CHAPTER 17,ishmael,0.02
1180274,CHAPTER 17,keeping,0.02
1180334,CHAPTER 17,king,0.02
1180386,CHAPTER 17,knocked,0.02
1180448,CHAPTER 17,lad,0.02
1180491,CHAPTER 17,landed,0.02
1180680,CHAPTER 17,leave,0.02
1180832,CHAPTER 17,lie,0.02
1180870,CHAPTER 17,like,0.02
1180941,CHAPTER 17,listen,0.02
1181022,CHAPTER 17,lock,0.02
1181069,CHAPTER 17,long,0.02
1181125,CHAPTER 17,lost,0.02
1181414,CHAPTER 17,make,0.02
1181506,CHAPTER 17,manner,0.02
1181569,CHAPTER 17,mark,0.02
1181743,CHAPTER 17,meantime,0.02
1181790,CHAPTER 17,melancholy,0.02
1181856,CHAPTER 17,mere,0.02
1181857,CHAPTER 17,merely,0.02
1181894,CHAPTER 17,met,0.02
1181939,CHAPTER 17,middle,0.02
1181973,CHAPTER 17,mile,0.02
1182090,CHAPTER 17,missing,0.02
1182100,CHAPTER 17,mistake,0.02
1182316,CHAPTER 17,mortals,0.02
1182333,CHAPTER 17,mother,0.02
1182383,CHAPTER 17,mouths,0.02
1182447,CHAPTER 17,murder,0.02
1182601,CHAPTER 17,native,0.02
1182635,CHAPTER 17,nearly,0.02
1182665,CHAPTER 17,need,0.02
1182848,CHAPTER 17,north,0.02
1182858,CHAPTER 17,nose,0.02
1182877,CHAPTER 17,notice,0.02
1183031,CHAPTER 17,obvious,0.02
1183033,CHAPTER 17,occasion,0.02
1183063,CHAPTER 17,odd,0.02
1183177,CHAPTER 17,opening,0.02
1183249,CHAPTER 17,ordinary,0.02
1183676,CHAPTER 17,parlor,0.02
1183727,CHAPTER 17,parts,0.02
1184241,CHAPTER 17,piece,0.02
1184370,CHAPTER 17,place,0.02
1184371,CHAPTER 17,placed,0.02
1184391,CHAPTER 17,plainly,0.02
1184535,CHAPTER 17,pocket,0.02
1184554,CHAPTER 17,point,0.02
1184637,CHAPTER 17,poor,0.02
1184715,CHAPTER 17,possibly,0.02
1184932,CHAPTER 17,presence,0.02
1184942,CHAPTER 17,presents,0.02
1184959,CHAPTER 17,pressed,0.02
1185061,CHAPTER 17,probability,0.02
1185094,CHAPTER 17,prodigious,0.02
1185164,CHAPTER 17,prolonged,0.02
1185452,CHAPTER 17,pushing,0.02
1185686,CHAPTER 17,ran,0.02
1185707,CHAPTER 17,rapid,0.02
1185736,CHAPTER 17,rate,0.02
1186051,CHAPTER 17,regular,0.02
1186265,CHAPTER 17,reply,0.02
1186394,CHAPTER 17,respect,0.02
1186425,CHAPTER 17,resting,0.02
1186490,CHAPTER 17,returning,0.02
1186682,CHAPTER 17,rise,0.02
1186793,CHAPTER 17,rose,0.02
1186917,CHAPTER 17,rush,0.02
1186920,CHAPTER 17,rushing,0.02
1186971,CHAPTER 17,sadly,0.02
1186978,CHAPTER 17,sagacious,0.02
1186996,CHAPTER 17,sailor,0.02
1187129,CHAPTER 17,savage,0.02
1187159,CHAPTER 17,saying,0.02
1187194,CHAPTER 17,scarce,0.02
1187325,CHAPTER 17,screwed,0.02
1187465,CHAPTER 17,seen,0.02
1187482,CHAPTER 17,seized,0.02
1187487,CHAPTER 17,seldom,0.02
1187493,CHAPTER 17,self,0.02
1187529,CHAPTER 17,sense,0.02
1187674,CHAPTER 17,shake,0.02
1187812,CHAPTER 17,shipmate,0.02
1187932,CHAPTER 17,shuddering,0.02
1188051,CHAPTER 17,simply,0.02
1188069,CHAPTER 17,single,0.02
1188184,CHAPTER 17,slain,0.02
1188218,CHAPTER 17,sleep,0.02
1188223,CHAPTER 17,sleeping,0.02
1188254,CHAPTER 17,slightest,0.02
1188357,CHAPTER 17,smoking,0.02
1188473,CHAPTER 17,softly,0.02
1188558,CHAPTER 17,soon,0.02
1188559,CHAPTER 17,sooner,0.02
1188588,CHAPTER 17,sorts,0.02
1188781,CHAPTER 17,spirit,0.02
1188989,CHAPTER 17,stands,0.02
1189008,CHAPTER 17,start,0.02
1189143,CHAPTER 17,stiff,0.02
1189228,CHAPTER 17,stories,0.02
1189269,CHAPTER 17,strange,0.02
1189344,CHAPTER 17,stroke,0.02
1189440,CHAPTER 17,subject,0.02
1189443,CHAPTER 17,subjects,0.02
1189536,CHAPTER 17,sudden,0.02
1189673,CHAPTER 17,superior,0.02
1189738,CHAPTER 17,sure,0.02
1190022,CHAPTER 17,talking,0.02
1190153,CHAPTER 17,teeth,0.02
1190286,CHAPTER 17,thank,0.02
1190346,CHAPTER 17,things,0.02
1190390,CHAPTER 17,thoughts,0.02
1190415,CHAPTER 17,threw,0.02
1190682,CHAPTER 17,tore,0.02
1191011,CHAPTER 17,troubled,0.02
1191054,CHAPTER 17,trying,0.02
1191219,CHAPTER 17,unaccountable,0.02
1191365,CHAPTER 17,unconsciously,0.02
1191701,CHAPTER 17,unless,0.02
1192113,CHAPTER 17,upwards,0.02
1192131,CHAPTER 17,useless,0.02
1192182,CHAPTER 17,vain,0.02
1192225,CHAPTER 17,various,0.02
1192483,CHAPTER 17,visited,0.02
1193027,CHAPTER 17,wide,0.02
1193085,CHAPTER 17,window,0.02
1193185,CHAPTER 17,won,0.02
1193186,CHAPTER 17,wonder,0.02
1193313,CHAPTER 17,wretched,0.02
1193396,CHAPTER 17,yard,0.02
1193414,CHAPTER 17,year,0.02
1193447,CHAPTER 17,yonder,0.02
1168891,CHAPTER 17,arm,0.01
1169284,CHAPTER 17,away,0.01
1169986,CHAPTER 17,black,0.01
1170196,CHAPTER 17,body,0.01
1170854,CHAPTER 17,called,0.01
1171075,CHAPTER 17,case,0.01
1171222,CHAPTER 17,certain,0.01
1172000,CHAPTER 17,come,0.01
1172021,CHAPTER 17,coming,0.01
1172064,CHAPTER 17,common,0.01
1173310,CHAPTER 17,dark,0.01
1174443,CHAPTER 17,does,0.01
1175366,CHAPTER 17,entire,0.01
1176177,CHAPTER 17,feet,0.01
1176329,CHAPTER 17,fine,0.01
1177471,CHAPTER 17,gone,0.01
1178075,CHAPTER 17,having,0.01
1178125,CHAPTER 17,heard,0.01
1178137,CHAPTER 17,heart,0.01
1178318,CHAPTER 17,high,0.01
1179578,CHAPTER 17,instant,0.01
1180620,CHAPTER 17,lay,0.01
1180706,CHAPTER 17,left,0.01
1180841,CHAPTER 17,life,0.01
1181087,CHAPTER 17,looking,0.01
1181110,CHAPTER 17,lord,0.01
1182005,CHAPTER 17,mind,0.01
1183055,CHAPTER 17,ocean,0.01
1183984,CHAPTER 17,pequod,0.01
1184933,CHAPTER 17,present,0.01
1186622,CHAPTER 17,right,0.01
1186998,CHAPTER 17,sailors,0.01
1187413,CHAPTER 17,second,0.01
1188584,CHAPTER 17,sort,0.01
1188592,CHAPTER 17,soul,0.01
1188663,CHAPTER 17,speak,0.01
1189616,CHAPTER 17,sun,0.01
1190008,CHAPTER 17,taken,0.01
1190010,CHAPTER 17,taking,0.01
1190161,CHAPTER 17,tell,0.01
1190653,CHAPTER 17,took,0.01
1191028,CHAPTER 17,true,0.01
1191109,CHAPTER 17,turned,0.01
1191110,CHAPTER 17,turning,0.01
1192395,CHAPTER 17,view,0.01
1192909,CHAPTER 17,whaling,0.01
1193433,CHAPTER 17,yes,0.01
