,chapter,term,tfidf
1750374,CHAPTER 36,ye,0.43
1725228,CHAPTER 36,ahab,0.22
1745958,CHAPTER 36,starbuck,0.2
1730912,CHAPTER 36,dick,0.17
1739097,CHAPTER 36,moby,0.17
1726270,CHAPTER 36,aye,0.15
1749960,CHAPTER 36,white,0.15
1749855,CHAPTER 36,whale,0.12
1729937,CHAPTER 36,cried,0.11
1738782,CHAPTER 36,men,0.11
1747262,CHAPTER 36,thee,0.11
1734966,CHAPTER 36,harpooneers,0.09
1741117,CHAPTER 36,pewter,0.09
1737450,CHAPTER 36,lances,0.08
1743776,CHAPTER 36,round,0.08
1746334,CHAPTER 36,stubb,0.08
1727488,CHAPTER 36,brimming,0.07
1727944,CHAPTER 36,captain,0.07
1731607,CHAPTER 36,drink,0.07
1733398,CHAPTER 36,flask,0.07
1734427,CHAPTER 36,gold,0.07
1734868,CHAPTER 36,hand,0.07
1738642,CHAPTER 36,mates,0.07
1744842,CHAPTER 36,shouted,0.07
1749240,CHAPTER 36,vengeance,0.07
1749981,CHAPTER 36,whosoever,0.07
1729932,CHAPTER 36,crew,0.06
1729983,CHAPTER 36,crooked,0.06
1735648,CHAPTER 36,hunt,0.06
1738417,CHAPTER 36,man,0.06
1742611,CHAPTER 36,raises,0.06
1746282,CHAPTER 36,strike,0.06
1747344,CHAPTER 36,thou,0.06
1747528,CHAPTER 36,tis,0.06
1749948,CHAPTER 36,whispered,0.06
1750408,CHAPTER 36,yon,0.06
1724604,CHAPTER 36,_that_,0.05
1730205,CHAPTER 36,daggoo,0.05
1732862,CHAPTER 36,eye,0.05
1735689,CHAPTER 36,huzza,0.05
1738043,CHAPTER 36,look,0.05
1738044,CHAPTER 36,looked,0.05
1738590,CHAPTER 36,mask,0.05
1738607,CHAPTER 36,mast,0.05
1738665,CHAPTER 36,maul,0.05
1738706,CHAPTER 36,measure,0.05
1741830,CHAPTER 36,predictions,0.05
1743783,CHAPTER 36,rounds,0.05
1743948,CHAPTER 36,said,0.05
1745402,CHAPTER 36,sob,0.05
1746578,CHAPTER 36,sun,0.05
1747431,CHAPTER 36,thy,0.05
1749676,CHAPTER 36,warnings,0.05
1727034,CHAPTER 36,bless,0.04
1727556,CHAPTER 36,brow,0.04
1727761,CHAPTER 36,cabin,0.04
1727941,CHAPTER 36,capstan,0.04
1728308,CHAPTER 36,chase,0.04
1728728,CHAPTER 36,closer,0.04
1728962,CHAPTER 36,come,0.04
1730349,CHAPTER 36,death,0.04
1730441,CHAPTER 36,deed,0.04
1730629,CHAPTER 36,dented,0.04
1731698,CHAPTER 36,dumb,0.04
1732554,CHAPTER 36,everybody,0.04
1732632,CHAPTER 36,excited,0.04
1732866,CHAPTER 36,eyeing,0.04
1732870,CHAPTER 36,eyes,0.04
1732968,CHAPTER 36,fan,0.04
1733101,CHAPTER 36,feat,0.04
1733202,CHAPTER 36,fetch,0.04
1734196,CHAPTER 36,gentlemen,0.04
1734408,CHAPTER 36,god,0.04
1734543,CHAPTER 36,grasping,0.04
1734585,CHAPTER 36,great,0.04
1734969,CHAPTER 36,harpoons,0.04
1735004,CHAPTER 36,hate,0.04
1735406,CHAPTER 36,hollow,0.04
1735619,CHAPTER 36,humming,0.04
1736490,CHAPTER 36,inscrutable,0.04
1736864,CHAPTER 36,irons,0.04
1736997,CHAPTER 36,jaw,0.04
1737585,CHAPTER 36,layer,0.04
1738134,CHAPTER 36,lowly,0.04
1738531,CHAPTER 36,mark,0.04
1738534,CHAPTER 36,market,0.04
1738634,CHAPTER 36,mate,0.04
1739524,CHAPTER 36,nantucket,0.04
1740203,CHAPTER 36,ordered,0.04
1740274,CHAPTER 36,ounce,0.04
1740447,CHAPTER 36,pace,0.04
1740448,CHAPTER 36,paced,0.04
1740453,CHAPTER 36,pacing,0.04
1740790,CHAPTER 36,pausing,0.04
1740958,CHAPTER 36,perchance,0.04
1742000,CHAPTER 36,prints,0.04
1743413,CHAPTER 36,resumed,0.04
1744683,CHAPTER 36,sharp,0.04
1744799,CHAPTER 36,shock,0.04
1744841,CHAPTER 36,shout,0.04
1744883,CHAPTER 36,shroud,0.04
1745943,CHAPTER 36,stand,0.04
1746095,CHAPTER 36,steward,0.04
1746735,CHAPTER 36,surprise,0.04
1747048,CHAPTER 36,tashtego,0.04
1747307,CHAPTER 36,thing,0.04
1749482,CHAPTER 36,voices,0.04
1749597,CHAPTER 36,walk,0.04
1724203,CHAPTER 36,_enter,0.03
1724940,CHAPTER 36,act,0.03
1725072,CHAPTER 36,advance,0.03
1725165,CHAPTER 36,aft,0.03
1725224,CHAPTER 36,ague,0.03
1725227,CHAPTER 36,ah,0.03
1725974,CHAPTER 36,aspect,0.03
1726884,CHAPTER 36,bigotry,0.03
1727049,CHAPTER 36,blindest,0.03
1727634,CHAPTER 36,bulwarks,0.03
1727967,CHAPTER 36,cardinals,0.03
1728212,CHAPTER 36,chalices,0.03
1728393,CHAPTER 36,chick,0.03
1729066,CHAPTER 36,company,0.03
1729168,CHAPTER 36,computed,0.03
1729427,CHAPTER 36,constrain,0.03
1729429,CHAPTER 36,constrainings,0.03
1730099,CHAPTER 36,cupbearers,0.03
1730122,CHAPTER 36,curious,0.03
1730329,CHAPTER 36,dead,0.03
1730406,CHAPTER 36,deck,0.03
1730451,CHAPTER 36,deeper,0.03
1730922,CHAPTER 36,did,0.03
1731176,CHAPTER 36,disjointedly,0.03
1731429,CHAPTER 36,doltish,0.03
1731553,CHAPTER 36,draw,0.03
1732922,CHAPTER 36,fair,0.03
1733249,CHAPTER 36,fiery,0.03
1733283,CHAPTER 36,fin,0.03
1733602,CHAPTER 36,foot,0.03
1734063,CHAPTER 36,game,0.03
1734138,CHAPTER 36,gaze,0.03
1734303,CHAPTER 36,glancing,0.03
1734309,CHAPTER 36,glarings,0.03
1734778,CHAPTER 36,ha,0.03
1734830,CHAPTER 36,half,0.03
1734854,CHAPTER 36,hammer,0.03
1735059,CHAPTER 36,headed,0.03
1735087,CHAPTER 36,heard,0.03
1735116,CHAPTER 36,heat,0.03
1735135,CHAPTER 36,heavy,0.03
1735392,CHAPTER 36,hole,0.03
1736224,CHAPTER 36,indissoluble,0.03
1736606,CHAPTER 36,intense,0.03
1737447,CHAPTER 36,lance,0.03
1737547,CHAPTER 36,laugh,0.03
1737722,CHAPTER 36,leopards,0.03
1737733,CHAPTER 36,let,0.03
1737803,CHAPTER 36,life,0.03
1737832,CHAPTER 36,like,0.03
1737923,CHAPTER 36,little,0.03
1738031,CHAPTER 36,long,0.03
1738123,CHAPTER 36,lower,0.03
1738356,CHAPTER 36,main,0.03
1738526,CHAPTER 36,mariners,0.03
1738582,CHAPTER 36,marvelling,0.03
1738592,CHAPTER 36,masks,0.03
1738710,CHAPTER 36,measurer,0.03
1739362,CHAPTER 36,mr,0.03
1739592,CHAPTER 36,near,0.03
1739818,CHAPTER 36,norway,0.03
1740202,CHAPTER 36,order,0.03
1740471,CHAPTER 36,pagan,0.03
1740512,CHAPTER 36,palest,0.03
1740878,CHAPTER 36,pegging,0.03
1741203,CHAPTER 36,piece,0.03
1741405,CHAPTER 36,play,0.03
1741884,CHAPTER 36,presaging,0.03
1742351,CHAPTER 36,punctured,0.03
1742392,CHAPTER 36,purposeless,0.03
1742443,CHAPTER 36,quaffed,0.03
1742447,CHAPTER 36,quailed,0.03
1742486,CHAPTER 36,queequeg,0.03
1742499,CHAPTER 36,question,0.03
1742704,CHAPTER 36,ratifying,0.03
1742736,CHAPTER 36,razed,0.03
1742814,CHAPTER 36,receiving,0.03
1742897,CHAPTER 36,reddenest,0.03
1743286,CHAPTER 36,requirest,0.03
1743961,CHAPTER 36,sails,0.03
1744479,CHAPTER 36,send,0.03
1744769,CHAPTER 36,ship,0.03
1744934,CHAPTER 36,sides,0.03
1745024,CHAPTER 36,sinewing,0.03
1745027,CHAPTER 36,sing,0.03
1745348,CHAPTER 36,snare,0.03
1745376,CHAPTER 36,snorts,0.03
1745736,CHAPTER 36,spiralizes,0.03
1745815,CHAPTER 36,spout,0.03
1745950,CHAPTER 36,standpoint,0.03
1745971,CHAPTER 36,started,0.03
1746050,CHAPTER 36,steel,0.03
1746168,CHAPTER 36,stood,0.03
1746232,CHAPTER 36,strangely,0.03
1746340,CHAPTER 36,stubbornness,0.03
1747051,CHAPTER 36,tasks,0.03
1747109,CHAPTER 36,tee,0.03
1747309,CHAPTER 36,think,0.03
1747345,CHAPTER 36,thought,0.03
1747433,CHAPTER 36,tiara,0.03
1747631,CHAPTER 36,topmaul,0.03
1747676,CHAPTER 36,tost,0.03
1748070,CHAPTER 36,turn,0.03
1748076,CHAPTER 36,turns,0.03
1748117,CHAPTER 36,twisk,0.03
1748118,CHAPTER 36,twiske,0.03
1748208,CHAPTER 36,unapprehensive,0.03
1748336,CHAPTER 36,uncorking,0.03
1748804,CHAPTER 36,unrecking,0.03
1748865,CHAPTER 36,unsays,0.03
1748902,CHAPTER 36,unsleeping,0.03
1749030,CHAPTER 36,unworshipping,0.03
1749100,CHAPTER 36,using,0.03
1749272,CHAPTER 36,verifications,0.03
1749460,CHAPTER 36,vitus,0.03
1749601,CHAPTER 36,wall,0.03
1749840,CHAPTER 36,wer,0.03
1749857,CHAPTER 36,whaleboat,0.03
1750053,CHAPTER 36,winds,0.03
1750121,CHAPTER 36,witnessing,0.03
1750189,CHAPTER 36,words,0.03
1750253,CHAPTER 36,wreak,0.03
1750284,CHAPTER 36,wrinkled,0.03
1750409,CHAPTER 36,yonder,0.03
1724052,CHAPTER 36,_aside_,0.02
1724274,CHAPTER 36,_here,0.02
1724886,CHAPTER 36,accountants,0.02
1724891,CHAPTER 36,accumulated,0.02
1724898,CHAPTER 36,accursed,0.02
1724926,CHAPTER 36,acquiescence,0.02
1724981,CHAPTER 36,addressed,0.02
1725040,CHAPTER 36,admonitions,0.02
1725073,CHAPTER 36,advanced,0.02
1725112,CHAPTER 36,affair,0.02
1725177,CHAPTER 36,agent,0.02
1725273,CHAPTER 36,alas,0.02
1725445,CHAPTER 36,amid,0.02
1725530,CHAPTER 36,anger,0.02
1725539,CHAPTER 36,animal,0.02
1725545,CHAPTER 36,animation,0.02
1725568,CHAPTER 36,annual,0.02
1725581,CHAPTER 36,anon,0.02
1725723,CHAPTER 36,appoint,0.02
1725753,CHAPTER 36,approval,0.02
1725757,CHAPTER 36,approving,0.02
1725944,CHAPTER 36,ascended,0.02
1726002,CHAPTER 36,assembled,0.02
1726051,CHAPTER 36,astonished,0.02
1726111,CHAPTER 36,attend,0.02
1726161,CHAPTER 36,auger,0.02
1726246,CHAPTER 36,away,0.02
1726265,CHAPTER 36,axis,0.02
1726309,CHAPTER 36,bad,0.02
1726442,CHAPTER 36,barbed,0.02
1726445,CHAPTER 36,barbs,0.02
1726478,CHAPTER 36,barrels,0.02
1726575,CHAPTER 36,bearers,0.02
1726661,CHAPTER 36,beggars,0.02
1726748,CHAPTER 36,bend,0.02
1726778,CHAPTER 36,bent,0.02
1726815,CHAPTER 36,bestow,0.02
1726876,CHAPTER 36,big,0.02
1726896,CHAPTER 36,billow,0.02
1726908,CHAPTER 36,binnacle,0.02
1726929,CHAPTER 36,bison,0.02
1727002,CHAPTER 36,blasphemous,0.02
1727003,CHAPTER 36,blasphemy,0.02
1727041,CHAPTER 36,blew,0.02
1727081,CHAPTER 36,bloodshot,0.02
1727253,CHAPTER 36,bottle,0.02
1727320,CHAPTER 36,boys,0.02
1727368,CHAPTER 36,brave,0.02
1727372,CHAPTER 36,braves,0.02
1727397,CHAPTER 36,breakfast,0.02
1727413,CHAPTER 36,breathing,0.02
1727486,CHAPTER 36,brimmed,0.02
1727575,CHAPTER 36,brute,0.02
1727577,CHAPTER 36,bubble,0.02
1727712,CHAPTER 36,bushy,0.02
1727840,CHAPTER 36,came,0.02
1728116,CHAPTER 36,cautiously,0.02
1728170,CHAPTER 36,centre,0.02
1728273,CHAPTER 36,charged,0.02
1728349,CHAPTER 36,cheeks,0.02
1728383,CHAPTER 36,chest,0.02
1728397,CHAPTER 36,chiefly,0.02
1728409,CHAPTER 36,chilian,0.02
1728759,CHAPTER 36,clubbed,0.02
1728775,CHAPTER 36,clutched,0.02
1728859,CHAPTER 36,coin,0.02
1728968,CHAPTER 36,comes,0.02
1728987,CHAPTER 36,commander,0.02
1728998,CHAPTER 36,commend,0.02
1729238,CHAPTER 36,condescension,0.02
1729280,CHAPTER 36,confines,0.02
1729503,CHAPTER 36,continued,0.02
1729600,CHAPTER 36,convulsively,0.02
1729645,CHAPTER 36,cordage,0.02
1729657,CHAPTER 36,corkscrew,0.02
1729747,CHAPTER 36,countenance,0.02
1729768,CHAPTER 36,counting,0.02
1729771,CHAPTER 36,country,0.02
1729900,CHAPTER 36,creations,0.02
1729940,CHAPTER 36,cries,0.02
1729992,CHAPTER 36,crossed,0.02
1730098,CHAPTER 36,cup,0.02
1730123,CHAPTER 36,curiously,0.02
1730159,CHAPTER 36,custom,0.02
1730286,CHAPTER 36,darting,0.02
1730316,CHAPTER 36,day,0.02
1730351,CHAPTER 36,deathful,0.02
1730531,CHAPTER 36,deliberately,0.02
1730635,CHAPTER 36,dents,0.02
1730804,CHAPTER 36,detached,0.02
1730854,CHAPTER 36,devils,0.02
1730927,CHAPTER 36,died,0.02
1730968,CHAPTER 36,dilated,0.02
1731122,CHAPTER 36,disdain,0.02
1731191,CHAPTER 36,dismasted,0.02
1731234,CHAPTER 36,dispersed,0.02
1731417,CHAPTER 36,doing,0.02
1731422,CHAPTER 36,dollar,0.02
1731510,CHAPTER 36,downcast,0.02
1731512,CHAPTER 36,downright,0.02
1731538,CHAPTER 36,drained,0.02
1731551,CHAPTER 36,draughts,0.02
1731596,CHAPTER 36,drew,0.02
1731614,CHAPTER 36,drive,0.02
1731776,CHAPTER 36,eagerness,0.02
1731960,CHAPTER 36,electric,0.02
1732087,CHAPTER 36,emotion,0.02
1732136,CHAPTER 36,enchanted,0.02
1732280,CHAPTER 36,enraged,0.02
1732542,CHAPTER 36,event,0.02
1732577,CHAPTER 36,ewer,0.02
1732614,CHAPTER 36,excellently,0.02
1732640,CHAPTER 36,exclaiming,0.02
1732696,CHAPTER 36,exhibiting,0.02
1732768,CHAPTER 36,expired,0.02
1732771,CHAPTER 36,explained,0.02
1732817,CHAPTER 36,extended,0.02
1732828,CHAPTER 36,external,0.02
1732844,CHAPTER 36,extraordinary,0.02
1732885,CHAPTER 36,faces,0.02
1732914,CHAPTER 36,fain,0.02
1732926,CHAPTER 36,fairly,0.02
1732953,CHAPTER 36,faltering,0.02
1732956,CHAPTER 36,familiar,0.02
1733049,CHAPTER 36,fathers,0.02
1733109,CHAPTER 36,features,0.02
1733139,CHAPTER 36,feet,0.02
1733243,CHAPTER 36,fiends,0.02
1733245,CHAPTER 36,fiercely,0.02
1733276,CHAPTER 36,filled,0.02
1733333,CHAPTER 36,fisherman,0.02
1733358,CHAPTER 36,fixedly,0.02
1733368,CHAPTER 36,flagon,0.02
1733382,CHAPTER 36,flames,0.02
1733386,CHAPTER 36,flank,0.02
1733391,CHAPTER 36,flap,0.02
1733527,CHAPTER 36,fluke,0.02
1733583,CHAPTER 36,follow,0.02
1733627,CHAPTER 36,forced,0.02
1733632,CHAPTER 36,foreboding,0.02
1733644,CHAPTER 36,foregoing,0.02
1733656,CHAPTER 36,foremast,0.02
1733707,CHAPTER 36,forks,0.02
1733734,CHAPTER 36,forthwith,0.02
1733806,CHAPTER 36,frantic,0.02
1733892,CHAPTER 36,fro,0.02
1734075,CHAPTER 36,gangway,0.02
1734084,CHAPTER 36,garden,0.02
1734132,CHAPTER 36,gay,0.02
1734207,CHAPTER 36,geological,0.02
1734228,CHAPTER 36,gettest,0.02
1734229,CHAPTER 36,getting,0.02
1734274,CHAPTER 36,girdling,0.02
1734291,CHAPTER 36,glad,0.02
1734348,CHAPTER 36,globe,0.02
1734375,CHAPTER 36,glow,0.02
1734406,CHAPTER 36,goblet,0.02
1734407,CHAPTER 36,goblets,0.02
1734417,CHAPTER 36,goes,0.02
1734435,CHAPTER 36,good,0.02
1734542,CHAPTER 36,grasped,0.02
1734616,CHAPTER 36,grew,0.02
1734656,CHAPTER 36,grog,0.02
1734681,CHAPTER 36,group,0.02
1734739,CHAPTER 36,guineas,0.02
1734749,CHAPTER 36,gulped,0.02
1734841,CHAPTER 36,halt,0.02
1734879,CHAPTER 36,handing,0.02
1734887,CHAPTER 36,hands,0.02
1734895,CHAPTER 36,hang,0.02
1734947,CHAPTER 36,hark,0.02
1735011,CHAPTER 36,hath,0.02
1735060,CHAPTER 36,header,0.02
1735061,CHAPTER 36,headers,0.02
1735085,CHAPTER 36,heaps,0.02
1735107,CHAPTER 36,hearties,0.02
1735115,CHAPTER 36,hearty,0.02
1735124,CHAPTER 36,heaved,0.02
1735163,CHAPTER 36,heighten,0.02
1735268,CHAPTER 36,hide,0.02
1735280,CHAPTER 36,high,0.02
1735333,CHAPTER 36,hiss,0.02
1735384,CHAPTER 36,hold,0.02
1735393,CHAPTER 36,holes,0.02
1735430,CHAPTER 36,honest,0.02
1735440,CHAPTER 36,honorable,0.02
1735457,CHAPTER 36,hoof,0.02
1735467,CHAPTER 36,hoot,0.02
1735486,CHAPTER 36,horizon,0.02
1735665,CHAPTER 36,hurricane,0.02
1735873,CHAPTER 36,imp,0.02
1735977,CHAPTER 36,imprecations,0.02
1736017,CHAPTER 36,impulsive,0.02
1736044,CHAPTER 36,inarticulate,0.02
1736064,CHAPTER 36,incense,0.02
1736073,CHAPTER 36,inch,0.02
1736150,CHAPTER 36,increasing,0.02
1736213,CHAPTER 36,indignity,0.02
1736398,CHAPTER 36,inhaled,0.02
1736448,CHAPTER 36,innermost,0.02
1736504,CHAPTER 36,inserting,0.02
1736549,CHAPTER 36,instinct,0.02
1736573,CHAPTER 36,insulted,0.02
1736617,CHAPTER 36,intently,0.02
1736643,CHAPTER 36,interior,0.02
1736722,CHAPTER 36,intolerable,0.02
1736830,CHAPTER 36,invocation,0.02
1736846,CHAPTER 36,inward,0.02
1736860,CHAPTER 36,iron,0.02
1736983,CHAPTER 36,jar,0.02
1737003,CHAPTER 36,jealousy,0.02
1737055,CHAPTER 36,jib,0.02
1737135,CHAPTER 36,joy,0.02
1737230,CHAPTER 36,keen,0.02
1737304,CHAPTER 36,kinsmen,0.02
1737360,CHAPTER 36,know,0.02
1737552,CHAPTER 36,laughs,0.02
1737602,CHAPTER 36,leader,0.02
1737609,CHAPTER 36,league,0.02
1737669,CHAPTER 36,leg,0.02
1737765,CHAPTER 36,leyden,0.02
1737809,CHAPTER 36,lifted,0.02
1737811,CHAPTER 36,lifts,0.02
1737815,CHAPTER 36,lighted,0.02
1737944,CHAPTER 36,living,0.02
1738096,CHAPTER 36,loud,0.02
1738140,CHAPTER 36,lubber,0.02
1738182,CHAPTER 36,lungs,0.02
1738201,CHAPTER 36,lustre,0.02
1738292,CHAPTER 36,madness,0.02
1738298,CHAPTER 36,maelstrom,0.02
1738321,CHAPTER 36,magnetic,0.02
1738323,CHAPTER 36,magnetically,0.02
1738392,CHAPTER 36,maledictions,0.02
1738397,CHAPTER 36,malice,0.02
1738610,CHAPTER 36,master,0.02
1738671,CHAPTER 36,maybe,0.02
1738691,CHAPTER 36,meal,0.02
1738704,CHAPTER 36,meant,0.02
1738708,CHAPTER 36,measureless,0.02
1738716,CHAPTER 36,mechanical,0.02
1738748,CHAPTER 36,meet,0.02
1738765,CHAPTER 36,melted,0.02
1738799,CHAPTER 36,mention,0.02
1738856,CHAPTER 36,met,0.02
1738871,CHAPTER 36,methinks,0.02
1739175,CHAPTER 36,money,0.02
1739236,CHAPTER 36,moose,0.02
1739265,CHAPTER 36,morning,0.02
1739312,CHAPTER 36,mould,0.02
1739316,CHAPTER 36,mouldings,0.02
1739349,CHAPTER 36,movement,0.02
1739372,CHAPTER 36,muffled,0.02
1739414,CHAPTER 36,murderous,0.02
1739420,CHAPTER 36,murmured,0.02
1739452,CHAPTER 36,mustered,0.02
1739490,CHAPTER 36,mystic,0.02
1739510,CHAPTER 36,nailing,0.02
1739517,CHAPTER 36,nameless,0.02
1739574,CHAPTER 36,naught,0.02
1739595,CHAPTER 36,nearest,0.02
1739615,CHAPTER 36,necessities,0.02
1739627,CHAPTER 36,need,0.02
1739677,CHAPTER 36,nervous,0.02
1739678,CHAPTER 36,nervously,0.02
1739769,CHAPTER 36,noblemen,0.02
1739827,CHAPTER 36,nostrils,0.02
1739921,CHAPTER 36,obeying,0.02
1739930,CHAPTER 36,objects,0.02
1739973,CHAPTER 36,observing,0.02
1739995,CHAPTER 36,occasion,0.02
1740058,CHAPTER 36,officer,0.02
1740081,CHAPTER 36,oh,0.02
1740091,CHAPTER 36,old,0.02
1740166,CHAPTER 36,oppose,0.02
1740288,CHAPTER 36,outer,0.02
1740314,CHAPTER 36,outrageous,0.02
1740324,CHAPTER 36,outside,0.02
1740491,CHAPTER 36,painted,0.02
1740507,CHAPTER 36,paled,0.02
1740643,CHAPTER 36,parmacetty,0.02
1740677,CHAPTER 36,parties,0.02
1740721,CHAPTER 36,pasteboard,0.02
1740834,CHAPTER 36,pecks,0.02
1740851,CHAPTER 36,pedestrian,0.02
1740923,CHAPTER 36,pennies,0.02
1740963,CHAPTER 36,perdition,0.02
1741198,CHAPTER 36,pictures,0.02
1741230,CHAPTER 36,pile,0.02
1741325,CHAPTER 36,pivot,0.02
1741541,CHAPTER 36,poles,0.02
1741599,CHAPTER 36,poor,0.02
1741604,CHAPTER 36,pope,0.02
1741670,CHAPTER 36,possessing,0.02
1741759,CHAPTER 36,prairie,0.02
1741864,CHAPTER 36,premium,0.02
1741919,CHAPTER 36,presiding,0.02
1741992,CHAPTER 36,principal,0.02
1742004,CHAPTER 36,prisoner,0.02
1742060,CHAPTER 36,produce,0.02
1742065,CHAPTER 36,producing,0.02
1742322,CHAPTER 36,pull,0.02
1742390,CHAPTER 36,purpose,0.02
1742418,CHAPTER 36,puts,0.02
1742505,CHAPTER 36,questions,0.02
1742576,CHAPTER 36,radiating,0.02
1742658,CHAPTER 36,ranging,0.02
1742671,CHAPTER 36,rapidly,0.02
1742740,CHAPTER 36,reach,0.02
1742743,CHAPTER 36,reaching,0.02
1742783,CHAPTER 36,reasoning,0.02
1742784,CHAPTER 36,reasons,0.02
1742789,CHAPTER 36,rebellion,0.02
1742841,CHAPTER 36,reckon,0.02
1742863,CHAPTER 36,recollection,0.02
1742948,CHAPTER 36,refill,0.02
1743051,CHAPTER 36,rejoinder,0.02
1743222,CHAPTER 36,replenished,0.02
1743384,CHAPTER 36,rest,0.02
1743431,CHAPTER 36,retired,0.02
1743501,CHAPTER 36,revive,0.02
1743518,CHAPTER 36,revolving,0.02
1743541,CHAPTER 36,ribbed,0.02
1743607,CHAPTER 36,ring,0.02
1743619,CHAPTER 36,rings,0.02
1743721,CHAPTER 36,rolls,0.02
1743815,CHAPTER 36,rubbing,0.02
1743881,CHAPTER 36,rushes,0.02
1744035,CHAPTER 36,sank,0.02
1744042,CHAPTER 36,sapling,0.02
1744058,CHAPTER 36,satan,0.02
1744223,CHAPTER 36,score,0.02
1744288,CHAPTER 36,screwing,0.02
1744340,CHAPTER 36,seaman,0.02
1744343,CHAPTER 36,seamen,0.02
1744354,CHAPTER 36,searchingly,0.02
1744418,CHAPTER 36,seek,0.02
1744424,CHAPTER 36,seemingly,0.02
1744443,CHAPTER 36,seize,0.02
1744447,CHAPTER 36,seizings,0.02
1744521,CHAPTER 36,separately,0.02
1744551,CHAPTER 36,serpent,0.02
1744627,CHAPTER 36,shadows,0.02
1744645,CHAPTER 36,shall,0.02
1744704,CHAPTER 36,shearing,0.02
1744716,CHAPTER 36,sheep,0.02
1744731,CHAPTER 36,shell,0.02
1744776,CHAPTER 36,shipped,0.02
1744792,CHAPTER 36,shivered,0.02
1744800,CHAPTER 36,shocked,0.02
1744831,CHAPTER 36,shortly,0.02
1744846,CHAPTER 36,shoved,0.02
1744903,CHAPTER 36,shut,0.02
1744978,CHAPTER 36,silence,0.02
1744982,CHAPTER 36,silently,0.02
1745013,CHAPTER 36,simply,0.02
1745015,CHAPTER 36,simultaneously,0.02
1745054,CHAPTER 36,sir,0.02
1745065,CHAPTER 36,sit,0.02
1745079,CHAPTER 36,sixteen,0.02
1745122,CHAPTER 36,skirts,0.02
1745253,CHAPTER 36,slouched,0.02
1745261,CHAPTER 36,slowly,0.02
1745309,CHAPTER 36,smites,0.02
1745325,CHAPTER 36,smote,0.02
1745346,CHAPTER 36,snapping,0.02
1745419,CHAPTER 36,socket,0.02
1745420,CHAPTER 36,sockets,0.02
1745520,CHAPTER 36,soon,0.02
1745521,CHAPTER 36,sooner,0.02
1745546,CHAPTER 36,sort,0.02
1745601,CHAPTER 36,spanish,0.02
1745625,CHAPTER 36,speak,0.02
1745628,CHAPTER 36,speaking,0.02
1745641,CHAPTER 36,specific,0.02
1745746,CHAPTER 36,spirits,0.02
1745766,CHAPTER 36,splice,0.02
1745772,CHAPTER 36,split,0.02
1745814,CHAPTER 36,spotted,0.02
1745822,CHAPTER 36,spouts,0.02
1745864,CHAPTER 36,squall,0.02
1745893,CHAPTER 36,stab,0.02
1745957,CHAPTER 36,starboard,0.02
1745960,CHAPTER 36,stare,0.02
1746018,CHAPTER 36,stay,0.02
1746072,CHAPTER 36,step,0.02
1746163,CHAPTER 36,stones,0.02
1746192,CHAPTER 36,storm,0.02
1746199,CHAPTER 36,stout,0.02
1746202,CHAPTER 36,stove,0.02
1746274,CHAPTER 36,stricken,0.02
1746278,CHAPTER 36,stride,0.02
1746366,CHAPTER 36,stump,0.02
1746454,CHAPTER 36,subterranean,0.02
1746499,CHAPTER 36,suddenly,0.02
1746569,CHAPTER 36,summoned,0.02
1746635,CHAPTER 36,superior,0.02
1746701,CHAPTER 36,surely,0.02
1746782,CHAPTER 36,sustained,0.02
1746798,CHAPTER 36,swallows,0.02
1746824,CHAPTER 36,swear,0.02
1746869,CHAPTER 36,swinging,0.02
1746939,CHAPTER 36,tacit,0.02
1746966,CHAPTER 36,tails,0.02
1747030,CHAPTER 36,tarpaulins,0.02
1747047,CHAPTER 36,tash,0.02
1747049,CHAPTER 36,task,0.02
1747079,CHAPTER 36,tawn,0.02
1747210,CHAPTER 36,terrific,0.02
1747306,CHAPTER 36,thine,0.02
1747308,CHAPTER 36,things,0.02
1747377,CHAPTER 36,threw,0.02
1747412,CHAPTER 36,thrusting,0.02
1747466,CHAPTER 36,tightly,0.02
1747473,CHAPTER 36,till,0.02
1747605,CHAPTER 36,tones,0.02
1747663,CHAPTER 36,torrid,0.02
1747674,CHAPTER 36,tossing,0.02
1747685,CHAPTER 36,touched,0.02
1747740,CHAPTER 36,trail,0.02
1747854,CHAPTER 36,tread,0.02
1748051,CHAPTER 36,tune,0.02
1748067,CHAPTER 36,turkish,0.02
1748071,CHAPTER 36,turned,0.02
1748108,CHAPTER 36,twill,0.02
1748120,CHAPTER 36,twisted,0.02
1748125,CHAPTER 36,twitched,0.02
1748431,CHAPTER 36,undoubted,0.02
1748493,CHAPTER 36,unexpected,0.02
1748597,CHAPTER 36,uniform,0.02
1748666,CHAPTER 36,unlike,0.02
1748706,CHAPTER 36,unmindful,0.02
1748802,CHAPTER 36,unreasoning,0.02
1749059,CHAPTER 36,uplifted,0.02
1749102,CHAPTER 36,usually,0.02
1749149,CHAPTER 36,valiant,0.02
1749219,CHAPTER 36,vehemently,0.02
1749329,CHAPTER 36,vibrations,0.02
1749456,CHAPTER 36,vitality,0.02
1749489,CHAPTER 36,volition,0.02
1749584,CHAPTER 36,waits,0.02
1749696,CHAPTER 36,washes,0.02
1749739,CHAPTER 36,waving,0.02
1749747,CHAPTER 36,way,0.02
1749764,CHAPTER 36,weapons,0.02
1749838,CHAPTER 36,went,0.02
1749877,CHAPTER 36,wheat,0.02
1749886,CHAPTER 36,wheels,0.02
1749906,CHAPTER 36,whetstone,0.02
1749949,CHAPTER 36,whispering,0.02
1750007,CHAPTER 36,wild,0.02
1750033,CHAPTER 36,wilt,0.02
1750140,CHAPTER 36,wolves,0.02
1750154,CHAPTER 36,wondering,0.02
1750164,CHAPTER 36,wont,0.02
1750181,CHAPTER 36,wool,0.02
1750191,CHAPTER 36,wore,0.02
1750264,CHAPTER 36,wrenched,0.02
1750397,CHAPTER 36,yield,0.02
1725853,CHAPTER 36,arm,0.01
1725866,CHAPTER 36,arms,0.01
1725910,CHAPTER 36,art,0.01
1726654,CHAPTER 36,began,0.01
1726811,CHAPTER 36,best,0.01
1726948,CHAPTER 36,black,0.01
1727075,CHAPTER 36,blood,0.01
1727124,CHAPTER 36,board,0.01
1727135,CHAPTER 36,boat,0.01
1727199,CHAPTER 36,bone,0.01
1727290,CHAPTER 36,bow,0.01
1727315,CHAPTER 36,boy,0.01
1727473,CHAPTER 36,bright,0.01
1727512,CHAPTER 36,broad,0.01
1727555,CHAPTER 36,brought,0.01
1727715,CHAPTER 36,business,0.01
1727946,CHAPTER 36,captains,0.01
1728037,CHAPTER 36,case,0.01
1728522,CHAPTER 36,circle,0.01
1728724,CHAPTER 36,close,0.01
1728983,CHAPTER 36,coming,0.01
1729114,CHAPTER 36,completely,0.01
1729990,CHAPTER 36,cross,0.01
1730164,CHAPTER 36,cut,0.01
1731405,CHAPTER 36,does,0.01
1731630,CHAPTER 36,dropped,0.01
1731794,CHAPTER 36,earth,0.01
1732163,CHAPTER 36,end,0.01
1732328,CHAPTER 36,entire,0.01
1732415,CHAPTER 36,ere,0.01
1732882,CHAPTER 36,face,0.01
1732934,CHAPTER 36,fall,0.01
1732990,CHAPTER 36,far,0.01
1733132,CHAPTER 36,feel,0.01
1733152,CHAPTER 36,fell,0.01
1733285,CHAPTER 36,finally,0.01
1733717,CHAPTER 36,formed,0.01
1733732,CHAPTER 36,forth,0.01
1733823,CHAPTER 36,free,0.01
1734161,CHAPTER 36,general,0.01
1734282,CHAPTER 36,given,0.01
1734423,CHAPTER 36,going,0.01
1734433,CHAPTER 36,gone,0.01
1734815,CHAPTER 36,hailed,0.01
1734931,CHAPTER 36,hard,0.01
1734963,CHAPTER 36,harpoon,0.01
1734993,CHAPTER 36,hat,0.01
1735057,CHAPTER 36,head,0.01
1735069,CHAPTER 36,heads,0.01
1735086,CHAPTER 36,hear,0.01
1735099,CHAPTER 36,heart,0.01
1735113,CHAPTER 36,hearts,0.01
1735173,CHAPTER 36,held,0.01
1735185,CHAPTER 36,help,0.01
1735267,CHAPTER 36,hidden,0.01
1735389,CHAPTER 36,holding,0.01
1735472,CHAPTER 36,hope,0.01
1735490,CHAPTER 36,horn,0.01
1735534,CHAPTER 36,hot,0.01
1735541,CHAPTER 36,hour,0.01
1735543,CHAPTER 36,hours,0.01
1735544,CHAPTER 36,house,0.01
1736193,CHAPTER 36,indian,0.01
1736540,CHAPTER 36,instant,0.01
1736941,CHAPTER 36,ivory,0.01
1736951,CHAPTER 36,jacket,0.01
1736999,CHAPTER 36,jaws,0.01
1737452,CHAPTER 36,land,0.01
1737668,CHAPTER 36,left,0.01
1737749,CHAPTER 36,level,0.01
1737794,CHAPTER 36,lie,0.01
1737928,CHAPTER 36,live,0.01
1737949,CHAPTER 36,ll,0.01
1738122,CHAPTER 36,low,0.01
1738625,CHAPTER 36,masts,0.01
1738655,CHAPTER 36,matter,0.01
1738923,CHAPTER 36,mighty,0.01
1739159,CHAPTER 36,moment,0.01
1739738,CHAPTER 36,nigh,0.01
1739767,CHAPTER 36,noble,0.01
1740206,CHAPTER 36,orders,0.01
1740689,CHAPTER 36,parts,0.01
1740693,CHAPTER 36,pass,0.01
1740836,CHAPTER 36,peculiar,0.01
1741282,CHAPTER 36,pipe,0.01
1741373,CHAPTER 36,planks,0.01
1742506,CHAPTER 36,quick,0.01
1742610,CHAPTER 36,raised,0.01
1743197,CHAPTER 36,repeated,0.01
1743716,CHAPTER 36,rolled,0.01
1743871,CHAPTER 36,run,0.01
1743874,CHAPTER 36,running,0.01
1744118,CHAPTER 36,say,0.01
1744121,CHAPTER 36,saying,0.01
1744331,CHAPTER 36,sea,0.01
1744427,CHAPTER 36,seen,0.01
1744449,CHAPTER 36,seldom,0.01
1744824,CHAPTER 36,short,0.01
1744833,CHAPTER 36,shot,0.01
1744938,CHAPTER 36,sideways,0.01
1745108,CHAPTER 36,skin,0.01
1745284,CHAPTER 36,small,0.01
1745505,CHAPTER 36,somewhat,0.01
1745554,CHAPTER 36,soul,0.01
1745558,CHAPTER 36,sound,0.01
1745892,CHAPTER 36,st,0.01
1746032,CHAPTER 36,steady,0.01
1746234,CHAPTER 36,stranger,0.01
1746262,CHAPTER 36,strength,0.01
1746315,CHAPTER 36,strong,0.01
1746321,CHAPTER 36,struck,0.01
1746837,CHAPTER 36,sweet,0.01
1746959,CHAPTER 36,tail,0.01
1746981,CHAPTER 36,talk,0.01
1747123,CHAPTER 36,tell,0.01
1747407,CHAPTER 36,thrown,0.01
1747580,CHAPTER 36,told,0.01
1747615,CHAPTER 36,took,0.01
1747684,CHAPTER 36,touch,0.01
1748010,CHAPTER 36,truth,0.01
1748072,CHAPTER 36,turning,0.01
1748655,CHAPTER 36,unknown,0.01
1749144,CHAPTER 36,vain,0.01
1749201,CHAPTER 36,vast,0.01
1749434,CHAPTER 36,visible,0.01
1749478,CHAPTER 36,voice,0.01
1749663,CHAPTER 36,warm,0.01
1749721,CHAPTER 36,water,0.01
1749730,CHAPTER 36,waters,0.01
1749779,CHAPTER 36,weather,0.01
1749866,CHAPTER 36,whales,0.01
1749976,CHAPTER 36,wholly,0.01
1750148,CHAPTER 36,wonder,0.01
1750160,CHAPTER 36,wondrous,0.01
1750187,CHAPTER 36,word,0.01
1750382,CHAPTER 36,years,0.01
