,chapter,term,tfidf
286344,CHAPTER 108,sir,0.33
265846,CHAPTER 108,_sneezes_,0.29
278959,CHAPTER 108,leg,0.29
269288,CHAPTER 108,carpenter,0.21
288634,CHAPTER 108,thou,0.2
283777,CHAPTER 108,queer,0.19
278987,CHAPTER 108,legs,0.14
268489,CHAPTER 108,bone,0.13
269936,CHAPTER 108,clay,0.12
281381,CHAPTER 108,old,0.11
287239,CHAPTER 108,standing,0.11
268878,CHAPTER 108,buckle,0.1
283423,CHAPTER 108,prometheus,0.1
268254,CHAPTER 108,blacksmith,0.09
274558,CHAPTER 108,file,0.09
279239,CHAPTER 108,ll,0.09
267200,CHAPTER 108,art,0.08
274422,CHAPTER 108,feel,0.08
275884,CHAPTER 108,greek,0.08
276124,CHAPTER 108,halloa,0.08
279023,CHAPTER 108,let,0.08
279218,CHAPTER 108,live,0.08
281371,CHAPTER 108,oh,0.08
288721,CHAPTER 108,thy,0.08
290624,CHAPTER 108,vice,0.08
272839,CHAPTER 108,drat,0.07
274593,CHAPTER 108,finish,0.07
275932,CHAPTER 108,grip,0.07
276466,CHAPTER 108,hell,0.07
276535,CHAPTER 108,heron,0.07
276900,CHAPTER 108,humbly,0.07
278385,CHAPTER 108,joist,0.07
286627,CHAPTER 108,smut,0.07
286654,CHAPTER 108,sneezing,0.07
272742,CHAPTER 108,don,0.06
274974,CHAPTER 108,forge,0.06
275725,CHAPTER 108,good,0.06
278708,CHAPTER 108,lady,0.06
279122,CHAPTER 108,like,0.06
285413,CHAPTER 108,says,0.06
285576,CHAPTER 108,screw,0.06
285579,CHAPTER 108,screws,0.06
288773,CHAPTER 108,time,0.06
291482,CHAPTER 108,work,0.06
291685,CHAPTER 108,yes,0.06
268036,CHAPTER 108,bench,0.05
268139,CHAPTER 108,beware,0.05
268158,CHAPTER 108,bid,0.05
270258,CHAPTER 108,comes,0.05
272769,CHAPTER 108,dost,0.05
273029,CHAPTER 108,dust,0.05
274446,CHAPTER 108,fellow,0.05
274671,CHAPTER 108,flame,0.05
276016,CHAPTER 108,guess,0.05
278231,CHAPTER 108,ivory,0.05
279093,CHAPTER 108,life,0.05
281492,CHAPTER 108,order,0.05
281787,CHAPTER 108,pair,0.05
286915,CHAPTER 108,speak,0.05
265416,CHAPTER 108,_carpenter,0.04
265482,CHAPTER 108,_during,0.04
265780,CHAPTER 108,_resuming,0.04
265937,CHAPTER 108,_turns,0.04
266756,CHAPTER 108,amputate,0.04
267536,CHAPTER 108,away,0.04
267560,CHAPTER 108,aye,0.04
267857,CHAPTER 108,bear,0.04
268358,CHAPTER 108,blockhead,0.04
268942,CHAPTER 108,bungle,0.04
269370,CHAPTER 108,catcher,0.04
269789,CHAPTER 108,chucks,0.04
270185,CHAPTER 108,collecting,0.04
270376,CHAPTER 108,compendious,0.04
271653,CHAPTER 108,debtor,0.04
272289,CHAPTER 108,dinning,0.04
272574,CHAPTER 108,dissolved,0.04
272684,CHAPTER 108,doctored,0.04
273113,CHAPTER 108,eavesdroppers,0.04
273302,CHAPTER 108,em,0.04
274375,CHAPTER 108,fear,0.04
274728,CHAPTER 108,flesh,0.04
276102,CHAPTER 108,hah,0.04
276197,CHAPTER 108,haphazard,0.04
276221,CHAPTER 108,hard,0.04
276646,CHAPTER 108,ho,0.04
276674,CHAPTER 108,hold,0.04
277280,CHAPTER 108,imprimis,0.04
277458,CHAPTER 108,indebtedness,0.04
278815,CHAPTER 108,lasts,0.04
279104,CHAPTER 108,light,0.04
279213,CHAPTER 108,little,0.04
279333,CHAPTER 108,look,0.04
279383,CHAPTER 108,lotions,0.04
279707,CHAPTER 108,man,0.04
279755,CHAPTER 108,manmaker,0.04
279985,CHAPTER 108,mean,0.04
280403,CHAPTER 108,modelled,0.04
280426,CHAPTER 108,mogulship,0.04
281626,CHAPTER 108,outwards,0.04
281630,CHAPTER 108,oval,0.04
282145,CHAPTER 108,pedlar,0.04
282546,CHAPTER 108,pinch,0.04
282622,CHAPTER 108,place,0.04
282627,CHAPTER 108,places,0.04
282857,CHAPTER 108,poly,0.04
282951,CHAPTER 108,poser,0.04
283584,CHAPTER 108,prætorians,0.04
284185,CHAPTER 108,red,0.04
284874,CHAPTER 108,right,0.04
285012,CHAPTER 108,roly,0.04
285408,CHAPTER 108,say,0.04
285935,CHAPTER 108,shall,0.04
286049,CHAPTER 108,shinbone,0.04
286681,CHAPTER 108,soak,0.04
286718,CHAPTER 108,soft,0.04
286918,CHAPTER 108,speaking,0.04
287624,CHAPTER 108,stubb,0.04
288636,CHAPTER 108,thoughted,0.04
288701,CHAPTER 108,thrusted,0.04
288722,CHAPTER 108,thyself,0.04
289283,CHAPTER 108,truly,0.04
289918,CHAPTER 108,uninterpenetratingly,0.04
291051,CHAPTER 108,wealthiest,0.04
265319,CHAPTER 108,_advancing_,0.03
265342,CHAPTER 108,_aside_,0.03
266225,CHAPTER 108,acre,0.03
266253,CHAPTER 108,adam,0.03
266454,CHAPTER 108,africans,0.03
266686,CHAPTER 108,altitudes,0.03
266833,CHAPTER 108,animated,0.03
267094,CHAPTER 108,architecture,0.03
267439,CHAPTER 108,auction,0.03
267906,CHAPTER 108,bedfellow,0.03
267926,CHAPTER 108,beer,0.03
268263,CHAPTER 108,blades,0.03
268324,CHAPTER 108,bless,0.03
268448,CHAPTER 108,body,0.03
268621,CHAPTER 108,brag,0.03
268638,CHAPTER 108,brains,0.03
268654,CHAPTER 108,brass,0.03
268729,CHAPTER 108,brewery,0.03
268884,CHAPTER 108,buckskin,0.03
268904,CHAPTER 108,built,0.03
268998,CHAPTER 108,bury,0.03
269003,CHAPTER 108,busily,0.03
269090,CHAPTER 108,calculate,0.03
269107,CHAPTER 108,callest,0.03
269123,CHAPTER 108,calves,0.03
269190,CHAPTER 108,canst,0.03
269710,CHAPTER 108,chin,0.03
269727,CHAPTER 108,chisel,0.03
270068,CHAPTER 108,coach,0.03
270132,CHAPTER 108,cogent,0.03
270252,CHAPTER 108,come,0.03
270360,CHAPTER 108,compare,0.03
270794,CHAPTER 108,continues,0.03
270934,CHAPTER 108,cord,0.03
270942,CHAPTER 108,core,0.03
271310,CHAPTER 108,crucible,0.03
271345,CHAPTER 108,crushed,0.03
271346,CHAPTER 108,crushing,0.03
271619,CHAPTER 108,dead,0.03
271733,CHAPTER 108,deem,0.03
272039,CHAPTER 108,desirable,0.03
272481,CHAPTER 108,dismasted,0.03
272573,CHAPTER 108,dissolve,0.03
272630,CHAPTER 108,ditchers,0.03
272722,CHAPTER 108,dome,0.03
272906,CHAPTER 108,driver,0.03
273034,CHAPTER 108,dusty,0.03
273389,CHAPTER 108,empire,0.03
273585,CHAPTER 108,ensuing,0.03
274139,CHAPTER 108,extremely,0.03
274230,CHAPTER 108,false,0.03
274423,CHAPTER 108,feelest,0.03
274482,CHAPTER 108,ferule,0.03
274554,CHAPTER 108,figures,0.03
274559,CHAPTER 108,filed,0.03
274565,CHAPTER 108,filing,0.03
274581,CHAPTER 108,fine,0.03
274741,CHAPTER 108,flies,0.03
274871,CHAPTER 108,folks,0.03
274986,CHAPTER 108,forging,0.03
274991,CHAPTER 108,forgot,0.03
275484,CHAPTER 108,gentlemanlike,0.03
275516,CHAPTER 108,gets,0.03
275685,CHAPTER 108,go_,0.03
275818,CHAPTER 108,grant,0.03
276444,CHAPTER 108,heel,0.03
276550,CHAPTER 108,hey,0.03
276628,CHAPTER 108,hist,0.03
276761,CHAPTER 108,hop,0.03
277027,CHAPTER 108,identical,0.03
277083,CHAPTER 108,illuminate,0.03
277224,CHAPTER 108,impious,0.03
277909,CHAPTER 108,inter,0.03
278112,CHAPTER 108,invisibly,0.03
278138,CHAPTER 108,inwards,0.03
278381,CHAPTER 108,joint,0.03
278498,CHAPTER 108,just,0.03
278527,CHAPTER 108,keeps,0.03
278613,CHAPTER 108,knee,0.03
278769,CHAPTER 108,lantern,0.03
278771,CHAPTER 108,lanterns,0.03
278930,CHAPTER 108,leather,0.03
278945,CHAPTER 108,ledgers,0.03
278997,CHAPTER 108,length,0.03
279097,CHAPTER 108,lifetime,0.03
279234,CHAPTER 108,living,0.03
279321,CHAPTER 108,long,0.03
279374,CHAPTER 108,loses,0.03
279441,CHAPTER 108,lucky,0.03
279458,CHAPTER 108,lumber,0.03
279670,CHAPTER 108,makest,0.03
279966,CHAPTER 108,mayst,0.03
279997,CHAPTER 108,measured,0.03
280103,CHAPTER 108,mercifully,0.03
280656,CHAPTER 108,mud,0.03
280715,CHAPTER 108,muscle,0.03
280889,CHAPTER 108,neat,0.03
281114,CHAPTER 108,noses,0.03
281717,CHAPTER 108,owe,0.03
281744,CHAPTER 108,pack,0.03
281760,CHAPTER 108,pads,0.03
281876,CHAPTER 108,paper,0.03
281928,CHAPTER 108,parlor,0.03
281976,CHAPTER 108,partnership,0.03
282066,CHAPTER 108,pattern,0.03
282589,CHAPTER 108,pistols,0.03
282716,CHAPTER 108,pleases,0.03
283153,CHAPTER 108,premises,0.03
283259,CHAPTER 108,pricking,0.03
283314,CHAPTER 108,probable,0.03
283535,CHAPTER 108,proud,0.03
283601,CHAPTER 108,pudding,0.03
283711,CHAPTER 108,puzzle,0.03
284394,CHAPTER 108,remainder,0.03
284705,CHAPTER 108,resurrection,0.03
284819,CHAPTER 108,rheumatic,0.03
284838,CHAPTER 108,rich,0.03
284849,CHAPTER 108,riddle,0.03
285039,CHAPTER 108,roots,0.03
285400,CHAPTER 108,saw,0.03
285520,CHAPTER 108,scornful,0.03
285559,CHAPTER 108,scraped,0.03
285850,CHAPTER 108,serve,0.03
286050,CHAPTER 108,shinbones,0.03
286106,CHAPTER 108,shop,0.03
286114,CHAPTER 108,short,0.03
286430,CHAPTER 108,slabs,0.03
286453,CHAPTER 108,slate,0.03
286511,CHAPTER 108,slim,0.03
286526,CHAPTER 108,slippery,0.03
286578,CHAPTER 108,smart,0.03
286613,CHAPTER 108,smoothed,0.03
286711,CHAPTER 108,socks,0.03
286792,CHAPTER 108,somebody,0.03
286813,CHAPTER 108,soot,0.03
286844,CHAPTER 108,soul,0.03
286896,CHAPTER 108,spar,0.03
286913,CHAPTER 108,spavined,0.03
287233,CHAPTER 108,stand,0.03
287238,CHAPTER 108,standest,0.03
287389,CHAPTER 108,stick,0.03
287530,CHAPTER 108,straps,0.03
287804,CHAPTER 108,sufficient,0.03
287967,CHAPTER 108,supplies,0.03
288450,CHAPTER 108,tender,0.03
288536,CHAPTER 108,thames,0.03
288590,CHAPTER 108,thief,0.03
288633,CHAPTER 108,thoroughly,0.03
288741,CHAPTER 108,tidy,0.03
288777,CHAPTER 108,times,0.03
288796,CHAPTER 108,tingling,0.03
288898,CHAPTER 108,tongue,0.03
288907,CHAPTER 108,tools,0.03
289345,CHAPTER 108,tunnel,0.03
289360,CHAPTER 108,turn,0.03
289462,CHAPTER 108,um,0.03
289678,CHAPTER 108,undertake,0.03
290385,CHAPTER 108,uses,0.03
290583,CHAPTER 108,vertebra,0.03
290835,CHAPTER 108,wade,0.03
290986,CHAPTER 108,washes,0.03
291066,CHAPTER 108,wears,0.03
291340,CHAPTER 108,windows,0.03
291483,CHAPTER 108,work_,0.03
291489,CHAPTER 108,workman,0.03
291490,CHAPTER 108,workmanlike,0.03
291493,CHAPTER 108,world,0.03
291522,CHAPTER 108,wouldn,0.03
291577,CHAPTER 108,wrist,0.03
266048,CHAPTER 108,aboard,0.02
266517,CHAPTER 108,ah,0.02
266518,CHAPTER 108,ahab,0.02
267156,CHAPTER 108,arms,0.02
267256,CHAPTER 108,ask,0.02
267768,CHAPTER 108,barrels,0.02
267954,CHAPTER 108,begin,0.02
268020,CHAPTER 108,belong,0.02
268133,CHAPTER 108,better,0.02
268337,CHAPTER 108,blind,0.02
268365,CHAPTER 108,blood,0.02
268492,CHAPTER 108,bones,0.02
268503,CHAPTER 108,books,0.02
268685,CHAPTER 108,break,0.02
268782,CHAPTER 108,bring,0.02
269108,CHAPTER 108,calling,0.02
269236,CHAPTER 108,captains,0.02
269309,CHAPTER 108,carry,0.02
269673,CHAPTER 108,chest,0.02
270402,CHAPTER 108,complete,0.02
271074,CHAPTER 108,course,0.02
271412,CHAPTER 108,curious,0.02
271425,CHAPTER 108,cursed,0.02
271555,CHAPTER 108,dare,0.02
271635,CHAPTER 108,dear,0.02
272214,CHAPTER 108,didn,0.02
272591,CHAPTER 108,distinct,0.02
272904,CHAPTER 108,drive,0.02
272905,CHAPTER 108,driven,0.02
273104,CHAPTER 108,easy,0.02
273209,CHAPTER 108,eh,0.02
273618,CHAPTER 108,entire,0.02
273619,CHAPTER 108,entirely,0.02
273874,CHAPTER 108,exactly,0.02
274424,CHAPTER 108,feeling,0.02
274429,CHAPTER 108,feet,0.02
274534,CHAPTER 108,fierce,0.02
274539,CHAPTER 108,fiery,0.02
274552,CHAPTER 108,figure,0.02
274587,CHAPTER 108,finger,0.02
274616,CHAPTER 108,firmly,0.02
274647,CHAPTER 108,fixed,0.02
274937,CHAPTER 108,forehead,0.02
275038,CHAPTER 108,forward,0.02
275113,CHAPTER 108,free,0.02
275572,CHAPTER 108,given,0.02
276068,CHAPTER 108,ha,0.02
276111,CHAPTER 108,hair,0.02
276158,CHAPTER 108,hand,0.02
276276,CHAPTER 108,hast,0.02
276359,CHAPTER 108,heads,0.02
276390,CHAPTER 108,hearted,0.02
276406,CHAPTER 108,heat,0.02
276418,CHAPTER 108,heavens,0.02
276609,CHAPTER 108,hint,0.02
276780,CHAPTER 108,horn,0.02
276807,CHAPTER 108,horses,0.02
276831,CHAPTER 108,hour,0.02
276833,CHAPTER 108,hours,0.02
277492,CHAPTER 108,indifferent,0.02
278287,CHAPTER 108,jaw,0.02
278289,CHAPTER 108,jaws,0.02
278571,CHAPTER 108,kind,0.02
278650,CHAPTER 108,know,0.02
278657,CHAPTER 108,knows,0.02
278833,CHAPTER 108,latitude,0.02
278932,CHAPTER 108,leave,0.02
279334,CHAPTER 108,looked,0.02
279342,CHAPTER 108,looks,0.02
279362,CHAPTER 108,lord,0.02
279377,CHAPTER 108,lost,0.02
279438,CHAPTER 108,luck,0.02
279537,CHAPTER 108,lying,0.02
279666,CHAPTER 108,make,0.02
279669,CHAPTER 108,makes,0.02
279672,CHAPTER 108,making,0.02
279821,CHAPTER 108,mark,0.02
279989,CHAPTER 108,meaning,0.02
279996,CHAPTER 108,measure,0.02
280072,CHAPTER 108,men,0.02
280108,CHAPTER 108,mere,0.02
280560,CHAPTER 108,morrow,0.02
280563,CHAPTER 108,mortal,0.02
280610,CHAPTER 108,mount,0.02
280652,CHAPTER 108,mr,0.02
281778,CHAPTER 108,pains,0.02
282230,CHAPTER 108,people,0.02
282831,CHAPTER 108,poles,0.02
283102,CHAPTER 108,precisely,0.02
283188,CHAPTER 108,presented,0.02
283192,CHAPTER 108,presently,0.02
283241,CHAPTER 108,pretty,0.02
283464,CHAPTER 108,properly,0.02
283762,CHAPTER 108,quarter,0.02
283796,CHAPTER 108,quick,0.02
284044,CHAPTER 108,ready,0.02
284045,CHAPTER 108,real,0.02
284052,CHAPTER 108,really,0.02
285013,CHAPTER 108,roman,0.02
285311,CHAPTER 108,sand,0.02
285463,CHAPTER 108,scene,0.02
285513,CHAPTER 108,score,0.02
285717,CHAPTER 108,seen,0.02
286125,CHAPTER 108,shoulder,0.02
286423,CHAPTER 108,sky,0.02
286574,CHAPTER 108,small,0.02
286778,CHAPTER 108,solitary,0.02
286795,CHAPTER 108,somewhat,0.02
286836,CHAPTER 108,sort,0.02
286840,CHAPTER 108,sorts,0.02
287043,CHAPTER 108,spite,0.02
287070,CHAPTER 108,spoke,0.02
287182,CHAPTER 108,st,0.02
287248,CHAPTER 108,starbuck,0.02
287308,CHAPTER 108,stay,0.02
287340,CHAPTER 108,steel,0.02
287990,CHAPTER 108,sure,0.02
288262,CHAPTER 108,taking,0.02
288276,CHAPTER 108,tall,0.02
288597,CHAPTER 108,thing,0.02
288599,CHAPTER 108,think,0.02
288604,CHAPTER 108,thinking,0.02
288702,CHAPTER 108,thrusting,0.02
288818,CHAPTER 108,tis,0.02
289163,CHAPTER 108,tree,0.02
289305,CHAPTER 108,try,0.02
289670,CHAPTER 108,understand,0.02
290379,CHAPTER 108,use,0.02
290477,CHAPTER 108,various,0.02
290500,CHAPTER 108,ve,0.02
290998,CHAPTER 108,watch,0.02
291011,CHAPTER 108,water,0.02
291291,CHAPTER 108,wife,0.02
291437,CHAPTER 108,won,0.02
291438,CHAPTER 108,wonder,0.02
291488,CHAPTER 108,working,0.02
291492,CHAPTER 108,works,0.02
291505,CHAPTER 108,worse,0.02
291664,CHAPTER 108,ye,0.02
266535,CHAPTER 108,air,0.01
268101,CHAPTER 108,best,0.01
268430,CHAPTER 108,boats,0.01
269005,CHAPTER 108,business,0.01
269234,CHAPTER 108,captain,0.01
269474,CHAPTER 108,certain,0.01
271639,CHAPTER 108,death,0.01
271696,CHAPTER 108,deck,0.01
271737,CHAPTER 108,deep,0.01
272695,CHAPTER 108,does,0.01
274152,CHAPTER 108,eye,0.01
274160,CHAPTER 108,eyes,0.01
274172,CHAPTER 108,face,0.01
275698,CHAPTER 108,god,0.01
275875,CHAPTER 108,great,0.01
276347,CHAPTER 108,head,0.01
276377,CHAPTER 108,heard,0.01
276389,CHAPTER 108,heart,0.01
276570,CHAPTER 108,high,0.01
281030,CHAPTER 108,night,0.01
285066,CHAPTER 108,round,0.01
287521,CHAPTER 108,strange,0.01
288413,CHAPTER 108,tell,0.01
288635,CHAPTER 108,thought,0.01
289280,CHAPTER 108,true,0.01
291020,CHAPTER 108,waters,0.01
291145,CHAPTER 108,whale,0.01
291250,CHAPTER 108,white,0.01
291477,CHAPTER 108,word,0.01
