,chapter,term,tfidf
1255123,CHAPTER 2,euroclydon,0.24
1260195,CHAPTER 2,lazarus,0.17
1256515,CHAPTER 2,frost,0.15
1249222,CHAPTER 2,bedford,0.14
1262128,CHAPTER 2,nantucket,0.14
1253964,CHAPTER 2,dives,0.13
1254069,CHAPTER 2,door,0.13
1259514,CHAPTER 2,ishmael,0.13
1267559,CHAPTER 2,sign,0.13
1262344,CHAPTER 2,night,0.12
1268421,CHAPTER 2,spouter,0.12
1269745,CHAPTER 2,tempestuous,0.12
1252714,CHAPTER 2,curbstone,0.1
1255359,CHAPTER 2,expensive,0.1
1258148,CHAPTER 2,house,0.1
1268864,CHAPTER 2,streets,0.1
1250627,CHAPTER 2,carted,0.09
1262695,CHAPTER 2,old,0.09
1263936,CHAPTER 2,place,0.09
1249552,CHAPTER 2,black,0.08
1250474,CHAPTER 2,candle,0.08
1254625,CHAPTER 2,embark,0.08
1257382,CHAPTER 2,ha,0.08
1258323,CHAPTER 2,ice,0.08
1260648,CHAPTER 2,looked,0.08
1264198,CHAPTER 2,pooh,0.08
1269949,CHAPTER 2,thought,0.08
1270434,CHAPTER 2,trap,0.08
1272654,CHAPTER 2,windows,0.08
1249566,CHAPTER 2,blackness,0.07
1249832,CHAPTER 2,boots,0.07
1254188,CHAPTER 2,dreary,0.07
1259049,CHAPTER 2,inn,0.07
1260430,CHAPTER 2,lights,0.07
1262313,CHAPTER 2,new,0.07
1262417,CHAPTER 2,northern,0.07
1263701,CHAPTER 2,peter,0.07
1265499,CHAPTER 2,red,0.07
1268832,CHAPTER 2,stranded,0.07
1268863,CHAPTER 2,street,0.07
1248923,CHAPTER 2,bag,0.06
1251181,CHAPTER 2,city,0.06
1251443,CHAPTER 2,coffin,0.06
1252596,CHAPTER 2,crossed,0.06
1253580,CHAPTER 2,dim,0.06
1259711,CHAPTER 2,jolly,0.06
1260418,CHAPTER 2,light,0.06
1260527,CHAPTER 2,little,0.06
1261958,CHAPTER 2,moving,0.06
1268150,CHAPTER 2,sort,0.06
1268772,CHAPTER 2,stood,0.06
1269167,CHAPTER 2,summer,0.06
1269473,CHAPTER 2,swinging,0.06
1269488,CHAPTER 2,sword,0.06
1269948,CHAPTER 2,thou,0.06
1272651,CHAPTER 2,window,0.06
1248582,CHAPTER 2,asphaltic,0.05
1249542,CHAPTER 2,bitingly,0.05
1249702,CHAPTER 2,blubbering,0.05
1250444,CHAPTER 2,came,0.05
1250628,CHAPTER 2,carthage,0.05
1250940,CHAPTER 2,cheapest,0.05
1250959,CHAPTER 2,cheeriest,0.05
1251029,CHAPTER 2,chinks,0.05
1251403,CHAPTER 2,cob,0.05
1251406,CHAPTER 2,cobblestones,0.05
1252884,CHAPTER 2,darkness,0.05
1253526,CHAPTER 2,did,0.05
1254678,CHAPTER 2,emigrant,0.05
1255797,CHAPTER 2,fervent,0.05
1256066,CHAPTER 2,flinty,0.05
1256191,CHAPTER 2,following,0.05
1256918,CHAPTER 2,glazier,0.05
1256949,CHAPTER 2,glitters,0.05
1256991,CHAPTER 2,gnashing,0.05
1257573,CHAPTER 2,harpoons,0.05
1257969,CHAPTER 2,hob,0.05
1259433,CHAPTER 2,invitingly,0.05
1260131,CHAPTER 2,late,0.05
1260491,CHAPTER 2,lint,0.05
1261045,CHAPTER 2,manhatto,0.05
1262576,CHAPTER 2,observest,0.05
1262844,CHAPTER 2,orion,0.05
1264203,CHAPTER 2,poor,0.05
1264726,CHAPTER 2,projections,0.05
1265386,CHAPTER 2,reasonest,0.05
1265503,CHAPTER 2,redder,0.05
1266660,CHAPTER 2,sashless,0.05
1266727,CHAPTER 2,says,0.05
1267398,CHAPTER 2,shiverings,0.05
1267441,CHAPTER 2,shouldering,0.05
1268779,CHAPTER 2,stop,0.05
1270157,CHAPTER 2,toasting,0.05
1272475,CHAPTER 2,whaling,0.05
1247374,CHAPTER 2,aboriginal,0.04
1247690,CHAPTER 2,adventurous,0.04
1248016,CHAPTER 2,amazingly,0.04
1248124,CHAPTER 2,angel,0.04
1248559,CHAPTER 2,ash,0.04
1248901,CHAPTER 2,backing,0.04
1249621,CHAPTER 2,bleak,0.04
1249772,CHAPTER 2,boisterous,0.04
1250215,CHAPTER 2,building,0.04
1250470,CHAPTER 2,candidates,0.04
1250495,CHAPTER 2,canoes,0.04
1250581,CHAPTER 2,careless,0.04
1250605,CHAPTER 2,carpet,0.04
1250935,CHAPTER 2,chattering,0.04
1250939,CHAPTER 2,cheap,0.04
1250962,CHAPTER 2,cheerless,0.04
1251035,CHAPTER 2,chips,0.04
1251057,CHAPTER 2,choked,0.04
1251303,CHAPTER 2,climes,0.04
1251388,CHAPTER 2,coals,0.04
1251440,CHAPTER 2,coffee,0.04
1251676,CHAPTER 2,comparing,0.04
1251805,CHAPTER 2,concernment,0.04
1251915,CHAPTER 2,congealed,0.04
1251984,CHAPTER 2,conservatories,0.04
1252233,CHAPTER 2,copestone,0.04
1252242,CHAPTER 2,copy,0.04
1252266,CHAPTER 2,corn,0.04
1252450,CHAPTER 2,craft,0.04
1252464,CHAPTER 2,crannies,0.04
1252494,CHAPTER 2,creak,0.04
1252495,CHAPTER 2,creaking,0.04
1252795,CHAPTER 2,czar,0.04
1252992,CHAPTER 2,december,0.04
1253336,CHAPTER 2,deserted,0.04
1253396,CHAPTER 2,destined,0.04
1253402,CHAPTER 2,destroyed,0.04
1253569,CHAPTER 2,dilapidated,0.04
1253642,CHAPTER 2,disappointed,0.04
1253702,CHAPTER 2,discover,0.04
1253932,CHAPTER 2,district,0.04
1253995,CHAPTER 2,docks,0.04
1254056,CHAPTER 2,don,0.04
1254214,CHAPTER 2,drinks,0.04
1254276,CHAPTER 2,dubious,0.04
1254301,CHAPTER 2,duly,0.04
1254780,CHAPTER 2,ended,0.04
1254919,CHAPTER 2,entertainment,0.04
1255419,CHAPTER 2,extant,0.04
1255524,CHAPTER 2,faintly,0.04
1255895,CHAPTER 2,fine,0.04
1255908,CHAPTER 2,finished,0.04
1256312,CHAPTER 2,forlorn,0.04
1256516,CHAPTER 2,frosted,0.04
1256519,CHAPTER 2,frosty,0.04
1256610,CHAPTER 2,gable,0.04
1256909,CHAPTER 2,glare,0.04
1257036,CHAPTER 2,gomorrah,0.04
1257140,CHAPTER 2,grapnels,0.04
1257449,CHAPTER 2,halting,0.04
1257535,CHAPTER 2,hard,0.04
1257690,CHAPTER 2,hear,0.04
1258324,CHAPTER 2,iceberg,0.04
1258560,CHAPTER 2,imported,0.04
1258609,CHAPTER 2,improvements,0.04
1259063,CHAPTER 2,inns,0.04
1259073,CHAPTER 2,inquire,0.04
1259763,CHAPTER 2,judging,0.04
1260017,CHAPTER 2,laden,0.04
1260186,CHAPTER 2,lay,0.04
1260240,CHAPTER 2,learning,0.04
1260342,CHAPTER 2,letter,0.04
1260599,CHAPTER 2,lodge,0.04
1260605,CHAPTER 2,lodgings,0.04
1260652,CHAPTER 2,lookest,0.04
1260653,CHAPTER 2,looking,0.04
1260985,CHAPTER 2,maketh,0.04
1261259,CHAPTER 2,matter,0.04
1261369,CHAPTER 2,melted,0.04
1261557,CHAPTER 2,million,0.04
1261571,CHAPTER 2,mind,0.04
1261678,CHAPTER 2,misty,0.04
1261762,CHAPTER 2,moluccas,0.04
1261777,CHAPTER 2,monday,0.04
1261797,CHAPTER 2,monopolising,0.04
1261837,CHAPTER 2,moored,0.04
1262712,CHAPTER 2,ominous,0.04
1262806,CHAPTER 2,order,0.04
1262855,CHAPTER 2,orphans,0.04
1263061,CHAPTER 2,packed,0.04
1263062,CHAPTER 2,packet,0.04
1263098,CHAPTER 2,painting,0.04
1263104,CHAPTER 2,palace,0.04
1263137,CHAPTER 2,palsied,0.04
1263240,CHAPTER 2,parliament,0.04
1263277,CHAPTER 2,particles,0.04
1263278,CHAPTER 2,particular,0.04
1263336,CHAPTER 2,patched,0.04
1263384,CHAPTER 2,paul,0.04
1263397,CHAPTER 2,pavement,0.04
1263409,CHAPTER 2,pea,0.04
1263473,CHAPTER 2,peer,0.04
1263502,CHAPTER 2,penalties,0.04
1263904,CHAPTER 2,pit,0.04
1264052,CHAPTER 2,plight,0.04
1264070,CHAPTER 2,plug,0.04
1264219,CHAPTER 2,porch,0.04
1264271,CHAPTER 2,possess,0.04
1264341,CHAPTER 2,poverty,0.04
1264385,CHAPTER 2,preacher,0.04
1264520,CHAPTER 2,president,0.04
1264568,CHAPTER 2,price,0.04
1264619,CHAPTER 2,privilege,0.04
1264641,CHAPTER 2,proceeding,0.04
1264905,CHAPTER 2,public,0.04
1264931,CHAPTER 2,pulpit,0.04
1265142,CHAPTER 2,quitting,0.04
1265194,CHAPTER 2,rags,0.04
1265338,CHAPTER 2,rays,0.04
1265659,CHAPTER 2,related,0.04
1265752,CHAPTER 2,remorseless,0.04
1266255,CHAPTER 2,risk,0.04
1266452,CHAPTER 2,ruins,0.04
1266588,CHAPTER 2,sally,0.04
1266683,CHAPTER 2,saturday,0.04
1266872,CHAPTER 2,scrape,0.04
1267167,CHAPTER 2,service,0.04
1267554,CHAPTER 2,sighs,0.04
1267588,CHAPTER 2,silken,0.04
1267848,CHAPTER 2,sloop,0.04
1267924,CHAPTER 2,smoky,0.04
1268071,CHAPTER 2,soles,0.04
1268682,CHAPTER 2,steps,0.04
1268963,CHAPTER 2,stuffed,0.04
1268967,CHAPTER 2,stumble,0.04
1269164,CHAPTER 2,sumatra,0.04
1269669,CHAPTER 2,tatters,0.04
1269703,CHAPTER 2,tears,0.04
1269719,CHAPTER 2,teeth,0.04
1269736,CHAPTER 2,temperance,0.04
1269795,CHAPTER 2,tepid,0.04
1269847,CHAPTER 2,text,0.04
1270118,CHAPTER 2,tinkling,0.04
1270195,CHAPTER 2,tomb,0.04
1270230,CHAPTER 2,tophet,0.04
1270630,CHAPTER 2,tucked,0.04
1270756,CHAPTER 2,tyre,0.04
1270981,CHAPTER 2,underneath,0.04
1271249,CHAPTER 2,universe,0.04
1272172,CHAPTER 2,wailing,0.04
1272336,CHAPTER 2,waterward,0.04
1272407,CHAPTER 2,week,0.04
1272414,CHAPTER 2,weeping,0.04
1272607,CHAPTER 2,wight,0.04
1272644,CHAPTER 2,wind,0.04
1272686,CHAPTER 2,wisdom,0.04
1272850,CHAPTER 2,wrapper,0.04
1272896,CHAPTER 2,writer,0.04
1273041,CHAPTER 2,zephyr,0.04
1248042,CHAPTER 2,american,0.03
1248240,CHAPTER 2,anxious,0.03
1248502,CHAPTER 2,arrived,0.03
1248563,CHAPTER 2,ashes,0.03
1249191,CHAPTER 2,beating,0.03
1249676,CHAPTER 2,blocks,0.03
1249815,CHAPTER 2,book,0.03
1249912,CHAPTER 2,bowsprit,0.03
1249915,CHAPTER 2,box,0.03
1250077,CHAPTER 2,bright,0.03
1250302,CHAPTER 2,burnt,0.03
1251106,CHAPTER 2,church,0.03
1251476,CHAPTER 2,cold,0.03
1251813,CHAPTER 2,conclude,0.03
1251945,CHAPTER 2,connected,0.03
1251951,CHAPTER 2,connexion,0.03
1252267,CHAPTER 2,corner,0.03
1252920,CHAPTER 2,day,0.03
1252949,CHAPTER 2,dear,0.03
1253528,CHAPTER 2,didn,0.03
1253541,CHAPTER 2,difference,0.03
1253791,CHAPTER 2,dismal,0.03
1254021,CHAPTER 2,doing,0.03
1254067,CHAPTER 2,doom,0.03
1254072,CHAPTER 2,doors,0.03
1254103,CHAPTER 2,doubtless,0.03
1254397,CHAPTER 2,ears,0.03
1254419,CHAPTER 2,eat,0.03
1254910,CHAPTER 2,entering,0.03
1255001,CHAPTER 2,equator,0.03
1255155,CHAPTER 2,everlasting,0.03
1255489,CHAPTER 2,faces,0.03
1255594,CHAPTER 2,far,0.03
1255743,CHAPTER 2,feet,0.03
1255853,CHAPTER 2,fiery,0.03
1255933,CHAPTER 2,fish,0.03
1256188,CHAPTER 2,followed,0.03
1256526,CHAPTER 2,frozen,0.03
1256914,CHAPTER 2,glass,0.03
1256915,CHAPTER 2,glasses,0.03
1256956,CHAPTER 2,gloom,0.03
1257020,CHAPTER 2,gods,0.03
1257101,CHAPTER 2,gradually,0.03
1257695,CHAPTER 2,hearing,0.03
1258094,CHAPTER 2,horn,0.03
1258157,CHAPTER 2,houses,0.03
1258172,CHAPTER 2,howling,0.03
1258335,CHAPTER 2,idea,0.03
1258678,CHAPTER 2,inches,0.03
1259153,CHAPTER 2,instinct,0.03
1259247,CHAPTER 2,interior,0.03
1259516,CHAPTER 2,island,0.03
1259641,CHAPTER 2,jet,0.03
1260316,CHAPTER 2,lengthwise,0.03
1260337,CHAPTER 2,let,0.03
1260545,CHAPTER 2,lives,0.03
1260700,CHAPTER 2,loud,0.03
1260726,CHAPTER 2,low,0.03
1261187,CHAPTER 2,marvellous,0.03
1261308,CHAPTER 2,meant,0.03
1261634,CHAPTER 2,miserable,0.03
1262077,CHAPTER 2,muttered,0.03
1262194,CHAPTER 2,nay,0.03
1262241,CHAPTER 2,needs,0.03
1262254,CHAPTER 2,negro,0.03
1262414,CHAPTER 2,north,0.03
1262616,CHAPTER 2,occurred,0.03
1262656,CHAPTER 2,offer,0.03
1262742,CHAPTER 2,opened,0.03
1262830,CHAPTER 2,oriental,0.03
1262835,CHAPTER 2,original,0.03
1262928,CHAPTER 2,outside,0.03
1263052,CHAPTER 2,paced,0.03
1263092,CHAPTER 2,pains,0.03
1263286,CHAPTER 2,partly,0.03
1263394,CHAPTER 2,pausing,0.03
1263790,CHAPTER 2,picked,0.03
1263808,CHAPTER 2,pieces,0.03
1263852,CHAPTER 2,pillow,0.03
1263928,CHAPTER 2,pity,0.03
1264026,CHAPTER 2,pleasant,0.03
1264029,CHAPTER 2,pleased,0.03
1264046,CHAPTER 2,plenty,0.03
1264101,CHAPTER 2,pocket,0.03
1264230,CHAPTER 2,port,0.03
1264506,CHAPTER 2,presently,0.03
1264854,CHAPTER 2,proved,0.03
1265016,CHAPTER 2,pushed,0.03
1265091,CHAPTER 2,queer,0.03
1265125,CHAPTER 2,quiet,0.03
1265129,CHAPTER 2,quietly,0.03
1265347,CHAPTER 2,reaching,0.03
1265851,CHAPTER 2,representing,0.03
1266407,CHAPTER 2,rows,0.03
1266537,CHAPTER 2,sadly,0.03
1266552,CHAPTER 2,said,0.03
1267246,CHAPTER 2,shaking,0.03
1267393,CHAPTER 2,shirt,0.03
1267538,CHAPTER 2,sides,0.03
1267596,CHAPTER 2,silver,0.03
1267678,CHAPTER 2,sitting,0.03
1267784,CHAPTER 2,sleep,0.03
1268021,CHAPTER 2,society,0.03
1268163,CHAPTER 2,sounded,0.03
1268170,CHAPTER 2,sounds,0.03
1268179,CHAPTER 2,south,0.03
1268414,CHAPTER 2,spot,0.03
1268433,CHAPTER 2,spray,0.03
1268575,CHAPTER 2,started,0.03
1268782,CHAPTER 2,stopping,0.03
1268802,CHAPTER 2,story,0.03
1268878,CHAPTER 2,stricken,0.03
1269288,CHAPTER 2,suppose,0.03
1269585,CHAPTER 2,talk,0.03
1269590,CHAPTER 2,tall,0.03
1269920,CHAPTER 2,thinks,0.03
1270008,CHAPTER 2,throw,0.03
1270014,CHAPTER 2,thrust,0.03
1270311,CHAPTER 2,town,0.03
1271699,CHAPTER 2,uses,0.03
1272267,CHAPTER 2,warm,0.03
1272381,CHAPTER 2,weary,0.03
1272754,CHAPTER 2,wonderful,0.03
1272793,CHAPTER 2,words,0.03
1272806,CHAPTER 2,works,0.03
1272819,CHAPTER 2,worse,0.03
1272879,CHAPTER 2,wretched,0.03
1272979,CHAPTER 2,yea,0.03
1247810,CHAPTER 2,ago,0.02
1247849,CHAPTER 2,air,0.02
1248457,CHAPTER 2,arm,0.02
1249211,CHAPTER 2,bed,0.02
1249415,CHAPTER 2,best,0.02
1249704,CHAPTER 2,blue,0.02
1249762,CHAPTER 2,body,0.02
1250116,CHAPTER 2,broad,0.02
1250159,CHAPTER 2,brought,0.02
1250319,CHAPTER 2,business,0.02
1250420,CHAPTER 2,called,0.02
1250522,CHAPTER 2,cape,0.02
1250912,CHAPTER 2,chase,0.02
1251566,CHAPTER 2,come,0.02
1251630,CHAPTER 2,common,0.02
1252876,CHAPTER 2,dark,0.02
1252933,CHAPTER 2,dead,0.02
1252953,CHAPTER 2,death,0.02
1255019,CHAPTER 2,ere,0.02
1255474,CHAPTER 2,eyes,0.02
1255571,CHAPTER 2,famous,0.02
1256150,CHAPTER 2,flying,0.02
1256206,CHAPTER 2,foot,0.02
1256336,CHAPTER 2,forth,0.02
1257021,CHAPTER 2,goes,0.02
1257027,CHAPTER 2,going,0.02
1257114,CHAPTER 2,grand,0.02
1257189,CHAPTER 2,great,0.02
1257491,CHAPTER 2,hands,0.02
1257567,CHAPTER 2,harpoon,0.02
1257641,CHAPTER 2,having,0.02
1257691,CHAPTER 2,heard,0.02
1257993,CHAPTER 2,holding,0.02
1258145,CHAPTER 2,hour,0.02
1259853,CHAPTER 2,kept,0.02
1259936,CHAPTER 2,knew,0.02
1260227,CHAPTER 2,leaning,0.02
1260360,CHAPTER 2,leviathan,0.02
1260398,CHAPTER 2,lie,0.02
1260436,CHAPTER 2,like,0.02
1260468,CHAPTER 2,line,0.02
1260980,CHAPTER 2,make,0.02
1260986,CHAPTER 2,making,0.02
1261505,CHAPTER 2,middle,0.02
1261527,CHAPTER 2,mighty,0.02
1261763,CHAPTER 2,moment,0.02
1261944,CHAPTER 2,mouth,0.02
1262342,CHAPTER 2,nigh,0.02
1262741,CHAPTER 2,open,0.02
1263054,CHAPTER 2,pacific,0.02
1263298,CHAPTER 2,passage,0.02
1263302,CHAPTER 2,passed,0.02
1265076,CHAPTER 2,quarter,0.02
1266554,CHAPTER 2,sail,0.02
1266556,CHAPTER 2,sailed,0.02
1266714,CHAPTER 2,saw,0.02
1266979,CHAPTER 2,second,0.02
1267287,CHAPTER 2,sharp,0.02
1267981,CHAPTER 2,snow,0.02
1268816,CHAPTER 2,straight,0.02
1268925,CHAPTER 2,struck,0.02
1269304,CHAPTER 2,sure,0.02
1270077,CHAPTER 2,till,0.02
1270219,CHAPTER 2,took,0.02
1270276,CHAPTER 2,tossed,0.02
1270594,CHAPTER 2,true,0.02
1270675,CHAPTER 2,turned,0.02
1272082,CHAPTER 2,voice,0.02
1272132,CHAPTER 2,voyage,0.02
1272312,CHAPTER 2,watch,0.02
1272351,CHAPTER 2,way,0.02
1272442,CHAPTER 2,went,0.02
1272467,CHAPTER 2,whalemen,0.02
1272470,CHAPTER 2,whales,0.02
1272564,CHAPTER 2,white,0.02
1272593,CHAPTER 2,wide,0.02
1272774,CHAPTER 2,wooden,0.02
1272978,CHAPTER 2,ye,0.02
1272986,CHAPTER 2,years,0.02
1272999,CHAPTER 2,yes,0.02
1273017,CHAPTER 2,young,0.02
1248850,CHAPTER 2,away,0.01
1257039,CHAPTER 2,good,0.01
1257472,CHAPTER 2,hand,0.01
1260647,CHAPTER 2,look,0.01
1261386,CHAPTER 2,men,0.01
1266380,CHAPTER 2,round,0.01
1266722,CHAPTER 2,say,0.01
1269911,CHAPTER 2,thing,0.01
1270087,CHAPTER 2,time,0.01
1272459,CHAPTER 2,whale,0.01
