,chapter,term,tfidf
320941,CHAPTER 11,bed,0.25
327496,CHAPTER 11,felt,0.21
339723,CHAPTER 11,snugness,0.15
341561,CHAPTER 11,tester,0.15
336820,CHAPTER 11,queequeg,0.14
321326,CHAPTER 11,blanket,0.12
323307,CHAPTER 11,comfortable,0.12
320572,CHAPTER 11,awake,0.11
323072,CHAPTER 11,clothes,0.11
341922,CHAPTER 11,tomahawk,0.11
327204,CHAPTER 11,eyes,0.1
329022,CHAPTER 11,grow,0.1
339408,CHAPTER 11,sitting,0.1
339653,CHAPTER 11,smoking,0.1
323206,CHAPTER 11,cold,0.09
324614,CHAPTER 11,darkness,0.09
325898,CHAPTER 11,drawn,0.09
334074,CHAPTER 11,night,0.09
334622,CHAPTER 11,outer,0.09
343997,CHAPTER 11,warm,0.09
319454,CHAPTER 11,affectionately,0.08
322745,CHAPTER 11,chilled,0.08
322747,CHAPTER 11,chilly,0.08
322981,CHAPTER 11,clayey,0.08
323119,CHAPTER 11,coarse,0.08
323308,CHAPTER 11,comfortableness,0.08
323521,CHAPTER 11,concentrate,0.08
323587,CHAPTER 11,confabulations,0.08
325410,CHAPTER 11,disclosures,0.08
325417,CHAPTER 11,discomforts,0.08
326806,CHAPTER 11,essences,0.08
327738,CHAPTER 11,flatter,0.08
330295,CHAPTER 11,imposed,0.08
331662,CHAPTER 11,kneepans,0.08
333868,CHAPTER 11,napping,0.08
333869,CHAPTER 11,nappishness,0.08
335495,CHAPTER 11,phraseology,0.08
337854,CHAPTER 11,revulsion,0.08
338751,CHAPTER 11,seeing,0.08
339944,CHAPTER 11,spark,0.08
340649,CHAPTER 11,strong,0.08
341854,CHAPTER 11,tip,0.08
342935,CHAPTER 11,unilluminated,0.08
343044,CHAPTER 11,unmistakably,0.08
344001,CHAPTER 11,warming,0.08
344109,CHAPTER 11,wearisome,0.08
320996,CHAPTER 11,begged,0.07
321086,CHAPTER 11,bending,0.07
322666,CHAPTER 11,chatting,0.07
323459,CHAPTER 11,complied,0.07
323483,CHAPTER 11,comprehended,0.07
323567,CHAPTER 11,condensed,0.07
324230,CHAPTER 11,created,0.07
324338,CHAPTER 11,crouching,0.07
324400,CHAPTER 11,crystal,0.07
324876,CHAPTER 11,deliciousness,0.07
324880,CHAPTER 11,delightfully,0.07
325365,CHAPTER 11,disagreeable,0.07
326454,CHAPTER 11,enable,0.07
327049,CHAPTER 11,exists,0.07
327466,CHAPTER 11,feel,0.07
328632,CHAPTER 11,gladly,0.07
329881,CHAPTER 11,household,0.07
330076,CHAPTER 11,identity,0.07
330128,CHAPTER 11,illuminated,0.07
330916,CHAPTER 11,insurance,0.07
331759,CHAPTER 11,lain,0.07
332148,CHAPTER 11,light,0.07
332167,CHAPTER 11,liked,0.07
332257,CHAPTER 11,little,0.07
332543,CHAPTER 11,luxurious,0.07
334059,CHAPTER 11,nice,0.07
334158,CHAPTER 11,noses,0.07
334902,CHAPTER 11,pans,0.07
336184,CHAPTER 11,prejudices,0.07
336651,CHAPTER 11,puffs,0.07
337111,CHAPTER 11,reason,0.07
337224,CHAPTER 11,recumbent,0.07
337602,CHAPTER 11,repugnance,0.07
339012,CHAPTER 11,sharing,0.07
339746,CHAPTER 11,sociable,0.07
342360,CHAPTER 11,tucked,0.07
342778,CHAPTER 11,undulating,0.07
342783,CHAPTER 11,unduly,0.07
343923,CHAPTER 11,wakeful,0.07
344004,CHAPTER 11,warmth,0.07
319977,CHAPTER 11,apartment,0.06
320146,CHAPTER 11,arctic,0.06
320168,CHAPTER 11,aright,0.06
320306,CHAPTER 11,asleep,0.06
321082,CHAPTER 11,bend,0.06
321892,CHAPTER 11,brown,0.06
323059,CHAPTER 11,closed,0.06
323533,CHAPTER 11,concerned,0.06
323605,CHAPTER 11,confidential,0.06
323647,CHAPTER 11,congenial,0.06
323699,CHAPTER 11,consciousness,0.06
325084,CHAPTER 11,desire,0.06
325802,CHAPTER 11,doors,0.06
326273,CHAPTER 11,elastic,0.06
326302,CHAPTER 11,element,0.06
326585,CHAPTER 11,enjoy,0.06
327290,CHAPTER 11,familiar,0.06
331288,CHAPTER 11,jackets,0.06
331663,CHAPTER 11,knees,0.06
331795,CHAPTER 11,landlord,0.06
332246,CHAPTER 11,lit,0.06
335879,CHAPTER 11,policy,0.06
336793,CHAPTER 11,quality,0.06
337882,CHAPTER 11,rich,0.06
338509,CHAPTER 11,scenes,0.06
338869,CHAPTER 11,serene,0.06
338968,CHAPTER 11,shaggy,0.06
339720,CHAPTER 11,snug,0.06
340439,CHAPTER 11,stiff,0.06
341401,CHAPTER 11,tattooed,0.06
341740,CHAPTER 11,throwing,0.06
341817,CHAPTER 11,time,0.06
321729,CHAPTER 11,break,0.05
323049,CHAPTER 11,clock,0.05
323862,CHAPTER 11,contrast,0.05
324348,CHAPTER 11,crown,0.05
324650,CHAPTER 11,day,0.05
324975,CHAPTER 11,departed,0.05
325624,CHAPTER 11,distant,0.05
326108,CHAPTER 11,eager,0.05
327091,CHAPTER 11,experienced,0.05
327715,CHAPTER 11,flame,0.05
328200,CHAPTER 11,friend,0.05
328318,CHAPTER 11,furnished,0.05
328336,CHAPTER 11,future,0.05
328563,CHAPTER 11,getting,0.05
328686,CHAPTER 11,gloom,0.05
328950,CHAPTER 11,grew,0.05
329233,CHAPTER 11,hanging,0.05
329496,CHAPTER 11,height,0.05
329678,CHAPTER 11,history,0.05
330116,CHAPTER 11,ill,0.05
331469,CHAPTER 11,joy,0.05
331570,CHAPTER 11,keeping,0.05
331779,CHAPTER 11,lamp,0.05
332166,CHAPTER 11,like,0.05
332442,CHAPTER 11,love,0.05
333153,CHAPTER 11,merely,0.05
333897,CHAPTER 11,native,0.05
334154,CHAPTER 11,nose,0.05
334473,CHAPTER 11,opening,0.05
335616,CHAPTER 11,pipe,0.05
335756,CHAPTER 11,pleasant,0.05
335997,CHAPTER 11,position,0.05
336583,CHAPTER 11,prove,0.05
336855,CHAPTER 11,quiet,0.05
338073,CHAPTER 11,room,0.05
338282,CHAPTER 11,said,0.05
339060,CHAPTER 11,sheets,0.05
339172,CHAPTER 11,shoulders,0.05
339237,CHAPTER 11,shut,0.05
339420,CHAPTER 11,skeleton,0.05
339519,CHAPTER 11,sleeping,0.05
339551,CHAPTER 11,slightly,0.05
339649,CHAPTER 11,smoke,0.05
340114,CHAPTER 11,spoke,0.05
340763,CHAPTER 11,subsequent,0.05
342327,CHAPTER 11,truly,0.05
319651,CHAPTER 11,alive,0.04
319731,CHAPTER 11,altogether,0.04
320988,CHAPTER 11,began,0.04
321177,CHAPTER 11,better,0.04
321434,CHAPTER 11,blue,0.04
321489,CHAPTER 11,bodily,0.04
321864,CHAPTER 11,broken,0.04
323058,CHAPTER 11,close,0.04
323302,CHAPTER 11,comes,0.04
323317,CHAPTER 11,coming,0.04
325892,CHAPTER 11,drawing,0.04
326148,CHAPTER 11,easy,0.04
326663,CHAPTER 11,entirely,0.04
328157,CHAPTER 11,free,0.04
329391,CHAPTER 11,head,0.04
329420,CHAPTER 11,hear,0.04
329653,CHAPTER 11,hint,0.04
331033,CHAPTER 11,intervals,0.04
331246,CHAPTER 11,island,0.04
331957,CHAPTER 11,leaning,0.04
332031,CHAPTER 11,legs,0.04
332128,CHAPTER 11,lie,0.04
332802,CHAPTER 11,manner,0.04
333152,CHAPTER 11,mere,0.04
334259,CHAPTER 11,object,0.04
334536,CHAPTER 11,order,0.04
335032,CHAPTER 11,passed,0.04
336507,CHAPTER 11,proper,0.04
337089,CHAPTER 11,real,0.04
337439,CHAPTER 11,remained,0.04
338050,CHAPTER 11,rolled,0.04
338425,CHAPTER 11,savage,0.04
338789,CHAPTER 11,self,0.04
339595,CHAPTER 11,slowly,0.04
340532,CHAPTER 11,story,0.04
340616,CHAPTER 11,strike,0.04
344081,CHAPTER 11,way,0.04
344323,CHAPTER 11,wide,0.04
344523,CHAPTER 11,words,0.04
319579,CHAPTER 11,air,0.03
321145,CHAPTER 11,best,0.03
321458,CHAPTER 11,board,0.03
328495,CHAPTER 11,general,0.03
329433,CHAPTER 11,heart,0.03
331694,CHAPTER 11,know,0.03
334043,CHAPTER 11,new,0.03
334471,CHAPTER 11,open,0.03
336229,CHAPTER 11,present,0.03
339158,CHAPTER 11,short,0.03
339880,CHAPTER 11,sort,0.03
341457,CHAPTER 11,tell,0.03
341679,CHAPTER 11,thought,0.03
341807,CHAPTER 11,till,0.03
344729,CHAPTER 11,yes,0.03
320580,CHAPTER 11,away,0.02
325256,CHAPTER 11,did,0.02
327324,CHAPTER 11,far,0.02
332365,CHAPTER 11,long,0.02
332751,CHAPTER 11,man,0.02
338452,CHAPTER 11,say,0.02
339618,CHAPTER 11,small,0.02
344537,CHAPTER 11,world,0.02
