,chapter,term,tfidf
747762,CHAPTER 124,compasses,0.29
758318,CHAPTER 124,needle,0.23
743914,CHAPTER 124,ahab,0.2
758320,CHAPTER 124,needles,0.18
765264,CHAPTER 124,sun,0.18
745594,CHAPTER 124,binnacle,0.17
750493,CHAPTER 124,east,0.15
756645,CHAPTER 124,loadstone,0.14
764736,CHAPTER 124,steel,0.14
757351,CHAPTER 124,maul,0.13
761420,CHAPTER 124,rays,0.12
762391,CHAPTER 124,rod,0.11
764644,CHAPTER 124,starbuck,0.11
757320,CHAPTER 124,mate,0.1
762634,CHAPTER 124,said,0.1
766510,CHAPTER 124,transpointed,0.1
753749,CHAPTER 124,heading,0.08
755477,CHAPTER 124,inverted,0.08
763999,CHAPTER 124,smiting,0.08
766030,CHAPTER 124,thou,0.08
766757,CHAPTER 124,turned,0.08
768946,CHAPTER 124,wrecked,0.08
747761,CHAPTER 124,compass,0.07
748618,CHAPTER 124,crew,0.07
753597,CHAPTER 124,happened,0.07
757007,CHAPTER 124,magnetic,0.07
758777,CHAPTER 124,old,0.07
763265,CHAPTER 124,settled,0.07
763455,CHAPTER 124,ship,0.07
745583,CHAPTER 124,billows,0.06
751325,CHAPTER 124,exclaimed,0.06
751722,CHAPTER 124,fatal,0.06
751728,CHAPTER 124,fate,0.06
751771,CHAPTER 124,fear,0.06
753464,CHAPTER 124,ha,0.06
754042,CHAPTER 124,ho,0.06
756435,CHAPTER 124,level,0.06
757951,CHAPTER 124,morning,0.06
768111,CHAPTER 124,virtue,0.06
743462,CHAPTER 124,abounded,0.05
743537,CHAPTER 124,accessory,0.05
743611,CHAPTER 124,acquiesced,0.05
744971,CHAPTER 124,babylonian,0.05
745797,CHAPTER 124,blunted,0.05
745903,CHAPTER 124,boomed,0.05
746267,CHAPTER 124,bubblingly,0.05
747452,CHAPTER 124,clumsily,0.05
748706,CHAPTER 124,crucible,0.05
749092,CHAPTER 124,deck,0.05
750649,CHAPTER 124,electricity,0.05
750730,CHAPTER 124,emblazonings,0.05
751556,CHAPTER 124,eyes,0.05
752827,CHAPTER 124,gazer,0.05
753811,CHAPTER 124,heaven,0.05
754368,CHAPTER 124,huskily,0.05
756133,CHAPTER 124,lance,0.05
756484,CHAPTER 124,liest,0.05
756812,CHAPTER 124,loweringly,0.05
757011,CHAPTER 124,magnetism,0.05
757012,CHAPTER 124,magnetizing,0.05
757103,CHAPTER 124,man,0.05
757843,CHAPTER 124,molten,0.05
758048,CHAPTER 124,mr,0.05
758892,CHAPTER 124,orders,0.05
758965,CHAPTER 124,outbellying,0.05
759013,CHAPTER 124,outspread,0.05
759216,CHAPTER 124,palpableness,0.05
759632,CHAPTER 124,pequod,0.05
760018,CHAPTER 124,place,0.05
761428,CHAPTER 124,reaches,0.05
761461,CHAPTER 124,rearward,0.05
761569,CHAPTER 124,recovers,0.05
761717,CHAPTER 124,reined,0.05
762279,CHAPTER 124,rigid,0.05
762542,CHAPTER 124,rumbled,0.05
762796,CHAPTER 124,saw,0.05
763017,CHAPTER 124,sea,0.05
763253,CHAPTER 124,servile,0.05
763961,CHAPTER 124,slunk,0.05
765924,CHAPTER 124,tetering,0.05
766106,CHAPTER 124,thunder,0.05
766709,CHAPTER 124,tubes,0.05
767294,CHAPTER 124,unimpressed,0.05
767404,CHAPTER 124,unmurmuringly,0.05
767607,CHAPTER 124,unstaggering,0.05
768726,CHAPTER 124,wind,0.05
769060,CHAPTER 124,ye,0.05
743401,CHAPTER 124,abashed,0.04
743471,CHAPTER 124,abroad,0.04
743541,CHAPTER 124,accidents,0.04
743565,CHAPTER 124,accordingly,0.04
743802,CHAPTER 124,affected,0.04
743953,CHAPTER 124,alarm,0.04
744240,CHAPTER 124,annihilated,0.04
744539,CHAPTER 124,arm,0.04
744849,CHAPTER 124,augment,0.04
744922,CHAPTER 124,awaited,0.04
744996,CHAPTER 124,bade,0.04
745232,CHAPTER 124,bayonet,0.04
745717,CHAPTER 124,blending,0.04
745737,CHAPTER 124,blinding,0.04
745994,CHAPTER 124,bowsprit,0.04
746654,CHAPTER 124,cards,0.04
746723,CHAPTER 124,case,0.04
746870,CHAPTER 124,certain,0.04
746921,CHAPTER 124,chancing,0.04
746965,CHAPTER 124,chariot,0.04
747358,CHAPTER 124,clenched,0.04
747982,CHAPTER 124,confounded,0.04
747999,CHAPTER 124,congenial,0.04
748319,CHAPTER 124,copper,0.04
748435,CHAPTER 124,counter,0.04
748701,CHAPTER 124,crowned,0.04
748741,CHAPTER 124,crushed,0.04
749217,CHAPTER 124,deliberately,0.04
749262,CHAPTER 124,demanded,0.04
749263,CHAPTER 124,demanding,0.04
749529,CHAPTER 124,developed,0.04
749602,CHAPTER 124,dictating,0.04
750849,CHAPTER 124,end,0.04
750883,CHAPTER 124,endwise,0.04
750888,CHAPTER 124,energy,0.04
751160,CHAPTER 124,essentially,0.04
751314,CHAPTER 124,exchanged,0.04
751503,CHAPTER 124,extended,0.04
751696,CHAPTER 124,fascinated,0.04
751822,CHAPTER 124,feelings,0.04
752029,CHAPTER 124,fist,0.04
752490,CHAPTER 124,frankly,0.04
752564,CHAPTER 124,frightened,0.04
752925,CHAPTER 124,giants,0.04
752988,CHAPTER 124,glances,0.04
753040,CHAPTER 124,gloomily,0.04
753109,CHAPTER 124,going,0.04
753448,CHAPTER 124,gurgling,0.04
753519,CHAPTER 124,hallo,0.04
753541,CHAPTER 124,hammered,0.04
753558,CHAPTER 124,handed,0.04
753565,CHAPTER 124,handing,0.04
753840,CHAPTER 124,heel,0.04
754175,CHAPTER 124,horizontally,0.04
754353,CHAPTER 124,hurried,0.04
754670,CHAPTER 124,impressed,0.04
754701,CHAPTER 124,impulse,0.04
755039,CHAPTER 124,inflexible,0.04
755290,CHAPTER 124,intended,0.04
755299,CHAPTER 124,intensity,0.04
755303,CHAPTER 124,intently,0.04
755546,CHAPTER 124,iron,0.04
755614,CHAPTER 124,issued,0.04
755860,CHAPTER 124,juggling,0.04
755928,CHAPTER 124,kelson,0.04
756027,CHAPTER 124,knitting,0.04
756034,CHAPTER 124,knocked,0.04
756317,CHAPTER 124,leaps,0.04
756500,CHAPTER 124,light,0.04
756556,CHAPTER 124,linen,0.04
756717,CHAPTER 124,long,0.04
756730,CHAPTER 124,looked,0.04
756758,CHAPTER 124,lord,0.04
756814,CHAPTER 124,lowermost,0.04
756820,CHAPTER 124,lowly,0.04
756993,CHAPTER 124,magic,0.04
757048,CHAPTER 124,maintaining,0.04
757063,CHAPTER 124,maker,0.04
757235,CHAPTER 124,marred,0.04
757267,CHAPTER 124,marvelled,0.04
757468,CHAPTER 124,men,0.04
757604,CHAPTER 124,mightest,0.04
757994,CHAPTER 124,motives,0.04
758698,CHAPTER 124,occurred,0.04
758854,CHAPTER 124,opposing,0.04
759558,CHAPTER 124,peered,0.04
759747,CHAPTER 124,persuade,0.04
759815,CHAPTER 124,phenomenon,0.04
760323,CHAPTER 124,portents,0.04
760436,CHAPTER 124,practicable,0.04
760658,CHAPTER 124,pride,0.04
760747,CHAPTER 124,produced,0.04
760789,CHAPTER 124,profoundly,0.04
760931,CHAPTER 124,proud,0.04
760971,CHAPTER 124,prudential,0.04
761122,CHAPTER 124,quadrant,0.04
761171,CHAPTER 124,queens,0.04
761227,CHAPTER 124,quivering,0.04
761713,CHAPTER 124,reigned,0.04
761884,CHAPTER 124,repeatedly,0.04
761974,CHAPTER 124,requisite,0.04
762094,CHAPTER 124,result,0.04
762173,CHAPTER 124,reveries,0.04
762176,CHAPTER 124,reversed,0.04
762187,CHAPTER 124,revive,0.04
762636,CHAPTER 124,sail,0.04
762646,CHAPTER 124,sailors,0.04
762758,CHAPTER 124,satisfied,0.04
762913,CHAPTER 124,scorn,0.04
763364,CHAPTER 124,sharing,0.04
763582,CHAPTER 124,shudderings,0.04
763740,CHAPTER 124,sir,0.04
763789,CHAPTER 124,skill,0.04
763914,CHAPTER 124,slip,0.04
763915,CHAPTER 124,slipped,0.04
763994,CHAPTER 124,smite,0.04
764238,CHAPTER 124,sou,0.04
764588,CHAPTER 124,stacks,0.04
764593,CHAPTER 124,stagger,0.04
764635,CHAPTER 124,standing,0.04
764716,CHAPTER 124,steadily,0.04
764754,CHAPTER 124,steersman,0.04
764761,CHAPTER 124,stepped,0.04
764882,CHAPTER 124,storms,0.04
765120,CHAPTER 124,subsided,0.04
765144,CHAPTER 124,subtile,0.04
765340,CHAPTER 124,superstitious,0.04
765513,CHAPTER 124,swears,0.04
765688,CHAPTER 124,tandem,0.04
765993,CHAPTER 124,thing,0.04
766048,CHAPTER 124,thread,0.04
766173,CHAPTER 124,times,0.04
766407,CHAPTER 124,track,0.04
766628,CHAPTER 124,triumph,0.04
766868,CHAPTER 124,unaccountably,0.04
766953,CHAPTER 124,uncertain,0.04
767036,CHAPTER 124,undaunted,0.04
767093,CHAPTER 124,undeviating,0.04
768012,CHAPTER 124,vibrating,0.04
768284,CHAPTER 124,walked,0.04
769089,CHAPTER 124,yoke,0.04
743640,CHAPTER 124,actually,0.03
743919,CHAPTER 124,ahead,0.03
744328,CHAPTER 124,apart,0.03
744733,CHAPTER 124,astern,0.03
744932,CHAPTER 124,away,0.03
744934,CHAPTER 124,awe,0.03
745262,CHAPTER 124,bearing,0.03
745369,CHAPTER 124,beheld,0.03
745617,CHAPTER 124,bit,0.03
745778,CHAPTER 124,blow,0.03
746111,CHAPTER 124,breeze,0.03
746159,CHAPTER 124,bright,0.03
746178,CHAPTER 124,bring,0.03
746305,CHAPTER 124,bulk,0.03
746795,CHAPTER 124,cause,0.03
746926,CHAPTER 124,changed,0.03
748977,CHAPTER 124,dashed,0.03
749002,CHAPTER 124,day,0.03
749198,CHAPTER 124,degree,0.03
750300,CHAPTER 124,drive,0.03
750573,CHAPTER 124,effect,0.03
750822,CHAPTER 124,enchanted,0.03
751134,CHAPTER 124,escaped,0.03
751249,CHAPTER 124,evil,0.03
751270,CHAPTER 124,exactly,0.03
751552,CHAPTER 124,eyeing,0.03
751600,CHAPTER 124,fain,0.03
751608,CHAPTER 124,fair,0.03
751838,CHAPTER 124,fell,0.03
751935,CHAPTER 124,fiery,0.03
752084,CHAPTER 124,flask,0.03
752269,CHAPTER 124,follow,0.03
753024,CHAPTER 124,glimpse,0.03
753113,CHAPTER 124,gold,0.03
753272,CHAPTER 124,greater,0.03
753672,CHAPTER 124,hast,0.03
753743,CHAPTER 124,head,0.03
753799,CHAPTER 124,hearts,0.03
753802,CHAPTER 124,heat,0.03
753865,CHAPTER 124,helm,0.03
754457,CHAPTER 124,ignorance,0.03
754906,CHAPTER 124,indispensable,0.03
754986,CHAPTER 124,infallibly,0.03
755189,CHAPTER 124,inserted,0.03
755225,CHAPTER 124,instances,0.03
755506,CHAPTER 124,invisible,0.03
755987,CHAPTER 124,kings,0.03
756233,CHAPTER 124,laugh,0.03
756510,CHAPTER 124,lightning,0.03
756527,CHAPTER 124,likewise,0.03
756638,CHAPTER 124,lo,0.03
757211,CHAPTER 124,mariner,0.03
757505,CHAPTER 124,merely,0.03
757587,CHAPTER 124,middle,0.03
757992,CHAPTER 124,motions,0.03
758034,CHAPTER 124,moved,0.03
758040,CHAPTER 124,moving,0.03
758058,CHAPTER 124,muffled,0.03
758248,CHAPTER 124,nations,0.03
758323,CHAPTER 124,needs,0.03
758654,CHAPTER 124,observed,0.03
758917,CHAPTER 124,original,0.03
759157,CHAPTER 124,pagan,0.03
759192,CHAPTER 124,pale,0.03
759212,CHAPTER 124,palms,0.03
759937,CHAPTER 124,pilot,0.03
759989,CHAPTER 124,pitched,0.03
760019,CHAPTER 124,placed,0.03
760204,CHAPTER 124,pointed,0.03
760208,CHAPTER 124,pointing,0.03
760224,CHAPTER 124,pole,0.03
760497,CHAPTER 124,precise,0.03
760965,CHAPTER 124,prow,0.03
761098,CHAPTER 124,pushed,0.03
761211,CHAPTER 124,quietly,0.03
761791,CHAPTER 124,remained,0.03
761792,CHAPTER 124,remaining,0.03
762268,CHAPTER 124,rigging,0.03
762404,CHAPTER 124,rolling,0.03
762462,CHAPTER 124,round,0.03
763068,CHAPTER 124,secret,0.03
763519,CHAPTER 124,shot,0.03
763528,CHAPTER 124,shouted,0.03
763664,CHAPTER 124,silence,0.03
763819,CHAPTER 124,sky,0.03
763944,CHAPTER 124,slow,0.03
763970,CHAPTER 124,small,0.03
763972,CHAPTER 124,smallest,0.03
764273,CHAPTER 124,space,0.03
764301,CHAPTER 124,spars,0.03
764432,CHAPTER 124,spirits,0.03
764516,CHAPTER 124,spread,0.03
764747,CHAPTER 124,steer,0.03
764954,CHAPTER 124,stretched,0.03
764990,CHAPTER 124,striving,0.03
764992,CHAPTER 124,stroke,0.03
765001,CHAPTER 124,strong,0.03
765005,CHAPTER 124,strongly,0.03
765371,CHAPTER 124,supposed,0.03
765456,CHAPTER 124,suspended,0.03
765950,CHAPTER 124,theirs,0.03
765994,CHAPTER 124,things,0.03
766096,CHAPTER 124,thrust,0.03
766098,CHAPTER 124,thrusting,0.03
767745,CHAPTER 124,uplifted,0.03
767747,CHAPTER 124,upper,0.03
767750,CHAPTER 124,upright,0.03
768098,CHAPTER 124,violent,0.03
768273,CHAPTER 124,wake,0.03
768402,CHAPTER 124,watching,0.03
768529,CHAPTER 124,west,0.03
768662,CHAPTER 124,wholly,0.03
768687,CHAPTER 124,wife,0.03
769046,CHAPTER 124,yards,0.03
769074,CHAPTER 124,yellow,0.03
769082,CHAPTER 124,yesterday,0.03
743931,CHAPTER 124,air,0.02
744956,CHAPTER 124,aye,0.02
745991,CHAPTER 124,bows,0.02
746502,CHAPTER 124,called,0.02
746789,CHAPTER 124,caught,0.02
748470,CHAPTER 124,course,0.02
751101,CHAPTER 124,ere,0.02
751548,CHAPTER 124,eye,0.02
753516,CHAPTER 124,half,0.02
753617,CHAPTER 124,hard,0.02
753652,CHAPTER 124,harpooneers,0.02
753773,CHAPTER 124,heard,0.02
754070,CHAPTER 124,hold,0.02
754075,CHAPTER 124,holding,0.02
754227,CHAPTER 124,hour,0.02
755627,CHAPTER 124,ivory,0.02
755894,CHAPTER 124,just,0.02
756018,CHAPTER 124,knew,0.02
756046,CHAPTER 124,know,0.02
756052,CHAPTER 124,known,0.02
756518,CHAPTER 124,like,0.02
756773,CHAPTER 124,lost,0.02
757062,CHAPTER 124,make,0.02
757341,CHAPTER 124,matter,0.02
757609,CHAPTER 124,mighty,0.02
757845,CHAPTER 124,moment,0.02
758426,CHAPTER 124,night,0.02
758611,CHAPTER 124,object,0.02
759384,CHAPTER 124,passed,0.02
760202,CHAPTER 124,point,0.02
760285,CHAPTER 124,poor,0.02
761192,CHAPTER 124,quick,0.02
762402,CHAPTER 124,rolled,0.02
762647,CHAPTER 124,sails,0.02
763369,CHAPTER 124,sharp,0.02
763465,CHAPTER 124,ships,0.02
763637,CHAPTER 124,sight,0.02
763947,CHAPTER 124,slowly,0.02
764240,CHAPTER 124,soul,0.02
764772,CHAPTER 124,stern,0.02
764854,CHAPTER 124,stood,0.02
764917,CHAPTER 124,strange,0.02
765007,CHAPTER 124,struck,0.02
765020,CHAPTER 124,stubb,0.02
765185,CHAPTER 124,suddenly,0.02
765656,CHAPTER 124,taken,0.02
765948,CHAPTER 124,thee,0.02
766031,CHAPTER 124,thought,0.02
766038,CHAPTER 124,thoughts,0.02
766301,CHAPTER 124,took,0.02
766374,CHAPTER 124,touching,0.02
766676,CHAPTER 124,true,0.02
766758,CHAPTER 124,turning,0.02
767775,CHAPTER 124,use,0.02
767887,CHAPTER 124,vast,0.02
767987,CHAPTER 124,vessel,0.02
768524,CHAPTER 124,went,0.02
768693,CHAPTER 124,wild,0.02
768834,CHAPTER 124,wonder,0.02
768846,CHAPTER 124,wondrous,0.02
753554,CHAPTER 124,hand,0.01
756729,CHAPTER 124,look,0.01
766169,CHAPTER 124,time,0.01
768433,CHAPTER 124,way,0.01
768889,CHAPTER 124,world,0.01
