,chapter,term,tfidf
1648378,CHAPTER 33,captain,0.17
1655399,CHAPTER 33,harpooneer,0.17
1654156,CHAPTER 33,forms,0.13
1660492,CHAPTER 33,officer,0.13
1666086,CHAPTER 33,specksnyder,0.13
1666991,CHAPTER 33,sultanism,0.13
1661989,CHAPTER 33,political,0.12
1649064,CHAPTER 33,class,0.11
1659244,CHAPTER 33,merchantmen,0.11
1652533,CHAPTER 33,empire,0.1
1667070,CHAPTER 33,superiority,0.1
1669522,CHAPTER 33,usages,0.1
1653770,CHAPTER 33,fishery,0.09
1654944,CHAPTER 33,grand,0.09
1655848,CHAPTER 33,homage,0.09
1656350,CHAPTER 33,imperial,0.09
1656511,CHAPTER 33,incidentally,0.09
1658430,CHAPTER 33,lodged,0.09
1660768,CHAPTER 33,outward,0.09
1662906,CHAPTER 33,quarter,0.09
1670289,CHAPTER 33,whale,0.09
1650840,CHAPTER 33,deck,0.08
1652179,CHAPTER 33,dutch,0.08
1656388,CHAPTER 33,important,0.08
1660495,CHAPTER 33,officers,0.08
1645872,CHAPTER 33,american,0.07
1647778,CHAPTER 33,brain,0.07
1648992,CHAPTER 33,circumstances,0.07
1649419,CHAPTER 33,command,0.07
1656973,CHAPTER 33,instances,0.07
1659216,CHAPTER 33,men,0.07
1665203,CHAPTER 33,ship,0.07
1670305,CHAPTER 33,whaling,0.07
1644741,CHAPTER 33,_in,0.06
1645147,CHAPTER 33,abased,0.06
1645216,CHAPTER 33,abridged,0.06
1645662,CHAPTER 33,ahab,0.06
1645669,CHAPTER 33,aid,0.06
1646472,CHAPTER 33,assumption,0.06
1646638,CHAPTER 33,available,0.06
1648601,CHAPTER 33,centralization,0.06
1648830,CHAPTER 33,chief,0.06
1649460,CHAPTER 33,common,0.06
1649475,CHAPTER 33,communicating,0.06
1649483,CHAPTER 33,community,0.06
1649606,CHAPTER 33,conceal,0.06
1649637,CHAPTER 33,concerns,0.06
1649672,CHAPTER 33,condescension,0.06
1650145,CHAPTER 33,corrupted,0.06
1650436,CHAPTER 33,crouch,0.06
1650606,CHAPTER 33,cutter,0.06
1651012,CHAPTER 33,demands,0.06
1651077,CHAPTER 33,department,0.06
1651087,CHAPTER 33,depends,0.06
1651088,CHAPTER 33,depict,0.06
1651353,CHAPTER 33,dictatorship,0.06
1651501,CHAPTER 33,discipline,0.06
1651979,CHAPTER 33,dramatist,0.06
1652376,CHAPTER 33,elated,0.06
1652576,CHAPTER 33,encircles,0.06
1652782,CHAPTER 33,entrenchments,0.06
1652816,CHAPTER 33,episode,0.06
1652840,CHAPTER 33,equivalent,0.06
1653015,CHAPTER 33,exacted,0.06
1653264,CHAPTER 33,externals,0.06
1653271,CHAPTER 33,extorting,0.06
1653542,CHAPTER 33,featured,0.06
1654639,CHAPTER 33,geographical,0.06
1654869,CHAPTER 33,good,0.06
1655069,CHAPTER 33,grimness,0.06
1655400,CHAPTER 33,harpooneers,0.06
1655880,CHAPTER 33,honors,0.06
1655990,CHAPTER 33,housings,0.06
1656121,CHAPTER 33,hustings,0.06
1656261,CHAPTER 33,imbecility,0.06
1656317,CHAPTER 33,imparted,0.06
1656375,CHAPTER 33,implicit,0.06
1656493,CHAPTER 33,incarnate,0.06
1656683,CHAPTER 33,indomitableness,0.06
1656756,CHAPTER 33,inferiority,0.06
1657166,CHAPTER 33,intrepidity,0.06
1658129,CHAPTER 33,legitimately,0.06
1658803,CHAPTER 33,majestical,0.06
1658851,CHAPTER 33,man,0.06
1658957,CHAPTER 33,marine,0.06
1659025,CHAPTER 33,masked,0.06
1659073,CHAPTER 33,materially,0.06
1659137,CHAPTER 33,means,0.06
1659277,CHAPTER 33,mesopotamian,0.06
1660018,CHAPTER 33,navigation,0.06
1660166,CHAPTER 33,nicholas,0.06
1660525,CHAPTER 33,old,0.06
1660972,CHAPTER 33,paltry,0.06
1661029,CHAPTER 33,parading,0.06
1661041,CHAPTER 33,paramount,0.06
1661270,CHAPTER 33,peculiar,0.06
1661867,CHAPTER 33,plebeian,0.06
1662388,CHAPTER 33,prevailing,0.06
1662424,CHAPTER 33,princes,0.06
1662531,CHAPTER 33,profits,0.06
1662780,CHAPTER 33,punctilious,0.06
1663097,CHAPTER 33,ranks,0.06
1663718,CHAPTER 33,required,0.06
1663837,CHAPTER 33,restricted,0.06
1664031,CHAPTER 33,rigorous,0.06
1664918,CHAPTER 33,senior,0.06
1665044,CHAPTER 33,shabbiest,0.06
1665067,CHAPTER 33,shagginess,0.06
1665084,CHAPTER 33,shallowest,0.06
1665548,CHAPTER 33,skipper,0.06
1666085,CHAPTER 33,specksioneer,0.06
1666828,CHAPTER 33,subalterns,0.06
1666865,CHAPTER 33,subserve,0.06
1667163,CHAPTER 33,surpassed,0.06
1667650,CHAPTER 33,terrorem_,0.06
1668267,CHAPTER 33,trappings,0.06
1668679,CHAPTER 33,unbodied,0.06
1668865,CHAPTER 33,undoubted,0.06
1669118,CHAPTER 33,unmanifested,0.06
1669164,CHAPTER 33,unobservant,0.06
1645415,CHAPTER 33,addressed,0.05
1645789,CHAPTER 33,alluded,0.05
1646274,CHAPTER 33,arising,0.05
1646374,CHAPTER 33,arts,0.05
1646468,CHAPTER 33,assume,0.05
1646624,CHAPTER 33,authority,0.05
1647942,CHAPTER 33,british,0.05
1648618,CHAPTER 33,certain,0.05
1648881,CHAPTER 33,choice,0.05
1649169,CHAPTER 33,cloth,0.05
1650625,CHAPTER 33,czar,0.05
1651042,CHAPTER 33,denied,0.05
1651081,CHAPTER 33,depend,0.05
1651242,CHAPTER 33,detailed,0.05
1651736,CHAPTER 33,distinction,0.05
1651742,CHAPTER 33,distinguished,0.05
1652526,CHAPTER 33,emperors,0.05
1652980,CHAPTER 33,eventually,0.05
1653146,CHAPTER 33,existence,0.05
1653394,CHAPTER 33,familiarly,0.05
1654375,CHAPTER 33,fullest,0.05
1654950,CHAPTER 33,grandeur,0.05
1655309,CHAPTER 33,handful,0.05
1656087,CHAPTER 33,hunting,0.05
1656181,CHAPTER 33,idiot,0.05
1656387,CHAPTER 33,importance,0.05
1656714,CHAPTER 33,inert,0.05
1656975,CHAPTER 33,instantaneous,0.05
1657029,CHAPTER 33,intellectual,0.05
1657228,CHAPTER 33,invest,0.05
1657318,CHAPTER 33,irresistible,0.05
1657671,CHAPTER 33,keeps,0.05
1657934,CHAPTER 33,large,0.05
1657936,CHAPTER 33,largely,0.05
1658348,CHAPTER 33,literally,0.05
1658362,CHAPTER 33,live,0.05
1658468,CHAPTER 33,longest,0.05
1658858,CHAPTER 33,management,0.05
1659103,CHAPTER 33,maxim,0.05
1659126,CHAPTER 33,meals,0.05
1659373,CHAPTER 33,military,0.05
1659785,CHAPTER 33,moves,0.05
1659958,CHAPTER 33,nantucket,0.05
1660022,CHAPTER 33,navy,0.05
1660223,CHAPTER 33,nominally,0.05
1660498,CHAPTER 33,official,0.05
1661272,CHAPTER 33,peculiarity,0.05
1661899,CHAPTER 33,plucked,0.05
1662135,CHAPTER 33,potency,0.05
1662419,CHAPTER 33,primitive,0.05
1662514,CHAPTER 33,professional,0.05
1662819,CHAPTER 33,purple,0.05
1662909,CHAPTER 33,quarters,0.05
1663461,CHAPTER 33,reigned,0.05
1663501,CHAPTER 33,relaxed,0.05
1663589,CHAPTER 33,remove,0.05
1664045,CHAPTER 33,ringed,0.05
1664765,CHAPTER 33,sea,0.05
1665213,CHAPTER 33,ships,0.05
1665241,CHAPTER 33,shoes,0.05
1666511,CHAPTER 33,stepping,0.05
1666914,CHAPTER 33,success,0.05
1667087,CHAPTER 33,superstitions,0.05
1667129,CHAPTER 33,supremacy,0.05
1667130,CHAPTER 33,supreme,0.05
1667302,CHAPTER 33,swing,0.05
1667590,CHAPTER 33,tend,0.05
1667975,CHAPTER 33,title,0.05
1668171,CHAPTER 33,tragic,0.05
1669795,CHAPTER 33,vigilance,0.05
1669962,CHAPTER 33,voyage,0.05
1669989,CHAPTER 33,wages,0.05
1645679,CHAPTER 33,air,0.04
1645749,CHAPTER 33,alike,0.04
1646076,CHAPTER 33,apart,0.04
1646524,CHAPTER 33,attached,0.04
1646926,CHAPTER 33,base,0.04
1647090,CHAPTER 33,beget,0.04
1648250,CHAPTER 33,called,0.04
1648608,CHAPTER 33,centuries,0.04
1649679,CHAPTER 33,conduct,0.04
1649775,CHAPTER 33,connected,0.04
1650448,CHAPTER 33,crown,0.04
1651396,CHAPTER 33,dignity,0.04
1651444,CHAPTER 33,direct,0.04
1651780,CHAPTER 33,dived,0.04
1651797,CHAPTER 33,divided,0.04
1651801,CHAPTER 33,divine,0.04
1651870,CHAPTER 33,domestic,0.04
1651998,CHAPTER 33,drawn,0.04
1652622,CHAPTER 33,ends,0.04
1652825,CHAPTER 33,equal,0.04
1652978,CHAPTER 33,events,0.04
1653001,CHAPTER 33,evinced,0.04
1653262,CHAPTER 33,external,0.04
1653282,CHAPTER 33,extreme,0.04
1653342,CHAPTER 33,fail,0.04
1653396,CHAPTER 33,family,0.04
1653468,CHAPTER 33,fat,0.04
1653863,CHAPTER 33,fleet,0.04
1654124,CHAPTER 33,forget,0.04
1655035,CHAPTER 33,greenland,0.04
1655655,CHAPTER 33,herds,0.04
1655716,CHAPTER 33,highest,0.04
1656084,CHAPTER 33,hunter,0.04
1656649,CHAPTER 33,indirectly,0.04
1656755,CHAPTER 33,inferior,0.04
1656769,CHAPTER 33,infinite,0.04
1656972,CHAPTER 33,instance,0.04
1657038,CHAPTER 33,intended,0.04
1657735,CHAPTER 33,kings,0.04
1658077,CHAPTER 33,leaves,0.04
1658183,CHAPTER 33,level,0.04
1658375,CHAPTER 33,lives,0.04
1658582,CHAPTER 33,luck,0.04
1658630,CHAPTER 33,lurks,0.04
1659658,CHAPTER 33,moody,0.04
1660071,CHAPTER 33,needs,0.04
1660349,CHAPTER 33,obedience,0.04
1660667,CHAPTER 33,originally,0.04
1660866,CHAPTER 33,owing,0.04
1661384,CHAPTER 33,perceived,0.04
1661424,CHAPTER 33,perils,0.04
1661425,CHAPTER 33,period,0.04
1661483,CHAPTER 33,person,0.04
1661685,CHAPTER 33,pilot,0.04
1661766,CHAPTER 33,place,0.04
1662185,CHAPTER 33,practical,0.04
1662443,CHAPTER 33,private,0.04
1663427,CHAPTER 33,regarded,0.04
1663853,CHAPTER 33,retained,0.04
1664367,CHAPTER 33,sadly,0.04
1665447,CHAPTER 33,simply,0.04
1665533,CHAPTER 33,skies,0.04
1665848,CHAPTER 33,social,0.04
1665980,CHAPTER 33,sort,0.04
1666011,CHAPTER 33,southern,0.04
1667069,CHAPTER 33,superior,0.04
1667266,CHAPTER 33,sweep,0.04
1667632,CHAPTER 33,terms,0.04
1667742,CHAPTER 33,things,0.04
1668317,CHAPTER 33,tremendous,0.04
1669429,CHAPTER 33,unusual,0.04
1669521,CHAPTER 33,usage,0.04
1669859,CHAPTER 33,virtue,0.04
1669908,CHAPTER 33,vocation,0.04
1669966,CHAPTER 33,voyages,0.04
1670146,CHAPTER 33,watches,0.04
1670299,CHAPTER 33,whalers,0.04
1670625,CHAPTER 33,wore,0.04
1645599,CHAPTER 33,aft,0.03
1645640,CHAPTER 33,ago,0.03
1646344,CHAPTER 33,art,0.03
1647558,CHAPTER 33,board,0.03
1648195,CHAPTER 33,cabin,0.03
1648471,CHAPTER 33,case,0.03
1648475,CHAPTER 33,cases,0.03
1649500,CHAPTER 33,company,0.03
1649634,CHAPTER 33,concerning,0.03
1650218,CHAPTER 33,course,0.03
1650280,CHAPTER 33,craft,0.03
1650755,CHAPTER 33,days,0.03
1650881,CHAPTER 33,deep,0.03
1650946,CHAPTER 33,degree,0.03
1652849,CHAPTER 33,ere,0.03
1653327,CHAPTER 33,fact,0.03
1653401,CHAPTER 33,famous,0.03
1653791,CHAPTER 33,fixed,0.03
1654182,CHAPTER 33,forward,0.03
1654600,CHAPTER 33,generally,0.03
1654716,CHAPTER 33,given,0.03
1655111,CHAPTER 33,ground,0.03
1655701,CHAPTER 33,hidden,0.03
1655753,CHAPTER 33,hint,0.03
1658266,CHAPTER 33,like,0.03
1658556,CHAPTER 33,low,0.03
1658816,CHAPTER 33,making,0.03
1659031,CHAPTER 33,mass,0.03
1659041,CHAPTER 33,mast,0.03
1659076,CHAPTER 33,mates,0.03
1659401,CHAPTER 33,mind,0.03
1659707,CHAPTER 33,mortal,0.03
1660024,CHAPTER 33,nay,0.03
1662329,CHAPTER 33,present,0.03
1663539,CHAPTER 33,remained,0.03
1664239,CHAPTER 33,royal,0.03
1664883,CHAPTER 33,seldom,0.03
1665006,CHAPTER 33,set,0.03
1665079,CHAPTER 33,shall,0.03
1665614,CHAPTER 33,sleep,0.03
1667696,CHAPTER 33,thee,0.03
1668122,CHAPTER 33,touching,0.03
1669089,CHAPTER 33,unknown,0.03
1669523,CHAPTER 33,use,0.03
1669735,CHAPTER 33,vessel,0.03
1670297,CHAPTER 33,whalemen,0.03
1670410,CHAPTER 33,wholly,0.03
1670626,CHAPTER 33,work,0.03
1646680,CHAPTER 33,away,0.02
1647569,CHAPTER 33,boat,0.02
1650763,CHAPTER 33,dead,0.02
1653424,CHAPTER 33,far,0.02
1653573,CHAPTER 33,feet,0.02
1654595,CHAPTER 33,general,0.02
1654842,CHAPTER 33,god,0.02
1655365,CHAPTER 33,hard,0.02
1655714,CHAPTER 33,high,0.02
1658357,CHAPTER 33,little,0.02
1658465,CHAPTER 33,long,0.02
1660174,CHAPTER 33,night,0.02
1660515,CHAPTER 33,oh,0.02
1661380,CHAPTER 33,pequod,0.02
1662033,CHAPTER 33,poor,0.02
1664552,CHAPTER 33,say,0.02
1665718,CHAPTER 33,small,0.02
1667917,CHAPTER 33,time,0.02
1667921,CHAPTER 33,times,0.02
1668424,CHAPTER 33,true,0.02
1670181,CHAPTER 33,way,0.02
1670621,CHAPTER 33,word,0.02
1670637,CHAPTER 33,world,0.02
