,chapter,term,tfidf
2380859,CHAPTER 58,sea,0.22
2364033,CHAPTER 58,brit,0.21
2365909,CHAPTER 58,consider,0.18
2366433,CHAPTER 58,creatures,0.16
2376545,CHAPTER 58,ocean,0.16
2362013,CHAPTER 58,analogy,0.12
2362938,CHAPTER 58,banks,0.1
2373980,CHAPTER 58,land,0.1
2375525,CHAPTER 58,miracle,0.1
2375886,CHAPTER 58,mowers,0.1
2380728,CHAPTER 58,science,0.1
2385729,CHAPTER 58,vast,0.1
2374139,CHAPTER 58,leagues,0.09
2375130,CHAPTER 58,masses,0.09
2381631,CHAPTER 58,skill,0.09
2367936,CHAPTER 58,dog,0.08
2381307,CHAPTER 58,ships,0.08
2383327,CHAPTER 58,swam,0.08
2386916,CHAPTER 58,yellow,0.08
2374360,CHAPTER 58,like,0.07
2382168,CHAPTER 58,species,0.07
2361299,CHAPTER 58,aboriginally,0.06
2363095,CHAPTER 58,bear,0.06
2363219,CHAPTER 58,beholds,0.06
2363479,CHAPTER 58,blackened,0.06
2364008,CHAPTER 58,brilliance,0.06
2364407,CHAPTER 58,cannibalism,0.06
2366079,CHAPTER 58,controls,0.06
2366820,CHAPTER 58,dashes,0.06
2367464,CHAPTER 58,differ,0.06
2368132,CHAPTER 58,drifts,0.06
2368510,CHAPTER 58,elevations,0.06
2368674,CHAPTER 58,encompassed,0.06
2370415,CHAPTER 58,fringing,0.06
2371665,CHAPTER 58,hebrews,0.06
2372631,CHAPTER 58,incognita,0.06
2373723,CHAPTER 58,jungle,0.06
2373899,CHAPTER 58,korah,0.06
2374172,CHAPTER 58,leaving,0.06
2374615,CHAPTER 58,lost,0.06
2374638,CHAPTER 58,loveliest,0.06
2374945,CHAPTER 58,man,0.06
2374996,CHAPTER 58,manner,0.06
2375094,CHAPTER 58,marshy,0.06
2375141,CHAPTER 58,masterless,0.06
2376239,CHAPTER 58,newfoundland,0.06
2376890,CHAPTER 58,overgrowth,0.06
2376907,CHAPTER 58,overlays,0.06
2376922,CHAPTER 58,overruns,0.06
2378862,CHAPTER 58,pulverize,0.06
2379731,CHAPTER 58,repelling,0.06
2380112,CHAPTER 58,right,0.06
2380963,CHAPTER 58,seethingly,0.06
2381180,CHAPTER 58,shallows,0.06
2381793,CHAPTER 58,sluggishly,0.06
2381902,CHAPTER 58,snorting,0.06
2382086,CHAPTER 58,sound,0.06
2382137,CHAPTER 58,sparing,0.06
2382152,CHAPTER 58,spawned,0.06
2382166,CHAPTER 58,specialties,0.06
2382514,CHAPTER 58,stateliest,0.06
2382637,CHAPTER 58,stiffest,0.06
2382992,CHAPTER 58,subtleness,0.06
2383346,CHAPTER 58,swaths,0.06
2383995,CHAPTER 58,tigress,0.06
2384046,CHAPTER 58,tints,0.06
2384379,CHAPTER 58,treacherously,0.06
2384731,CHAPTER 58,unapparent,0.06
2385432,CHAPTER 58,unsocial,0.06
2386731,CHAPTER 58,world,0.06
2361519,CHAPTER 58,adhering,0.05
2361837,CHAPTER 58,alien,0.05
2362117,CHAPTER 58,answers,0.05
2362621,CHAPTER 58,attack,0.05
2362691,CHAPTER 58,augment,0.05
2362781,CHAPTER 58,awfulness,0.05
2362802,CHAPTER 58,azure,0.05
2362810,CHAPTER 58,baby,0.05
2363125,CHAPTER 58,beauty,0.05
2363171,CHAPTER 58,befallen,0.05
2363803,CHAPTER 58,boundless,0.05
2363859,CHAPTER 58,brag,0.05
2363913,CHAPTER 58,brazil,0.05
2364152,CHAPTER 58,bulky,0.05
2365468,CHAPTER 58,columbus,0.05
2365596,CHAPTER 58,comparative,0.05
2365914,CHAPTER 58,consideration,0.05
2366298,CHAPTER 58,countries,0.05
2366337,CHAPTER 58,covers,0.05
2366547,CHAPTER 58,crozetts,0.05
2366602,CHAPTER 58,cubs,0.05
2366740,CHAPTER 58,dainty,0.05
2367326,CHAPTER 58,destroyed,0.05
2367572,CHAPTER 58,disasters,0.05
2367626,CHAPTER 58,discover,0.05
2367779,CHAPTER 58,disposition,0.05
2367914,CHAPTER 58,docile,0.05
2367933,CHAPTER 58,does,0.05
2368095,CHAPTER 58,dreaded,0.05
2368503,CHAPTER 58,elephants,0.05
2368564,CHAPTER 58,embellished,0.05
2368617,CHAPTER 58,emotions,0.05
2369654,CHAPTER 58,feeds,0.05
2369664,CHAPTER 58,feelings,0.05
2369751,CHAPTER 58,fibres,0.05
2369769,CHAPTER 58,fiend,0.05
2369934,CHAPTER 58,flattering,0.05
2370401,CHAPTER 58,frigate,0.05
2370689,CHAPTER 58,general,0.05
2370700,CHAPTER 58,generic,0.05
2370717,CHAPTER 58,gentle,0.05
2370857,CHAPTER 58,glide,0.05
2371077,CHAPTER 58,grassy,0.05
2371256,CHAPTER 58,guests,0.05
2371539,CHAPTER 58,hath,0.05
2372040,CHAPTER 58,horrors,0.05
2372055,CHAPTER 58,host,0.05
2372181,CHAPTER 58,hunting,0.05
2372374,CHAPTER 58,immemorially,0.05
2372718,CHAPTER 58,india,0.05
2372747,CHAPTER 58,indiscriminately,0.05
2372923,CHAPTER 58,inhabitants,0.05
2373098,CHAPTER 58,insular,0.05
2373100,CHAPTER 58,insult,0.05
2373819,CHAPTER 58,kindness,0.05
2373894,CHAPTER 58,known,0.05
2373994,CHAPTER 58,landsmen,0.05
2374030,CHAPTER 58,largely,0.05
2374332,CHAPTER 58,lifeless,0.05
2374419,CHAPTER 58,lip,0.05
2374456,CHAPTER 58,live,0.05
2374889,CHAPTER 58,maintained,0.05
2375214,CHAPTER 58,meadow,0.05
2375215,CHAPTER 58,meadows,0.05
2375216,CHAPTER 58,meads,0.05
2375345,CHAPTER 58,mercy,0.05
2375448,CHAPTER 58,mightiest,0.05
2375732,CHAPTER 58,monsters,0.05
2375873,CHAPTER 58,mouths,0.05
2375937,CHAPTER 58,murder,0.05
2375938,CHAPTER 58,murdered,0.05
2376096,CHAPTER 58,naturalists,0.05
2376292,CHAPTER 58,noah,0.05
2376404,CHAPTER 58,numberless,0.05
2376405,CHAPTER 58,numbers,0.05
2376557,CHAPTER 58,odds,0.05
2377105,CHAPTER 58,panting,0.05
2377188,CHAPTER 58,parted,0.05
2377570,CHAPTER 58,persian,0.05
2377883,CHAPTER 58,plains,0.05
2378186,CHAPTER 58,portuguese,0.05
2378475,CHAPTER 58,preternatural,0.05
2378939,CHAPTER 58,push,0.05
2379418,CHAPTER 58,recumbent,0.05
2379655,CHAPTER 58,reminded,0.05
2379676,CHAPTER 58,remorseless,0.05
2379695,CHAPTER 58,renders,0.05
2379742,CHAPTER 58,repetition,0.05
2379914,CHAPTER 58,rested,0.05
2380091,CHAPTER 58,rider,0.05
2380158,CHAPTER 58,ripe,0.05
2380468,CHAPTER 58,sagacious,0.05
2380856,CHAPTER 58,scythes,0.05
2381048,CHAPTER 58,separated,0.05
2381102,CHAPTER 58,sets,0.05
2382090,CHAPTER 58,soundings,0.05
2382524,CHAPTER 58,stationary,0.05
2382576,CHAPTER 58,steed,0.05
2382962,CHAPTER 58,subsided,0.05
2383146,CHAPTER 58,superficial,0.05
2383277,CHAPTER 58,surrounds,0.05
2383326,CHAPTER 58,swallows,0.05
2383484,CHAPTER 58,tahiti,0.05
2383500,CHAPTER 58,taking,0.05
2383614,CHAPTER 58,teach,0.05
2383710,CHAPTER 58,tens,0.05
2383727,CHAPTER 58,terra,0.05
2383852,CHAPTER 58,thirds,0.05
2384432,CHAPTER 58,tribes,0.05
2384970,CHAPTER 58,undulated,0.05
2385444,CHAPTER 58,unspeakably,0.05
2385766,CHAPTER 58,venetian,0.05
2385792,CHAPTER 58,verdant,0.05
2386374,CHAPTER 58,western,0.05
2386405,CHAPTER 58,wheat,0.05
2386420,CHAPTER 58,whelmed,0.05
2386733,CHAPTER 58,worlds,0.05
2386788,CHAPTER 58,wrecked,0.05
2386789,CHAPTER 58,wrecks,0.05
2361426,CHAPTER 58,accursed,0.04
2362201,CHAPTER 58,appalling,0.04
2362217,CHAPTER 58,appearance,0.04
2362976,CHAPTER 58,bare,0.04
2363061,CHAPTER 58,battle,0.04
2363262,CHAPTER 58,belongs,0.04
2363575,CHAPTER 58,blind,0.04
2364428,CHAPTER 58,canst,0.04
2364548,CHAPTER 58,carrying,0.04
2364638,CHAPTER 58,caused,0.04
2364837,CHAPTER 58,chased,0.04
2366025,CHAPTER 58,continual,0.04
2366026,CHAPTER 58,continually,0.04
2366360,CHAPTER 58,crack,0.04
2366461,CHAPTER 58,crews,0.04
2367380,CHAPTER 58,devilish,0.04
2367991,CHAPTER 58,doom,0.04
2368340,CHAPTER 58,eastward,0.04
2368710,CHAPTER 58,endless,0.04
2368976,CHAPTER 58,escaped,0.04
2369025,CHAPTER 58,eternal,0.04
2369079,CHAPTER 58,everlasting,0.04
2369124,CHAPTER 58,example,0.04
2369768,CHAPTER 58,fields,0.04
2369999,CHAPTER 58,floated,0.04
2370000,CHAPTER 58,floating,0.04
2370011,CHAPTER 58,flood,0.04
2370085,CHAPTER 58,foe,0.04
2370125,CHAPTER 58,foolish,0.04
2370250,CHAPTER 58,forms,0.04
2370511,CHAPTER 58,furnish,0.04
2370530,CHAPTER 58,future,0.04
2370876,CHAPTER 58,globe,0.04
2370956,CHAPTER 58,golden,0.04
2371073,CHAPTER 58,grass,0.04
2372041,CHAPTER 58,horse,0.04
2372169,CHAPTER 58,hundreds,0.04
2372375,CHAPTER 58,immense,0.04
2372515,CHAPTER 58,impressions,0.04
2373077,CHAPTER 58,instinct,0.04
2373443,CHAPTER 58,isle,0.04
2373663,CHAPTER 58,joy,0.04
2373890,CHAPTER 58,knowing,0.04
2374072,CHAPTER 58,latitudes,0.04
2374171,CHAPTER 58,leaves,0.04
2374287,CHAPTER 58,leviathans,0.04
2374325,CHAPTER 58,lies,0.04
2374331,CHAPTER 58,life,0.04
2374866,CHAPTER 58,magnitude,0.04
2375518,CHAPTER 58,minute,0.04
2375647,CHAPTER 58,modern,0.04
2375806,CHAPTER 58,mortals,0.04
2376091,CHAPTER 58,native,0.04
2376338,CHAPTER 58,north,0.04
2376666,CHAPTER 58,opened,0.04
2377315,CHAPTER 58,paused,0.04
2377334,CHAPTER 58,peace,0.04
2378491,CHAPTER 58,prey,0.04
2379274,CHAPTER 58,read,0.04
2379380,CHAPTER 58,recognised,0.04
2379520,CHAPTER 58,regard,0.04
2379521,CHAPTER 58,regarded,0.04
2379637,CHAPTER 58,remarkable,0.04
2379884,CHAPTER 58,respect,0.04
2379894,CHAPTER 58,respects,0.04
2379978,CHAPTER 58,return,0.04
2380225,CHAPTER 58,rock,0.04
2380231,CHAPTER 58,rocks,0.04
2380249,CHAPTER 58,rolls,0.04
2380923,CHAPTER 58,secure,0.04
2380955,CHAPTER 58,seen,0.04
2381019,CHAPTER 58,sense,0.04
2381198,CHAPTER 58,shape,0.04
2381207,CHAPTER 58,shark,0.04
2381210,CHAPTER 58,sharks,0.04
2381346,CHAPTER 58,shore,0.04
2381969,CHAPTER 58,soil,0.04
2382300,CHAPTER 58,split,0.04
2382363,CHAPTER 58,spring,0.04
2382594,CHAPTER 58,steering,0.04
2382759,CHAPTER 58,strange,0.04
2383325,CHAPTER 58,swallowed,0.04
2383738,CHAPTER 58,terrific,0.04
2383745,CHAPTER 58,terrors,0.04
2383882,CHAPTER 58,thousands,0.04
2384202,CHAPTER 58,tossing,0.04
2385169,CHAPTER 58,universal,0.04
2385768,CHAPTER 58,vengeance,0.04
2386249,CHAPTER 58,water,0.04
2386379,CHAPTER 58,wet,0.04
2386392,CHAPTER 58,whaler,0.04
2386394,CHAPTER 58,whales,0.04
2386523,CHAPTER 58,widow,0.04
2386743,CHAPTER 58,worse,0.04
2386903,CHAPTER 58,yea,0.04
2361600,CHAPTER 58,advance,0.03
2363182,CHAPTER 58,began,0.03
2363236,CHAPTER 58,believe,0.03
2363283,CHAPTER 58,beneath,0.03
2363476,CHAPTER 58,black,0.03
2363628,CHAPTER 58,blue,0.03
2364040,CHAPTER 58,broad,0.03
2365511,CHAPTER 58,coming,0.03
2365594,CHAPTER 58,company,0.03
2366702,CHAPTER 58,cutting,0.03
2367816,CHAPTER 58,distance,0.03
2368322,CHAPTER 58,earth,0.03
2368985,CHAPTER 58,especially,0.03
2369450,CHAPTER 58,fair,0.03
2369680,CHAPTER 58,fell,0.03
2370961,CHAPTER 58,gone,0.03
2371124,CHAPTER 58,green,0.03
2371205,CHAPTER 58,ground,0.03
2371465,CHAPTER 58,hardly,0.03
2371597,CHAPTER 58,heads,0.03
2371795,CHAPTER 58,hidden,0.03
2373527,CHAPTER 58,jaws,0.03
2373809,CHAPTER 58,kind,0.03
2374469,CHAPTER 58,lives,0.03
2374572,CHAPTER 58,looked,0.03
2374806,CHAPTER 58,mad,0.03
2374910,CHAPTER 58,making,0.03
2375793,CHAPTER 58,morning,0.03
2375801,CHAPTER 58,mortal,0.03
2377217,CHAPTER 58,parts,0.03
2377221,CHAPTER 58,pass,0.03
2378205,CHAPTER 58,possibly,0.03
2378269,CHAPTER 58,power,0.03
2378340,CHAPTER 58,precisely,0.03
2379290,CHAPTER 58,really,0.03
2380480,CHAPTER 58,sailed,0.03
2380482,CHAPTER 58,sailing,0.03
2380619,CHAPTER 58,savage,0.03
2380886,CHAPTER 58,seas,0.03
2380903,CHAPTER 58,second,0.03
2381789,CHAPTER 58,slowly,0.03
2382762,CHAPTER 58,stranger,0.03
2382967,CHAPTER 58,substance,0.03
2383106,CHAPTER 58,sun,0.03
2383790,CHAPTER 58,thee,0.03
2384598,CHAPTER 58,turn,0.03
2385183,CHAPTER 58,unknown,0.03
2385885,CHAPTER 58,view,0.03
2386172,CHAPTER 58,war,0.03
2386258,CHAPTER 58,waters,0.03
2386383,CHAPTER 58,whale,0.03
2386391,CHAPTER 58,whalemen,0.03
2386688,CHAPTER 58,wondrous,0.03
2386904,CHAPTER 58,year,0.03
2363663,CHAPTER 58,boat,0.02
2366844,CHAPTER 58,day,0.02
2366975,CHAPTER 58,deep,0.02
2369667,CHAPTER 58,feet,0.02
2369857,CHAPTER 58,fish,0.02
2370936,CHAPTER 58,god,0.02
2371113,CHAPTER 58,great,0.02
2371358,CHAPTER 58,half,0.02
2371459,CHAPTER 58,hard,0.02
2373888,CHAPTER 58,know,0.02
2374559,CHAPTER 58,long,0.02
2374904,CHAPTER 58,make,0.02
2375135,CHAPTER 58,mast,0.02
2375687,CHAPTER 58,moment,0.02
2376619,CHAPTER 58,old,0.02
2376665,CHAPTER 58,open,0.02
2377474,CHAPTER 58,pequod,0.02
2380304,CHAPTER 58,round,0.02
2380476,CHAPTER 58,said,0.02
2382074,CHAPTER 58,sort,0.02
2382082,CHAPTER 58,soul,0.02
2382215,CHAPTER 58,sperm,0.02
2383835,CHAPTER 58,thing,0.02
2383872,CHAPTER 58,thou,0.02
2384011,CHAPTER 58,time,0.02
