,chapter,term,tfidf
2818253,CHAPTER 73,devil,0.3
2820800,CHAPTER 73,flask,0.26
2820516,CHAPTER 73,fedallah,0.2
2837257,CHAPTER 73,whale,0.18
2821880,CHAPTER 73,governor,0.17
2833736,CHAPTER 73,stubb,0.17
2834086,CHAPTER 73,suppose,0.16
2832171,CHAPTER 73,ship,0.15
2834361,CHAPTER 73,tail,0.13
2814542,CHAPTER 73,boats,0.12
2822459,CHAPTER 73,head,0.12
2825351,CHAPTER 73,ll,0.12
2818854,CHAPTER 73,don,0.11
2830986,CHAPTER 73,right,0.1
2818324,CHAPTER 73,did,0.09
2828348,CHAPTER 73,pequod,0.09
2837044,CHAPTER 73,wants,0.09
2822867,CHAPTER 73,hoops,0.08
2827493,CHAPTER 73,old,0.08
2827675,CHAPTER 73,oughts,0.08
2831525,CHAPTER 73,says,0.08
2833089,CHAPTER 73,sperm,0.08
2812774,CHAPTER 73,alongside,0.07
2813857,CHAPTER 73,bargain,0.07
2819079,CHAPTER 73,duck,0.07
2822128,CHAPTER 73,guess,0.07
2834207,CHAPTER 73,swap,0.07
2834276,CHAPTER 73,switching,0.07
2835108,CHAPTER 73,towing,0.07
2837776,CHAPTER 73,ye,0.07
2812419,CHAPTER 73,admiral,0.06
2814630,CHAPTER 73,boots,0.06
2816364,CHAPTER 73,come,0.06
2816433,CHAPTER 73,commonly,0.06
2817282,CHAPTER 73,crawl,0.06
2819081,CHAPTER 73,ducking,0.06
2821825,CHAPTER 73,going,0.06
2821837,CHAPTER 73,good,0.06
2821865,CHAPTER 73,got,0.06
2822782,CHAPTER 73,hoisted,0.06
2824628,CHAPTER 73,keel,0.06
2824898,CHAPTER 73,larboard,0.06
2825266,CHAPTER 73,line,0.06
2825445,CHAPTER 73,look,0.06
2826097,CHAPTER 73,mean,0.06
2831523,CHAPTER 73,saying,0.06
2834525,CHAPTER 73,tell,0.06
2837634,CHAPTER 73,wouldn,0.06
2812561,CHAPTER 73,afraid,0.05
2814957,CHAPTER 73,brought,0.05
2815633,CHAPTER 73,chance,0.05
2815654,CHAPTER 73,chap,0.05
2817566,CHAPTER 73,cut,0.05
2821419,CHAPTER 73,gain,0.05
2822439,CHAPTER 73,having,0.05
2822781,CHAPTER 73,hoist,0.05
2822817,CHAPTER 73,home,0.05
2824484,CHAPTER 73,john,0.05
2824762,CHAPTER 73,know,0.05
2826106,CHAPTER 73,meant,0.05
2827899,CHAPTER 73,pair,0.05
2828052,CHAPTER 73,parsee,0.05
2828899,CHAPTER 73,pocket,0.05
2831178,CHAPTER 73,round,0.05
2831350,CHAPTER 73,said,0.05
2831520,CHAPTER 73,say,0.05
2832023,CHAPTER 73,shadow,0.05
2833622,CHAPTER 73,strained,0.05
2833901,CHAPTER 73,suddenly,0.05
2834885,CHAPTER 73,time,0.05
2837036,CHAPTER 73,want,0.05
2837039,CHAPTER 73,wanting,0.05
2812630,CHAPTER 73,ahab,0.04
2812635,CHAPTER 73,ahead,0.04
2813648,CHAPTER 73,away,0.04
2813793,CHAPTER 73,bandied,0.04
2814110,CHAPTER 73,believe,0.04
2814537,CHAPTER 73,boat,0.04
2815364,CHAPTER 73,carcases,0.04
2817164,CHAPTER 73,counterpoise,0.04
2817670,CHAPTER 73,daresn,0.04
2818326,CHAPTER 73,didn,0.04
2818792,CHAPTER 73,docked,0.04
2819015,CHAPTER 73,drippings,0.04
2820422,CHAPTER 73,fast,0.04
2821462,CHAPTER 73,gamboge,0.04
2821631,CHAPTER 73,getting,0.04
2821884,CHAPTER 73,grab,0.04
2822301,CHAPTER 73,hanging,0.04
2822489,CHAPTER 73,heard,0.04
2824610,CHAPTER 73,just,0.04
2824849,CHAPTER 73,lance,0.04
2824893,CHAPTER 73,laplandish,0.04
2825135,CHAPTER 73,let,0.04
2825158,CHAPTER 73,leviathan,0.04
2825234,CHAPTER 73,like,0.04
2825273,CHAPTER 73,lines,0.04
2826107,CHAPTER 73,meantime,0.04
2826930,CHAPTER 73,nape,0.04
2827750,CHAPTER 73,overboard,0.04
2827752,CHAPTER 73,overburdening,0.04
2827967,CHAPTER 73,panniers,0.04
2828924,CHAPTER 73,pointing,0.04
2830519,CHAPTER 73,remember,0.04
2830984,CHAPTER 73,rigging,0.04
2831157,CHAPTER 73,rose,0.04
2832085,CHAPTER 73,sharp,0.04
2832353,CHAPTER 73,sight,0.04
2832763,CHAPTER 73,sneaks,0.04
2832857,CHAPTER 73,soldadoes,0.04
2833600,CHAPTER 73,story,0.04
2834292,CHAPTER 73,swum,0.04
2834711,CHAPTER 73,think,0.04
2834728,CHAPTER 73,thirstily,0.04
2834866,CHAPTER 73,tightened,0.04
2834875,CHAPTER 73,till,0.04
2837240,CHAPTER 73,went,0.04
2812121,CHAPTER 73,abated,0.03
2812225,CHAPTER 73,abundance,0.03
2812487,CHAPTER 73,adventures,0.03
2812791,CHAPTER 73,altering,0.03
2812962,CHAPTER 73,announcement,0.03
2812983,CHAPTER 73,anon,0.03
2813365,CHAPTER 73,asiatic,0.03
2813513,CHAPTER 73,attend,0.03
2813672,CHAPTER 73,aye,0.03
2814037,CHAPTER 73,beelzebub,0.03
2814083,CHAPTER 73,beheaded,0.03
2814341,CHAPTER 73,bits,0.03
2814350,CHAPTER 73,black,0.03
2814431,CHAPTER 73,blend,0.03
2814454,CHAPTER 73,blindly,0.03
2814485,CHAPTER 73,bloody,0.03
2814526,CHAPTER 73,board,0.03
2814533,CHAPTER 73,boasted,0.03
2814560,CHAPTER 73,body,0.03
2814595,CHAPTER 73,bond,0.03
2814644,CHAPTER 73,borne,0.03
2814907,CHAPTER 73,brit,0.03
2815075,CHAPTER 73,burden,0.03
2815163,CHAPTER 73,cabin,0.03
2815339,CHAPTER 73,capsize,0.03
2815343,CHAPTER 73,capstan,0.03
2815439,CHAPTER 73,case,0.03
2815692,CHAPTER 73,charm,0.03
2815698,CHAPTER 73,charms,0.03
2815859,CHAPTER 73,cholera,0.03
2815929,CHAPTER 73,circuit,0.03
2816126,CHAPTER 73,close,0.03
2816213,CHAPTER 73,cock,0.03
2816256,CHAPTER 73,coil,0.03
2816257,CHAPTER 73,coiled,0.03
2816258,CHAPTER 73,coiling,0.03
2816259,CHAPTER 73,coils,0.03
2816415,CHAPTER 73,commissioned,0.03
2816881,CHAPTER 73,contending,0.03
2816904,CHAPTER 73,continue,0.03
2816972,CHAPTER 73,conversation,0.03
2817025,CHAPTER 73,coopers,0.03
2817053,CHAPTER 73,cords,0.03
2817139,CHAPTER 73,couldn,0.03
2817301,CHAPTER 73,creation,0.03
2817421,CHAPTER 73,crozetts,0.03
2817436,CHAPTER 73,cruise,0.03
2817627,CHAPTER 73,damn,0.03
2817664,CHAPTER 73,darbies,0.03
2817691,CHAPTER 73,dash,0.03
2818140,CHAPTER 73,deserves,0.03
2818206,CHAPTER 73,detached,0.03
2818254,CHAPTER 73,devilish,0.03
2818525,CHAPTER 73,disdained,0.03
2818549,CHAPTER 73,disguise,0.03
2818555,CHAPTER 73,disgust,0.03
2818652,CHAPTER 73,disposing,0.03
2818775,CHAPTER 73,diving,0.03
2818808,CHAPTER 73,doesn,0.03
2819003,CHAPTER 73,drifted,0.03
2819011,CHAPTER 73,drinking,0.03
2819035,CHAPTER 73,drops,0.03
2819042,CHAPTER 73,drown,0.03
2819217,CHAPTER 73,eat,0.03
2819695,CHAPTER 73,ensued,0.03
2820308,CHAPTER 73,fagged,0.03
2820692,CHAPTER 73,finds,0.03
2820790,CHAPTER 73,flanking,0.03
2820860,CHAPTER 73,flinging,0.03
2820872,CHAPTER 73,float,0.03
2820929,CHAPTER 73,fluke,0.03
2821061,CHAPTER 73,forenoon,0.03
2821159,CHAPTER 73,foul,0.03
2821173,CHAPTER 73,fountains,0.03
2821283,CHAPTER 73,frightful,0.03
2821403,CHAPTER 73,fuss,0.03
2821509,CHAPTER 73,gash,0.03
2821596,CHAPTER 73,gentlemanlike,0.03
2821899,CHAPTER 73,gradually,0.03
2822289,CHAPTER 73,hands,0.03
2822333,CHAPTER 73,hard,0.03
2822387,CHAPTER 73,hasn,0.03
2822425,CHAPTER 73,hauled,0.03
2822471,CHAPTER 73,heads,0.03
2822473,CHAPTER 73,headsmen,0.03
2822485,CHAPTER 73,heap,0.03
2822488,CHAPTER 73,hear,0.03
2822624,CHAPTER 73,hereabouts,0.03
2822786,CHAPTER 73,hold,0.03
2822860,CHAPTER 73,hoofs,0.03
2823168,CHAPTER 73,ignoble,0.03
2823723,CHAPTER 73,inferior,0.03
2823875,CHAPTER 73,inquiring,0.03
2824009,CHAPTER 73,intensely,0.03
2824328,CHAPTER 73,israelites,0.03
2824621,CHAPTER 73,kant,0.03
2824656,CHAPTER 73,key,0.03
2824669,CHAPTER 73,kidnap,0.03
2824670,CHAPTER 73,kidnapped,0.03
2824671,CHAPTER 73,kidnapping,0.03
2824815,CHAPTER 73,laden,0.03
2824900,CHAPTER 73,lard,0.03
2824928,CHAPTER 73,latch,0.03
2825110,CHAPTER 73,lengthen,0.03
2825139,CHAPTER 73,lets,0.03
2825330,CHAPTER 73,live,0.03
2825387,CHAPTER 73,locke,0.03
2825433,CHAPTER 73,long,0.03
2825474,CHAPTER 73,lord,0.03
2825573,CHAPTER 73,lump,0.03
2825597,CHAPTER 73,lurking,0.03
2825700,CHAPTER 73,maelstrom,0.03
2825761,CHAPTER 73,mainmast,0.03
2825799,CHAPTER 73,malice,0.03
2825819,CHAPTER 73,man,0.03
2826009,CHAPTER 73,mast,0.03
2826370,CHAPTER 73,minded,0.03
2826373,CHAPTER 73,minds,0.03
2826737,CHAPTER 73,mourning,0.03
2826744,CHAPTER 73,mouthful,0.03
2826784,CHAPTER 73,mule,0.03
2826795,CHAPTER 73,multitudes,0.03
2826994,CHAPTER 73,near,0.03
2827010,CHAPTER 73,necessaries,0.03
2827111,CHAPTER 73,new,0.03
2827118,CHAPTER 73,news,0.03
2827142,CHAPTER 73,night,0.03
2827147,CHAPTER 73,nights,0.03
2827279,CHAPTER 73,numbers,0.03
2827305,CHAPTER 73,oakum,0.03
2827398,CHAPTER 73,occasional,0.03
2827409,CHAPTER 73,occupied,0.03
2827567,CHAPTER 73,opportunity,0.03
2827645,CHAPTER 73,orlop,0.03
2827842,CHAPTER 73,ox,0.03
2827880,CHAPTER 73,paid,0.03
2828044,CHAPTER 73,parmacetti,0.03
2828056,CHAPTER 73,parson,0.03
2828100,CHAPTER 73,passed,0.03
2828135,CHAPTER 73,patches,0.03
2828342,CHAPTER 73,people,0.03
2828382,CHAPTER 73,performed,0.03
2828849,CHAPTER 73,plied,0.03
2828850,CHAPTER 73,plight,0.03
2828996,CHAPTER 73,pooh,0.03
2829001,CHAPTER 73,poor,0.03
2829044,CHAPTER 73,porthole,0.03
2829133,CHAPTER 73,poured,0.03
2829173,CHAPTER 73,pray,0.03
2829255,CHAPTER 73,preliminary,0.03
2829297,CHAPTER 73,present,0.03
2829322,CHAPTER 73,press,0.03
2829440,CHAPTER 73,proceedings,0.03
2829725,CHAPTER 73,pulled,0.03
2829943,CHAPTER 73,quivering,0.03
2830152,CHAPTER 73,readiness,0.03
2830386,CHAPTER 73,regained,0.03
2830558,CHAPTER 73,removed,0.03
2830704,CHAPTER 73,resembled,0.03
2831084,CHAPTER 73,roast,0.03
2831110,CHAPTER 73,rods,0.03
2831471,CHAPTER 73,satisfaction,0.03
2831490,CHAPTER 73,sauntering,0.03
2831512,CHAPTER 73,saw,0.03
2831673,CHAPTER 73,scraping,0.03
2831733,CHAPTER 73,sea,0.03
2831800,CHAPTER 73,securing,0.03
2831861,CHAPTER 73,sell,0.03
2831923,CHAPTER 73,separately,0.03
2832364,CHAPTER 73,signed,0.03
2832538,CHAPTER 73,skylarking,0.03
2832544,CHAPTER 73,slacked,0.03
2832590,CHAPTER 73,sleeps,0.03
2832716,CHAPTER 73,smitten,0.03
2832742,CHAPTER 73,snake,0.03
2832748,CHAPTER 73,snapping,0.03
2832761,CHAPTER 73,sneak,0.03
2832922,CHAPTER 73,soon,0.03
2832941,CHAPTER 73,sorely,0.03
2833002,CHAPTER 73,spaniards,0.03
2833068,CHAPTER 73,speculations,0.03
2833075,CHAPTER 73,speed,0.03
2833115,CHAPTER 73,spilled,0.03
2833461,CHAPTER 73,steeply,0.03
2833609,CHAPTER 73,stowed,0.03
2833621,CHAPTER 73,strain,0.03
2833688,CHAPTER 73,string,0.03
2833727,CHAPTER 73,struggle,0.03
2833744,CHAPTER 73,stuck,0.03
2833768,CHAPTER 73,stump,0.03
2834137,CHAPTER 73,surprise,0.03
2834142,CHAPTER 73,surrender,0.03
2834180,CHAPTER 73,suspicious,0.03
2834771,CHAPTER 73,threatened,0.03
2834968,CHAPTER 73,toes,0.03
2834973,CHAPTER 73,toiled,0.03
2834981,CHAPTER 73,tokens,0.03
2835010,CHAPTER 73,tongue,0.03
2835073,CHAPTER 73,toss,0.03
2835288,CHAPTER 73,tremor,0.03
2835332,CHAPTER 73,trimming,0.03
2835426,CHAPTER 73,tubs,0.03
2835432,CHAPTER 73,tucks,0.03
2835450,CHAPTER 73,tumultuous,0.03
2835484,CHAPTER 73,tusk,0.03
2836759,CHAPTER 73,view,0.03
2836908,CHAPTER 73,vomit,0.03
2837037,CHAPTER 73,wanted,0.03
2837175,CHAPTER 73,wearing,0.03
2837268,CHAPTER 73,whales,0.03
2837328,CHAPTER 73,whip,0.03
2837385,CHAPTER 73,wicked,0.03
2837667,CHAPTER 73,wrenching,0.03
2837797,CHAPTER 73,yes,0.03
2812342,CHAPTER 73,act,0.02
2812474,CHAPTER 73,advance,0.02
2812478,CHAPTER 73,advancing,0.02
2812575,CHAPTER 73,age,0.02
2812645,CHAPTER 73,ain,0.02
2812773,CHAPTER 73,aloft,0.02
2812989,CHAPTER 73,answered,0.02
2813370,CHAPTER 73,asked,0.02
2813449,CHAPTER 73,astern,0.02
2813492,CHAPTER 73,attached,0.02
2813935,CHAPTER 73,battle,0.02
2814066,CHAPTER 73,begin,0.02
2814157,CHAPTER 73,beneath,0.02
2814180,CHAPTER 73,bent,0.02
2814213,CHAPTER 73,best,0.02
2814406,CHAPTER 73,blast,0.02
2814477,CHAPTER 73,blood,0.02
2814601,CHAPTER 73,bone,0.02
2814613,CHAPTER 73,book,0.02
2814692,CHAPTER 73,bow,0.02
2814707,CHAPTER 73,bows,0.02
2814932,CHAPTER 73,broken,0.02
2815027,CHAPTER 73,bull,0.02
2815036,CHAPTER 73,bulwarks,0.02
2815105,CHAPTER 73,bursting,0.02
2815117,CHAPTER 73,business,0.02
2815227,CHAPTER 73,calmly,0.02
2815354,CHAPTER 73,capture,0.02
2815355,CHAPTER 73,captured,0.02
2815412,CHAPTER 73,carries,0.02
2815422,CHAPTER 73,carrying,0.02
2815433,CHAPTER 73,carved,0.02
2815481,CHAPTER 73,catch,0.02
2815607,CHAPTER 73,chains,0.02
2815634,CHAPTER 73,chanced,0.02
2816514,CHAPTER 73,complete,0.02
2816602,CHAPTER 73,concerning,0.02
2817082,CHAPTER 73,corpse,0.02
2817186,CHAPTER 73,course,0.02
2817307,CHAPTER 73,creatures,0.02
2817368,CHAPTER 73,critical,0.02
2817416,CHAPTER 73,crown,0.02
2817524,CHAPTER 73,curious,0.02
2817537,CHAPTER 73,cursed,0.02
2817667,CHAPTER 73,dare,0.02
2817674,CHAPTER 73,dark,0.02
2817737,CHAPTER 73,deadly,0.02
2817812,CHAPTER 73,decks,0.02
2818314,CHAPTER 73,dick,0.02
2818415,CHAPTER 73,direction,0.02
2818437,CHAPTER 73,disappeared,0.02
2818690,CHAPTER 73,distance,0.02
2818890,CHAPTER 73,double,0.02
2818897,CHAPTER 73,doubt,0.02
2818932,CHAPTER 73,dragged,0.02
2819032,CHAPTER 73,dropped,0.02
2819176,CHAPTER 73,eager,0.02
2819216,CHAPTER 73,easy,0.02
2819614,CHAPTER 73,engaged,0.02
2820264,CHAPTER 73,eye,0.02
2820268,CHAPTER 73,eyeing,0.02
2820415,CHAPTER 73,fashion,0.02
2820536,CHAPTER 73,feeling,0.02
2820554,CHAPTER 73,fell,0.02
2820564,CHAPTER 73,felt,0.02
2820664,CHAPTER 73,figure,0.02
2820765,CHAPTER 73,flag,0.02
2820930,CHAPTER 73,flukes,0.02
2820946,CHAPTER 73,fly,0.02
2820999,CHAPTER 73,foolish,0.02
2821225,CHAPTER 73,free,0.02
2821252,CHAPTER 73,fresh,0.02
2821533,CHAPTER 73,gave,0.02
2821636,CHAPTER 73,ghost,0.02
2821705,CHAPTER 73,glancing,0.02
2821712,CHAPTER 73,glass,0.02
2822018,CHAPTER 73,grew,0.02
2822217,CHAPTER 73,hailed,0.02
2822260,CHAPTER 73,hammock,0.02
2822527,CHAPTER 73,heaven,0.02
2822536,CHAPTER 73,heaving,0.02
2822588,CHAPTER 73,helped,0.02
2822995,CHAPTER 73,hull,0.02
2823940,CHAPTER 73,instance,0.02
2823942,CHAPTER 73,instant,0.02
2823947,CHAPTER 73,instantly,0.02
2824100,CHAPTER 73,interval,0.02
2824222,CHAPTER 73,invisible,0.02
2824674,CHAPTER 73,kill,0.02
2824768,CHAPTER 73,known,0.02
2824984,CHAPTER 73,lay,0.02
2825023,CHAPTER 73,leaned,0.02
2825068,CHAPTER 73,leeward,0.02
2825099,CHAPTER 73,legs,0.02
2825216,CHAPTER 73,light,0.02
2825226,CHAPTER 73,lightning,0.02
2825296,CHAPTER 73,lips,0.02
2825325,CHAPTER 73,little,0.02
2825343,CHAPTER 73,lives,0.02
2825527,CHAPTER 73,lowering,0.02
2825680,CHAPTER 73,mad,0.02
2825778,CHAPTER 73,make,0.02
2825781,CHAPTER 73,makes,0.02
2825784,CHAPTER 73,making,0.02
2825999,CHAPTER 73,mass,0.02
2826058,CHAPTER 73,matters,0.02
2826369,CHAPTER 73,mind,0.02
2826396,CHAPTER 73,minutes,0.02
2826499,CHAPTER 73,moby,0.02
2826605,CHAPTER 73,monster,0.02
2826702,CHAPTER 73,motion,0.02
2826764,CHAPTER 73,mr,0.02
2827020,CHAPTER 73,neck,0.02
2827241,CHAPTER 73,notice,0.02
2827307,CHAPTER 73,oars,0.02
2827455,CHAPTER 73,offered,0.02
2827571,CHAPTER 73,opposite,0.02
2828076,CHAPTER 73,particular,0.02
2828108,CHAPTER 73,passing,0.02
2828121,CHAPTER 73,past,0.02
2828238,CHAPTER 73,peculiar,0.02
2828605,CHAPTER 73,piece,0.02
2828704,CHAPTER 73,pitch,0.02
2828752,CHAPTER 73,plain,0.02
2828775,CHAPTER 73,planks,0.02
2828844,CHAPTER 73,plenty,0.02
2829278,CHAPTER 73,prepared,0.02
2829458,CHAPTER 73,prodigious,0.02
2829652,CHAPTER 73,proved,0.02
2829724,CHAPTER 73,pull,0.02
2829726,CHAPTER 73,pulling,0.02
2829809,CHAPTER 73,pursuit,0.02
2829889,CHAPTER 73,queer,0.02
2830073,CHAPTER 73,rapidly,0.02
2830148,CHAPTER 73,read,0.02
2830156,CHAPTER 73,ready,0.02
2830179,CHAPTER 73,reason,0.02
2831099,CHAPTER 73,rock,0.02
2831117,CHAPTER 73,roll,0.02
2831152,CHAPTER 73,rope,0.02
2831199,CHAPTER 73,row,0.02
2831276,CHAPTER 73,running,0.02
2831282,CHAPTER 73,rushed,0.02
2831829,CHAPTER 73,seen,0.02
2832084,CHAPTER 73,sharks,0.02
2832181,CHAPTER 73,ships,0.02
2832226,CHAPTER 73,short,0.02
2832336,CHAPTER 73,sides,0.02
2832394,CHAPTER 73,silver,0.02
2832441,CHAPTER 73,sink,0.02
2832663,CHAPTER 73,slowly,0.02
2832948,CHAPTER 73,sort,0.02
2832955,CHAPTER 73,sought,0.02
2832963,CHAPTER 73,sounding,0.02
2833009,CHAPTER 73,spare,0.02
2833030,CHAPTER 73,speaking,0.02
2833042,CHAPTER 73,species,0.02
2833217,CHAPTER 73,spout,0.02
2833224,CHAPTER 73,spouts,0.02
2833359,CHAPTER 73,starboard,0.02
2833488,CHAPTER 73,stern,0.02
2833686,CHAPTER 73,striking,0.02
2833759,CHAPTER 73,stuff,0.02
2834087,CHAPTER 73,supposed,0.02
2834257,CHAPTER 73,swift,0.02
2834349,CHAPTER 73,tackles,0.02
2834388,CHAPTER 73,tall,0.02
2834528,CHAPTER 73,telling,0.02
2834747,CHAPTER 73,thought,0.02
2834806,CHAPTER 73,throw,0.02
2834822,CHAPTER 73,thunder,0.02
2835101,CHAPTER 73,tow,0.02
2835417,CHAPTER 73,try,0.02
2835418,CHAPTER 73,trying,0.02
2835473,CHAPTER 73,turned,0.02
2836397,CHAPTER 73,unusual,0.02
2836463,CHAPTER 73,upper,0.02
2836491,CHAPTER 73,use,0.02
2836612,CHAPTER 73,ve,0.02
2836703,CHAPTER 73,vessel,0.02
2836741,CHAPTER 73,vicinity,0.02
2837110,CHAPTER 73,watch,0.02
2837123,CHAPTER 73,water,0.02
2837152,CHAPTER 73,ways,0.02
2837362,CHAPTER 73,white,0.02
2837378,CHAPTER 73,wholly,0.02
2837550,CHAPTER 73,wonder,0.02
2837687,CHAPTER 73,wrinkles,0.02
2837790,CHAPTER 73,yellow,0.02
2815218,CHAPTER 73,called,0.01
2815242,CHAPTER 73,came,0.01
2815346,CHAPTER 73,captain,0.01
2817334,CHAPTER 73,crew,0.01
2817718,CHAPTER 73,day,0.01
2817731,CHAPTER 73,dead,0.01
2817808,CHAPTER 73,deck,0.01
2817849,CHAPTER 73,deep,0.01
2820272,CHAPTER 73,eyes,0.01
2820284,CHAPTER 73,face,0.01
2820541,CHAPTER 73,feet,0.01
2821987,CHAPTER 73,great,0.01
2822232,CHAPTER 73,half,0.01
2822270,CHAPTER 73,hand,0.01
2826184,CHAPTER 73,men,0.01
2827483,CHAPTER 73,oh,0.01
2828734,CHAPTER 73,place,0.01
2828918,CHAPTER 73,point,0.01
2832956,CHAPTER 73,soul,0.01
2833345,CHAPTER 73,stand,0.01
2833351,CHAPTER 73,standing,0.01
2834710,CHAPTER 73,things,0.01
2835392,CHAPTER 73,true,0.01
2837149,CHAPTER 73,way,0.01
