,chapter,term,tfidf
1712085,CHAPTER 35,mast,0.3
1718668,CHAPTER 35,sleet,0.2
1713161,CHAPTER 35,nest,0.16
1703484,CHAPTER 35,crow,0.15
1719425,CHAPTER 35,standers,0.15
1708535,CHAPTER 35,head,0.12
1708547,CHAPTER 35,heads,0.12
1723257,CHAPTER 35,weather,0.1
1701422,CHAPTER 35,captain,0.09
1705396,CHAPTER 35,egyptians,0.09
1711945,CHAPTER 35,manned,0.09
1718247,CHAPTER 35,ship,0.09
1723333,CHAPTER 35,whale,0.09
1702269,CHAPTER 35,coat,0.08
1711577,CHAPTER 35,louis,0.08
1712446,CHAPTER 35,minded,0.08
1717809,CHAPTER 35,sea,0.08
1697633,CHAPTER 35,_crow,0.07
1698268,CHAPTER 35,absent,0.07
1703039,CHAPTER 35,conveniences,0.07
1709022,CHAPTER 35,house,0.07
1713162,CHAPTER 35,nest_,0.07
1713392,CHAPTER 35,obed,0.07
1713800,CHAPTER 35,outs,0.07
1719055,CHAPTER 35,southern,0.07
1719429,CHAPTER 35,stands,0.07
1698849,CHAPTER 35,aloft,0.06
1699755,CHAPTER 35,babel,0.06
1701088,CHAPTER 35,builders,0.06
1703888,CHAPTER 35,decks,0.06
1704139,CHAPTER 35,deplored,0.06
1705915,CHAPTER 35,errors,0.06
1707506,CHAPTER 35,gale,0.06
1707767,CHAPTER 35,glacier,0.06
1708079,CHAPTER 35,greenland,0.06
1708683,CHAPTER 35,hen,0.06
1710727,CHAPTER 35,kept,0.06
1713011,CHAPTER 35,napoleon,0.06
1713146,CHAPTER 35,nelson,0.06
1714438,CHAPTER 35,perches,0.06
1715122,CHAPTER 35,portion,0.06
1718505,CHAPTER 35,sing,0.06
1719639,CHAPTER 35,stone,0.06
1723186,CHAPTER 35,watch,0.06
1723860,CHAPTER 35,years,0.06
1723891,CHAPTER 35,young,0.06
1700327,CHAPTER 35,beware,0.05
1700731,CHAPTER 35,bottle,0.05
1702419,CHAPTER 35,column,0.05
1702451,CHAPTER 35,comfortable,0.05
1703202,CHAPTER 35,cosy,0.05
1706370,CHAPTER 35,facing,0.05
1706813,CHAPTER 35,fishers,0.05
1708066,CHAPTER 35,greatly,0.05
1709220,CHAPTER 35,identity,0.05
1711281,CHAPTER 35,life,0.05
1711401,CHAPTER 35,little,0.05
1711565,CHAPTER 35,lost,0.05
1716045,CHAPTER 35,rack,0.05
1717428,CHAPTER 35,sail,0.05
1717680,CHAPTER 35,scientific,0.05
1718257,CHAPTER 35,ships,0.05
1718276,CHAPTER 35,shoals,0.05
1718289,CHAPTER 35,shoot,0.05
1718866,CHAPTER 35,snugly,0.05
1720044,CHAPTER 35,summit,0.05
1720605,CHAPTER 35,tells,0.05
1720822,CHAPTER 35,thou,0.05
1723006,CHAPTER 35,voyage,0.05
1723176,CHAPTER 35,washington,0.05
1700386,CHAPTER 35,binnacle,0.04
1700574,CHAPTER 35,blubber,0.04
1701294,CHAPTER 35,called,0.04
1701515,CHAPTER 35,case,0.04
1702553,CHAPTER 35,compass,0.04
1703518,CHAPTER 35,cruising,0.04
1703925,CHAPTER 35,deep,0.04
1705893,CHAPTER 35,ere,0.04
1706612,CHAPTER 35,feeling,0.04
1707462,CHAPTER 35,furnished,0.04
1707510,CHAPTER 35,gallant,0.04
1707541,CHAPTER 35,game,0.04
1708292,CHAPTER 35,hail,0.04
1711112,CHAPTER 35,learned,0.04
1711175,CHAPTER 35,legs,0.04
1711310,CHAPTER 35,like,0.04
1711486,CHAPTER 35,lofty,0.04
1711586,CHAPTER 35,love,0.04
1712597,CHAPTER 35,modern,0.04
1712798,CHAPTER 35,mount,0.04
1713569,CHAPTER 35,old,0.04
1713709,CHAPTER 35,original,0.04
1714760,CHAPTER 35,pipe,0.04
1714900,CHAPTER 35,pleasant,0.04
1715104,CHAPTER 35,port,0.04
1717122,CHAPTER 35,rise,0.04
1717193,CHAPTER 35,roll,0.04
1718148,CHAPTER 35,shape,0.04
1718793,CHAPTER 35,smoke,0.04
1719032,CHAPTER 35,soul,0.04
1719106,CHAPTER 35,speaking,0.04
1719421,CHAPTER 35,stand,0.04
1719427,CHAPTER 35,standing,0.04
1723341,CHAPTER 35,whalemen,0.04
1698030,CHAPTER 35,_sleet,0.03
1698361,CHAPTER 35,account,0.03
1698362,CHAPTER 35,accountable,0.03
1698445,CHAPTER 35,adapted,0.03
1698493,CHAPTER 35,admirable,0.03
1698495,CHAPTER 35,admiral,0.03
1698500,CHAPTER 35,admire,0.03
1698510,CHAPTER 35,admonish,0.03
1698525,CHAPTER 35,adopted,0.03
1698617,CHAPTER 35,afflictions,0.03
1698859,CHAPTER 35,alps,0.03
1698873,CHAPTER 35,altitude,0.03
1698901,CHAPTER 35,ambition,0.03
1699128,CHAPTER 35,apex,0.03
1699154,CHAPTER 35,apparatus,0.03
1699237,CHAPTER 35,approximate,0.03
1699287,CHAPTER 35,archæologists,0.03
1699421,CHAPTER 35,ascend,0.03
1699422,CHAPTER 35,ascended,0.03
1699429,CHAPTER 35,ascribable,0.03
1699440,CHAPTER 35,asia,0.03
1699488,CHAPTER 35,assertion,0.03
1699538,CHAPTER 35,astronomers,0.03
1699539,CHAPTER 35,astronomical,0.03
1699542,CHAPTER 35,asylum,0.03
1699616,CHAPTER 35,attracted,0.03
1699617,CHAPTER 35,attraction,0.03
1699749,CHAPTER 35,azimuth,0.03
1699818,CHAPTER 35,balanced,0.03
1699854,CHAPTER 35,baltimore,0.03
1699887,CHAPTER 35,bankrupt,0.03
1699971,CHAPTER 35,based,0.03
1700128,CHAPTER 35,befriend,0.03
1700143,CHAPTER 35,beginner,0.03
1700183,CHAPTER 35,belief,0.03
1700444,CHAPTER 35,blacksmiths,0.03
1700458,CHAPTER 35,blanc,0.03
1700509,CHAPTER 35,blending,0.03
1700578,CHAPTER 35,blue,0.03
1700723,CHAPTER 35,borrowed,0.03
1700769,CHAPTER 35,bowditch,0.03
1700900,CHAPTER 35,breed,0.03
1701012,CHAPTER 35,bronze,0.03
1701193,CHAPTER 35,business,0.03
1701257,CHAPTER 35,cadence,0.03
1701432,CHAPTER 35,capturing,0.03
1701455,CHAPTER 35,careless,0.03
1701458,CHAPTER 35,cares,0.03
1701467,CHAPTER 35,carking,0.03
1701772,CHAPTER 35,charmingly,0.03
1701879,CHAPTER 35,childe,0.03
1702037,CHAPTER 35,circumstantial,0.03
1702143,CHAPTER 35,cleats,0.03
1702209,CHAPTER 35,closet,0.03
1702256,CHAPTER 35,coach,0.03
1702272,CHAPTER 35,coats,0.03
1702396,CHAPTER 35,colonies,0.03
1702406,CHAPTER 35,colossus,0.03
1702455,CHAPTER 35,comforter,0.03
1702456,CHAPTER 35,comforters,0.03
1702511,CHAPTER 35,commonplaces,0.03
1703222,CHAPTER 35,counsels,0.03
1703227,CHAPTER 35,counter,0.03
1703230,CHAPTER 35,counteracting,0.03
1703255,CHAPTER 35,couple,0.03
1703337,CHAPTER 35,cranmer,0.03
1703785,CHAPTER 35,dauntless,0.03
1704014,CHAPTER 35,delicacy,0.03
1704023,CHAPTER 35,delightful,0.03
1704047,CHAPTER 35,delude,0.03
1704091,CHAPTER 35,denominate,0.03
1704187,CHAPTER 35,descartian,0.03
1704204,CHAPTER 35,descry,0.03
1704205,CHAPTER 35,descrying,0.03
1704268,CHAPTER 35,destination,0.03
1704273,CHAPTER 35,destitute,0.03
1704286,CHAPTER 35,detailed,0.03
1704326,CHAPTER 35,deviations,0.03
1704340,CHAPTER 35,devote,0.03
1704425,CHAPTER 35,diffused,0.03
1704506,CHAPTER 35,disadvantage,0.03
1704516,CHAPTER 35,disappointed,0.03
1704582,CHAPTER 35,discovering,0.03
1704587,CHAPTER 35,discreet,0.03
1704632,CHAPTER 35,disgusted,0.03
1704791,CHAPTER 35,distracted,0.03
1704883,CHAPTER 35,does,0.03
1705060,CHAPTER 35,dreamy,0.03
1705124,CHAPTER 35,drowsy,0.03
1705261,CHAPTER 35,earliest,0.03
1705303,CHAPTER 35,ebbs,0.03
1705347,CHAPTER 35,edifices,0.03
1705407,CHAPTER 35,ejaculates,0.03
1705485,CHAPTER 35,eludes,0.03
1705487,CHAPTER 35,elusive,0.03
1705528,CHAPTER 35,embodiment,0.03
1705612,CHAPTER 35,encasing,0.03
1705696,CHAPTER 35,engendering,0.03
1705740,CHAPTER 35,enlarges,0.03
1705748,CHAPTER 35,enlisting,0.03
1705834,CHAPTER 35,envelope,0.03
1705838,CHAPTER 35,enviable,0.03
1705895,CHAPTER 35,erected,0.03
1705914,CHAPTER 35,error,0.03
1706113,CHAPTER 35,excitements,0.03
1706210,CHAPTER 35,expatiate,0.03
1706240,CHAPTER 35,experiments,0.03
1706323,CHAPTER 35,extras,0.03
1706340,CHAPTER 35,eye,0.03
1706402,CHAPTER 35,fairest,0.03
1706445,CHAPTER 35,famous,0.03
1706527,CHAPTER 35,fathers,0.03
1706617,CHAPTER 35,feet,0.03
1706793,CHAPTER 35,fireside,0.03
1706810,CHAPTER 35,fisheries,0.03
1706814,CHAPTER 35,fishery,0.03
1706835,CHAPTER 35,fixed,0.03
1706918,CHAPTER 35,fleshy,0.03
1707042,CHAPTER 35,fogs,0.03
1707193,CHAPTER 35,formation,0.03
1707240,CHAPTER 35,founded,0.03
1707282,CHAPTER 35,frankly,0.03
1707392,CHAPTER 35,frosts,0.03
1707463,CHAPTER 35,furnishes,0.03
1707623,CHAPTER 35,gazettes,0.03
1707760,CHAPTER 35,given,0.03
1707859,CHAPTER 35,glued,0.03
1708063,CHAPTER 35,great,0.03
1708081,CHAPTER 35,greenlandmen,0.03
1708155,CHAPTER 35,ground,0.03
1708192,CHAPTER 35,guard,0.03
1708308,CHAPTER 35,half,0.03
1708439,CHAPTER 35,harold,0.03
1708473,CHAPTER 35,hatch,0.03
1708531,CHAPTER 35,haze,0.03
1708564,CHAPTER 35,hear,0.03
1708695,CHAPTER 35,hercules,0.03
1708712,CHAPTER 35,hermit,0.03
1708714,CHAPTER 35,hero,0.03
1708800,CHAPTER 35,hinting,0.03
1708817,CHAPTER 35,historian,0.03
1708893,CHAPTER 35,home,0.03
1708956,CHAPTER 35,hopelessly,0.03
1709021,CHAPTER 35,hours,0.03
1709024,CHAPTER 35,housed,0.03
1709036,CHAPTER 35,hover,0.03
1709065,CHAPTER 35,hugest,0.03
1709199,CHAPTER 35,icebergs,0.03
1709203,CHAPTER 35,icelandic,0.03
1709252,CHAPTER 35,ignore,0.03
1709329,CHAPTER 35,immersed,0.03
1709348,CHAPTER 35,immutable,0.03
1709361,CHAPTER 35,imparted,0.03
1709391,CHAPTER 35,imperfect,0.03
1709567,CHAPTER 35,inclement,0.03
1709597,CHAPTER 35,incompetent,0.03
1709725,CHAPTER 35,indolently,0.03
1709807,CHAPTER 35,infesting,0.03
1709874,CHAPTER 35,inhabitiveness,0.03
1710258,CHAPTER 35,invented,0.03
1710264,CHAPTER 35,inventor,0.03
1710266,CHAPTER 35,inventors,0.03
1710283,CHAPTER 35,invests,0.03
1710312,CHAPTER 35,invoked,0.03
1710338,CHAPTER 35,iron,0.03
1710398,CHAPTER 35,isolate,0.03
1710415,CHAPTER 35,item,0.03
1710860,CHAPTER 35,labor,0.03
1710955,CHAPTER 35,languor,0.03
1711074,CHAPTER 35,lazy,0.03
1711118,CHAPTER 35,leather,0.03
1711146,CHAPTER 35,left,0.03
1711178,CHAPTER 35,leisurely,0.03
1711211,CHAPTER 35,let,0.03
1711282,CHAPTER 35,lifeless,0.03
1711388,CHAPTER 35,listlessness,0.03
1711392,CHAPTER 35,literally,0.03
1711455,CHAPTER 35,local,0.03
1711459,CHAPTER 35,localness,0.03
1711465,CHAPTER 35,locker,0.03
1711483,CHAPTER 35,loftiest,0.03
1711521,CHAPTER 35,look,0.03
1711562,CHAPTER 35,loses,0.03
1711579,CHAPTER 35,lounge,0.03
1711628,CHAPTER 35,luckless,0.03
1711642,CHAPTER 35,lulled,0.03
1711755,CHAPTER 35,macy,0.03
1711768,CHAPTER 35,madly,0.03
1711805,CHAPTER 35,magnets,0.03
1711854,CHAPTER 35,make,0.03
1712124,CHAPTER 35,mathematics,0.03
1712170,CHAPTER 35,meals,0.03
1712214,CHAPTER 35,meditations,0.03
1712215,CHAPTER 35,meditative,0.03
1712217,CHAPTER 35,meditativeness,0.03
1712260,CHAPTER 35,men,0.03
1712296,CHAPTER 35,mere,0.03
1712335,CHAPTER 35,metal,0.03
1712557,CHAPTER 35,mittened,0.03
1712659,CHAPTER 35,monitions,0.03
1712682,CHAPTER 35,monsters,0.03
1712825,CHAPTER 35,movable,0.03
1712833,CHAPTER 35,movingly,0.03
1713002,CHAPTER 35,nantucket,0.03
1713029,CHAPTER 35,narwhales,0.03
1713036,CHAPTER 35,nation,0.03
1713055,CHAPTER 35,nautical,0.03
1713153,CHAPTER 35,nerve,0.03
1713169,CHAPTER 35,nests_,0.03
1713204,CHAPTER 35,nicely,0.03
1713216,CHAPTER 35,nigh,0.03
1713322,CHAPTER 35,notion,0.03
1713340,CHAPTER 35,nowadays,0.03
1713411,CHAPTER 35,obligations,0.03
1713428,CHAPTER 35,obscured,0.03
1713442,CHAPTER 35,observations,0.03
1713452,CHAPTER 35,obsolete,0.03
1713495,CHAPTER 35,ocean,0.03
1713534,CHAPTER 35,offers,0.03
1713615,CHAPTER 35,open,0.03
1713622,CHAPTER 35,opera,0.03
1713639,CHAPTER 35,opium,0.03
1714050,CHAPTER 35,pantheistic,0.03
1714052,CHAPTER 35,pantheists,0.03
1714205,CHAPTER 35,pastures,0.03
1714216,CHAPTER 35,patentee,0.03
1714217,CHAPTER 35,patentees,0.03
1714314,CHAPTER 35,peculiar,0.03
1714388,CHAPTER 35,penetrate,0.03
1714418,CHAPTER 35,people,0.03
1714478,CHAPTER 35,perishing,0.03
1714552,CHAPTER 35,pertains,0.03
1714615,CHAPTER 35,philippe,0.03
1714623,CHAPTER 35,philosophers,0.03
1714637,CHAPTER 35,phrase,0.03
1714660,CHAPTER 35,phædon,0.03
1714714,CHAPTER 35,pilgrim,0.03
1714721,CHAPTER 35,pillar,0.03
1714723,CHAPTER 35,pillars,0.03
1714753,CHAPTER 35,pint,0.03
1714810,CHAPTER 35,place,0.03
1714831,CHAPTER 35,plainly,0.03
1714875,CHAPTER 35,platonist,0.03
1714876,CHAPTER 35,platonists,0.03
1715084,CHAPTER 35,popping,0.03
1715480,CHAPTER 35,priority,0.03
1715587,CHAPTER 35,progenitors,0.03
1715651,CHAPTER 35,proper,0.03
1715706,CHAPTER 35,protected,0.03
1715806,CHAPTER 35,pulpits,0.03
1715868,CHAPTER 35,purpose,0.03
1715872,CHAPTER 35,purposes,0.03
1715905,CHAPTER 35,pyramids,0.03
1716081,CHAPTER 35,rain,0.03
1716295,CHAPTER 35,recently,0.03
1716564,CHAPTER 35,relieving,0.03
1716571,CHAPTER 35,relinquish,0.03
1716700,CHAPTER 35,replenished,0.03
1716775,CHAPTER 35,researches,0.03
1716812,CHAPTER 35,resistance,0.03
1716822,CHAPTER 35,resolves,0.03
1716888,CHAPTER 35,resulting,0.03
1716964,CHAPTER 35,reverie,0.03
1717013,CHAPTER 35,rhodes,0.03
1717028,CHAPTER 35,richer,0.03
1717046,CHAPTER 35,ridiculous,0.03
1717051,CHAPTER 35,rifle,0.03
1717129,CHAPTER 35,risk,0.03
1717242,CHAPTER 35,rotation,0.03
1717254,CHAPTER 35,round,0.03
1717315,CHAPTER 35,ruffled,0.03
1717331,CHAPTER 35,rules,0.03
1717440,CHAPTER 35,saint,0.03
1717596,CHAPTER 35,say,0.03
1717762,CHAPTER 35,screen,0.03
1717821,CHAPTER 35,seamen,0.03
1717836,CHAPTER 35,seas,0.03
1717877,CHAPTER 35,securities,0.03
1717890,CHAPTER 35,seductive,0.03
1717984,CHAPTER 35,sentiment,0.03
1717995,CHAPTER 35,sentry,0.03
1718024,CHAPTER 35,series,0.03
1718050,CHAPTER 35,set,0.03
1718208,CHAPTER 35,shelf,0.03
1718344,CHAPTER 35,shriek,0.03
1718379,CHAPTER 35,shunned,0.03
1718430,CHAPTER 35,sighted,0.03
1718513,CHAPTER 35,singularly,0.03
1718616,CHAPTER 35,skysail,0.03
1718706,CHAPTER 35,slip,0.03
1718864,CHAPTER 35,snug,0.03
1719220,CHAPTER 35,spires,0.03
1719317,CHAPTER 35,sprinkled,0.03
1719396,CHAPTER 35,stair,0.03
1719424,CHAPTER 35,stander,0.03
1719453,CHAPTER 35,startling,0.03
1719582,CHAPTER 35,sticks,0.03
1719599,CHAPTER 35,stilts,0.03
1719626,CHAPTER 35,stocks,0.03
1719685,CHAPTER 35,stowed,0.03
1719726,CHAPTER 35,stray,0.03
1719758,CHAPTER 35,striding,0.03
1719833,CHAPTER 35,studying,0.03
1719869,CHAPTER 35,stylites,0.03
1719961,CHAPTER 35,successfully,0.03
1719992,CHAPTER 35,sufficient,0.03
1720056,CHAPTER 35,sun,0.03
1720068,CHAPTER 35,sunken,0.03
1720159,CHAPTER 35,supported,0.03
1720197,CHAPTER 35,surmised,0.03
1720408,CHAPTER 35,tabernacle,0.03
1720600,CHAPTER 35,telescope,0.03
1720667,CHAPTER 35,tents,0.03
1720740,CHAPTER 35,thee,0.03
1720757,CHAPTER 35,theory,0.03
1720774,CHAPTER 35,thickest,0.03
1720830,CHAPTER 35,thoughts,0.03
1720831,CHAPTER 35,thousand,0.03
1720880,CHAPTER 35,throttled,0.03
1720924,CHAPTER 35,tides,0.03
1720933,CHAPTER 35,tierce,0.03
1721182,CHAPTER 35,towering,0.03
1721203,CHAPTER 35,trade,0.03
1721210,CHAPTER 35,trafalgar,0.03
1721235,CHAPTER 35,tranced,0.03
1721308,CHAPTER 35,trap,0.03
1721347,CHAPTER 35,treats,0.03
1721446,CHAPTER 35,tropic,0.03
1721448,CHAPTER 35,tropics,0.03
1721504,CHAPTER 35,tucked,0.03
1721653,CHAPTER 35,umbrellas,0.03
1721767,CHAPTER 35,unclad,0.03
1721855,CHAPTER 35,underneath,0.03
1721891,CHAPTER 35,undiscernible,0.03
1721962,CHAPTER 35,uneventfulness,0.03
1722022,CHAPTER 35,unfrequently,0.03
1722073,CHAPTER 35,unicorns,0.03
1722123,CHAPTER 35,universe,0.03
1722204,CHAPTER 35,unneeded,0.03
1722256,CHAPTER 35,unprovided,0.03
1722356,CHAPTER 35,unseasonable,0.03
1722486,CHAPTER 35,unwarrantable,0.03
1722519,CHAPTER 35,upbraiding,0.03
1722538,CHAPTER 35,upliftings,0.03
1722543,CHAPTER 35,uprising,0.03
1722548,CHAPTER 35,upstairs,0.03
1722604,CHAPTER 35,vacant,0.03
1722616,CHAPTER 35,vagrant,0.03
1722622,CHAPTER 35,vain,0.03
1722628,CHAPTER 35,valiantly,0.03
1722710,CHAPTER 35,vendome,0.03
1722799,CHAPTER 35,vial,0.03
1722840,CHAPTER 35,vigilant,0.03
1722915,CHAPTER 35,vision,0.03
1722931,CHAPTER 35,visual,0.03
1722990,CHAPTER 35,vortices,0.03
1723216,CHAPTER 35,waves,0.03
1723344,CHAPTER 35,whales,0.03
1723347,CHAPTER 35,whalesmen,0.03
1723852,CHAPTER 35,ye,0.03
1723907,CHAPTER 35,zealand,0.03
1698367,CHAPTER 35,accounts,0.02
1698455,CHAPTER 35,additional,0.02
1698506,CHAPTER 35,admit,0.02
1698631,CHAPTER 35,afloat,0.02
1698640,CHAPTER 35,africa,0.02
1698684,CHAPTER 35,ago,0.02
1698723,CHAPTER 35,air,0.02
1698875,CHAPTER 35,altogether,0.02
1698916,CHAPTER 35,american,0.02
1698989,CHAPTER 35,ancient,0.02
1699064,CHAPTER 35,answer,0.02
1699226,CHAPTER 35,approaching,0.02
1699344,CHAPTER 35,arms,0.02
1699388,CHAPTER 35,art,0.02
1699425,CHAPTER 35,ascending,0.02
1699437,CHAPTER 35,ashes,0.02
1699438,CHAPTER 35,ashore,0.02
1700020,CHAPTER 35,bay,0.02
1700028,CHAPTER 35,beach,0.02
1700054,CHAPTER 35,bearing,0.02
1700071,CHAPTER 35,beautiful,0.02
1700085,CHAPTER 35,bed,0.02
1700134,CHAPTER 35,beget,0.02
1700395,CHAPTER 35,bird,0.02
1700570,CHAPTER 35,blow,0.02
1700636,CHAPTER 35,body,0.02
1700706,CHAPTER 35,boots,0.02
1700737,CHAPTER 35,bottomless,0.02
1700789,CHAPTER 35,box,0.02
1700846,CHAPTER 35,brave,0.02
1700880,CHAPTER 35,breast,0.02
1701008,CHAPTER 35,broken,0.02
1701034,CHAPTER 35,brow,0.02
1701092,CHAPTER 35,built,0.02
1701103,CHAPTER 35,bull,0.02
1701318,CHAPTER 35,came,0.02
1701393,CHAPTER 35,capable,0.02
1701419,CHAPTER 35,capstan,0.02
1701424,CHAPTER 35,captains,0.02
1701497,CHAPTER 35,carry,0.02
1701527,CHAPTER 35,casks,0.02
1701802,CHAPTER 35,chat,0.02
1701861,CHAPTER 35,chest,0.02
1701885,CHAPTER 35,children,0.02
1701954,CHAPTER 35,christian,0.02
1702127,CHAPTER 35,clean,0.02
1702266,CHAPTER 35,coast,0.02
1702350,CHAPTER 35,cold,0.02
1702592,CHAPTER 35,completely,0.02
1702860,CHAPTER 35,considerable,0.02
1702976,CHAPTER 35,continually,0.02
1703008,CHAPTER 35,contrasting,0.02
1703022,CHAPTER 35,contrivances,0.02
1703040,CHAPTER 35,convenient,0.02
1703468,CHAPTER 35,cross,0.02
1703472,CHAPTER 35,crossing,0.02
1703637,CHAPTER 35,custom,0.02
1704209,CHAPTER 35,desert,0.02
1704329,CHAPTER 35,devil,0.02
1704405,CHAPTER 35,died,0.02
1704417,CHAPTER 35,different,0.02
1704462,CHAPTER 35,dimly,0.02
1704474,CHAPTER 35,dinner,0.02
1704578,CHAPTER 35,discovered,0.02
1704584,CHAPTER 35,discovery,0.02
1704914,CHAPTER 35,domestic,0.02
1704977,CHAPTER 35,doubtless,0.02
1705035,CHAPTER 35,drawers,0.02
1705036,CHAPTER 35,drawing,0.02
1705044,CHAPTER 35,dread,0.02
1705050,CHAPTER 35,dream,0.02
1705093,CHAPTER 35,driven,0.02
1705107,CHAPTER 35,drop,0.02
1705230,CHAPTER 35,duty,0.02
1705263,CHAPTER 35,early,0.02
1705272,CHAPTER 35,earth,0.02
1705292,CHAPTER 35,easy,0.02
1705614,CHAPTER 35,enchanted,0.02
1705807,CHAPTER 35,entirely,0.02
1705810,CHAPTER 35,entitled,0.02
1706045,CHAPTER 35,evinced,0.02
1706086,CHAPTER 35,exceedingly,0.02
1706343,CHAPTER 35,eyed,0.02
1706386,CHAPTER 35,fail,0.02
1706408,CHAPTER 35,faithful,0.02
1706412,CHAPTER 35,fall,0.02
1706418,CHAPTER 35,false,0.02
1706471,CHAPTER 35,fare,0.02
1706615,CHAPTER 35,feels,0.02
1706761,CHAPTER 35,fin,0.02
1706762,CHAPTER 35,final,0.02
1706777,CHAPTER 35,fingers,0.02
1706876,CHAPTER 35,flask,0.02
1706945,CHAPTER 35,flitting,0.02
1706948,CHAPTER 35,float,0.02
1707049,CHAPTER 35,folded,0.02
1707072,CHAPTER 35,food,0.02
1707080,CHAPTER 35,foot,0.02
1707197,CHAPTER 35,forming,0.02
1707256,CHAPTER 35,fowls,0.02
1707301,CHAPTER 35,free,0.02
1707306,CHAPTER 35,freely,0.02
1707344,CHAPTER 35,friend,0.02
1707400,CHAPTER 35,frozen,0.02
1707480,CHAPTER 35,future,0.02
1707609,CHAPTER 35,gave,0.02
1707616,CHAPTER 35,gaze,0.02
1707678,CHAPTER 35,gently,0.02
1707730,CHAPTER 35,gigantic,0.02
1707789,CHAPTER 35,glasses,0.02
1707811,CHAPTER 35,gliding,0.02
1707826,CHAPTER 35,globe,0.02
1707886,CHAPTER 35,god,0.02
1707994,CHAPTER 35,grandeur,0.02
1708231,CHAPTER 35,gun,0.02
1708336,CHAPTER 35,hammock,0.02
1708346,CHAPTER 35,hand,0.02
1708392,CHAPTER 35,happens,0.02
1708409,CHAPTER 35,hard,0.02
1708443,CHAPTER 35,harpooneer,0.02
1708464,CHAPTER 35,hast,0.02
1708574,CHAPTER 35,hearse,0.02
1708622,CHAPTER 35,heed,0.02
1708657,CHAPTER 35,helm,0.02
1708745,CHAPTER 35,hidden,0.02
1708860,CHAPTER 35,hoisting,0.02
1708862,CHAPTER 35,hold,0.02
1708867,CHAPTER 35,holding,0.02
1708884,CHAPTER 35,hollow,0.02
1708908,CHAPTER 35,honest,0.02
1708917,CHAPTER 35,honor,0.02
1708918,CHAPTER 35,honorable,0.02
1708932,CHAPTER 35,hooded,0.02
1708950,CHAPTER 35,hope,0.02
1708964,CHAPTER 35,horizon,0.02
1708966,CHAPTER 35,horizontal,0.02
1708974,CHAPTER 35,horns,0.02
1708989,CHAPTER 35,horror,0.02
1709074,CHAPTER 35,human,0.02
1709130,CHAPTER 35,hunters,0.02
1709250,CHAPTER 35,ignorant,0.02
1709260,CHAPTER 35,ill,0.02
1709287,CHAPTER 35,image,0.02
1709551,CHAPTER 35,inch,0.02
1709555,CHAPTER 35,incidentally,0.02
1709813,CHAPTER 35,infinite,0.02
1709968,CHAPTER 35,inscrutable,0.02
1709985,CHAPTER 35,inside,0.02
1710016,CHAPTER 35,instance,0.02
1710024,CHAPTER 35,instead,0.02
1710082,CHAPTER 35,intended,0.02
1710111,CHAPTER 35,interesting,0.02
1710390,CHAPTER 35,island,0.02
1710751,CHAPTER 35,killed,0.02
1710845,CHAPTER 35,knows,0.02
1710888,CHAPTER 35,lad,0.02
1710895,CHAPTER 35,lads,0.02
1711035,CHAPTER 35,launched,0.02
1711097,CHAPTER 35,lean,0.02
1711122,CHAPTER 35,leaving,0.02
1711147,CHAPTER 35,leg,0.02
1711300,CHAPTER 35,lightly,0.02
1711319,CHAPTER 35,likewise,0.02
1711502,CHAPTER 35,london,0.02
1711509,CHAPTER 35,long,0.02
1711799,CHAPTER 35,magnetic,0.02
1711834,CHAPTER 35,main,0.02
1711938,CHAPTER 35,mankind,0.02
1712015,CHAPTER 35,marks,0.02
1712103,CHAPTER 35,masts,0.02
1712184,CHAPTER 35,measure,0.02
1712230,CHAPTER 35,melancholy,0.02
1712376,CHAPTER 35,mid,0.02
1712414,CHAPTER 35,miles,0.02
1712662,CHAPTER 35,monkey,0.02
1712694,CHAPTER 35,months,0.02
1712698,CHAPTER 35,mood,0.02
1712702,CHAPTER 35,moody,0.02
1712756,CHAPTER 35,mortals,0.02
1712968,CHAPTER 35,mystic,0.02
1712986,CHAPTER 35,nailed,0.02
1712998,CHAPTER 35,names,0.02
1713023,CHAPTER 35,narrative,0.02
1713044,CHAPTER 35,natural,0.02
1713048,CHAPTER 35,nature,0.02
1713068,CHAPTER 35,nay,0.02
1713187,CHAPTER 35,new,0.02
1713194,CHAPTER 35,news,0.02
1713317,CHAPTER 35,notice,0.02
1713445,CHAPTER 35,observe,0.02
1713475,CHAPTER 35,occasionally,0.02
1713684,CHAPTER 35,orders,0.02
1713910,CHAPTER 35,owing,0.02
1713914,CHAPTER 35,owners,0.02
1714079,CHAPTER 35,parallel,0.02
1714435,CHAPTER 35,perch,0.02
1714527,CHAPTER 35,person,0.02
1714564,CHAPTER 35,pervading,0.02
1714842,CHAPTER 35,plan,0.02
1714851,CHAPTER 35,planks,0.02
1714994,CHAPTER 35,point,0.02
1715016,CHAPTER 35,pole,0.02
1715019,CHAPTER 35,poles,0.02
1715156,CHAPTER 35,post,0.02
1715216,CHAPTER 35,powder,0.02
1715331,CHAPTER 35,preliminary,0.02
1715479,CHAPTER 35,prior,0.02
1715508,CHAPTER 35,problem,0.02
1715534,CHAPTER 35,prodigious,0.02
1715578,CHAPTER 35,profound,0.02
1715652,CHAPTER 35,properly,0.02
1715805,CHAPTER 35,pulpit,0.02
1715885,CHAPTER 35,pursuit,0.02
1715976,CHAPTER 35,quest,0.02
1716088,CHAPTER 35,raised,0.02
1716218,CHAPTER 35,reach,0.02
1716221,CHAPTER 35,reaching,0.02
1716224,CHAPTER 35,read,0.02
1716232,CHAPTER 35,ready,0.02
1716251,CHAPTER 35,rear,0.02
1716491,CHAPTER 35,regular,0.02
1716493,CHAPTER 35,regularly,0.02
1716587,CHAPTER 35,remarkable,0.02
1716834,CHAPTER 35,respect,0.02
1716865,CHAPTER 35,resting,0.02
1716996,CHAPTER 35,revolving,0.02
1717060,CHAPTER 35,rigging,0.02
1717179,CHAPTER 35,rocking,0.02
1717181,CHAPTER 35,rocks,0.02
1717196,CHAPTER 35,rolling,0.02
1717199,CHAPTER 35,rolls,0.02
1717205,CHAPTER 35,romantic,0.02
1717411,CHAPTER 35,sadly,0.02
1717426,CHAPTER 35,said,0.02
1717430,CHAPTER 35,sailed,0.02
1717634,CHAPTER 35,scarce,0.02
1717841,CHAPTER 35,seat,0.02
1717860,CHAPTER 35,secret,0.02
1717895,CHAPTER 35,seeing,0.02
1717898,CHAPTER 35,seeking,0.02
1717905,CHAPTER 35,seen,0.02
1718013,CHAPTER 35,serene,0.02
1718018,CHAPTER 35,serenity,0.02
1718296,CHAPTER 35,shore,0.02
1718311,CHAPTER 35,shot,0.02
1718412,CHAPTER 35,sides,0.02
1718429,CHAPTER 35,sight,0.02
1718459,CHAPTER 35,silent,0.02
1718493,CHAPTER 35,simultaneously,0.02
1718507,CHAPTER 35,singing,0.02
1718509,CHAPTER 35,single,0.02
1718586,CHAPTER 35,skin,0.02
1718658,CHAPTER 35,sleep,0.02
1718762,CHAPTER 35,small,0.02
1718858,CHAPTER 35,snowy,0.02
1718937,CHAPTER 35,sole,0.02
1719023,CHAPTER 35,sorry,0.02
1719035,CHAPTER 35,souls,0.02
1719053,CHAPTER 35,south,0.02
1719065,CHAPTER 35,space,0.02
1719093,CHAPTER 35,spars,0.02
1719159,CHAPTER 35,spend,0.02
1719164,CHAPTER 35,spent,0.02
1719221,CHAPTER 35,spirit,0.02
1719224,CHAPTER 35,spirits,0.02
1719347,CHAPTER 35,square,0.02
1719447,CHAPTER 35,stars,0.02
1719564,CHAPTER 35,stern,0.02
1719583,CHAPTER 35,stiff,0.02
1719697,CHAPTER 35,strain,0.02
1719709,CHAPTER 35,strange,0.02
1719885,CHAPTER 35,sublime,0.02
1720037,CHAPTER 35,sum,0.02
1720041,CHAPTER 35,summer,0.02
1720178,CHAPTER 35,sure,0.02
1720310,CHAPTER 35,sweep,0.02
1720338,CHAPTER 35,swim,0.02
1720424,CHAPTER 35,tackle,0.02
1720449,CHAPTER 35,takes,0.02
1720501,CHAPTER 35,tar,0.02
1720527,CHAPTER 35,task,0.02
1720593,CHAPTER 35,teeth,0.02
1720623,CHAPTER 35,temporarily,0.02
1720670,CHAPTER 35,term,0.02
1720742,CHAPTER 35,theirs,0.02
1720785,CHAPTER 35,thing,0.02
1720823,CHAPTER 35,thought,0.02
1720884,CHAPTER 35,throwing,0.02
1720961,CHAPTER 35,time,0.02
1720965,CHAPTER 35,times,0.02
1721056,CHAPTER 35,token,0.02
1721150,CHAPTER 35,tossed,0.02
1721177,CHAPTER 35,tow,0.02
1721181,CHAPTER 35,tower,0.02
1721296,CHAPTER 35,transparent,0.02
1721352,CHAPTER 35,trees,0.02
1721451,CHAPTER 35,troubled,0.02
1721464,CHAPTER 35,truck,0.02
1721474,CHAPTER 35,trumpet,0.02
1721488,CHAPTER 35,truth,0.02
1721554,CHAPTER 35,turns,0.02
1721642,CHAPTER 35,ultimate,0.02
1721804,CHAPTER 35,unconscious,0.02
1722203,CHAPTER 35,unnecessary,0.02
1722567,CHAPTER 35,use,0.02
1722568,CHAPTER 35,used,0.02
1722579,CHAPTER 35,usual,0.02
1722597,CHAPTER 35,utterly,0.02
1722665,CHAPTER 35,various,0.02
1722688,CHAPTER 35,ve,0.02
1722817,CHAPTER 35,vicinity,0.02
1722912,CHAPTER 35,visible,0.02
1722973,CHAPTER 35,volume,0.02
1723070,CHAPTER 35,wakes,0.02
1723211,CHAPTER 35,watery,0.02
1723342,CHAPTER 35,whaler,0.02
1723468,CHAPTER 35,widely,0.02
1723531,CHAPTER 35,winds,0.02
1723533,CHAPTER 35,windward,0.02
1723548,CHAPTER 35,winter,0.02
1723642,CHAPTER 35,wont,0.02
1723709,CHAPTER 35,worthy,0.02
1723730,CHAPTER 35,wrath,0.02
1723836,CHAPTER 35,yard,0.02
1723899,CHAPTER 35,youth,0.02
1699724,CHAPTER 35,away,0.01
1700233,CHAPTER 35,beneath,0.01
1700602,CHAPTER 35,board,0.01
1700618,CHAPTER 35,boats,0.01
1702446,CHAPTER 35,comes,0.01
1702678,CHAPTER 35,concerning,0.01
1703324,CHAPTER 35,craft,0.01
1703410,CHAPTER 35,crew,0.01
1703750,CHAPTER 35,dark,0.01
1703794,CHAPTER 35,day,0.01
1703884,CHAPTER 35,deck,0.01
1705806,CHAPTER 35,entire,0.01
1706468,CHAPTER 35,far,0.01
1707189,CHAPTER 35,form,0.01
1707639,CHAPTER 35,general,0.01
1707911,CHAPTER 35,gone,0.01
1707913,CHAPTER 35,good,0.01
1708515,CHAPTER 35,having,0.01
1708758,CHAPTER 35,high,0.01
1710686,CHAPTER 35,just,0.01
1710930,CHAPTER 35,land,0.01
1710978,CHAPTER 35,large,0.01
1711895,CHAPTER 35,man,0.01
1712181,CHAPTER 35,means,0.01
1715964,CHAPTER 35,queequeg,0.01
1717352,CHAPTER 35,running,0.01
1718123,CHAPTER 35,shall,0.01
1718302,CHAPTER 35,short,0.01
1719165,CHAPTER 35,sperm,0.01
1719646,CHAPTER 35,stood,0.01
1720450,CHAPTER 35,taking,0.01
1720909,CHAPTER 35,thy,0.01
1720951,CHAPTER 35,till,0.01
1721548,CHAPTER 35,turn,0.01
1722779,CHAPTER 35,vessel,0.01
1722835,CHAPTER 35,view,0.01
1723199,CHAPTER 35,water,0.01
1723208,CHAPTER 35,waters,0.01
1723225,CHAPTER 35,way,0.01
1723349,CHAPTER 35,whaling,0.01
1723681,CHAPTER 35,world,0.01
