,chapter,term,tfidf
3561510,CHAPTER 99,doubloon,0.25
3568061,CHAPTER 99,look,0.2
3558144,CHAPTER 99,caw,0.18
3564445,CHAPTER 99,gold,0.18
3558877,CHAPTER 99,coin,0.17
3561511,CHAPTER 99,doubloons,0.17
3574994,CHAPTER 99,signs,0.17
3576596,CHAPTER 99,sun,0.17
3558986,CHAPTER 99,comes,0.13
3570109,CHAPTER 99,old,0.13
3574973,CHAPTER 99,sign,0.13
3565278,CHAPTER 99,hey,0.12
3567967,CHAPTER 99,ll,0.12
3580460,CHAPTER 99,zodiac,0.11
3574822,CHAPTER 99,shoe,0.1
3555851,CHAPTER 99,aries,0.09
3567036,CHAPTER 99,jenny,0.09
3567096,CHAPTER 99,joes,0.09
3572764,CHAPTER 99,read,0.09
3564435,CHAPTER 99,goes,0.08
3569526,CHAPTER 99,nailed,0.08
3573794,CHAPTER 99,round,0.08
3580177,CHAPTER 99,wonders,0.08
3555246,CHAPTER 99,ahab,0.07
3560024,CHAPTER 99,crow,0.07
3564318,CHAPTER 99,glance,0.07
3565213,CHAPTER 99,hem,0.07
3565356,CHAPTER 99,hist,0.07
3565531,CHAPTER 99,horse,0.07
3567906,CHAPTER 99,lion,0.07
3568070,CHAPTER 99,looks,0.07
3572646,CHAPTER 99,ram,0.07
3577320,CHAPTER 99,thigh,0.07
3555385,CHAPTER 99,almanac,0.06
3555811,CHAPTER 99,archer,0.06
3555865,CHAPTER 99,arithmetic,0.06
3558531,CHAPTER 99,cigars,0.06
3559621,CHAPTER 99,cook,0.06
3560217,CHAPTER 99,daboll,0.06
3562421,CHAPTER 99,equinox,0.06
3563615,CHAPTER 99,foolish,0.06
3564170,CHAPTER 99,gemini,0.06
3564965,CHAPTER 99,hark,0.06
3565350,CHAPTER 99,hish,0.06
3567800,CHAPTER 99,libra,0.06
3568617,CHAPTER 99,massachusetts,0.06
3569599,CHAPTER 99,navel,0.06
3571278,CHAPTER 99,pine,0.06
3572553,CHAPTER 99,quito,0.06
3573625,CHAPTER 99,ring,0.06
3573963,CHAPTER 99,sagittarius,0.06
3577094,CHAPTER 99,taurus,0.06
3577326,CHAPTER 99,things,0.06
3578033,CHAPTER 99,try,0.06
3578133,CHAPTER 99,twins,0.06
3578887,CHAPTER 99,unscrew,0.06
3579119,CHAPTER 99,usual,0.06
3580392,CHAPTER 99,ye,0.06
3556288,CHAPTER 99,aye,0.05
3557229,CHAPTER 99,book,0.05
3557309,CHAPTER 99,bowditch,0.05
3557825,CHAPTER 99,calendar,0.05
3561418,CHAPTER 99,dodge,0.05
3562030,CHAPTER 99,em,0.05
3569492,CHAPTER 99,muttering,0.05
3570834,CHAPTER 99,peaks,0.05
3571822,CHAPTER 99,precious,0.05
3573686,CHAPTER 99,riveted,0.05
3573699,CHAPTER 99,roaring,0.05
3573917,CHAPTER 99,ruthless,0.05
3574983,CHAPTER 99,significance,0.05
3575516,CHAPTER 99,solve,0.05
3575954,CHAPTER 99,stamped,0.05
3575961,CHAPTER 99,stand,0.05
3577891,CHAPTER 99,tree,0.05
3579165,CHAPTER 99,vale,0.05
3579443,CHAPTER 99,virtue,0.05
3579904,CHAPTER 99,wheels,0.05
3555531,CHAPTER 99,andes,0.04
3556684,CHAPTER 99,beginning,0.04
3556926,CHAPTER 99,binnacle,0.04
3557643,CHAPTER 99,bull,0.04
3557840,CHAPTER 99,calls,0.04
3558980,CHAPTER 99,come,0.04
3562415,CHAPTER 99,equator,0.04
3563041,CHAPTER 99,fastened,0.04
3564446,CHAPTER 99,golden,0.04
3564852,CHAPTER 99,halloa,0.04
3565315,CHAPTER 99,hills,0.04
3565374,CHAPTER 99,ho,0.04
3567150,CHAPTER 99,jove,0.04
3567751,CHAPTER 99,let,0.04
3567759,CHAPTER 99,letters,0.04
3567850,CHAPTER 99,like,0.04
3567946,CHAPTER 99,live,0.04
3568377,CHAPTER 99,mainmast,0.04
3568550,CHAPTER 99,marked,0.04
3568625,CHAPTER 99,mast,0.04
3570506,CHAPTER 99,pains,0.04
3571299,CHAPTER 99,pip,0.04
3571460,CHAPTER 99,plenty,0.04
3571617,CHAPTER 99,poor,0.04
3572551,CHAPTER 99,quit,0.04
3577721,CHAPTER 99,tower,0.04
3578001,CHAPTER 99,trowsers,0.04
3579436,CHAPTER 99,virgin,0.04
3579765,CHAPTER 99,way,0.04
3580101,CHAPTER 99,wise,0.04
3580182,CHAPTER 99,wont,0.04
3580220,CHAPTER 99,works,0.04
3580221,CHAPTER 99,world,0.04
3580245,CHAPTER 99,worth,0.04
3554766,CHAPTER 99,abiding,0.03
3554988,CHAPTER 99,added,0.03
3555335,CHAPTER 99,alive,0.03
3555386,CHAPTER 99,almanack,0.03
3555389,CHAPTER 99,aloft,0.03
3555394,CHAPTER 99,alpacas,0.03
3555465,CHAPTER 99,amidst,0.03
3555492,CHAPTER 99,amusing,0.03
3555788,CHAPTER 99,aquarius,0.03
3555817,CHAPTER 99,arching,0.03
3555922,CHAPTER 99,arrows,0.03
3555983,CHAPTER 99,aside,0.03
3556080,CHAPTER 99,astronomy,0.03
3556218,CHAPTER 99,autumn,0.03
3556432,CHAPTER 99,banners,0.03
3556541,CHAPTER 99,bats,0.03
3556573,CHAPTER 99,beacon,0.03
3556628,CHAPTER 99,bedded,0.03
3556675,CHAPTER 99,begets,0.03
3556755,CHAPTER 99,belshazzar,0.03
3556952,CHAPTER 99,bites,0.03
3556967,CHAPTER 99,blackberrying,0.03
3557193,CHAPTER 99,bolivia,0.03
3557249,CHAPTER 99,border,0.03
3557268,CHAPTER 99,boston,0.03
3557491,CHAPTER 99,bright,0.03
3557661,CHAPTER 99,bumps,0.03
3557777,CHAPTER 99,cabalistics,0.03
3557810,CHAPTER 99,cake,0.03
3557826,CHAPTER 99,calf,0.03
3557879,CHAPTER 99,cancer,0.03
3557953,CHAPTER 99,capricornus,0.03
3558044,CHAPTER 99,cartload,0.03
3558191,CHAPTER 99,cents,0.03
3558202,CHAPTER 99,certain,0.03
3558426,CHAPTER 99,chili,0.03
3558530,CHAPTER 99,cigar,0.03
3558536,CHAPTER 99,cipher,0.03
3558663,CHAPTER 99,claws,0.03
3558716,CHAPTER 99,clime,0.03
3558779,CHAPTER 99,clue,0.03
3558885,CHAPTER 99,coined,0.03
3559146,CHAPTER 99,complimentary,0.03
3559645,CHAPTER 99,copenhagen,0.03
3559678,CHAPTER 99,corlaer,0.03
3559789,CHAPTER 99,country,0.03
3559794,CHAPTER 99,county,0.03
3559799,CHAPTER 99,courageous,0.03
3559848,CHAPTER 99,crab,0.03
3560031,CHAPTER 99,crowing,0.03
3560136,CHAPTER 99,curing,0.03
3560169,CHAPTER 99,curvicues,0.03
3560218,CHAPTER 99,dabs,0.03
3560290,CHAPTER 99,dark,0.03
3560295,CHAPTER 99,darkey,0.03
3560540,CHAPTER 99,del,0.03
3560589,CHAPTER 99,deluge,0.03
3560869,CHAPTER 99,devil,0.03
3561042,CHAPTER 99,dirty,0.03
3561195,CHAPTER 99,disks,0.03
3561361,CHAPTER 99,ditto,0.03
3561423,CHAPTER 99,does,0.03
3561662,CHAPTER 99,drowns,0.03
3561862,CHAPTER 99,ecliptics,0.03
3561870,CHAPTER 99,ecuador,0.03
3561931,CHAPTER 99,egotistical,0.03
3562259,CHAPTER 99,enhancing,0.03
3562406,CHAPTER 99,epitome,0.03
3562420,CHAPTER 99,equinoctial,0.03
3562960,CHAPTER 99,falsely,0.03
3563355,CHAPTER 99,fishes,0.03
3563379,CHAPTER 99,fixture,0.03
3563777,CHAPTER 99,foulness,0.03
3564039,CHAPTER 99,gains,0.03
3564293,CHAPTER 99,girds,0.03
3564443,CHAPTER 99,golconda,0.03
3564525,CHAPTER 99,grammar,0.03
3564796,CHAPTER 99,ha,0.03
3564848,CHAPTER 99,half,0.03
3564860,CHAPTER 99,halted,0.03
3564936,CHAPTER 99,happiness,0.03
3565104,CHAPTER 99,hear,0.03
3565143,CHAPTER 99,heaven,0.03
3565376,CHAPTER 99,hoard,0.03
3565494,CHAPTER 99,hopefulness,0.03
3565654,CHAPTER 99,humph,0.03
3566025,CHAPTER 99,improving,0.03
3566507,CHAPTER 99,inscriptions,0.03
3566549,CHAPTER 99,inspectingly,0.03
3566693,CHAPTER 99,interpret,0.03
3566696,CHAPTER 99,interpreters,0.03
3567012,CHAPTER 99,javelin,0.03
3567081,CHAPTER 99,jimimi,0.03
3567123,CHAPTER 99,jollily,0.03
3567125,CHAPTER 99,jolly,0.03
3567275,CHAPTER 99,keystone,0.03
3567314,CHAPTER 99,king,0.03
3567378,CHAPTER 99,know,0.03
3567664,CHAPTER 99,lecherous,0.03
3567737,CHAPTER 99,leo,0.03
3567952,CHAPTER 99,livelong,0.03
3568164,CHAPTER 99,lucifer,0.03
3568175,CHAPTER 99,luffs,0.03
3568225,CHAPTER 99,luxuriant,0.03
3568328,CHAPTER 99,magician,0.03
3568435,CHAPTER 99,man,0.03
3568575,CHAPTER 99,marry,0.03
3568741,CHAPTER 99,medals,0.03
3569006,CHAPTER 99,mints,0.03
3569025,CHAPTER 99,mirrors,0.03
3569047,CHAPTER 99,miser,0.03
3569158,CHAPTER 99,moidores,0.03
3569195,CHAPTER 99,mong,0.03
3569270,CHAPTER 99,morass,0.03
3569334,CHAPTER 99,mouldings,0.03
3569405,CHAPTER 99,multiplicity,0.03
3569441,CHAPTER 99,murray,0.03
3569561,CHAPTER 99,narration,0.03
3569603,CHAPTER 99,navigator,0.03
3570099,CHAPTER 99,oh,0.03
3570479,CHAPTER 99,pactolus,0.03
3570579,CHAPTER 99,pangs,0.03
3570699,CHAPTER 99,partitioned,0.03
3570815,CHAPTER 99,paw,0.03
3571252,CHAPTER 99,pilfering,0.03
3571313,CHAPTER 99,pisces,0.03
3571316,CHAPTER 99,pistoles,0.03
3571482,CHAPTER 99,pluck,0.03
3571536,CHAPTER 99,pointed,0.03
3571550,CHAPTER 99,poked,0.03
3571620,CHAPTER 99,pop,0.03
3571621,CHAPTER 99,popayan,0.03
3571752,CHAPTER 99,pours,0.03
3571823,CHAPTER 99,preciousness,0.03
3572126,CHAPTER 99,profusion,0.03
3572490,CHAPTER 99,quarter,0.03
3572505,CHAPTER 99,queer,0.03
3572628,CHAPTER 99,raised,0.03
3572635,CHAPTER 99,raked,0.03
3572780,CHAPTER 99,really,0.03
3573282,CHAPTER 99,republica,0.03
3573305,CHAPTER 99,requiring,0.03
3573495,CHAPTER 99,revered,0.03
3573605,CHAPTER 99,righteousness,0.03
3573797,CHAPTER 99,rounder,0.03
3573909,CHAPTER 99,rustiness,0.03
3574030,CHAPTER 99,sanctified,0.03
3574136,CHAPTER 99,say,0.03
3574141,CHAPTER 99,says,0.03
3574253,CHAPTER 99,scorpio,0.03
3574254,CHAPTER 99,scorpion,0.03
3574456,CHAPTER 99,segment,0.03
3574650,CHAPTER 99,shafts,0.03
3574658,CHAPTER 99,shakes,0.03
3574781,CHAPTER 99,shines,0.03
3575620,CHAPTER 99,spanishly,0.03
3575877,CHAPTER 99,spy,0.03
3575969,CHAPTER 99,stands,0.03
3575976,CHAPTER 99,starbuck,0.03
3576145,CHAPTER 99,stings,0.03
3576210,CHAPTER 99,storm,0.03
3576352,CHAPTER 99,stubb,0.03
3576366,CHAPTER 99,studied,0.03
3576585,CHAPTER 99,summits,0.03
3576735,CHAPTER 99,surly,0.03
3576997,CHAPTER 99,talisman,0.03
3577325,CHAPTER 99,thing,0.03
3577412,CHAPTER 99,throes,0.03
3577495,CHAPTER 99,tilt,0.03
3577603,CHAPTER 99,tolland,0.03
3577949,CHAPTER 99,trinity,0.03
3578011,CHAPTER 99,truly,0.03
3578088,CHAPTER 99,turn,0.03
3578122,CHAPTER 99,twigging,0.03
3578368,CHAPTER 99,undaunted,0.03
3578994,CHAPTER 99,untouchable,0.03
3579023,CHAPTER 99,unwaning,0.03
3579285,CHAPTER 99,verdigris,0.03
3579357,CHAPTER 99,vicinity,0.03
3579367,CHAPTER 99,victorious,0.03
3579441,CHAPTER 99,virgo,0.03
3579505,CHAPTER 99,volcano,0.03
3579506,CHAPTER 99,volcanoes,0.03
3579656,CHAPTER 99,wanton,0.03
3579780,CHAPTER 99,wealthy,0.03
3579873,CHAPTER 99,whale,0.03
3579890,CHAPTER 99,whang,0.03
3579978,CHAPTER 99,white,0.03
3580102,CHAPTER 99,wiseish,0.03
3580103,CHAPTER 99,wisely,0.03
3580115,CHAPTER 99,witch,0.03
3580140,CHAPTER 99,wits,0.03
3580145,CHAPTER 99,witty,0.03
3580168,CHAPTER 99,wonderful,0.03
3580239,CHAPTER 99,worshipper,0.03
3580308,CHAPTER 99,writ,0.03
3580316,CHAPTER 99,writing,0.03
3580463,CHAPTER 99,zoned,0.03
3555011,CHAPTER 99,adieu,0.02
3555245,CHAPTER 99,ah,0.02
3555261,CHAPTER 99,ain,0.02
3555393,CHAPTER 99,alow,0.02
3555455,CHAPTER 99,america,0.02
3555660,CHAPTER 99,apart,0.02
3555763,CHAPTER 99,approach,0.02
3555984,CHAPTER 99,ask,0.02
3556156,CHAPTER 99,attracted,0.02
3556180,CHAPTER 99,aught,0.02
3556226,CHAPTER 99,avast,0.02
3556266,CHAPTER 99,awe,0.02
3556269,CHAPTER 99,awful,0.02
3556466,CHAPTER 99,bare,0.02
3556478,CHAPTER 99,bark,0.02
3556549,CHAPTER 99,battering,0.02
3556592,CHAPTER 99,bearer,0.02
3556682,CHAPTER 99,begin,0.02
3556752,CHAPTER 99,belongs,0.02
3556766,CHAPTER 99,bend,0.02
3556949,CHAPTER 99,bit,0.02
3557199,CHAPTER 99,bolts,0.02
3557217,CHAPTER 99,bone,0.02
3557231,CHAPTER 99,books,0.02
3557253,CHAPTER 99,bore,0.02
3557311,CHAPTER 99,bowels,0.02
3557756,CHAPTER 99,button,0.02
3557896,CHAPTER 99,cannibal,0.02
3558070,CHAPTER 99,cast,0.02
3558250,CHAPTER 99,chanced,0.02
3558279,CHAPTER 99,chapter,0.02
3558368,CHAPTER 99,cheer,0.02
3558829,CHAPTER 99,cock,0.02
3558854,CHAPTER 99,coffee,0.02
3558873,CHAPTER 99,coiled,0.02
3558887,CHAPTER 99,coins,0.02
3559090,CHAPTER 99,comparing,0.02
3559093,CHAPTER 99,compass,0.02
3559392,CHAPTER 99,consequence,0.02
3559651,CHAPTER 99,copper,0.02
3559823,CHAPTER 99,cover,0.02
3559906,CHAPTER 99,crazy,0.02
3560012,CHAPTER 99,crossing,0.02
3560298,CHAPTER 99,darkness,0.02
3560309,CHAPTER 99,dashed,0.02
3560665,CHAPTER 99,depend,0.02
3560723,CHAPTER 99,derive,0.02
3560792,CHAPTER 99,desperate,0.02
3560872,CHAPTER 99,devils,0.02
3560891,CHAPTER 99,devouring,0.02
3560940,CHAPTER 99,did,0.02
3560944,CHAPTER 99,die,0.02
3560945,CHAPTER 99,died,0.02
3561426,CHAPTER 99,dog,0.02
3561441,CHAPTER 99,dollars,0.02
3561553,CHAPTER 99,drags,0.02
3561634,CHAPTER 99,driver,0.02
3561811,CHAPTER 99,ears,0.02
3561814,CHAPTER 99,earthly,0.02
3561825,CHAPTER 99,east,0.02
3561937,CHAPTER 99,eh,0.02
3562324,CHAPTER 99,entering,0.02
3562328,CHAPTER 99,enters,0.02
3562416,CHAPTER 99,equatorial,0.02
3562433,CHAPTER 99,ere,0.02
3562465,CHAPTER 99,escape,0.02
3562614,CHAPTER 99,example,0.02
3562774,CHAPTER 99,experience,0.02
3562884,CHAPTER 99,eyeing,0.02
3562900,CHAPTER 99,face,0.02
3562903,CHAPTER 99,faces,0.02
3562916,CHAPTER 99,facts,0.02
3562932,CHAPTER 99,fain,0.02
3562933,CHAPTER 99,faint,0.02
3562946,CHAPTER 99,fairy,0.02
3562994,CHAPTER 99,fancy,0.02
3563064,CHAPTER 99,father,0.02
3563070,CHAPTER 99,fathoms,0.02
3563132,CHAPTER 99,fedallah,0.02
3563262,CHAPTER 99,fierce,0.02
3563282,CHAPTER 99,figures,0.02
3563317,CHAPTER 99,fingers,0.02
3563338,CHAPTER 99,firm,0.02
3563345,CHAPTER 99,firmness,0.02
3563363,CHAPTER 99,fit,0.02
3563399,CHAPTER 99,flame,0.02
3563535,CHAPTER 99,flows,0.02
3563794,CHAPTER 99,fowl,0.02
3563986,CHAPTER 99,funny,0.02
3564156,CHAPTER 99,gaze,0.02
3564247,CHAPTER 99,getting,0.02
3564252,CHAPTER 99,ghost,0.02
3564302,CHAPTER 99,gives,0.02
3564328,CHAPTER 99,glass,0.02
3564366,CHAPTER 99,globe,0.02
3564370,CHAPTER 99,gloom,0.02
3564376,CHAPTER 99,glories,0.02
3564393,CHAPTER 99,glow,0.02
3564419,CHAPTER 99,goat,0.02
3564426,CHAPTER 99,god,0.02
3564466,CHAPTER 99,gorgeous,0.02
3564603,CHAPTER 99,great,0.02
3564706,CHAPTER 99,grow,0.02
3564714,CHAPTER 99,grown,0.02
3564744,CHAPTER 99,guess,0.02
3564832,CHAPTER 99,hail,0.02
3564913,CHAPTER 99,hang,0.02
3564937,CHAPTER 99,happy,0.02
3565075,CHAPTER 99,head,0.02
3565085,CHAPTER 99,headlong,0.02
3565114,CHAPTER 99,hearse,0.02
3565117,CHAPTER 99,heart,0.02
3565133,CHAPTER 99,hearty,0.02
3565312,CHAPTER 99,hill,0.02
3565389,CHAPTER 99,hoe,0.02
3565477,CHAPTER 99,hook,0.02
3565514,CHAPTER 99,horns,0.02
3565521,CHAPTER 99,horrible,0.02
3565765,CHAPTER 99,idiot,0.02
3565827,CHAPTER 99,image,0.02
3565853,CHAPTER 99,immaculate,0.02
3566117,CHAPTER 99,included,0.02
3566532,CHAPTER 99,insignificant,0.02
3566631,CHAPTER 99,intensity,0.02
3566969,CHAPTER 99,jacket,0.02
3567205,CHAPTER 99,jump,0.02
3567294,CHAPTER 99,killing,0.02
3567299,CHAPTER 99,kind,0.02
3567385,CHAPTER 99,knows,0.02
3567428,CHAPTER 99,lad,0.02
3567660,CHAPTER 99,leave,0.02
3567686,CHAPTER 99,left,0.02
3567750,CHAPTER 99,lest,0.02
3567812,CHAPTER 99,lie,0.02
3567815,CHAPTER 99,lies,0.02
3567826,CHAPTER 99,lift,0.02
3567856,CHAPTER 99,likeness,0.02
3567871,CHAPTER 99,limit,0.02
3567921,CHAPTER 99,listen,0.02
3567941,CHAPTER 99,little,0.02
3567970,CHAPTER 99,lo,0.02
3568014,CHAPTER 99,lodged,0.02
3568026,CHAPTER 99,lofty,0.02
3568054,CHAPTER 99,longing,0.02
3568067,CHAPTER 99,looking,0.02
3568126,CHAPTER 99,love,0.02
3568211,CHAPTER 99,lurk,0.02
3568214,CHAPTER 99,lurks,0.02
3568514,CHAPTER 99,manxman,0.02
3568544,CHAPTER 99,mariners,0.02
3568555,CHAPTER 99,marks,0.02
3568713,CHAPTER 99,mean,0.02
3568717,CHAPTER 99,meaning,0.02
3568769,CHAPTER 99,meets,0.02
3568889,CHAPTER 99,methinks,0.02
3568919,CHAPTER 99,middle,0.02
3568924,CHAPTER 99,midnight,0.02
3568932,CHAPTER 99,midway,0.02
3568951,CHAPTER 99,mildly,0.02
3568964,CHAPTER 99,milky,0.02
3569153,CHAPTER 99,mogul,0.02
3569209,CHAPTER 99,monomaniac,0.02
3569232,CHAPTER 99,month,0.02
3569234,CHAPTER 99,months,0.02
3569238,CHAPTER 99,mood,0.02
3569335,CHAPTER 99,mouldy,0.02
3569339,CHAPTER 99,mountain,0.02
3569438,CHAPTER 99,murmured,0.02
3569503,CHAPTER 99,mysterious,0.02
3569525,CHAPTER 99,nail,0.02
3569534,CHAPTER 99,named,0.02
3569650,CHAPTER 99,needle,0.02
3569668,CHAPTER 99,negro,0.02
3569732,CHAPTER 99,newly,0.02
3569763,CHAPTER 99,nights,0.02
3569854,CHAPTER 99,notes,0.02
3569921,CHAPTER 99,oakum,0.02
3570177,CHAPTER 99,opinion,0.02
3570187,CHAPTER 99,opposite,0.02
3570463,CHAPTER 99,oysters,0.02
3570465,CHAPTER 99,pace,0.02
3570515,CHAPTER 99,pair,0.02
3570544,CHAPTER 99,palms,0.02
3570724,CHAPTER 99,passing,0.02
3570760,CHAPTER 99,path,0.02
3570804,CHAPTER 99,pause,0.02
3570805,CHAPTER 99,paused,0.02
3570808,CHAPTER 99,pausing,0.02
3571097,CHAPTER 99,peru,0.02
3571221,CHAPTER 99,piece,0.02
3571222,CHAPTER 99,pieces,0.02
3571302,CHAPTER 99,pipes,0.02
3571342,CHAPTER 99,pity,0.02
3571355,CHAPTER 99,places,0.02
3571399,CHAPTER 99,planted,0.02
3571504,CHAPTER 99,plunged,0.02
3571527,CHAPTER 99,poetic,0.02
3571696,CHAPTER 99,post,0.02
3571920,CHAPTER 99,presently,0.02
3571926,CHAPTER 99,preserved,0.02
3571939,CHAPTER 99,pressed,0.02
3571984,CHAPTER 99,prick,0.02
3572263,CHAPTER 99,proud,0.02
3572356,CHAPTER 99,pumps,0.02
3572392,CHAPTER 99,purest,0.02
3572629,CHAPTER 99,raises,0.02
3572631,CHAPTER 99,raising,0.02
3572758,CHAPTER 99,reach,0.02
3572791,CHAPTER 99,rear,0.02
3573010,CHAPTER 99,regard,0.02
3573031,CHAPTER 99,regular,0.02
3573073,CHAPTER 99,related,0.02
3573183,CHAPTER 99,rendering,0.02
3573432,CHAPTER 99,resuming,0.02
3573433,CHAPTER 99,resurrection,0.02
3573566,CHAPTER 99,rich,0.02
3573759,CHAPTER 99,rooms,0.02
3573842,CHAPTER 99,ruddy,0.02
3573900,CHAPTER 99,rushing,0.02
3573944,CHAPTER 99,sad,0.02
3573951,CHAPTER 99,sadly,0.02
3574042,CHAPTER 99,sands,0.02
3574052,CHAPTER 99,sanity,0.02
3574149,CHAPTER 99,scales,0.02
3574177,CHAPTER 99,scare,0.02
3574241,CHAPTER 99,score,0.02
3574473,CHAPTER 99,self,0.02
3574477,CHAPTER 99,sell,0.02
3574566,CHAPTER 99,sermon,0.02
3574652,CHAPTER 99,shaggy,0.02
3574654,CHAPTER 99,shake,0.02
3574787,CHAPTER 99,ship,0.02
3574851,CHAPTER 99,shot,0.02
3574877,CHAPTER 99,shows,0.02
3574902,CHAPTER 99,shrouded,0.02
3574986,CHAPTER 99,significant,0.02
3575010,CHAPTER 99,silver,0.02
3575092,CHAPTER 99,sitting,0.02
3575097,CHAPTER 99,sixteen,0.02
3575198,CHAPTER 99,sleep,0.02
3575210,CHAPTER 99,sleeves,0.02
3575302,CHAPTER 99,small,0.02
3575333,CHAPTER 99,smoke,0.02
3575372,CHAPTER 99,snatch,0.02
3575459,CHAPTER 99,soil,0.02
3575465,CHAPTER 99,solace,0.02
3575501,CHAPTER 99,soliloquized,0.02
3575568,CHAPTER 99,sorts,0.02
3575593,CHAPTER 99,south,0.02
3575612,CHAPTER 99,spain,0.02
3575647,CHAPTER 99,speaks,0.02
3575699,CHAPTER 99,spend,0.02
3575700,CHAPTER 99,spending,0.02
3575726,CHAPTER 99,spikes,0.02
3575828,CHAPTER 99,spot,0.02
3575980,CHAPTER 99,staring,0.02
3575987,CHAPTER 99,stars,0.02
3576039,CHAPTER 99,stays,0.02
3576193,CHAPTER 99,stop,0.02
3576214,CHAPTER 99,storms,0.02
3576217,CHAPTER 99,stout,0.02
3576250,CHAPTER 99,strangely,0.02
3576302,CHAPTER 99,striking,0.02
3576360,CHAPTER 99,stuck,0.02
3576373,CHAPTER 99,studying,0.02
3576375,CHAPTER 99,stuff,0.02
3576613,CHAPTER 99,sunrise,0.02
3576615,CHAPTER 99,sunset,0.02
3576696,CHAPTER 99,supply,0.02
3576702,CHAPTER 99,suppose,0.02
3576727,CHAPTER 99,surgeon,0.02
3576855,CHAPTER 99,sweet,0.02
3576914,CHAPTER 99,symbol,0.02
3576989,CHAPTER 99,takes,0.02
3576999,CHAPTER 99,talk,0.02
3577000,CHAPTER 99,talked,0.02
3577086,CHAPTER 99,tattooing,0.02
3577088,CHAPTER 99,taught,0.02
3577261,CHAPTER 99,text,0.02
3577327,CHAPTER 99,think,0.02
3577334,CHAPTER 99,thinks,0.02
3577394,CHAPTER 99,threshold,0.02
3577546,CHAPTER 99,tis,0.02
3577584,CHAPTER 99,toes,0.02
3577588,CHAPTER 99,toil,0.02
3577596,CHAPTER 99,token,0.02
3577656,CHAPTER 99,tops,0.02
3577690,CHAPTER 99,tossed,0.02
3577723,CHAPTER 99,towers,0.02
3577986,CHAPTER 99,tropic,0.02
3577990,CHAPTER 99,trouble,0.02
3578028,CHAPTER 99,truth,0.02
3578094,CHAPTER 99,turns,0.02
3578178,CHAPTER 99,ugly,0.02
3578471,CHAPTER 99,unearthly,0.02
3578749,CHAPTER 99,unobserved,0.02
3579162,CHAPTER 99,vain,0.02
3579171,CHAPTER 99,valley,0.02
3579228,CHAPTER 99,ve,0.02
3579352,CHAPTER 99,vice,0.02
3579552,CHAPTER 99,voyagings,0.02
3579597,CHAPTER 99,wait,0.02
3579615,CHAPTER 99,walk,0.02
3579618,CHAPTER 99,walks,0.02
3579655,CHAPTER 99,wanting,0.02
3579734,CHAPTER 99,watching,0.02
3579757,CHAPTER 99,waving,0.02
3579768,CHAPTER 99,ways,0.02
3579794,CHAPTER 99,wears,0.02
3579795,CHAPTER 99,weary,0.02
3579812,CHAPTER 99,wedding,0.02
3579833,CHAPTER 99,weighed,0.02
3579861,CHAPTER 99,west,0.02
3579901,CHAPTER 99,wheeled,0.02
3580150,CHAPTER 99,woe,0.02
3580164,CHAPTER 99,women,0.02
3580165,CHAPTER 99,won,0.02
3580172,CHAPTER 99,wondering,0.02
3580207,CHAPTER 99,words,0.02
3580209,CHAPTER 99,wore,0.02
3580223,CHAPTER 99,worlds,0.02
3580228,CHAPTER 99,worn,0.02
3580252,CHAPTER 99,wound,0.02
3580394,CHAPTER 99,year,0.02
3580414,CHAPTER 99,yesterday,0.02
3555224,CHAPTER 99,ago,0.01
3555992,CHAPTER 99,aspect,0.01
3556264,CHAPTER 99,away,0.01
3556773,CHAPTER 99,beneath,0.01
3557220,CHAPTER 99,bones,0.01
3557259,CHAPTER 99,born,0.01
3557323,CHAPTER 99,bows,0.01
3557333,CHAPTER 99,boy,0.01
3557652,CHAPTER 99,bulwarks,0.01
3557858,CHAPTER 99,came,0.01
3559950,CHAPTER 99,crew,0.01
3560182,CHAPTER 99,cut,0.01
3560334,CHAPTER 99,day,0.01
3560367,CHAPTER 99,death,0.01
3560424,CHAPTER 99,deck,0.01
3561470,CHAPTER 99,don,0.01
3562181,CHAPTER 99,end,0.01
3562475,CHAPTER 99,especially,0.01
3562888,CHAPTER 99,eyes,0.01
3562911,CHAPTER 99,fact,0.01
3563008,CHAPTER 99,far,0.01
3563174,CHAPTER 99,fellow,0.01
3563347,CHAPTER 99,fish,0.01
3563416,CHAPTER 99,flask,0.01
3564441,CHAPTER 99,going,0.01
3564528,CHAPTER 99,grand,0.01
3564614,CHAPTER 99,green,0.01
3564886,CHAPTER 99,hand,0.01
3564905,CHAPTER 99,hands,0.01
3565105,CHAPTER 99,heard,0.01
3565298,CHAPTER 99,high,0.01
3565490,CHAPTER 99,hope,0.01
3565559,CHAPTER 99,hour,0.01
3566878,CHAPTER 99,iron,0.01
3567226,CHAPTER 99,just,0.01
3567641,CHAPTER 99,leaning,0.01
3567821,CHAPTER 99,life,0.01
3568049,CHAPTER 99,long,0.01
3568090,CHAPTER 99,lord,0.01
3568394,CHAPTER 99,make,0.01
3568397,CHAPTER 99,makes,0.01
3568721,CHAPTER 99,means,0.01
3568800,CHAPTER 99,men,0.01
3568941,CHAPTER 99,mighty,0.01
3568985,CHAPTER 99,mind,0.01
3569283,CHAPTER 99,morning,0.01
3569758,CHAPTER 99,night,0.01
3569785,CHAPTER 99,noble,0.01
3569943,CHAPTER 99,object,0.01
3570692,CHAPTER 99,particular,0.01
3570711,CHAPTER 99,pass,0.01
3570716,CHAPTER 99,passed,0.01
3570964,CHAPTER 99,pequod,0.01
3571351,CHAPTER 99,placed,0.01
3571368,CHAPTER 99,plain,0.01
3571534,CHAPTER 99,point,0.01
3571913,CHAPTER 99,present,0.01
3572408,CHAPTER 99,purpose,0.01
3572504,CHAPTER 99,queequeg,0.01
3573402,CHAPTER 99,rest,0.01
3573602,CHAPTER 99,right,0.01
3573976,CHAPTER 99,sailor,0.01
3574128,CHAPTER 99,saw,0.01
3574349,CHAPTER 99,sea,0.01
3574445,CHAPTER 99,seen,0.01
3574590,CHAPTER 99,set,0.01
3574663,CHAPTER 99,shall,0.01
3574969,CHAPTER 99,sight,0.01
3575538,CHAPTER 99,soon,0.01
3575564,CHAPTER 99,sort,0.01
3575572,CHAPTER 99,soul,0.01
3576230,CHAPTER 99,straight,0.01
3576249,CHAPTER 99,strange,0.01
3576517,CHAPTER 99,suddenly,0.01
3576977,CHAPTER 99,tail,0.01
3576990,CHAPTER 99,taking,0.01
3577280,CHAPTER 99,thee,0.01
3577370,CHAPTER 99,thoughts,0.01
3577501,CHAPTER 99,time,0.01
3577633,CHAPTER 99,took,0.01
3578008,CHAPTER 99,true,0.01
3578090,CHAPTER 99,turning,0.01
3579496,CHAPTER 99,voice,0.01
3579726,CHAPTER 99,watch,0.01
3579739,CHAPTER 99,water,0.01
3579748,CHAPTER 99,waters,0.01
3580025,CHAPTER 99,wild,0.01
3580058,CHAPTER 99,wind,0.01
3580166,CHAPTER 99,wonder,0.01
3580205,CHAPTER 99,word,0.01
3580210,CHAPTER 99,work,0.01
3580400,CHAPTER 99,years,0.01
