,chapter,term,tfidf
1421819,CHAPTER 25,oil,0.42
1411403,CHAPTER 25,coronation,0.24
1406837,CHAPTER 25,advocate,0.21
1407308,CHAPTER 25,anoint,0.21
1409798,CHAPTER 25,castor,0.18
1427720,CHAPTER 25,state,0.17
1414634,CHAPTER 25,facts,0.16
1423776,CHAPTER 25,process,0.16
1424221,CHAPTER 25,queens,0.16
1412698,CHAPTER 25,dignity,0.13
1419037,CHAPTER 25,kings,0.12
1416557,CHAPTER 25,hair,0.11
1407311,CHAPTER 25,anoints,0.1
1408715,CHAPTER 25,blameworthy,0.1
1411404,CHAPTER 25,coronations,0.1
1413769,CHAPTER 25,embattling,0.1
1419872,CHAPTER 25,loyal,0.1
1420437,CHAPTER 25,meanly,0.1
1420466,CHAPTER 25,medicinally,0.1
1421820,CHAPTER 25,oiled,0.1
1421822,CHAPTER 25,oils,0.1
1424283,CHAPTER 25,quoggy,0.1
1425704,CHAPTER 25,salad,0.1
1425725,CHAPTER 25,saltcellar,0.1
1426097,CHAPTER 25,seasoning,0.1
1430502,CHAPTER 25,unpolluted,0.1
1407310,CHAPTER 25,anointing,0.09
1408411,CHAPTER 25,behalf,0.09
1409246,CHAPTER 25,britons,0.09
1411209,CHAPTER 25,contemptibly,0.09
1413735,CHAPTER 25,eloquently,0.09
1415692,CHAPTER 25,functions,0.09
1419993,CHAPTER 25,macassar,0.09
1420006,CHAPTER 25,machinery,0.09
1420396,CHAPTER 25,mature,0.09
1422267,CHAPTER 25,palpably,0.09
1425596,CHAPTER 25,ruminated,0.09
1428180,CHAPTER 25,substantiated,0.09
1428426,CHAPTER 25,suppress,0.09
1428576,CHAPTER 25,sweetest,0.09
1429416,CHAPTER 25,totality,0.09
1430427,CHAPTER 25,unmanufactured,0.09
1430536,CHAPTER 25,unreasonable,0.09
1410559,CHAPTER 25,cod,0.08
1414209,CHAPTER 25,essential,0.08
1414219,CHAPTER 25,esteem,0.08
1419672,CHAPTER 25,liver,0.08
1421834,CHAPTER 25,olive,0.08
1424722,CHAPTER 25,regal,0.08
1425585,CHAPTER 25,rule,0.08
1428454,CHAPTER 25,surmise,0.08
1429479,CHAPTER 25,train,0.08
1409920,CHAPTER 25,certain,0.07
1425724,CHAPTER 25,salt,0.07
1427035,CHAPTER 25,smells,0.07
1427202,CHAPTER 25,solemnly,0.07
1428414,CHAPTER 25,supply,0.07
1430831,CHAPTER 25,uses,0.07
1409845,CHAPTER 25,cause,0.06
1411124,CHAPTER 25,considered,0.06
1414650,CHAPTER 25,fain,0.06
1418379,CHAPTER 25,interior,0.06
1420855,CHAPTER 25,modern,0.06
1421310,CHAPTER 25,naught,0.06
1421860,CHAPTER 25,ones,0.06
1423761,CHAPTER 25,probably,0.06
1427546,CHAPTER 25,spot,0.06
1428093,CHAPTER 25,stuff,0.06
1406808,CHAPTER 25,advance,0.05
1408303,CHAPTER 25,bear,0.05
1409921,CHAPTER 25,certainly,0.05
1410936,CHAPTER 25,concerning,0.05
1414892,CHAPTER 25,fellow,0.05
1416199,CHAPTER 25,got,0.05
1416793,CHAPTER 25,head,0.05
1419017,CHAPTER 25,kind,0.05
1419032,CHAPTER 25,king,0.05
1419103,CHAPTER 25,knows,0.05
1420118,CHAPTER 25,making,0.05
1420153,CHAPTER 25,man,0.05
1423413,CHAPTER 25,possibly,0.05
1423548,CHAPTER 25,precisely,0.05
1429746,CHAPTER 25,truth,0.05
1430399,CHAPTER 25,unless,0.05
1430825,CHAPTER 25,use,0.05
1430826,CHAPTER 25,used,0.05
1431712,CHAPTER 25,wholly,0.05
1410762,CHAPTER 25,common,0.04
1411858,CHAPTER 25,curious,0.04
1415897,CHAPTER 25,general,0.04
1416169,CHAPTER 25,gone,0.04
1419102,CHAPTER 25,known,0.04
1425607,CHAPTER 25,run,0.04
1427423,CHAPTER 25,sperm,0.04
1431093,CHAPTER 25,view,0.04
1431599,CHAPTER 25,whalemen,0.04
1431607,CHAPTER 25,whaling,0.04
1409552,CHAPTER 25,called,0.03
1419539,CHAPTER 25,life,0.03
1428859,CHAPTER 25,tell,0.03
1429043,CHAPTER 25,thing,0.03
1429045,CHAPTER 25,think,0.03
1432110,CHAPTER 25,ye,0.03
