,chapter,term,tfidf
1143401,CHAPTER 16,bildad,0.5
1157398,CHAPTER 16,peleg,0.42
1144460,CHAPTER 16,captain,0.24
1163860,CHAPTER 16,thou,0.17
1166890,CHAPTER 16,ye,0.16
1166918,CHAPTER 16,yojo,0.13
1158967,CHAPTER 16,quaker,0.11
1156607,CHAPTER 16,old,0.1
1160464,CHAPTER 16,said,0.1
1161102,CHAPTER 16,seven,0.1
1154933,CHAPTER 16,man,0.09
1161285,CHAPTER 16,ship,0.09
1166150,CHAPTER 16,want,0.09
1141744,CHAPTER 16,ahab,0.08
1147995,CHAPTER 16,dost,0.08
1153876,CHAPTER 16,know,0.08
1163778,CHAPTER 16,thee,0.08
1150951,CHAPTER 16,good,0.07
1156952,CHAPTER 16,owners,0.07
1161106,CHAPTER 16,seventy,0.07
1166387,CHAPTER 16,whaling,0.07
1166929,CHAPTER 16,young,0.07
1140510,CHAPTER 16,275th,0.06
1140860,CHAPTER 16,_lay_,0.06
1148435,CHAPTER 16,eh,0.06
1154098,CHAPTER 16,lay,0.06
1154348,CHAPTER 16,like,0.06
1154439,CHAPTER 16,little,0.06
1157462,CHAPTER 16,pequod,0.06
1159002,CHAPTER 16,queequeg,0.06
1161570,CHAPTER 16,sir,0.06
1163825,CHAPTER 16,think,0.06
1147968,CHAPTER 16,don,0.05
1148041,CHAPTER 16,drab,0.05
1155027,CHAPTER 16,marchant,0.05
1160634,CHAPTER 16,say,0.05
1161079,CHAPTER 16,service,0.05
1161105,CHAPTER 16,seventh,0.05
1161293,CHAPTER 16,shipping,0.05
1163861,CHAPTER 16,thought,0.05
1166048,CHAPTER 16,voyages,0.05
1142426,CHAPTER 16,art,0.04
1144277,CHAPTER 16,cabin,0.04
1146362,CHAPTER 16,craft,0.04
1148011,CHAPTER 16,doubt,0.04
1149678,CHAPTER 16,felt,0.04
1149765,CHAPTER 16,fiery,0.04
1152158,CHAPTER 16,hundredth,0.04
1154465,CHAPTER 16,ll,0.04
1155810,CHAPTER 16,moth,0.04
1155916,CHAPTER 16,mumbling,0.04
1158508,CHAPTER 16,principal,0.04
1158971,CHAPTER 16,quakers,0.04
1159050,CHAPTER 16,quite,0.04
1162062,CHAPTER 16,sort,0.04
1163824,CHAPTER 16,things,0.04
1163947,CHAPTER 16,thy,0.04
1164332,CHAPTER 16,transom,0.04
1165606,CHAPTER 16,used,0.04
1166513,CHAPTER 16,widows,0.04
1140861,CHAPTER 16,_lays_,0.03
1140877,CHAPTER 16,_long,0.03
1142416,CHAPTER 16,arriving,0.03
1142764,CHAPTER 16,awe,0.03
1142786,CHAPTER 16,aye,0.03
1143640,CHAPTER 16,board,0.03
1143727,CHAPTER 16,book,0.03
1144028,CHAPTER 16,broad,0.03
1144434,CHAPTER 16,cape,0.03
1144912,CHAPTER 16,chief,0.03
1145875,CHAPTER 16,conscience,0.03
1146226,CHAPTER 16,corrupt,0.03
1146855,CHAPTER 16,deal,0.03
1147342,CHAPTER 16,determined,0.03
1147438,CHAPTER 16,did,0.03
1149124,CHAPTER 16,exceedingly,0.03
1149378,CHAPTER 16,eye,0.03
1149548,CHAPTER 16,fasting,0.03
1149868,CHAPTER 16,fitted,0.03
1150939,CHAPTER 16,going,0.03
1151447,CHAPTER 16,hard,0.03
1151866,CHAPTER 16,hither,0.03
1151931,CHAPTER 16,home,0.03
1152424,CHAPTER 16,impenitent,0.03
1153162,CHAPTER 16,interlacing,0.03
1153426,CHAPTER 16,ishmael,0.03
1154099,CHAPTER 16,lay_,0.03
1154185,CHAPTER 16,leg,0.03
1154547,CHAPTER 16,long,0.03
1154559,CHAPTER 16,look,0.03
1154603,CHAPTER 16,lost,0.03
1155150,CHAPTER 16,mate,0.03
1155324,CHAPTER 16,merchant,0.03
1155483,CHAPTER 16,mind,0.03
1155740,CHAPTER 16,moody,0.03
1157412,CHAPTER 16,pen,0.03
1157795,CHAPTER 16,pious,0.03
1157816,CHAPTER 16,pit,0.03
1158505,CHAPTER 16,princely,0.03
1159330,CHAPTER 16,receiving,0.03
1160292,CHAPTER 16,round,0.03
1160573,CHAPTER 16,sat,0.03
1160626,CHAPTER 16,saw,0.03
1160773,CHAPTER 16,scowl,0.03
1160847,CHAPTER 16,sea,0.03
1160880,CHAPTER 16,seated,0.03
1160907,CHAPTER 16,sect,0.03
1161732,CHAPTER 16,slightest,0.03
1163805,CHAPTER 16,thews,0.03
1163991,CHAPTER 16,tiller,0.03
1164051,CHAPTER 16,tit,0.03
1164573,CHAPTER 16,tuns,0.03
1165817,CHAPTER 16,vessel,0.03
1166044,CHAPTER 16,voyage,0.03
1166218,CHAPTER 16,wast,0.03
1166371,CHAPTER 16,whale,0.03
1166708,CHAPTER 16,work,0.03
1166719,CHAPTER 16,world,0.03
1166726,CHAPTER 16,worn,0.03
1166898,CHAPTER 16,years,0.03
1141486,CHAPTER 16,added,0.02
1141743,CHAPTER 16,ah,0.02
1141759,CHAPTER 16,ain,0.02
1141784,CHAPTER 16,alarmed,0.02
1142027,CHAPTER 16,ancient,0.02
1142436,CHAPTER 16,articles,0.02
1142706,CHAPTER 16,authority,0.02
1142761,CHAPTER 16,aware,0.02
1143327,CHAPTER 16,best,0.02
1143447,CHAPTER 16,bit,0.02
1143520,CHAPTER 16,blast,0.02
1143687,CHAPTER 16,bold,0.02
1143831,CHAPTER 16,boy,0.02
1144008,CHAPTER 16,bring,0.02
1144231,CHAPTER 16,business,0.02
1144524,CHAPTER 16,carried,0.02
1144535,CHAPTER 16,carry,0.02
1144547,CHAPTER 16,carved,0.02
1144557,CHAPTER 16,cases,0.02
1144700,CHAPTER 16,certain,0.02
1144701,CHAPTER 16,certainly,0.02
1144779,CHAPTER 16,character,0.02
1144936,CHAPTER 16,chin,0.02
1145307,CHAPTER 16,coat,0.02
1145446,CHAPTER 16,coloured,0.02
1145478,CHAPTER 16,come,0.02
1145501,CHAPTER 16,command,0.02
1145502,CHAPTER 16,commanded,0.02
1145542,CHAPTER 16,common,0.02
1145714,CHAPTER 16,concern,0.02
1145898,CHAPTER 16,considerable,0.02
1145905,CHAPTER 16,considering,0.02
1146448,CHAPTER 16,crew,0.02
1146541,CHAPTER 16,cruel,0.02
1146638,CHAPTER 16,curious,0.02
1146733,CHAPTER 16,dam,0.02
1146832,CHAPTER 16,day,0.02
1146837,CHAPTER 16,days,0.02
1146926,CHAPTER 16,decks,0.02
1147441,CHAPTER 16,didst,0.02
1147848,CHAPTER 16,distrustful,0.02
1147921,CHAPTER 16,does,0.02
1147981,CHAPTER 16,door,0.02
1148718,CHAPTER 16,energy,0.02
1148973,CHAPTER 16,especially,0.02
1149100,CHAPTER 16,exactly,0.02
1149386,CHAPTER 16,eyes,0.02
1149409,CHAPTER 16,fact,0.02
1149533,CHAPTER 16,fashioned,0.02
1149601,CHAPTER 16,fear,0.02
1149648,CHAPTER 16,feel,0.02
1149778,CHAPTER 16,figure,0.02
1149801,CHAPTER 16,finally,0.02
1150044,CHAPTER 16,flukes,0.02
1150073,CHAPTER 16,foe,0.02
1150100,CHAPTER 16,followed,0.02
1150233,CHAPTER 16,formed,0.02
1150263,CHAPTER 16,fortunes,0.02
1150264,CHAPTER 16,forward,0.02
1150382,CHAPTER 16,friend,0.02
1150690,CHAPTER 16,generous,0.02
1150792,CHAPTER 16,girl,0.02
1150819,CHAPTER 16,glancing,0.02
1150979,CHAPTER 16,got,0.02
1151104,CHAPTER 16,greatly,0.02
1151346,CHAPTER 16,half,0.02
1151502,CHAPTER 16,hast,0.02
1151553,CHAPTER 16,having,0.02
1151615,CHAPTER 16,heart,0.02
1152006,CHAPTER 16,horn,0.02
1152617,CHAPTER 16,including,0.02
1153062,CHAPTER 16,instead,0.02
1153088,CHAPTER 16,insult,0.02
1153428,CHAPTER 16,island,0.02
1153462,CHAPTER 16,jack,0.02
1153513,CHAPTER 16,jaw,0.02
1153812,CHAPTER 16,king,0.02
1153850,CHAPTER 16,knife,0.02
1153877,CHAPTER 16,knowest,0.02
1153926,CHAPTER 16,lad,0.02
1153963,CHAPTER 16,lance,0.02
1154021,CHAPTER 16,largest,0.02
1154149,CHAPTER 16,learn,0.02
1154168,CHAPTER 16,led,0.02
1154184,CHAPTER 16,left,0.02
1154560,CHAPTER 16,looked,0.02
1154565,CHAPTER 16,looking,0.02
1154895,CHAPTER 16,makes,0.02
1155099,CHAPTER 16,marvellous,0.02
1155126,CHAPTER 16,master,0.02
1155141,CHAPTER 16,masts,0.02
1155306,CHAPTER 16,mend,0.02
1155643,CHAPTER 16,modified,0.02
1155773,CHAPTER 16,morbidness,0.02
1155786,CHAPTER 16,morrow,0.02
1156040,CHAPTER 16,nantucket,0.02
1156041,CHAPTER 16,nantucketer,0.02
1156043,CHAPTER 16,nap,0.02
1156153,CHAPTER 16,needs,0.02
1156193,CHAPTER 16,nervous,0.02
1156208,CHAPTER 16,net,0.02
1156283,CHAPTER 16,noble,0.02
1156569,CHAPTER 16,offered,0.02
1156597,CHAPTER 16,oh,0.02
1156653,CHAPTER 16,open,0.02
1156718,CHAPTER 16,order,0.02
1156747,CHAPTER 16,original,0.02
1156749,CHAPTER 16,originally,0.02
1156767,CHAPTER 16,orphans,0.02
1157104,CHAPTER 16,papers,0.02
1157235,CHAPTER 16,past,0.02
1157318,CHAPTER 16,pay,0.02
1157353,CHAPTER 16,peculiarities,0.02
1157565,CHAPTER 16,person,0.02
1157589,CHAPTER 16,pertaining,0.02
1157819,CHAPTER 16,pitched,0.02
1157849,CHAPTER 16,placed,0.02
1157880,CHAPTER 16,plan,0.02
1158103,CHAPTER 16,ponderous,0.02
1158142,CHAPTER 16,port,0.02
1158411,CHAPTER 16,present,0.02
1158613,CHAPTER 16,profits,0.02
1158642,CHAPTER 16,prolonged,0.02
1159003,CHAPTER 16,queer,0.02
1159041,CHAPTER 16,quietly,0.02
1159196,CHAPTER 16,rare,0.02
1159267,CHAPTER 16,reading,0.02
1159947,CHAPTER 16,retired,0.02
1160395,CHAPTER 16,rush,0.02
1160403,CHAPTER 16,rust,0.02
1160468,CHAPTER 16,sailed,0.02
1160856,CHAPTER 16,seaman,0.02
1160933,CHAPTER 16,seeing,0.02
1160970,CHAPTER 16,selection,0.02
1161094,CHAPTER 16,settle,0.02
1161161,CHAPTER 16,shall,0.02
1161193,CHAPTER 16,shares,0.02
1161290,CHAPTER 16,shipmate,0.02
1161439,CHAPTER 16,sick,0.02
1161471,CHAPTER 16,sign,0.02
1161656,CHAPTER 16,slabs,0.02
1161800,CHAPTER 16,small,0.02
1161944,CHAPTER 16,soft,0.02
1162141,CHAPTER 16,speak,0.02
1162144,CHAPTER 16,speaking,0.02
1162380,CHAPTER 16,squall,0.02
1162626,CHAPTER 16,stiffly,0.02
1162945,CHAPTER 16,subsequent,0.02
1163200,CHAPTER 16,suppose,0.02
1163216,CHAPTER 16,sure,0.02
1163251,CHAPTER 16,surprise,0.02
1163254,CHAPTER 16,surprising,0.02
1163353,CHAPTER 16,sweet,0.02
1163497,CHAPTER 16,talk,0.02
1163639,CHAPTER 16,tell,0.02
1163700,CHAPTER 16,tent,0.02
1163823,CHAPTER 16,thing,0.02
1164096,CHAPTER 16,told,0.02
1164119,CHAPTER 16,tone,0.02
1164201,CHAPTER 16,touched,0.02
1164588,CHAPTER 16,turning,0.02
1164817,CHAPTER 16,uncommon,0.02
1164896,CHAPTER 16,understand,0.02
1165179,CHAPTER 16,unless,0.02
1165726,CHAPTER 16,ve,0.02
1166152,CHAPTER 16,wantest,0.02
1166158,CHAPTER 16,wants,0.02
1166263,CHAPTER 16,way,0.02
1166295,CHAPTER 16,weather,0.02
1166354,CHAPTER 16,went,0.02
1166499,CHAPTER 16,wicked,0.02
1166521,CHAPTER 16,wigwam,0.02
1166549,CHAPTER 16,wilt,0.02
1166604,CHAPTER 16,wish,0.02
1166663,CHAPTER 16,won,0.02
1166801,CHAPTER 16,wrinkles,0.02
1140501,CHAPTER 16,200th,0.01
1140686,CHAPTER 16,_devil,0.01
1140696,CHAPTER 16,_dost_,0.01
1140783,CHAPTER 16,_he,0.01
1140812,CHAPTER 16,_how_,0.01
1140956,CHAPTER 16,_pequod_,0.01
1141107,CHAPTER 16,_sure_,0.01
1141117,CHAPTER 16,_teenth_,0.01
1141145,CHAPTER 16,_tit,0.01
1141271,CHAPTER 16,able,0.01
1141317,CHAPTER 16,absorbed,0.01
1141320,CHAPTER 16,absorbing,0.01
1141341,CHAPTER 16,abundantly,0.01
1141368,CHAPTER 16,accident,0.01
1141369,CHAPTER 16,accidental,0.01
1141394,CHAPTER 16,according,0.01
1141395,CHAPTER 16,accordingly,0.01
1141397,CHAPTER 16,accosted,0.01
1141406,CHAPTER 16,accumulate,0.01
1141414,CHAPTER 16,accursed,0.01
1141440,CHAPTER 16,acquiesce,0.01
1141463,CHAPTER 16,active,0.01
1141592,CHAPTER 16,advancing,0.01
1141595,CHAPTER 16,advantages,0.01
1141597,CHAPTER 16,adventure,0.01
1141602,CHAPTER 16,adventurous,0.01
1141611,CHAPTER 16,advice,0.01
1141628,CHAPTER 16,affair,0.01
1141629,CHAPTER 16,affairs,0.01
1141671,CHAPTER 16,afore,0.01
1141689,CHAPTER 16,age,0.01
1141694,CHAPTER 16,agents,0.01
1141696,CHAPTER 16,aggravate,0.01
1141716,CHAPTER 16,agitated,0.01
1141722,CHAPTER 16,ago,0.01
1141745,CHAPTER 16,ahab_,0.01
1141825,CHAPTER 16,alien,0.01
1141827,CHAPTER 16,aliens,0.01
1141831,CHAPTER 16,alike,0.01
1141904,CHAPTER 16,altered,0.01
1141913,CHAPTER 16,altogether,0.01
1141939,CHAPTER 16,ambition,0.01
1142022,CHAPTER 16,anchor,0.01
1142047,CHAPTER 16,angle,0.01
1142086,CHAPTER 16,annuitants,0.01
1142094,CHAPTER 16,anomalously,0.01
1142102,CHAPTER 16,answer,0.01
1142137,CHAPTER 16,antiquities,0.01
1142166,CHAPTER 16,apex,0.01
1142194,CHAPTER 16,apparelled,0.01
1142205,CHAPTER 16,appearance,0.01
1142235,CHAPTER 16,applied,0.01
1142271,CHAPTER 16,approved,0.01
1142354,CHAPTER 16,arisen,0.01
1142382,CHAPTER 16,arms,0.01
1142476,CHAPTER 16,ashore,0.01
1142481,CHAPTER 16,aside,0.01
1142490,CHAPTER 16,aspect,0.01
1142557,CHAPTER 16,assure,0.01
1142570,CHAPTER 16,astonishment,0.01
1142592,CHAPTER 16,atlantic,0.01
1142669,CHAPTER 16,audacious,0.01
1142673,CHAPTER 16,audible,0.01
1142678,CHAPTER 16,aught,0.01
1142756,CHAPTER 16,awakened,0.01
1142762,CHAPTER 16,away,0.01
1142813,CHAPTER 16,backing,0.01
1142825,CHAPTER 16,bad,0.01
1142951,CHAPTER 16,barbaric,0.01
1143008,CHAPTER 16,base,0.01
1143083,CHAPTER 16,bear,0.01
1143084,CHAPTER 16,beard,0.01
1143086,CHAPTER 16,bearded,0.01
1143092,CHAPTER 16,bearing,0.01
1143118,CHAPTER 16,becket,0.01
1143123,CHAPTER 16,bed,0.01
1143138,CHAPTER 16,bedroom,0.01
1143141,CHAPTER 16,bedstead,0.01
1143148,CHAPTER 16,beef,0.01
1143168,CHAPTER 16,befriending,0.01
1143170,CHAPTER 16,began,0.01
1143237,CHAPTER 16,bellied,0.01
1143250,CHAPTER 16,belongs,0.01
1143271,CHAPTER 16,beneath,0.01
1143285,CHAPTER 16,benevolent,0.01
1143345,CHAPTER 16,bethink,0.01
1143359,CHAPTER 16,better,0.01
1143379,CHAPTER 16,bible,0.01
1143420,CHAPTER 16,bind,0.01
1143436,CHAPTER 16,birth,0.01
1143448,CHAPTER 16,bit_,0.01
1143456,CHAPTER 16,bitter,0.01
1143464,CHAPTER 16,black,0.01
1143521,CHAPTER 16,blasted,0.01
1143539,CHAPTER 16,bled,0.01
1143541,CHAPTER 16,bleeding,0.01
1143545,CHAPTER 16,blend,0.01
1143588,CHAPTER 16,blocks,0.01
1143591,CHAPTER 16,blood,0.01
1143596,CHAPTER 16,bloodshed,0.01
1143616,CHAPTER 16,blue,0.01
1143635,CHAPTER 16,blusterer,0.01
1143651,CHAPTER 16,boat,0.01
1143668,CHAPTER 16,bodied,0.01
1143674,CHAPTER 16,body,0.01
1143694,CHAPTER 16,bolt,0.01
1143697,CHAPTER 16,bolts,0.01
1143715,CHAPTER 16,bone,0.01
1143718,CHAPTER 16,bones,0.01
1143757,CHAPTER 16,born,0.01
1143784,CHAPTER 16,bound,0.01
1143791,CHAPTER 16,boundless,0.01
1143806,CHAPTER 16,bow,0.01
1143821,CHAPTER 16,bows,0.01
1143827,CHAPTER 16,box,0.01
1143860,CHAPTER 16,brain,0.01
1143896,CHAPTER 16,brawny,0.01
1143907,CHAPTER 16,bread,0.01
1143918,CHAPTER 16,breast,0.01
1143978,CHAPTER 16,brief,0.01
1143999,CHAPTER 16,brim,0.01
1144002,CHAPTER 16,brimmed,0.01
1144010,CHAPTER 16,bringing,0.01
1144071,CHAPTER 16,brought,0.01
1144074,CHAPTER 16,brown,0.01
1144105,CHAPTER 16,buckler,0.01
1144130,CHAPTER 16,built,0.01
1144150,CHAPTER 16,bulwarks,0.01
1144189,CHAPTER 16,burden,0.01
1144225,CHAPTER 16,burying,0.01
1144246,CHAPTER 16,butter,0.01
1144255,CHAPTER 16,buttoned,0.01
1144265,CHAPTER 16,bye,0.01
1144332,CHAPTER 16,called,0.01
1144341,CHAPTER 16,calmly,0.01
1144343,CHAPTER 16,calms,0.01
1144381,CHAPTER 16,candidate,0.01
1144394,CHAPTER 16,cannibal,0.01
1144398,CHAPTER 16,cannibals,0.01
1144419,CHAPTER 16,canterbury,0.01
1144421,CHAPTER 16,canting,0.01
1144486,CHAPTER 16,cared,0.01
1144489,CHAPTER 16,career,0.01
1144549,CHAPTER 16,carving,0.01
1144553,CHAPTER 16,case,0.01
1144601,CHAPTER 16,categut,0.01
1144606,CHAPTER 16,cathedral,0.01
1144628,CHAPTER 16,causes,0.01
1144651,CHAPTER 16,celebrated,0.01
1144656,CHAPTER 16,celerity,0.01
1144676,CHAPTER 16,census,0.01
1144692,CHAPTER 16,century,0.01
1144722,CHAPTER 16,chair,0.01
1144747,CHAPTER 16,chance,0.01
1144749,CHAPTER 16,chancery,0.01
1144825,CHAPTER 16,chased,0.01
1144889,CHAPTER 16,cherished,0.01
1144899,CHAPTER 16,chest,0.01
1144906,CHAPTER 16,chewed,0.01
1144913,CHAPTER 16,chiefly,0.01
1144916,CHAPTER 16,child,0.01
1144918,CHAPTER 16,childhood,0.01
1144923,CHAPTER 16,children,0.01
1144945,CHAPTER 16,chipped,0.01
1145038,CHAPTER 16,circle,0.01
1145074,CHAPTER 16,circumstances,0.01
1145128,CHAPTER 16,clap,0.01
1145129,CHAPTER 16,clapped,0.01
1145156,CHAPTER 16,clattering,0.01
1145160,CHAPTER 16,claw,0.01
1145172,CHAPTER 16,clear,0.01
1145240,CHAPTER 16,close,0.01
1145251,CHAPTER 16,cloth,0.01
1145254,CHAPTER 16,clothes,0.01
1145256,CHAPTER 16,clothing,0.01
1145260,CHAPTER 16,cloud,0.01
1145290,CHAPTER 16,clutch,0.01
1145293,CHAPTER 16,clutching,0.01
1145304,CHAPTER 16,coast,0.01
1145339,CHAPTER 16,cod,0.01
1145418,CHAPTER 16,colleges,0.01
1145430,CHAPTER 16,cologne,0.01
1145499,CHAPTER 16,coming,0.01
1145537,CHAPTER 16,committing,0.01
1145582,CHAPTER 16,company,0.01
1145628,CHAPTER 16,complete,0.01
1145630,CHAPTER 16,completely,0.01
1145635,CHAPTER 16,complexion,0.01
1145689,CHAPTER 16,concealed,0.01
1145705,CHAPTER 16,concentrating,0.01
1145716,CHAPTER 16,concerning,0.01
1145717,CHAPTER 16,concernment,0.01
1145720,CHAPTER 16,concert,0.01
1145726,CHAPTER 16,concluded,0.01
1145728,CHAPTER 16,concluding,0.01
1145729,CHAPTER 16,conclusion,0.01
1145731,CHAPTER 16,concocted,0.01
1145785,CHAPTER 16,confidence,0.01
1145791,CHAPTER 16,confiding,0.01
1145842,CHAPTER 16,conical,0.01
1145877,CHAPTER 16,conscientious,0.01
1145897,CHAPTER 16,consider,0.01
1145902,CHAPTER 16,consideration,0.01
1145912,CHAPTER 16,consistency,0.01
1145913,CHAPTER 16,consisting,0.01
1145933,CHAPTER 16,constellations,0.01
1145948,CHAPTER 16,constructed,0.01
1145957,CHAPTER 16,consulting,0.01
1145982,CHAPTER 16,contemplative,0.01
1145996,CHAPTER 16,content,0.01
1146013,CHAPTER 16,continual,0.01
1146022,CHAPTER 16,continuous,0.01
1146261,CHAPTER 16,count,0.01
1146404,CHAPTER 16,crazy,0.01
1146420,CHAPTER 16,creature,0.01
1146421,CHAPTER 16,creatures,0.01
1146453,CHAPTER 16,cried,0.01
1146497,CHAPTER 16,crony,0.01
1146508,CHAPTER 16,crossed,0.01
1146522,CHAPTER 16,crow,0.01
1146524,CHAPTER 16,crowd,0.01
1146531,CHAPTER 16,crowned,0.01
1146564,CHAPTER 16,crunched,0.01
1146639,CHAPTER 16,curiously,0.01
1146680,CHAPTER 16,cut,0.01
1146734,CHAPTER 16,dam_,0.01
1146743,CHAPTER 16,damned,0.01
1146781,CHAPTER 16,dare,0.01
1146787,CHAPTER 16,daring,0.01
1146788,CHAPTER 16,dark,0.01
1146789,CHAPTER 16,darkened,0.01
1146808,CHAPTER 16,dashes,0.01
1146900,CHAPTER 16,deceive,0.01
1146913,CHAPTER 16,decided,0.01
1146922,CHAPTER 16,deck,0.01
1146952,CHAPTER 16,dedicating,0.01
1146960,CHAPTER 16,deemed,0.01
1146967,CHAPTER 16,deeper,0.01
1147016,CHAPTER 16,deftly,0.01
1147028,CHAPTER 16,degree,0.01
1147092,CHAPTER 16,demanded,0.01
1147264,CHAPTER 16,designs,0.01
1147290,CHAPTER 16,desperate,0.01
1147351,CHAPTER 16,detract,0.01
1147365,CHAPTER 16,device,0.01
1147367,CHAPTER 16,devil,0.01
1147388,CHAPTER 16,devoured,0.01
1147440,CHAPTER 16,didn,0.01
1147443,CHAPTER 16,died,0.01
1147488,CHAPTER 16,diligently,0.01
1147530,CHAPTER 16,directions,0.01
1147643,CHAPTER 16,disease,0.01
1147684,CHAPTER 16,disincline,0.01
1147880,CHAPTER 16,dividends,0.01
1147922,CHAPTER 16,doesn,0.01
1147931,CHAPTER 16,dogs,0.01
1148009,CHAPTER 16,doubloons,0.01
1148014,CHAPTER 16,doubting,0.01
1148042,CHAPTER 16,drabbest,0.01
1148059,CHAPTER 16,dramatic,0.01
1148060,CHAPTER 16,dramatically,0.01
1148074,CHAPTER 16,drawing,0.01
1148265,CHAPTER 16,duties,0.01
1148268,CHAPTER 16,duty,0.01
1148292,CHAPTER 16,eagerness,0.01
1148301,CHAPTER 16,early,0.01
1148303,CHAPTER 16,earned,0.01
1148304,CHAPTER 16,earnest,0.01
1148305,CHAPTER 16,earnestly,0.01
1148310,CHAPTER 16,earth,0.01
1148362,CHAPTER 16,economical,0.01
1148394,CHAPTER 16,educated,0.01
1148403,CHAPTER 16,effect,0.01
1148407,CHAPTER 16,effectual,0.01
1148431,CHAPTER 16,egress,0.01
1148432,CHAPTER 16,egypt,0.01
1148455,CHAPTER 16,elastic,0.01
1148467,CHAPTER 16,elderly,0.01
1148522,CHAPTER 16,eluded,0.01
1148566,CHAPTER 16,embodiment,0.01
1148607,CHAPTER 16,emperor,0.01
1148679,CHAPTER 16,end,0.01
1148704,CHAPTER 16,ends,0.01
1148714,CHAPTER 16,enemies,0.01
1148727,CHAPTER 16,engage,0.01
1148764,CHAPTER 16,enjoined,0.01
1148769,CHAPTER 16,enjoying,0.01
1148931,CHAPTER 16,ere,0.01
1148935,CHAPTER 16,erection,0.01
1148944,CHAPTER 16,errand,0.01
1148999,CHAPTER 16,esteem,0.01
1149027,CHAPTER 16,ethiopian,0.01
1149055,CHAPTER 16,evening,0.01
1149062,CHAPTER 16,eventually,0.01
1149074,CHAPTER 16,everyway,0.01
1149096,CHAPTER 16,exact,0.01
1149128,CHAPTER 16,excellence,0.01
1149157,CHAPTER 16,exclamation,0.01
1149206,CHAPTER 16,exhausted,0.01
1149272,CHAPTER 16,experience,0.01
1149321,CHAPTER 16,expressed,0.01
1149347,CHAPTER 16,extinct,0.01
1149382,CHAPTER 16,eyeing,0.01
1149400,CHAPTER 16,faced,0.01
1149438,CHAPTER 16,fair,0.01
1149478,CHAPTER 16,family,0.01
1149506,CHAPTER 16,far,0.01
1149523,CHAPTER 16,farthing,0.01
1149529,CHAPTER 16,fashion,0.01
1149538,CHAPTER 16,fasten,0.01
1149564,CHAPTER 16,fatherless,0.01
1149568,CHAPTER 16,fathoms,0.01
1149625,CHAPTER 16,features,0.01
1149650,CHAPTER 16,feeling,0.01
1149655,CHAPTER 16,feet,0.01
1149698,CHAPTER 16,ferocity,0.01
1149718,CHAPTER 16,fetch,0.01
1149739,CHAPTER 16,fibres,0.01
1149774,CHAPTER 16,fighting,0.01
1149792,CHAPTER 16,filled,0.01
1149805,CHAPTER 16,finding,0.01
1149807,CHAPTER 16,fine,0.01
1149827,CHAPTER 16,fired,0.01
1149831,CHAPTER 16,fireside,0.01
1149873,CHAPTER 16,fixed,0.01
1149879,CHAPTER 16,flag,0.01
1149898,CHAPTER 16,flames,0.01
1149945,CHAPTER 16,fleet,0.01
1149954,CHAPTER 16,flesh,0.01
1149999,CHAPTER 16,flood,0.01
1150074,CHAPTER 16,foes,0.01
1150113,CHAPTER 16,foolish,0.01
1150116,CHAPTER 16,fools,0.01
1150118,CHAPTER 16,foot,0.01
1150119,CHAPTER 16,footed,0.01
1150138,CHAPTER 16,forbidding,0.01
1150142,CHAPTER 16,force,0.01
1150151,CHAPTER 16,forecast,0.01
1150196,CHAPTER 16,forewarned,0.01
1150218,CHAPTER 16,forgotten,0.01
1150248,CHAPTER 16,forth,0.01
1150262,CHAPTER 16,fortune,0.01
1150272,CHAPTER 16,fought,0.01
1150279,CHAPTER 16,founder,0.01
1150282,CHAPTER 16,foundering,0.01
1150354,CHAPTER 16,french,0.01
1150366,CHAPTER 16,fresh,0.01
1150408,CHAPTER 16,fro,0.01
1150544,CHAPTER 16,gale,0.01
1150545,CHAPTER 16,gales,0.01
1150560,CHAPTER 16,galliots,0.01
1150614,CHAPTER 16,garnished,0.01
1150643,CHAPTER 16,gaunt,0.01
1150647,CHAPTER 16,gave,0.01
1150652,CHAPTER 16,gayhead,0.01
1150677,CHAPTER 16,general,0.01
1150744,CHAPTER 16,gettest,0.01
1150798,CHAPTER 16,given,0.01
1150817,CHAPTER 16,glanced,0.01
1150866,CHAPTER 16,globular,0.01
1150917,CHAPTER 16,goat,0.01
1150924,CHAPTER 16,god,0.01
1150943,CHAPTER 16,gold,0.01
1150949,CHAPTER 16,gone,0.01
1150953,CHAPTER 16,goodly,0.01
1150960,CHAPTER 16,gore,0.01
1151026,CHAPTER 16,grand,0.01
1151101,CHAPTER 16,great,0.01
1151105,CHAPTER 16,greatness,0.01
1151112,CHAPTER 16,green,0.01
1151130,CHAPTER 16,grenadier,0.01
1151139,CHAPTER 16,grief,0.01
1151148,CHAPTER 16,grim,0.01
1151155,CHAPTER 16,grindstone,0.01
1151166,CHAPTER 16,groaned,0.01
1151191,CHAPTER 16,grotesqueness,0.01
1151269,CHAPTER 16,gun,0.01
1151307,CHAPTER 16,habituated,0.01
1151331,CHAPTER 16,hailed,0.01
1151337,CHAPTER 16,hair,0.01
1151341,CHAPTER 16,hairy,0.01
1151342,CHAPTER 16,hake,0.01
1151370,CHAPTER 16,hammer,0.01
1151403,CHAPTER 16,hands,0.01
1151430,CHAPTER 16,happens,0.01
1151438,CHAPTER 16,harbor,0.01
1151467,CHAPTER 16,harm,0.01
1151479,CHAPTER 16,harpoon,0.01
1151481,CHAPTER 16,harpooneer,0.01
1151509,CHAPTER 16,hat,0.01
1151573,CHAPTER 16,head,0.01
1151576,CHAPTER 16,header,0.01
1151602,CHAPTER 16,hear,0.01
1151603,CHAPTER 16,heard,0.01
1151616,CHAPTER 16,hearted,0.01
1151631,CHAPTER 16,hearty,0.01
1151648,CHAPTER 16,heavily,0.01
1151651,CHAPTER 16,heavy,0.01
1151661,CHAPTER 16,heeded,0.01
1151689,CHAPTER 16,held,0.01
1151692,CHAPTER 16,hell,0.01
1151695,CHAPTER 16,helm,0.01
1151699,CHAPTER 16,helmsman,0.01
1151701,CHAPTER 16,help,0.01
1151719,CHAPTER 16,hempen,0.01
1151742,CHAPTER 16,hereditary,0.01
1151773,CHAPTER 16,heterogeneous,0.01
1151796,CHAPTER 16,high,0.01
1151798,CHAPTER 16,highest,0.01
1151835,CHAPTER 16,hint,0.01
1151836,CHAPTER 16,hinted,0.01
1151900,CHAPTER 16,hold,0.01
1151907,CHAPTER 16,holds,0.01
1151922,CHAPTER 16,hollow,0.01
1151993,CHAPTER 16,hopeless,0.01
1151998,CHAPTER 16,hopped,0.01
1152002,CHAPTER 16,horizon,0.01
1152012,CHAPTER 16,horns,0.01
1152039,CHAPTER 16,hospital,0.01
1152060,CHAPTER 16,house,0.01
1152100,CHAPTER 16,huge,0.01
1152109,CHAPTER 16,hull,0.01
1152112,CHAPTER 16,human,0.01
1152117,CHAPTER 16,humanities,0.01
1152132,CHAPTER 16,humiliation,0.01
1152142,CHAPTER 16,humorous,0.01
1152143,CHAPTER 16,humorously,0.01
1152162,CHAPTER 16,hunks,0.01
1152168,CHAPTER 16,hunters,0.01
1152247,CHAPTER 16,idea,0.01
1152253,CHAPTER 16,identical,0.01
1152260,CHAPTER 16,idiom,0.01
1152266,CHAPTER 16,idleness,0.01
1152288,CHAPTER 16,ignorant,0.01
1152305,CHAPTER 16,illimitably,0.01
1152346,CHAPTER 16,imbibing,0.01
1152360,CHAPTER 16,immediately,0.01
1152387,CHAPTER 16,immutableness,0.01
1152407,CHAPTER 16,impatience,0.01
1152431,CHAPTER 16,imperfectly,0.01
1152469,CHAPTER 16,importance,0.01
1152503,CHAPTER 16,impressions,0.01
1152561,CHAPTER 16,inasmuch,0.01
1152590,CHAPTER 16,inches,0.01
1152593,CHAPTER 16,incidentally,0.01
1152609,CHAPTER 16,inclined,0.01
1152624,CHAPTER 16,income,0.01
1152646,CHAPTER 16,inconsiderable,0.01
1152661,CHAPTER 16,incorrigible,0.01
1152700,CHAPTER 16,independently,0.01
1152710,CHAPTER 16,indians,0.01
1152736,CHAPTER 16,indispensable,0.01
1152748,CHAPTER 16,individual,0.01
1152761,CHAPTER 16,indolence,0.01
1152816,CHAPTER 16,infallibly,0.01
1152844,CHAPTER 16,inferred,0.01
1152911,CHAPTER 16,inhabitants,0.01
1152944,CHAPTER 16,ink,0.01
1152949,CHAPTER 16,inlaid,0.01
1152966,CHAPTER 16,innocence,0.01
1152977,CHAPTER 16,innuendoes,0.01
1152982,CHAPTER 16,inordinate,0.01
1152988,CHAPTER 16,inquiries,0.01
1152989,CHAPTER 16,inquiring,0.01
1152990,CHAPTER 16,inquiringly,0.01
1153019,CHAPTER 16,inserted,0.01
1153023,CHAPTER 16,inside,0.01
1153024,CHAPTER 16,insider,0.01
1153040,CHAPTER 16,insisted,0.01
1153055,CHAPTER 16,instances,0.01
1153086,CHAPTER 16,insular,0.01
1153087,CHAPTER 16,insulated,0.01
1153122,CHAPTER 16,intense,0.01
1153131,CHAPTER 16,intention,0.01
1153133,CHAPTER 16,intently,0.01
1153148,CHAPTER 16,interested,0.01
1153203,CHAPTER 16,interrupted,0.01
1153215,CHAPTER 16,intervals,0.01
1153280,CHAPTER 16,invaded,0.01
1153282,CHAPTER 16,invaders,0.01
1153310,CHAPTER 16,invest,0.01
1153405,CHAPTER 16,irrespective,0.01
1153410,CHAPTER 16,irreverence,0.01
1153415,CHAPTER 16,irrevocably,0.01
1153431,CHAPTER 16,isle,0.01
1153435,CHAPTER 16,isn,0.01
1153457,CHAPTER 16,ivory,0.01
1153494,CHAPTER 16,japan,0.01
1153495,CHAPTER 16,japanese,0.01
1153515,CHAPTER 16,jaws,0.01
1153623,CHAPTER 16,jolly,0.01
1153641,CHAPTER 16,jot,0.01
1153677,CHAPTER 16,judgment,0.01
1153703,CHAPTER 16,jump,0.01
1153715,CHAPTER 16,junks,0.01
1153724,CHAPTER 16,just,0.01
1153748,CHAPTER 16,keenest,0.01
1153753,CHAPTER 16,keeps,0.01
1153789,CHAPTER 16,killed,0.01
1153797,CHAPTER 16,kind,0.01
1153817,CHAPTER 16,kings,0.01
1153870,CHAPTER 16,knot,0.01
1153878,CHAPTER 16,knowing,0.01
1153880,CHAPTER 16,knowledge,0.01
1153882,CHAPTER 16,known,0.01
1153905,CHAPTER 16,labors,0.01
1153913,CHAPTER 16,laced,0.01
1153918,CHAPTER 16,lack,0.01
1153940,CHAPTER 16,laid,0.01
1153950,CHAPTER 16,lamb,0.01
1153968,CHAPTER 16,land,0.01
1153981,CHAPTER 16,landsman,0.01
1153987,CHAPTER 16,language,0.01
1154016,CHAPTER 16,large,0.01
1154067,CHAPTER 16,laughing,0.01
1154106,CHAPTER 16,lays,0.01
1154133,CHAPTER 16,leaky,0.01
1154137,CHAPTER 16,leaned,0.01
1154154,CHAPTER 16,learnt,0.01
1154159,CHAPTER 16,leaves,0.01
1154160,CHAPTER 16,leaving,0.01
1154182,CHAPTER 16,leeward,0.01
1154213,CHAPTER 16,legs,0.01
1154223,CHAPTER 16,length,0.01
1154233,CHAPTER 16,lent,0.01
1154248,CHAPTER 16,lest,0.01
1154249,CHAPTER 16,let,0.01
1154258,CHAPTER 16,letting,0.01
1154272,CHAPTER 16,leviathan,0.01
1154305,CHAPTER 16,lick,0.01
1154310,CHAPTER 16,lie,0.01
1154319,CHAPTER 16,life,0.01
1154326,CHAPTER 16,lifting,0.01
1154330,CHAPTER 16,light,0.01
1154362,CHAPTER 16,limber,0.01
1154393,CHAPTER 16,lingo,0.01
1154419,CHAPTER 16,listen,0.01
1154442,CHAPTER 16,liturgies,0.01
1154444,CHAPTER 16,live,0.01
1154457,CHAPTER 16,lives,0.01
1154511,CHAPTER 16,lodge,0.01
1154524,CHAPTER 16,lofty,0.01
1154568,CHAPTER 16,looks,0.01
1154576,CHAPTER 16,loose,0.01
1154602,CHAPTER 16,loss,0.01
1154629,CHAPTER 16,lovely,0.01
1154639,CHAPTER 16,lower,0.01
1154655,CHAPTER 16,lt,0.01
1154667,CHAPTER 16,lucky,0.01
1154674,CHAPTER 16,lug,0.01
1154676,CHAPTER 16,luggers,0.01
1154698,CHAPTER 16,lungs,0.01
1154794,CHAPTER 16,mad,0.01
1154854,CHAPTER 16,magnitude,0.01
1154872,CHAPTER 16,main,0.01
1154892,CHAPTER 16,make,0.01
1154940,CHAPTER 16,management,0.01
1155047,CHAPTER 16,mark,0.01
1155057,CHAPTER 16,marling,0.01
1155106,CHAPTER 16,mask,0.01
1155113,CHAPTER 16,mass,0.01
1155115,CHAPTER 16,massachusetts,0.01
1155123,CHAPTER 16,mast,0.01
1155152,CHAPTER 16,material,0.01
1155159,CHAPTER 16,mateship,0.01
1155171,CHAPTER 16,matter,0.01
1155172,CHAPTER 16,matters,0.01
1155188,CHAPTER 16,mayest,0.01
1155211,CHAPTER 16,mean,0.01
1155220,CHAPTER 16,meant,0.01
1155222,CHAPTER 16,measure,0.01
1155243,CHAPTER 16,medes,0.01
1155268,CHAPTER 16,melancholy,0.01
1155298,CHAPTER 16,men,0.01
1155315,CHAPTER 16,mention,0.01
1155413,CHAPTER 16,microscopic,0.01
1155417,CHAPTER 16,middle,0.01
1155435,CHAPTER 16,mightier,0.01
1155439,CHAPTER 16,mighty,0.01
1155511,CHAPTER 16,minutest,0.01
1155579,CHAPTER 16,mistaken,0.01
1155675,CHAPTER 16,moment,0.01
1155691,CHAPTER 16,money,0.01
1155693,CHAPTER 16,mong,0.01
1155713,CHAPTER 16,monotonous,0.01
1155722,CHAPTER 16,monstrousest,0.01
1155781,CHAPTER 16,morning,0.01
1155789,CHAPTER 16,mortal,0.01
1155811,CHAPTER 16,mother,0.01
1155839,CHAPTER 16,mountainous,0.01
1155864,CHAPTER 16,moved,0.01
1155929,CHAPTER 16,murdering,0.01
1155942,CHAPTER 16,muscles,0.01
1155995,CHAPTER 16,mutually,0.01
1156005,CHAPTER 16,mystery,0.01
1156023,CHAPTER 16,nail,0.01
1156032,CHAPTER 16,named,0.01
1156036,CHAPTER 16,names,0.01
1156042,CHAPTER 16,nantucketers,0.01
1156063,CHAPTER 16,narrow,0.01
1156074,CHAPTER 16,nation,0.01
1156079,CHAPTER 16,native,0.01
1156082,CHAPTER 16,natural,0.01
1156085,CHAPTER 16,naturally,0.01
1156086,CHAPTER 16,nature,0.01
1156110,CHAPTER 16,nearer,0.01
1156113,CHAPTER 16,nearly,0.01
1156134,CHAPTER 16,neck,0.01
1156194,CHAPTER 16,nervously,0.01
1156225,CHAPTER 16,new,0.01
1156256,CHAPTER 16,night,0.01
1156316,CHAPTER 16,noon,0.01
1156326,CHAPTER 16,north,0.01
1156336,CHAPTER 16,nose,0.01
1156357,CHAPTER 16,noticing,0.01
1156388,CHAPTER 16,number,0.01
1156417,CHAPTER 16,oaken,0.01
1156452,CHAPTER 16,obliged,0.01
1156453,CHAPTER 16,oblique,0.01
1156454,CHAPTER 16,obliquely,0.01
1156509,CHAPTER 16,obvious,0.01
1156533,CHAPTER 16,ocean,0.01
1156535,CHAPTER 16,oceans,0.01
1156577,CHAPTER 16,officers,0.01
1156640,CHAPTER 16,ones,0.01
1156655,CHAPTER 16,opening,0.01
1156746,CHAPTER 16,origin,0.01
1156800,CHAPTER 16,outburst,0.01
1156828,CHAPTER 16,outrage,0.01
1156864,CHAPTER 16,overboard,0.01
1156897,CHAPTER 16,overlook,0.01
1156907,CHAPTER 16,overruling,0.01
1156946,CHAPTER 16,owest,0.01
1156950,CHAPTER 16,owned,0.01
1156951,CHAPTER 16,owner,0.01
1156954,CHAPTER 16,owning,0.01
1156966,CHAPTER 16,pacific,0.01
1156987,CHAPTER 16,pagan,0.01
1156990,CHAPTER 16,pageant,0.01
1156994,CHAPTER 16,paid,0.01
1157002,CHAPTER 16,painfulness,0.01
1157004,CHAPTER 16,pains,0.01
1157159,CHAPTER 16,parmacetty,0.01
1157190,CHAPTER 16,particular,0.01
1157206,CHAPTER 16,party,0.01
1157209,CHAPTER 16,pass,0.01
1157210,CHAPTER 16,passage,0.01
1157320,CHAPTER 16,pays,0.01
1157352,CHAPTER 16,peculiar,0.01
1157381,CHAPTER 16,peep,0.01
1157388,CHAPTER 16,peered,0.01
1157422,CHAPTER 16,pendants,0.01
1157456,CHAPTER 16,people,0.01
1157466,CHAPTER 16,perceived,0.01
1157515,CHAPTER 16,perished,0.01
1157641,CHAPTER 16,phase,0.01
1157752,CHAPTER 16,pilgrim,0.01
1157767,CHAPTER 16,pilot,0.01
1157790,CHAPTER 16,pins,0.01
1157798,CHAPTER 16,pipe,0.01
1157805,CHAPTER 16,pirate,0.01
1157818,CHAPTER 16,pitch,0.01
1157888,CHAPTER 16,plank,0.01
1157892,CHAPTER 16,plans,0.01
1157897,CHAPTER 16,planted,0.01
1158026,CHAPTER 16,poetical,0.01
1158032,CHAPTER 16,point,0.01
1158038,CHAPTER 16,pointing,0.01
1158063,CHAPTER 16,polished,0.01
1158115,CHAPTER 16,poor,0.01
1158171,CHAPTER 16,ports,0.01
1158181,CHAPTER 16,positively,0.01
1158231,CHAPTER 16,pottowottamie,0.01
1158267,CHAPTER 16,practical,0.01
1158290,CHAPTER 16,prayer,0.01
1158366,CHAPTER 16,prejudices,0.01
1158392,CHAPTER 16,prepared,0.01
1158467,CHAPTER 16,pretty,0.01
1158541,CHAPTER 16,probably,0.01
1158552,CHAPTER 16,proceeded,0.01
1158554,CHAPTER 16,proceedings,0.01
1158555,CHAPTER 16,proceeds,0.01
1158577,CHAPTER 16,produced,0.01
1158588,CHAPTER 16,profane,0.01
1158699,CHAPTER 16,prophetic,0.01
1158708,CHAPTER 16,proportioned,0.01
1158710,CHAPTER 16,propose,0.01
1158721,CHAPTER 16,proprietors,0.01
1158734,CHAPTER 16,prospect,0.01
1158751,CHAPTER 16,protested,0.01
1158761,CHAPTER 16,proud,0.01
1158765,CHAPTER 16,prove,0.01
1158772,CHAPTER 16,provided,0.01
1158806,CHAPTER 16,pryed,0.01
1158907,CHAPTER 16,purposed,0.01
1158914,CHAPTER 16,pursed,0.01
1158936,CHAPTER 16,putting,0.01
1158938,CHAPTER 16,puzzled,0.01
1158964,CHAPTER 16,quaint,0.01
1158965,CHAPTER 16,quaintness,0.01
1158969,CHAPTER 16,quakerish,0.01
1158970,CHAPTER 16,quakerism,0.01
1158977,CHAPTER 16,quantity,0.01
1158988,CHAPTER 16,quarter,0.01
1159004,CHAPTER 16,queerest,0.01
1159017,CHAPTER 16,questionably,0.01
1159022,CHAPTER 16,quick,0.01
1159029,CHAPTER 16,quickly,0.01
1159037,CHAPTER 16,quiet,0.01
1159102,CHAPTER 16,rage,0.01
1159145,CHAPTER 16,ramadan,0.01
1159164,CHAPTER 16,ran,0.01
1159168,CHAPTER 16,random,0.01
1159270,CHAPTER 16,ready,0.01
1159326,CHAPTER 16,receive,0.01
1159327,CHAPTER 16,received,0.01
1159385,CHAPTER 16,reconciled,0.01
1159497,CHAPTER 16,refusing,0.01
1159509,CHAPTER 16,regarded,0.01
1159597,CHAPTER 16,relied,0.01
1159604,CHAPTER 16,religion,0.01
1159621,CHAPTER 16,remained,0.01
1159622,CHAPTER 16,remaining,0.01
1159633,CHAPTER 16,remember,0.01
1159646,CHAPTER 16,reminiscence,0.01
1159657,CHAPTER 16,remonstrances,0.01
1159668,CHAPTER 16,remotest,0.01
1159713,CHAPTER 16,repeated,0.01
1159741,CHAPTER 16,replied,0.01
1159743,CHAPTER 16,reply,0.01
1159745,CHAPTER 16,report,0.01
1159792,CHAPTER 16,reputation,0.01
1159795,CHAPTER 16,request,0.01
1159847,CHAPTER 16,resigned,0.01
1159880,CHAPTER 16,respective,0.01
1159886,CHAPTER 16,respite,0.01
1159897,CHAPTER 16,responsible,0.01
1159900,CHAPTER 16,rest,0.01
1159927,CHAPTER 16,results,0.01
1159934,CHAPTER 16,retain,0.01
1159948,CHAPTER 16,retiring,0.01
1159974,CHAPTER 16,revealed,0.01
1159996,CHAPTER 16,reverend,0.01
1160037,CHAPTER 16,reward,0.01
1160072,CHAPTER 16,rid,0.01
1160100,CHAPTER 16,right,0.01
1160165,CHAPTER 16,rising,0.01
1160196,CHAPTER 16,roared,0.01
1160201,CHAPTER 16,rob,0.01
1160232,CHAPTER 16,rolled,0.01
1160239,CHAPTER 16,roman,0.01
1160266,CHAPTER 16,rope,0.01
1160398,CHAPTER 16,rushing,0.01
1160427,CHAPTER 16,sachem,0.01
1160439,CHAPTER 16,sacrificial,0.01
1160458,CHAPTER 16,sagacity,0.01
1160459,CHAPTER 16,sage,0.01
1160466,CHAPTER 16,sail,0.01
1160470,CHAPTER 16,sailing,0.01
1160471,CHAPTER 16,sailings,0.01
1160476,CHAPTER 16,sailors,0.01
1160497,CHAPTER 16,sallied,0.01
1160547,CHAPTER 16,sanguinary,0.01
1160604,CHAPTER 16,sauntering,0.01
1160607,CHAPTER 16,savage,0.01
1160612,CHAPTER 16,save,0.01
1160637,CHAPTER 16,saying,0.01
1160639,CHAPTER 16,says,0.01
1160662,CHAPTER 16,scandinavian,0.01
1160686,CHAPTER 16,scattered,0.01
1160708,CHAPTER 16,school,0.01
1160749,CHAPTER 16,scorning,0.01
1160811,CHAPTER 16,scripture,0.01
1160812,CHAPTER 16,scriptures,0.01
1160823,CHAPTER 16,scruples,0.01
1160859,CHAPTER 16,seamen,0.01
1160876,CHAPTER 16,seasoned,0.01
1160890,CHAPTER 16,seclusion,0.01
1160913,CHAPTER 16,securely,0.01
1160943,CHAPTER 16,seen,0.01
1160969,CHAPTER 16,selecting,0.01
1160971,CHAPTER 16,self,0.01
1161012,CHAPTER 16,sensible,0.01
1161042,CHAPTER 16,sepulchral,0.01
1161077,CHAPTER 16,served,0.01
1161088,CHAPTER 16,set,0.01
1161095,CHAPTER 16,settled,0.01
1161129,CHAPTER 16,shad,0.01
1161186,CHAPTER 16,shape,0.01
1161191,CHAPTER 16,share,0.01
1161195,CHAPTER 16,shark,0.01
1161199,CHAPTER 16,sharp,0.01
1161202,CHAPTER 16,sharpening,0.01
1161205,CHAPTER 16,sharply,0.01
1161214,CHAPTER 16,shavings,0.01
1161227,CHAPTER 16,sheaves,0.01
1161292,CHAPTER 16,shipped,0.01
1161295,CHAPTER 16,ships,0.01
1161330,CHAPTER 16,shooting,0.01
1161334,CHAPTER 16,shore,0.01
1161340,CHAPTER 16,short,0.01
1161352,CHAPTER 16,shouldered,0.01
1161419,CHAPTER 16,shut,0.01
1161434,CHAPTER 16,siberia,0.01
1161467,CHAPTER 16,sight,0.01
1161481,CHAPTER 16,significance,0.01
1161489,CHAPTER 16,signing,0.01
1161523,CHAPTER 16,simple,0.01
1161547,CHAPTER 16,single,0.01
1161551,CHAPTER 16,singularly,0.01
1161555,CHAPTER 16,sink,0.01
1161662,CHAPTER 16,slain,0.01
1161727,CHAPTER 16,sliding,0.01
1161745,CHAPTER 16,slipped,0.01
1161763,CHAPTER 16,sloped,0.01
1161982,CHAPTER 16,solemnly,0.01
1162026,CHAPTER 16,son,0.01
1162054,CHAPTER 16,sore,0.01
1162056,CHAPTER 16,sorrow,0.01
1162061,CHAPTER 16,sorry,0.01
1162070,CHAPTER 16,soul,0.01
1162103,CHAPTER 16,space,0.01
1162123,CHAPTER 16,spare,0.01
1162171,CHAPTER 16,spectacles,0.01
1162193,CHAPTER 16,spell,0.01
1162194,CHAPTER 16,spelling,0.01
1162203,CHAPTER 16,sperm,0.01
1162222,CHAPTER 16,spike,0.01
1162229,CHAPTER 16,spilled,0.01
1162237,CHAPTER 16,spines,0.01
1162282,CHAPTER 16,splice,0.01
1162315,CHAPTER 16,sported,0.01
1162385,CHAPTER 16,square,0.01
1162396,CHAPTER 16,squaw,0.01
1162424,CHAPTER 16,staggered,0.01
1162432,CHAPTER 16,stained,0.01
1162459,CHAPTER 16,stand,0.01
1162486,CHAPTER 16,start,0.01
1162487,CHAPTER 16,started,0.01
1162488,CHAPTER 16,starting,0.01
1162489,CHAPTER 16,startled,0.01
1162500,CHAPTER 16,state,0.01
1162504,CHAPTER 16,stately,0.01
1162546,CHAPTER 16,steadily,0.01
1162564,CHAPTER 16,steed,0.01
1162577,CHAPTER 16,steer,0.01
1162580,CHAPTER 16,steered,0.01
1162588,CHAPTER 16,step,0.01
1162591,CHAPTER 16,stepped,0.01
1162602,CHAPTER 16,stern,0.01
1162634,CHAPTER 16,stillness,0.01
1162644,CHAPTER 16,stingy,0.01
1162659,CHAPTER 16,stiver,0.01
1162664,CHAPTER 16,stocks,0.01
1162677,CHAPTER 16,stone,0.01
1162684,CHAPTER 16,stood,0.01
1162714,CHAPTER 16,story,0.01
1162715,CHAPTER 16,stout,0.01
1162718,CHAPTER 16,stove,0.01
1162728,CHAPTER 16,straight,0.01
1162747,CHAPTER 16,strange,0.01
1162748,CHAPTER 16,strangely,0.01
1162750,CHAPTER 16,stranger,0.01
1162790,CHAPTER 16,stricken,0.01
1162792,CHAPTER 16,strictest,0.01
1162835,CHAPTER 16,strongly,0.01
1162871,CHAPTER 16,studying,0.01
1162873,CHAPTER 16,stuff,0.01
1162882,CHAPTER 16,stump,0.01
1162903,CHAPTER 16,style,0.01
1162992,CHAPTER 16,succeed,0.01
1163140,CHAPTER 16,superfluous,0.01
1163151,CHAPTER 16,superior,0.01
1163191,CHAPTER 16,supplied,0.01
1163203,CHAPTER 16,supposing,0.01
1163219,CHAPTER 16,surest,0.01
1163252,CHAPTER 16,surprised,0.01
1163286,CHAPTER 16,suspended,0.01
1163294,CHAPTER 16,suspicious,0.01
1163312,CHAPTER 16,swallow,0.01
1163340,CHAPTER 16,swear,0.01
1163341,CHAPTER 16,swearing,0.01
1163380,CHAPTER 16,swindle,0.01
1163385,CHAPTER 16,swinging,0.01
1163405,CHAPTER 16,sworn,0.01
1163431,CHAPTER 16,sympathy,0.01
1163448,CHAPTER 16,table,0.01
1163482,CHAPTER 16,tails,0.01
1163486,CHAPTER 16,taken,0.01
1163487,CHAPTER 16,takes,0.01
1163488,CHAPTER 16,taking,0.01
1163499,CHAPTER 16,talkest,0.01
1163558,CHAPTER 16,tartar,0.01
1163565,CHAPTER 16,task,0.01
1163631,CHAPTER 16,teeth,0.01
1163640,CHAPTER 16,tellest,0.01
1163654,CHAPTER 16,tempest,0.01
1163661,CHAPTER 16,temporarily,0.01
1163662,CHAPTER 16,temporary,0.01
1163685,CHAPTER 16,tendons,0.01
1163688,CHAPTER 16,tenement,0.01
1163708,CHAPTER 16,term,0.01
1163714,CHAPTER 16,terms,0.01
1163722,CHAPTER 16,terrible,0.01
1163764,CHAPTER 16,thank,0.01
1163830,CHAPTER 16,thinking,0.01
1163846,CHAPTER 16,thirty,0.01
1163853,CHAPTER 16,thorkill,0.01
1163865,CHAPTER 16,thoughtfulness,0.01
1163868,CHAPTER 16,thoughts,0.01
1163869,CHAPTER 16,thousand,0.01
1163893,CHAPTER 16,threw,0.01
1163903,CHAPTER 16,throat,0.01
1163936,CHAPTER 16,thunder,0.01
1163939,CHAPTER 16,thundered,0.01
1163960,CHAPTER 16,tide,0.01
1163989,CHAPTER 16,till,0.01
1163996,CHAPTER 16,timber,0.01
1163999,CHAPTER 16,time,0.01
1164003,CHAPTER 16,times,0.01
1164050,CHAPTER 16,tistig,0.01
1164081,CHAPTER 16,toed,0.01
1164104,CHAPTER 16,tomahawk,0.01
1164204,CHAPTER 16,touching,0.01
1164251,CHAPTER 16,tragedies,0.01
1164255,CHAPTER 16,tragically,0.01
1164357,CHAPTER 16,travelled,0.01
1164374,CHAPTER 16,treasure,0.01
1164376,CHAPTER 16,treasures,0.01
1164417,CHAPTER 16,triangular,0.01
1164419,CHAPTER 16,tribe,0.01
1164431,CHAPTER 16,tricking,0.01
1164439,CHAPTER 16,trifles,0.01
1164440,CHAPTER 16,trifling,0.01
1164482,CHAPTER 16,trophies,0.01
1164488,CHAPTER 16,trouble,0.01
1164506,CHAPTER 16,true,0.01
1164532,CHAPTER 16,trying,0.01
1164548,CHAPTER 16,tufted,0.01
1164587,CHAPTER 16,turned,0.01
1164593,CHAPTER 16,turnstile,0.01
1164608,CHAPTER 16,twas,0.01
1164613,CHAPTER 16,twelvemonth,0.01
1164641,CHAPTER 16,twitched,0.01
1164654,CHAPTER 16,typhoons,0.01
1164697,CHAPTER 16,unaccountable,0.01
1164805,CHAPTER 16,unclad,0.01
1164843,CHAPTER 16,unconsciously,0.01
1165073,CHAPTER 16,ungodly,0.01
1165152,CHAPTER 16,unite,0.01
1165153,CHAPTER 16,united,0.01
1165182,CHAPTER 16,unlike,0.01
1165185,CHAPTER 16,unlimited,0.01
1165212,CHAPTER 16,unmatched,0.01
1165227,CHAPTER 16,unmitigated,0.01
1165259,CHAPTER 16,unoutgrown,0.01
1165264,CHAPTER 16,unpanelled,0.01
1165397,CHAPTER 16,unseen,0.01
1165498,CHAPTER 16,untraditionally,0.01
1165548,CHAPTER 16,unworthy,0.01
1165580,CHAPTER 16,upright,0.01
1165624,CHAPTER 16,utilitarian,0.01
1165629,CHAPTER 16,utter,0.01
1165657,CHAPTER 16,vagueness,0.01
1165662,CHAPTER 16,vainly,0.01
1165677,CHAPTER 16,value,0.01
1165685,CHAPTER 16,vanish,0.01
1165702,CHAPTER 16,variety,0.01
1165704,CHAPTER 16,variously,0.01
1165749,CHAPTER 16,venerable,0.01
1165756,CHAPTER 16,vengeance,0.01
1165786,CHAPTER 16,veriest,0.01
1165818,CHAPTER 16,vessels,0.01
1165819,CHAPTER 16,vest,0.01
1165827,CHAPTER 16,vesture,0.01
1165873,CHAPTER 16,view,0.01
1165880,CHAPTER 16,vigor,0.01
1165887,CHAPTER 16,vile,0.01
1165914,CHAPTER 16,vineyard,0.01
1165934,CHAPTER 16,virgin,0.01
1165950,CHAPTER 16,visible,0.01
1166011,CHAPTER 16,volume,0.01
1166017,CHAPTER 16,voluntary,0.01
1166071,CHAPTER 16,wages,0.01
1166091,CHAPTER 16,waistcoat,0.01
1166103,CHAPTER 16,wake,0.01
1166114,CHAPTER 16,walked,0.01
1166172,CHAPTER 16,wards,0.01
1166183,CHAPTER 16,warming,0.01
1166188,CHAPTER 16,warn,0.01
1166228,CHAPTER 16,watches,0.01
1166237,CHAPTER 16,water,0.01
1166246,CHAPTER 16,waters,0.01
1166252,CHAPTER 16,waved,0.01
1166254,CHAPTER 16,waves,0.01
1166266,CHAPTER 16,ways,0.01
1166281,CHAPTER 16,wear,0.01
1166308,CHAPTER 16,wedded,0.01
1166377,CHAPTER 16,whaled,0.01
1166378,CHAPTER 16,whaleman,0.01
1166380,CHAPTER 16,whaler,0.01
1166382,CHAPTER 16,whales,0.01
1166397,CHAPTER 16,wheel,0.01
1166425,CHAPTER 16,whew,0.01
1166432,CHAPTER 16,whim,0.01
1166471,CHAPTER 16,whistled,0.01
1166492,CHAPTER 16,wholly,0.01
1166512,CHAPTER 16,widowed,0.01
1166517,CHAPTER 16,wife,0.01
1166523,CHAPTER 16,wild,0.01
1166530,CHAPTER 16,wilful,0.01
1166541,CHAPTER 16,willing,0.01
1166543,CHAPTER 16,willingness,0.01
1166571,CHAPTER 16,windward,0.01
1166621,CHAPTER 16,withdrawing,0.01
1166675,CHAPTER 16,wonders,0.01
1166683,CHAPTER 16,wood,0.01
1166686,CHAPTER 16,wooden,0.01
1166703,CHAPTER 16,word,0.01
1166736,CHAPTER 16,worshipped,0.01
1166747,CHAPTER 16,worthy,0.01
1166748,CHAPTER 16,wouldn,0.01
1166768,CHAPTER 16,wrath,0.01
1166797,CHAPTER 16,wriggling,0.01
1166800,CHAPTER 16,wrinkled,0.01
1166817,CHAPTER 16,wrong,0.01
1166865,CHAPTER 16,xxxix,0.01
1166911,CHAPTER 16,yes,0.01
