,chapter,term,tfidf
2504103,CHAPTER 62,harpooneer,0.32
2499422,CHAPTER 62,dart,0.27
2509042,CHAPTER 62,oar,0.21
2519286,CHAPTER 62,wonder,0.21
2501878,CHAPTER 62,expected,0.2
2504208,CHAPTER 62,headsman,0.19
2515620,CHAPTER 62,successful,0.14
2512938,CHAPTER 62,rowing,0.13
2518993,CHAPTER 62,whale,0.13
2514811,CHAPTER 62,speed,0.12
2519001,CHAPTER 62,whalemen,0.11
2515108,CHAPTER 62,start,0.1
2495677,CHAPTER 62,bawl,0.09
2496273,CHAPTER 62,boat,0.09
2496275,CHAPTER 62,boatheader,0.09
2496443,CHAPTER 62,bows,0.09
2502162,CHAPTER 62,fastener,0.09
2495679,CHAPTER 62,bawling,0.08
2497446,CHAPTER 62,chase,0.08
2500401,CHAPTER 62,disrated,0.08
2501034,CHAPTER 62,efficiency,0.08
2501775,CHAPTER 62,exciting,0.08
2501829,CHAPTER 62,exhausting,0.08
2501873,CHAPTER 62,expect,0.08
2502051,CHAPTER 62,failures,0.08
2502474,CHAPTER 62,fishery,0.08
2504101,CHAPTER 62,harpoon,0.08
2504104,CHAPTER 62,harpooneers,0.08
2506412,CHAPTER 62,killer,0.08
2507501,CHAPTER 62,maintains,0.08
2511551,CHAPTER 62,pushes,0.08
2515133,CHAPTER 62,station,0.08
2515765,CHAPTER 62,superhuman,0.08
2498732,CHAPTER 62,convinced,0.07
2501608,CHAPTER 62,essays,0.07
2501780,CHAPTER 62,exclamations,0.07
2501828,CHAPTER 62,exhausted,0.07
2501830,CHAPTER 62,exhaustion,0.07
2502471,CHAPTER 62,fisherman,0.07
2504046,CHAPTER 62,hapless,0.07
2504232,CHAPTER 62,hears,0.07
2504246,CHAPTER 62,heartily,0.07
2504888,CHAPTER 62,idleness,0.07
2504990,CHAPTER 62,imminent,0.07
2505076,CHAPTER 62,implement,0.07
2505213,CHAPTER 62,incident,0.07
2505722,CHAPTER 62,insure,0.07
2505869,CHAPTER 62,intrepid,0.07
2505911,CHAPTER 62,invariable,0.07
2505979,CHAPTER 62,involve,0.07
2506161,CHAPTER 62,jeopardy,0.07
2507223,CHAPTER 62,losing,0.07
2507428,CHAPTER 62,madly,0.07
2507513,CHAPTER 62,majority,0.07
2508564,CHAPTER 62,muscles,0.07
2508696,CHAPTER 62,nation,0.07
2511977,CHAPTER 62,recklessly,0.07
2513981,CHAPTER 62,shouting,0.07
2515115,CHAPTER 62,starts,0.07
2515206,CHAPTER 62,steersman,0.07
2515360,CHAPTER 62,straining,0.07
2517863,CHAPTER 62,unnecessary,0.07
2518258,CHAPTER 62,uttermost,0.07
2493928,CHAPTER 62,absent,0.06
2494087,CHAPTER 62,activity,0.06
2495616,CHAPTER 62,barrels,0.06
2496296,CHAPTER 62,body,0.06
2496546,CHAPTER 62,breath,0.06
2497248,CHAPTER 62,caused,0.06
2497372,CHAPTER 62,chances,0.06
2497377,CHAPTER 62,change,0.06
2498213,CHAPTER 62,compass,0.06
2498336,CHAPTER 62,concern,0.06
2498665,CHAPTER 62,contrary,0.06
2499136,CHAPTER 62,crotch,0.06
2499273,CHAPTER 62,cursed,0.06
2499856,CHAPTER 62,described,0.06
2501894,CHAPTER 62,experience,0.06
2502277,CHAPTER 62,feet,0.06
2502467,CHAPTER 62,fish,0.06
2502567,CHAPTER 62,fleet,0.06
2502669,CHAPTER 62,flung,0.06
2502796,CHAPTER 62,foremost,0.06
2503725,CHAPTER 62,greatest,0.06
2503968,CHAPTER 62,half,0.06
2505289,CHAPTER 62,incredible,0.06
2506498,CHAPTER 62,know,0.06
2507224,CHAPTER 62,loss,0.06
2507234,CHAPTER 62,loud,0.06
2508815,CHAPTER 62,nervous,0.06
2509131,CHAPTER 62,obvious,0.06
2509196,CHAPTER 62,officer,0.06
2509574,CHAPTER 62,owners,0.06
2511264,CHAPTER 62,prolonged,0.06
2513533,CHAPTER 62,secure,0.06
2513581,CHAPTER 62,seize,0.06
2514352,CHAPTER 62,slight,0.06
2515156,CHAPTER 62,stay,0.06
2515358,CHAPTER 62,strained,0.06
2516284,CHAPTER 62,temporary,0.06
2516708,CHAPTER 62,toil,0.06
2518225,CHAPTER 62,usage,0.06
2518773,CHAPTER 62,wanted,0.06
2494016,CHAPTER 62,according,0.05
2494092,CHAPTER 62,actually,0.05
2494303,CHAPTER 62,aft,0.05
2496840,CHAPTER 62,burst,0.05
2497107,CHAPTER 62,care,0.05
2497308,CHAPTER 62,centre,0.05
2497399,CHAPTER 62,chapter,0.05
2497696,CHAPTER 62,circumstances,0.05
2499104,CHAPTER 62,critical,0.05
2500426,CHAPTER 62,distance,0.05
2500767,CHAPTER 62,drop,0.05
2501734,CHAPTER 62,example,0.05
2502060,CHAPTER 62,fair,0.05
2502735,CHAPTER 62,foolish,0.05
2502769,CHAPTER 62,fore,0.05
2506585,CHAPTER 62,lance,0.05
2506979,CHAPTER 62,likewise,0.05
2507061,CHAPTER 62,little,0.05
2508775,CHAPTER 62,needs,0.05
2510440,CHAPTER 62,pitch,0.05
2510475,CHAPTER 62,places,0.05
2511311,CHAPTER 62,proper,0.05
2511460,CHAPTER 62,pull,0.05
2511462,CHAPTER 62,pulling,0.05
2512241,CHAPTER 62,remain,0.05
2512335,CHAPTER 62,repeated,0.05
2513907,CHAPTER 62,ship,0.05
2515109,CHAPTER 62,started,0.05
2515122,CHAPTER 62,state,0.05
2515400,CHAPTER 62,strength,0.05
2515420,CHAPTER 62,strike,0.05
2515453,CHAPTER 62,strong,0.05
2516109,CHAPTER 62,takes,0.05
2516468,CHAPTER 62,thirty,0.05
2517058,CHAPTER 62,tried,0.05
2518440,CHAPTER 62,vessels,0.05
2494991,CHAPTER 62,arm,0.04
2496213,CHAPTER 62,blood,0.04
2497534,CHAPTER 62,chief,0.04
2498338,CHAPTER 62,concerning,0.04
2498984,CHAPTER 62,craft,0.04
2504273,CHAPTER 62,heavy,0.04
2505678,CHAPTER 62,instant,0.04
2506504,CHAPTER 62,known,0.04
2507169,CHAPTER 62,long,0.04
2507517,CHAPTER 62,makes,0.04
2507841,CHAPTER 62,means,0.04
2512522,CHAPTER 62,rest,0.04
2513009,CHAPTER 62,run,0.04
2513012,CHAPTER 62,running,0.04
2513513,CHAPTER 62,second,0.04
2516110,CHAPTER 62,taking,0.04
2517208,CHAPTER 62,turn,0.04
2518325,CHAPTER 62,various,0.04
2518339,CHAPTER 62,vast,0.04
2519330,CHAPTER 62,work,0.04
2496954,CHAPTER 62,called,0.03
2505998,CHAPTER 62,iron,0.03
2513710,CHAPTER 62,set,0.03
2514825,CHAPTER 62,sperm,0.03
2515081,CHAPTER 62,stand,0.03
2518666,CHAPTER 62,voyage,0.03
2519009,CHAPTER 62,whaling,0.03
2519325,CHAPTER 62,word,0.03
2519341,CHAPTER 62,world,0.03
2519520,CHAPTER 62,years,0.03
2512914,CHAPTER 62,round,0.02
2516621,CHAPTER 62,time,0.02
2518885,CHAPTER 62,way,0.02
