,chapter,term,tfidf
2941540,CHAPTER 77,tun,0.41
2928649,CHAPTER 77,heidelburgh,0.29
2936040,CHAPTER 77,quoin,0.19
2927209,CHAPTER 77,forming,0.18
2943345,CHAPTER 77,whale,0.17
2939177,CHAPTER 77,sperm,0.14
2921527,CHAPTER 77,case,0.11
2925550,CHAPTER 77,embraces,0.11
2930156,CHAPTER 77,internal,0.11
2942551,CHAPTER 77,upper,0.11
2927137,CHAPTER 77,forehead,0.1
2939813,CHAPTER 77,structure,0.1
2935861,CHAPTER 77,pure,0.09
2939178,CHAPTER 77,spermaceti,0.09
2927207,CHAPTER 77,formed,0.08
2931197,CHAPTER 77,length,0.08
2935294,CHAPTER 77,precious,0.08
2938967,CHAPTER 77,solid,0.08
2918549,CHAPTER 77,adornment,0.07
2923348,CHAPTER 77,cranium,0.07
2923394,CHAPTER 77,creature,0.07
2923557,CHAPTER 77,crystalline,0.07
2923862,CHAPTER 77,decapitating,0.07
2925087,CHAPTER 77,dribbles,0.07
2925653,CHAPTER 77,end,0.07
2926005,CHAPTER 77,euclidean,0.07
2928547,CHAPTER 77,head,0.07
2928924,CHAPTER 77,honeycomb,0.07
2930850,CHAPTER 77,know,0.07
2934377,CHAPTER 77,pelisse,0.07
2936041,CHAPTER 77,quoins,0.07
2939885,CHAPTER 77,subdivide,0.07
2939929,CHAPTER 77,substance,0.07
2941683,CHAPTER 77,unalloyed,0.07
2943196,CHAPTER 77,wastingly,0.07
2918285,CHAPTER 77,absolutely,0.06
2919844,CHAPTER 77,baling,0.06
2921637,CHAPTER 77,cells,0.06
2922282,CHAPTER 77,coated,0.06
2922283,CHAPTER 77,coating,0.06
2922441,CHAPTER 77,combinations,0.06
2922708,CHAPTER 77,concrete,0.06
2923211,CHAPTER 77,costly,0.06
2923861,CHAPTER 77,decapitated,0.06
2923975,CHAPTER 77,defined,0.06
2924340,CHAPTER 77,devices,0.06
2924431,CHAPTER 77,differs,0.06
2925417,CHAPTER 77,eighty,0.06
2925536,CHAPTER 77,emblematical,0.06
2925818,CHAPTER 77,entire,0.06
2926290,CHAPTER 77,exposure,0.06
2926781,CHAPTER 77,fine,0.06
2927222,CHAPTER 77,forth,0.06
2929580,CHAPTER 77,inclination,0.06
2929824,CHAPTER 77,infiltrated,0.06
2929952,CHAPTER 77,innumerable,0.06
2930052,CHAPTER 77,instrument,0.06
2930253,CHAPTER 77,invade,0.06
2930261,CHAPTER 77,invaluable,0.06
2930389,CHAPTER 77,irrevocably,0.06
2931106,CHAPTER 77,leaks,0.06
2931350,CHAPTER 77,limpid,0.06
2931370,CHAPTER 77,lining,0.06
2931613,CHAPTER 77,lower,0.06
2931789,CHAPTER 77,magazine,0.06
2932136,CHAPTER 77,mathematics,0.06
2932259,CHAPTER 77,membrane,0.06
2932982,CHAPTER 77,mystically,0.06
2933434,CHAPTER 77,oblong,0.06
2933526,CHAPTER 77,odoriferous,0.06
2933644,CHAPTER 77,operator,0.06
2934313,CHAPTER 77,pearl,0.06
2934852,CHAPTER 77,plaited,0.06
2935509,CHAPTER 77,prized,0.06
2936378,CHAPTER 77,recrossing,0.06
2937017,CHAPTER 77,rhenish,0.06
2937044,CHAPTER 77,richness,0.06
2937509,CHAPTER 77,sanctuary,0.06
2938305,CHAPTER 77,shoots,0.06
2938474,CHAPTER 77,silken,0.06
2939886,CHAPTER 77,subdivided,0.06
2940128,CHAPTER 77,superlative,0.06
2940511,CHAPTER 77,tapped,0.06
2940657,CHAPTER 77,tendinous,0.06
2940931,CHAPTER 77,ticklish,0.06
2940945,CHAPTER 77,tierce,0.06
2941711,CHAPTER 77,unavoidable,0.06
2942461,CHAPTER 77,untimely,0.06
2942892,CHAPTER 77,vintages,0.06
2943285,CHAPTER 77,wedge,0.06
2943548,CHAPTER 77,wines,0.06
2943891,CHAPTER 77,yields,0.06
2919169,CHAPTER 77,apparent,0.05
2919324,CHAPTER 77,aright,0.05
2919601,CHAPTER 77,attend,0.05
2920083,CHAPTER 77,beautiful,0.05
2920158,CHAPTER 77,begins,0.05
2920224,CHAPTER 77,belongs,0.05
2920698,CHAPTER 77,bony,0.05
2921467,CHAPTER 77,careless,0.05
2922420,CHAPTER 77,coloured,0.05
2922561,CHAPTER 77,compared,0.05
2922638,CHAPTER 77,comprehend,0.05
2922950,CHAPTER 77,contains,0.05
2922976,CHAPTER 77,contents,0.05
2924027,CHAPTER 77,delicate,0.05
2924177,CHAPTER 77,depth,0.05
2924852,CHAPTER 77,divide,0.05
2924853,CHAPTER 77,divided,0.05
2925429,CHAPTER 77,elastic,0.05
2925828,CHAPTER 77,entrance,0.05
2926213,CHAPTER 77,expanded,0.05
2926312,CHAPTER 77,extent,0.05
2926713,CHAPTER 77,fibres,0.05
2927012,CHAPTER 77,fluid,0.05
2927212,CHAPTER 77,forms,0.05
2927538,CHAPTER 77,gallons,0.05
2928075,CHAPTER 77,great,0.05
2928636,CHAPTER 77,heedful,0.05
2928693,CHAPTER 77,hempen,0.05
2928775,CHAPTER 77,highly,0.05
2928979,CHAPTER 77,horizontally,0.05
2929583,CHAPTER 77,inclined,0.05
2929937,CHAPTER 77,inner,0.05
2930688,CHAPTER 77,junk,0.05
2931202,CHAPTER 77,lengthwise,0.05
2931222,CHAPTER 77,lest,0.05
2932126,CHAPTER 77,material,0.05
2932968,CHAPTER 77,mutual,0.05
2933067,CHAPTER 77,nautical,0.05
2933577,CHAPTER 77,oily,0.05
2933637,CHAPTER 77,operated,0.05
2933640,CHAPTER 77,operation,0.05
2934465,CHAPTER 77,perfectly,0.05
2934855,CHAPTER 77,plane,0.05
2935261,CHAPTER 77,pray,0.05
2936485,CHAPTER 77,regarding,0.05
2936712,CHAPTER 77,replenished,0.05
2937888,CHAPTER 77,securing,0.05
2937970,CHAPTER 77,sending,0.05
2938573,CHAPTER 77,sized,0.05
2939203,CHAPTER 77,spilled,0.05
2939543,CHAPTER 77,steep,0.05
2939920,CHAPTER 77,subsequently,0.05
2940682,CHAPTER 77,term,0.05
2941183,CHAPTER 77,tough,0.05
2941792,CHAPTER 77,uncommonly,0.05
2941837,CHAPTER 77,unctuous,0.05
2942644,CHAPTER 77,valleys,0.05
2942785,CHAPTER 77,vertical,0.05
2943388,CHAPTER 77,whereof,0.05
2943498,CHAPTER 77,wilderness,0.05
2921521,CHAPTER 77,carved,0.04
2922872,CHAPTER 77,considerable,0.04
2923484,CHAPTER 77,crossing,0.04
2925468,CHAPTER 77,elevated,0.04
2925768,CHAPTER 77,enormous,0.04
2925881,CHAPTER 77,equal,0.04
2926103,CHAPTER 77,excellent,0.04
2926526,CHAPTER 77,fatal,0.04
2926629,CHAPTER 77,feet,0.04
2927117,CHAPTER 77,forced,0.04
2928870,CHAPTER 77,hoisted,0.04
2929209,CHAPTER 77,ice,0.04
2929337,CHAPTER 77,immense,0.04
2930028,CHAPTER 77,instance,0.04
2930036,CHAPTER 77,instead,0.04
2930489,CHAPTER 77,jaws,0.04
2932073,CHAPTER 77,marvellous,0.04
2933059,CHAPTER 77,naturally,0.04
2935153,CHAPTER 77,position,0.04
2935167,CHAPTER 77,possibly,0.04
2936483,CHAPTER 77,regarded,0.04
2936597,CHAPTER 77,remains,0.04
2936909,CHAPTER 77,retained,0.04
2937241,CHAPTER 77,ropes,0.04
2938067,CHAPTER 77,setting,0.04
2938424,CHAPTER 77,sides,0.04
2938428,CHAPTER 77,sideways,0.04
2939300,CHAPTER 77,spot,0.04
2939474,CHAPTER 77,state,0.04
2939796,CHAPTER 77,stroke,0.04
2940195,CHAPTER 77,surface,0.04
2940437,CHAPTER 77,tackles,0.04
2940507,CHAPTER 77,tapering,0.04
2943091,CHAPTER 77,wall,0.04
2943211,CHAPTER 77,water,0.04
2920692,CHAPTER 77,bones,0.03
2921002,CHAPTER 77,broad,0.03
2921045,CHAPTER 77,brought,0.03
2921205,CHAPTER 77,business,0.03
2922048,CHAPTER 77,circumstances,0.03
2922214,CHAPTER 77,close,0.03
2922458,CHAPTER 77,comes,0.03
2923612,CHAPTER 77,curious,0.03
2923664,CHAPTER 77,cutting,0.03
2923839,CHAPTER 77,death,0.03
2926457,CHAPTER 77,famous,0.03
2927238,CHAPTER 77,forward,0.03
2927313,CHAPTER 77,free,0.03
2927656,CHAPTER 77,generally,0.03
2928527,CHAPTER 77,having,0.03
2930856,CHAPTER 77,known,0.03
2930990,CHAPTER 77,large,0.03
2931577,CHAPTER 77,lost,0.03
2932087,CHAPTER 77,mass,0.03
2932391,CHAPTER 77,middle,0.03
2933573,CHAPTER 77,oil,0.03
2934164,CHAPTER 77,particular,0.03
2934179,CHAPTER 77,parts,0.03
2935962,CHAPTER 77,quarter,0.03
2936024,CHAPTER 77,quite,0.03
2938062,CHAPTER 77,set,0.03
2938173,CHAPTER 77,sharp,0.03
2940843,CHAPTER 77,thousand,0.03
2942691,CHAPTER 77,vast,0.03
2943466,CHAPTER 77,wholly,0.03
2943650,CHAPTER 77,wondrous,0.03
2918735,CHAPTER 77,air,0.02
2919736,CHAPTER 77,away,0.02
2921306,CHAPTER 77,called,0.02
2926480,CHAPTER 77,far,0.02
2927925,CHAPTER 77,good,0.02
2930698,CHAPTER 77,just,0.02
2931223,CHAPTER 77,let,0.02
2931293,CHAPTER 77,life,0.02
2931866,CHAPTER 77,make,0.02
2937438,CHAPTER 77,said,0.02
2937917,CHAPTER 77,seen,0.02
2938259,CHAPTER 77,ship,0.02
2939010,CHAPTER 77,soon,0.02
2939721,CHAPTER 77,strange,0.02
2940797,CHAPTER 77,thing,0.02
2943450,CHAPTER 77,white,0.02
2931322,CHAPTER 77,like,0.01
