,chapter,term,tfidf
2742893,CHAPTER 70,head,0.25
2755180,CHAPTER 70,thou,0.17
2742822,CHAPTER 70,hast,0.16
2757691,CHAPTER 70,whale,0.13
2734994,CHAPTER 70,body,0.1
2735659,CHAPTER 70,calm,0.1
2753728,CHAPTER 70,st,0.1
2754132,CHAPTER 70,stripped,0.1
2755884,CHAPTER 70,tumultuous,0.1
2734679,CHAPTER 70,better,0.09
2738242,CHAPTER 70,deck,0.09
2744442,CHAPTER 70,intense,0.09
2735261,CHAPTER 70,breeze,0.08
2742065,CHAPTER 70,getting,0.08
2743216,CHAPTER 70,hoisted,0.08
2745777,CHAPTER 70,lives,0.08
2746742,CHAPTER 70,midnight,0.08
2754238,CHAPTER 70,subject,0.08
2733064,CHAPTER 70,ahab,0.07
2733319,CHAPTER 70,analogies,0.07
2733919,CHAPTER 70,atom,0.07
2734196,CHAPTER 70,ballasted,0.07
2734516,CHAPTER 70,behead,0.07
2734518,CHAPTER 70,beheading,0.07
2735263,CHAPTER 70,breezelessness,0.07
2735506,CHAPTER 70,buoyed,0.07
2736950,CHAPTER 70,completely,0.07
2737896,CHAPTER 70,crutch,0.07
2738209,CHAPTER 70,decapitation,0.07
2738916,CHAPTER 70,discoloured,0.07
2740254,CHAPTER 70,erecting,0.07
2742074,CHAPTER 70,giant,0.07
2743200,CHAPTER 70,hoary,0.07
2743246,CHAPTER 70,holofernes,0.07
2744467,CHAPTER 70,interdicted,0.07
2744886,CHAPTER 70,jewellers,0.07
2745003,CHAPTER 70,judith,0.07
2745459,CHAPTER 70,leaning,0.07
2745592,CHAPTER 70,leviathan,0.07
2745931,CHAPTER 70,lotus,0.07
2746192,CHAPTER 70,main,0.07
2747620,CHAPTER 70,noiselessness,0.07
2753523,CHAPTER 70,sperm,0.07
2753531,CHAPTER 70,sphynx,0.07
2756364,CHAPTER 70,unfolding,0.07
2756389,CHAPTER 70,ungarnished,0.07
2756810,CHAPTER 70,untold,0.07
2732616,CHAPTER 70,abraham,0.06
2732832,CHAPTER 70,adjacent,0.06
2733689,CHAPTER 70,arm,0.06
2733957,CHAPTER 70,attentively,0.06
2734299,CHAPTER 70,barn,0.06
2734966,CHAPTER 70,boast,0.06
2736193,CHAPTER 70,cheering,0.06
2737414,CHAPTER 70,convert,0.06
2737691,CHAPTER 70,crane,0.06
2737773,CHAPTER 70,cried,0.06
2738207,CHAPTER 70,decapitated,0.06
2739085,CHAPTER 70,disposed,0.06
2739183,CHAPTER 70,diver,0.06
2739185,CHAPTER 70,divers,0.06
2739198,CHAPTER 70,divide,0.06
2739563,CHAPTER 70,duplicate,0.06
2739773,CHAPTER 70,elapsed,0.06
2739896,CHAPTER 70,embraces,0.06
2740696,CHAPTER 70,exulting,0.06
2741597,CHAPTER 70,foundations,0.06
2741943,CHAPTER 70,gash,0.06
2742107,CHAPTER 70,girdle,0.06
2742155,CHAPTER 70,gleams,0.06
2743316,CHAPTER 70,hopes,0.06
2743512,CHAPTER 70,husband,0.06
2744322,CHAPTER 70,insatiate,0.06
2744341,CHAPTER 70,insertion,0.06
2744539,CHAPTER 70,intervening,0.06
2745661,CHAPTER 70,lightnings,0.06
2745718,CHAPTER 70,linked,0.06
2745872,CHAPTER 70,longing,0.06
2745884,CHAPTER 70,lookest,0.06
2745951,CHAPTER 70,lovers,0.06
2745959,CHAPTER 70,lower,0.06
2746414,CHAPTER 70,marvel,0.06
2746443,CHAPTER 70,mast,0.06
2746504,CHAPTER 70,maw,0.06
2746803,CHAPTER 70,mind,0.06
2747128,CHAPTER 70,mosses,0.06
2747135,CHAPTER 70,mothers,0.06
2747493,CHAPTER 70,neighboring,0.06
2747982,CHAPTER 70,operate,0.06
2748166,CHAPTER 70,outstretched,0.06
2748616,CHAPTER 70,paul,0.06
2749205,CHAPTER 70,planets,0.06
2750613,CHAPTER 70,reason,0.06
2751422,CHAPTER 70,righteous,0.06
2751599,CHAPTER 70,rot,0.06
2751723,CHAPTER 70,rust,0.06
2752428,CHAPTER 70,severed,0.06
2752605,CHAPTER 70,ship,0.06
2752938,CHAPTER 70,skilfully,0.06
2753022,CHAPTER 70,sleepless,0.06
2753033,CHAPTER 70,slept,0.06
2753461,CHAPTER 70,speak,0.06
2753895,CHAPTER 70,steeply,0.06
2753973,CHAPTER 70,stirs,0.06
2754133,CHAPTER 70,stripping,0.06
2754291,CHAPTER 70,subterraneous,0.06
2754546,CHAPTER 70,surgeons,0.06
2754605,CHAPTER 70,suspend,0.06
2754730,CHAPTER 70,syllable,0.06
2755132,CHAPTER 70,thickest,0.06
2755780,CHAPTER 70,triumphant,0.06
2756643,CHAPTER 70,unrecorded,0.06
2756814,CHAPTER 70,untoward,0.06
2756951,CHAPTER 70,utterance,0.06
2757652,CHAPTER 70,weighing,0.06
2732708,CHAPTER 70,accomplished,0.05
2733333,CHAPTER 70,anatomical,0.05
2733345,CHAPTER 70,anchors,0.05
2733943,CHAPTER 70,attempt,0.05
2734404,CHAPTER 70,beard,0.05
2734517,CHAPTER 70,beheaded,0.05
2734553,CHAPTER 70,bell,0.05
2734566,CHAPTER 70,belong,0.05
2735078,CHAPTER 70,borne,0.05
2735330,CHAPTER 70,bringing,0.05
2735509,CHAPTER 70,burden,0.05
2735602,CHAPTER 70,cable,0.05
2736584,CHAPTER 70,clouds,0.05
2737352,CHAPTER 70,contracting,0.05
2737469,CHAPTER 70,copper,0.05
2738288,CHAPTER 70,deepest,0.05
2738367,CHAPTER 70,deliberately,0.05
2738412,CHAPTER 70,demanded,0.05
2738567,CHAPTER 70,desert,0.05
2738568,CHAPTER 70,deserted,0.05
2738832,CHAPTER 70,dinner,0.05
2739182,CHAPTER 70,dived,0.05
2739351,CHAPTER 70,downward,0.05
2739448,CHAPTER 70,dripping,0.05
2739477,CHAPTER 70,drowned,0.05
2739804,CHAPTER 70,element,0.05
2740593,CHAPTER 70,experienced,0.05
2740776,CHAPTER 70,false,0.05
2740792,CHAPTER 70,familiar,0.05
2740937,CHAPTER 70,feat,0.05
2740975,CHAPTER 70,feet,0.05
2741219,CHAPTER 70,flaming,0.05
2741709,CHAPTER 70,frigate,0.05
2742935,CHAPTER 70,heart,0.05
2743290,CHAPTER 70,hooded,0.05
2744166,CHAPTER 70,infidel,0.05
2744922,CHAPTER 70,join,0.05
2745465,CHAPTER 70,leaping,0.05
2746253,CHAPTER 70,man,0.05
2746544,CHAPTER 70,measureless,0.05
2746748,CHAPTER 70,midst,0.05
2746791,CHAPTER 70,millions,0.05
2747246,CHAPTER 70,murdered,0.05
2747248,CHAPTER 70,murderers,0.05
2747250,CHAPTER 70,murderous,0.05
2747356,CHAPTER 70,names,0.05
2747418,CHAPTER 70,navies,0.05
2747618,CHAPTER 70,noiseless,0.05
2747914,CHAPTER 70,oftentimes,0.05
2747948,CHAPTER 70,omitted,0.05
2748701,CHAPTER 70,peep,0.05
2748782,CHAPTER 70,pequod,0.05
2749126,CHAPTER 70,pirates,0.05
2749808,CHAPTER 70,pride,0.05
2749957,CHAPTER 70,projecting,0.05
2750010,CHAPTER 70,properly,0.05
2750863,CHAPTER 70,reigned,0.05
2750942,CHAPTER 70,remaining,0.05
2751871,CHAPTER 70,sank,0.05
2751946,CHAPTER 70,saw,0.05
2751967,CHAPTER 70,scales,0.05
2752038,CHAPTER 70,scientific,0.05
2752167,CHAPTER 70,sea,0.05
2752628,CHAPTER 70,shivered,0.05
2753122,CHAPTER 70,smallest,0.05
2753427,CHAPTER 70,spade,0.05
2753556,CHAPTER 70,spine,0.05
2753897,CHAPTER 70,steer,0.05
2754056,CHAPTER 70,strained,0.05
2754170,CHAPTER 70,stubb,0.05
2754545,CHAPTER 70,surgeon,0.05
2754688,CHAPTER 70,swept,0.05
2754783,CHAPTER 70,tackles,0.05
2754885,CHAPTER 70,task,0.05
2756407,CHAPTER 70,unharmed,0.05
2756477,CHAPTER 70,universal,0.05
2757069,CHAPTER 70,venerable,0.05
2757408,CHAPTER 70,waist,0.05
2757571,CHAPTER 70,wave,0.05
2757674,CHAPTER 70,went,0.05
2733281,CHAPTER 70,amid,0.04
2733801,CHAPTER 70,aside,0.04
2733883,CHAPTER 70,astern,0.04
2734087,CHAPTER 70,awful,0.04
2734403,CHAPTER 70,bear,0.04
2735328,CHAPTER 70,bring,0.04
2735392,CHAPTER 70,brow,0.04
2735455,CHAPTER 70,bulk,0.04
2735539,CHAPTER 70,bursting,0.04
2736041,CHAPTER 70,chains,0.04
2736394,CHAPTER 70,circumstances,0.04
2737217,CHAPTER 70,consider,0.04
2737363,CHAPTER 70,contrary,0.04
2737802,CHAPTER 70,critical,0.04
2737931,CHAPTER 70,cunning,0.04
2738171,CHAPTER 70,deadly,0.04
2738287,CHAPTER 70,deeper,0.04
2739365,CHAPTER 70,drag,0.04
2739466,CHAPTER 70,dropped,0.04
2739581,CHAPTER 70,dutch,0.04
2740114,CHAPTER 70,enormous,0.04
2740420,CHAPTER 70,exactly,0.04
2740988,CHAPTER 70,fell,0.04
2741274,CHAPTER 70,flesh,0.04
2741974,CHAPTER 70,gaze,0.04
2742532,CHAPTER 70,grown,0.04
2742666,CHAPTER 70,half,0.04
2742735,CHAPTER 70,hanging,0.04
2743009,CHAPTER 70,held,0.04
2743103,CHAPTER 70,hidden,0.04
2743192,CHAPTER 70,ho,0.04
2743479,CHAPTER 70,hung,0.04
2743683,CHAPTER 70,immense,0.04
2743802,CHAPTER 70,impossible,0.04
2745479,CHAPTER 70,leaves,0.04
2745668,CHAPTER 70,like,0.04
2745771,CHAPTER 70,lively,0.04
2745822,CHAPTER 70,locked,0.04
2746433,CHAPTER 70,mass,0.04
2746830,CHAPTER 70,minutes,0.04
2747184,CHAPTER 70,moved,0.04
2747309,CHAPTER 70,muttered,0.04
2747399,CHAPTER 70,native,0.04
2747433,CHAPTER 70,nearly,0.04
2747454,CHAPTER 70,neck,0.04
2747636,CHAPTER 70,noon,0.04
2748623,CHAPTER 70,paused,0.04
2749169,CHAPTER 70,placed,0.04
2749360,CHAPTER 70,points,0.04
2750953,CHAPTER 70,remember,0.04
2751554,CHAPTER 70,rolling,0.04
2751788,CHAPTER 70,sailed,0.04
2752218,CHAPTER 70,secret,0.04
2752814,CHAPTER 70,silence,0.04
2752966,CHAPTER 70,skull,0.04
2753423,CHAPTER 70,space,0.04
2753608,CHAPTER 70,split,0.04
2753793,CHAPTER 70,starboard,0.04
2754120,CHAPTER 70,striking,0.04
2754606,CHAPTER 70,suspended,0.04
2754691,CHAPTER 70,swift,0.04
2755142,CHAPTER 70,thine,0.04
2755143,CHAPTER 70,thing,0.04
2755256,CHAPTER 70,thunder,0.04
2755508,CHAPTER 70,tossed,0.04
2755912,CHAPTER 70,turns,0.04
2756897,CHAPTER 70,upper,0.04
2756980,CHAPTER 70,vain,0.04
2757583,CHAPTER 70,way,0.04
2757700,CHAPTER 70,whaler,0.04
2757919,CHAPTER 70,wise,0.04
2758194,CHAPTER 70,yard,0.04
2758224,CHAPTER 70,yellow,0.04
2733702,CHAPTER 70,arms,0.03
2734106,CHAPTER 70,aye,0.03
2734591,CHAPTER 70,beneath,0.03
2734784,CHAPTER 70,black,0.03
2734911,CHAPTER 70,blood,0.03
2735038,CHAPTER 70,bones,0.03
2735126,CHAPTER 70,bow,0.03
2735597,CHAPTER 70,cabin,0.03
2736492,CHAPTER 70,clear,0.03
2737682,CHAPTER 70,craft,0.03
2738000,CHAPTER 70,cut,0.03
2738283,CHAPTER 70,deep,0.03
2739630,CHAPTER 70,earth,0.03
2739999,CHAPTER 70,end,0.03
2740164,CHAPTER 70,entire,0.03
2741193,CHAPTER 70,fixed,0.03
2742767,CHAPTER 70,hard,0.03
2742961,CHAPTER 70,heaven,0.03
2743220,CHAPTER 70,hold,0.03
2743251,CHAPTER 70,home,0.03
2743379,CHAPTER 70,hours,0.03
2745288,CHAPTER 70,land,0.03
2745418,CHAPTER 70,lay,0.03
2746304,CHAPTER 70,manner,0.03
2746470,CHAPTER 70,mate,0.03
2746491,CHAPTER 70,matter,0.03
2746759,CHAPTER 70,mighty,0.03
2747406,CHAPTER 70,nature,0.03
2748525,CHAPTER 70,parts,0.03
2749352,CHAPTER 70,point,0.03
2749797,CHAPTER 70,previous,0.03
2750308,CHAPTER 70,quarter,0.03
2751786,CHAPTER 70,sail,0.03
2751794,CHAPTER 70,sailor,0.03
2752179,CHAPTER 70,seamen,0.03
2752660,CHAPTER 70,short,0.03
2752867,CHAPTER 70,single,0.03
2752890,CHAPTER 70,sir,0.03
2753097,CHAPTER 70,slowly,0.03
2753390,CHAPTER 70,soul,0.03
2754004,CHAPTER 70,stood,0.03
2754335,CHAPTER 70,suddenly,0.03
2754414,CHAPTER 70,sun,0.03
2754808,CHAPTER 70,taking,0.03
2755098,CHAPTER 70,thee,0.03
2755267,CHAPTER 70,thy,0.03
2755451,CHAPTER 70,took,0.03
2755826,CHAPTER 70,true,0.03
2757037,CHAPTER 70,vast,0.03
2757314,CHAPTER 70,voice,0.03
2757574,CHAPTER 70,waves,0.03
2734082,CHAPTER 70,away,0.02
2735652,CHAPTER 70,called,0.02
2735676,CHAPTER 70,came,0.02
2736798,CHAPTER 70,come,0.02
2740706,CHAPTER 70,eyes,0.02
2740826,CHAPTER 70,far,0.02
2742421,CHAPTER 70,great,0.02
2745867,CHAPTER 70,long,0.02
2746212,CHAPTER 70,make,0.02
2749168,CHAPTER 70,place,0.02
2752263,CHAPTER 70,seen,0.02
2753120,CHAPTER 70,small,0.02
2754959,CHAPTER 70,tell,0.02
2755309,CHAPTER 70,till,0.02
2757557,CHAPTER 70,water,0.02
2758039,CHAPTER 70,world,0.02
