,chapter,term,tfidf
16769,CHAPTER 1,passenger,0.14
20401,CHAPTER 1,sea,0.14
3596,CHAPTER 1,broiled,0.13
15245,CHAPTER 1,money,0.12
16873,CHAPTER 1,paying,0.12
16770,CHAPTER 1,passengers,0.11
13522,CHAPTER 1,land,0.1
18467,CHAPTER 1,purse,0.1
20028,CHAPTER 1,sailor,0.1
25791,CHAPTER 1,water,0.1
11879,CHAPTER 1,image,0.09
25598,CHAPTER 1,voyage,0.09
5673,CHAPTER 1,cook,0.08
11716,CHAPTER 1,hunks,0.08
13673,CHAPTER 1,leaders,0.08
14934,CHAPTER 1,metaphysical,0.08
20812,CHAPTER 1,shepherd,0.08
22013,CHAPTER 1,stand,0.08
25728,CHAPTER 1,warehouses,0.08
25941,CHAPTER 1,whaling,0.08
5094,CHAPTER 1,commodore,0.07
6081,CHAPTER 1,crowds,0.07
9115,CHAPTER 1,fates,0.07
11152,CHAPTER 1,healthy,0.07
15006,CHAPTER 1,miles,0.07
15378,CHAPTER 1,motives,0.07
19355,CHAPTER 1,requires,0.07
19432,CHAPTER 1,respectfully,0.07
19765,CHAPTER 1,robust,0.07
20264,CHAPTER 1,schoolmaster,0.07
20294,CHAPTER 1,scores,0.07
23487,CHAPTER 1,thump,0.07
26123,CHAPTER 1,winds,0.07
6992,CHAPTER 1,did,0.06
10493,CHAPTER 1,going,0.06
11350,CHAPTER 1,high,0.06
14377,CHAPTER 1,magic,0.06
14756,CHAPTER 1,meadow,0.06
16128,CHAPTER 1,officer,0.06
16161,CHAPTER 1,old,0.06
16759,CHAPTER 1,parts,0.06
17556,CHAPTER 1,plunged,0.06
19557,CHAPTER 1,reveries,0.06
21676,CHAPTER 1,spar,0.06
22323,CHAPTER 1,stream,0.06
22330,CHAPTER 1,streets,0.06
23193,CHAPTER 1,tell,0.06
23553,CHAPTER 1,time,0.06
25817,CHAPTER 1,way,0.06
2734,CHAPTER 1,begin,0.05
4039,CHAPTER 1,care,0.05
4647,CHAPTER 1,city,0.05
5550,CHAPTER 1,content,0.05
5841,CHAPTER 1,country,0.05
7360,CHAPTER 1,distant,0.05
8654,CHAPTER 1,exactly,0.05
10435,CHAPTER 1,glory,0.05
10758,CHAPTER 1,grow,0.05
11364,CHAPTER 1,hill,0.05
12980,CHAPTER 1,ishmael,0.05
13669,CHAPTER 1,lead,0.05
13713,CHAPTER 1,leaves,0.05
13902,CHAPTER 1,like,0.05
13993,CHAPTER 1,little,0.05
14769,CHAPTER 1,meaning,0.05
14852,CHAPTER 1,men,0.05
16872,CHAPTER 1,pay,0.05
17191,CHAPTER 1,phantom,0.05
20642,CHAPTER 1,set,0.05
20849,CHAPTER 1,ships,0.05
21624,CHAPTER 1,soul,0.05
23378,CHAPTER 1,things,0.05
23386,CHAPTER 1,thinks,0.05
23424,CHAPTER 1,thousands,0.05
26273,CHAPTER 1,world,0.05
26479,CHAPTER 1,yonder,0.05
140,CHAPTER 1,_being,0.04
317,CHAPTER 1,_grand,0.04
836,CHAPTER 1,abominate,0.04
953,CHAPTER 1,account,0.04
1192,CHAPTER 1,affghanistan,0.04
1276,CHAPTER 1,ago,0.04
1407,CHAPTER 1,alleys,0.04
1441,CHAPTER 1,aloft,0.04
2142,CHAPTER 1,athirst,0.04
2207,CHAPTER 1,attract,0.04
2404,CHAPTER 1,bake,0.04
2542,CHAPTER 1,barques,0.04
2589,CHAPTER 1,bathed,0.04
2817,CHAPTER 1,benches,0.04
2913,CHAPTER 1,better,0.04
3597,CHAPTER 1,broiling,0.04
3616,CHAPTER 1,broom,0.04
3801,CHAPTER 1,buttered,0.04
3861,CHAPTER 1,cajoling,0.04
4029,CHAPTER 1,caravan,0.04
4145,CHAPTER 1,cataract,0.04
4165,CHAPTER 1,cato,0.04
4423,CHAPTER 1,cheerfully,0.04
4466,CHAPTER 1,chief,0.04
4607,CHAPTER 1,circulation,0.04
4610,CHAPTER 1,circumambulate,0.04
4901,CHAPTER 1,coenties,0.04
5032,CHAPTER 1,come,0.04
5035,CHAPTER 1,comedies,0.04
5097,CHAPTER 1,commonalty,0.04
5460,CHAPTER 1,consign,0.04
5558,CHAPTER 1,contested,0.04
5683,CHAPTER 1,cooled,0.04
5731,CHAPTER 1,corlears,0.04
5798,CHAPTER 1,cottage,0.04
5833,CHAPTER 1,counters,0.04
6092,CHAPTER 1,crucifix,0.04
6167,CHAPTER 1,cunningly,0.04
6284,CHAPTER 1,dale,0.04
6493,CHAPTER 1,decoction,0.04
6642,CHAPTER 1,delusion,0.04
6830,CHAPTER 1,desks,0.04
7184,CHAPTER 1,discriminating,0.04
7221,CHAPTER 1,disguises,0.04
7554,CHAPTER 1,dotings,0.04
7584,CHAPTER 1,downtown,0.04
7645,CHAPTER 1,dreamiest,0.04
7692,CHAPTER 1,drizzly,0.04
7988,CHAPTER 1,egyptians,0.04
8027,CHAPTER 1,election,0.04
8176,CHAPTER 1,employs,0.04
8209,CHAPTER 1,enchanting,0.04
8368,CHAPTER 1,entailed,0.04
8921,CHAPTER 1,extremest,0.04
9062,CHAPTER 1,farces,0.04
9427,CHAPTER 1,fixed,0.04
9691,CHAPTER 1,forbidden,0.04
9707,CHAPTER 1,forecastle,0.04
9902,CHAPTER 1,freewill,0.04
10079,CHAPTER 1,gabriel,0.04
10187,CHAPTER 1,gates,0.04
10212,CHAPTER 1,gazers,0.04
10254,CHAPTER 1,genteel,0.04
10580,CHAPTER 1,grand,0.04
10618,CHAPTER 1,grasshopper,0.04
10665,CHAPTER 1,greeks,0.04
10855,CHAPTER 1,habit,0.04
10938,CHAPTER 1,hand,0.04
11005,CHAPTER 1,hardicanutes,0.04
11126,CHAPTER 1,hazy,0.04
11127,CHAPTER 1,head,0.04
11780,CHAPTER 1,hypos,0.04
11788,CHAPTER 1,ibis,0.04
11828,CHAPTER 1,idolatrous,0.04
11846,CHAPTER 1,ignoring,0.04
11862,CHAPTER 1,ills,0.04
12283,CHAPTER 1,indignity,0.04
12324,CHAPTER 1,inducements,0.04
12428,CHAPTER 1,infliction,0.04
12506,CHAPTER 1,inlanders,0.04
12514,CHAPTER 1,inmost,0.04
12721,CHAPTER 1,interlude,0.04
13006,CHAPTER 1,itch,0.04
13230,CHAPTER 1,judgmatically,0.04
13236,CHAPTER 1,judiciously,0.04
13263,CHAPTER 1,june,0.04
13538,CHAPTER 1,lanes,0.04
13607,CHAPTER 1,lath,0.04
13912,CHAPTER 1,lilies,0.04
14068,CHAPTER 1,lodges,0.04
14089,CHAPTER 1,loitering,0.04
14145,CHAPTER 1,lording,0.04
14400,CHAPTER 1,magnificent,0.04
14495,CHAPTER 1,managers,0.04
14512,CHAPTER 1,manhattoes,0.04
14753,CHAPTER 1,mazy,0.04
14765,CHAPTER 1,mean,0.04
14945,CHAPTER 1,methodically,0.04
15250,CHAPTER 1,monied,0.04
15473,CHAPTER 1,mummies,0.04
15607,CHAPTER 1,narcissus,0.04
15791,CHAPTER 1,niagara,0.04
15930,CHAPTER 1,november,0.04
16133,CHAPTER 1,offices,0.04
16265,CHAPTER 1,orchard,0.04
16272,CHAPTER 1,order,0.04
16447,CHAPTER 1,overlapping,0.04
16493,CHAPTER 1,overwhelming,0.04
16549,CHAPTER 1,paid_,0.04
16744,CHAPTER 1,particular,0.04
16921,CHAPTER 1,pedestrian,0.04
17007,CHAPTER 1,pent,0.04
17014,CHAPTER 1,peppered,0.04
17049,CHAPTER 1,performances,0.04
17113,CHAPTER 1,persians,0.04
17217,CHAPTER 1,philosophical,0.04
17276,CHAPTER 1,pier,0.04
17542,CHAPTER 1,plumb,0.04
17578,CHAPTER 1,poet,0.04
17612,CHAPTER 1,police,0.04
17985,CHAPTER 1,presidency,0.04
18026,CHAPTER 1,prevalent,0.04
18031,CHAPTER 1,previous,0.04
18112,CHAPTER 1,processions,0.04
18181,CHAPTER 1,programme,0.04
18223,CHAPTER 1,promptly,0.04
18501,CHAPTER 1,pythagorean,0.04
18536,CHAPTER 1,quarrelsome,0.04
18593,CHAPTER 1,quietest,0.04
18654,CHAPTER 1,rag,0.04
18721,CHAPTER 1,randolphs,0.04
18998,CHAPTER 1,reefs,0.04
19089,CHAPTER 1,regulating,0.04
19248,CHAPTER 1,rensselaers,0.04
19427,CHAPTER 1,respectable,0.04
19480,CHAPTER 1,resulting,0.04
19553,CHAPTER 1,reverentially,0.04
19654,CHAPTER 1,right,0.04
19753,CHAPTER 1,roasted,0.04
19768,CHAPTER 1,rockaway,0.04
19882,CHAPTER 1,rub,0.04
19984,CHAPTER 1,saco,0.04
20268,CHAPTER 1,schooners,0.04
20437,CHAPTER 1,seaward,0.04
20458,CHAPTER 1,secretly,0.04
20552,CHAPTER 1,seneca,0.04
20584,CHAPTER 1,sentinels,0.04
20688,CHAPTER 1,shadiest,0.04
20700,CHAPTER 1,shady,0.04
20710,CHAPTER 1,shakes,0.04
21020,CHAPTER 1,sighs,0.04
21250,CHAPTER 1,sleep,0.04
21561,CHAPTER 1,solo,0.04
21616,CHAPTER 1,sort,0.04
21781,CHAPTER 1,spiles,0.04
21832,CHAPTER 1,spleen,0.04
21926,CHAPTER 1,spurs,0.04
22223,CHAPTER 1,stoics,0.04
22385,CHAPTER 1,strong,0.04
22581,CHAPTER 1,suffice,0.04
22819,CHAPTER 1,surrounds,0.04
22821,CHAPTER 1,surveillance,0.04
23058,CHAPTER 1,tallest,0.04
23247,CHAPTER 1,tennessee,0.04
23293,CHAPTER 1,testament,0.04
23371,CHAPTER 1,thieves,0.04
23423,CHAPTER 1,thousand,0.04
23646,CHAPTER 1,toils,0.04
23719,CHAPTER 1,tormenting,0.04
23756,CHAPTER 1,touches,0.04
23805,CHAPTER 1,tragedies,0.04
23969,CHAPTER 1,trials,0.04
23976,CHAPTER 1,tribulations,0.04
24308,CHAPTER 1,unbiased,0.04
24430,CHAPTER 1,undeliverable,0.04
24632,CHAPTER 1,ungraspable,0.04
24733,CHAPTER 1,unless,0.04
24828,CHAPTER 1,unpleasant,0.04
25148,CHAPTER 1,urbane,0.04
25398,CHAPTER 1,vibration,0.04
25476,CHAPTER 1,violate,0.04
25615,CHAPTER 1,wade,0.04
25802,CHAPTER 1,waterward,0.04
26032,CHAPTER 1,whitehall,0.04
26045,CHAPTER 1,wholesome,0.04
26242,CHAPTER 1,woodlands,0.04
777,CHAPTER 1,abandon,0.03
860,CHAPTER 1,absent,0.03
1019,CHAPTER 1,activity,0.03
1238,CHAPTER 1,afternoon,0.03
1315,CHAPTER 1,air,0.03
1856,CHAPTER 1,archangel,0.03
2003,CHAPTER 1,artist,0.03
2111,CHAPTER 1,assure,0.03
2148,CHAPTER 1,atmosphere,0.03
2186,CHAPTER 1,attending,0.03
2286,CHAPTER 1,avenues,0.03
2318,CHAPTER 1,awe,0.03
2426,CHAPTER 1,ball,0.03
2508,CHAPTER 1,barbarous,0.03
2602,CHAPTER 1,battery,0.03
2620,CHAPTER 1,beach,0.03
2809,CHAPTER 1,belted,0.03
3043,CHAPTER 1,blades,0.03
3153,CHAPTER 1,bloody,0.03
3390,CHAPTER 1,boys,0.03
3481,CHAPTER 1,breathes,0.03
3498,CHAPTER 1,breezes,0.03
3532,CHAPTER 1,brief,0.03
3549,CHAPTER 1,brigs,0.03
3564,CHAPTER 1,bringing,0.03
3621,CHAPTER 1,brother,0.03
3816,CHAPTER 1,buy,0.03
4014,CHAPTER 1,captain,0.03
4080,CHAPTER 1,carries,0.03
4130,CHAPTER 1,castle,0.03
4169,CHAPTER 1,cattle,0.03
4360,CHAPTER 1,charm,0.03
4442,CHAPTER 1,cherish,0.03
4491,CHAPTER 1,china,0.03
4517,CHAPTER 1,choice,0.03
4771,CHAPTER 1,clinched,0.03
4860,CHAPTER 1,coasts,0.03
5078,CHAPTER 1,commerce,0.03
5140,CHAPTER 1,compare,0.03
5146,CHAPTER 1,compasses,0.03
5252,CHAPTER 1,conceits,0.03
5329,CHAPTER 1,confess,0.03
5433,CHAPTER 1,conscious,0.03
5482,CHAPTER 1,constant,0.03
5597,CHAPTER 1,contrary,0.03
5712,CHAPTER 1,coral,0.03
5958,CHAPTER 1,crazy,0.03
6191,CHAPTER 1,curiosity,0.03
6302,CHAPTER 1,damp,0.03
6476,CHAPTER 1,deck,0.03
6517,CHAPTER 1,deep,0.03
6521,CHAPTER 1,deeper,0.03
6522,CHAPTER 1,deepest,0.03
6589,CHAPTER 1,deity,0.03
6599,CHAPTER 1,deliberate,0.03
6601,CHAPTER 1,deliberately,0.03
6801,CHAPTER 1,desert,0.03
6822,CHAPTER 1,desires,0.03
7372,CHAPTER 1,distinction,0.03
7415,CHAPTER 1,dive,0.03
7475,CHAPTER 1,does,0.03
7485,CHAPTER 1,dogs,0.03
7569,CHAPTER 1,doubtless,0.03
7652,CHAPTER 1,dreamy,0.03
7689,CHAPTER 1,driving,0.03
7711,CHAPTER 1,drowned,0.03
7859,CHAPTER 1,earnestly,0.03
7866,CHAPTER 1,earthly,0.03
8038,CHAPTER 1,element,0.03
8190,CHAPTER 1,enable,0.03
8321,CHAPTER 1,enjoy,0.03
8374,CHAPTER 1,enter,0.03
8547,CHAPTER 1,established,0.03
8621,CHAPTER 1,everlasting,0.03
8624,CHAPTER 1,everybody,0.03
8746,CHAPTER 1,exercise,0.03
8829,CHAPTER 1,experiment,0.03
8891,CHAPTER 1,extensive,0.03
8918,CHAPTER 1,extreme,0.03
9007,CHAPTER 1,falling,0.03
9032,CHAPTER 1,family,0.03
9041,CHAPTER 1,fancied,0.03
9206,CHAPTER 1,feelings,0.03
9310,CHAPTER 1,fields,0.03
9541,CHAPTER 1,floated,0.03
9553,CHAPTER 1,flood,0.03
9570,CHAPTER 1,flourish,0.03
9840,CHAPTER 1,fountain,0.03
9846,CHAPTER 1,fowl,0.03
9848,CHAPTER 1,fowls,0.03
9939,CHAPTER 1,friendly,0.03
10030,CHAPTER 1,funeral,0.03
10296,CHAPTER 1,gets,0.03
10611,CHAPTER 1,grasp,0.03
10655,CHAPTER 1,great,0.03
10702,CHAPTER 1,grim,0.03
10706,CHAPTER 1,grin,0.03
10759,CHAPTER 1,growing,0.03
10946,CHAPTER 1,handfuls,0.03
10980,CHAPTER 1,happen,0.03
11086,CHAPTER 1,hats,0.03
11107,CHAPTER 1,having,0.03
11256,CHAPTER 1,helped,0.03
11304,CHAPTER 1,hermit,0.03
11482,CHAPTER 1,holy,0.03
11510,CHAPTER 1,honorable,0.03
11524,CHAPTER 1,hooded,0.03
11529,CHAPTER 1,hook,0.03
11581,CHAPTER 1,horror,0.03
11623,CHAPTER 1,houses,0.03
12322,CHAPTER 1,induced,0.03
12370,CHAPTER 1,infallibly,0.03
12398,CHAPTER 1,inferred,0.03
12432,CHAPTER 1,influences,0.03
12513,CHAPTER 1,inmates,0.03
12640,CHAPTER 1,insular,0.03
12864,CHAPTER 1,invest,0.03
12890,CHAPTER 1,invisible,0.03
12908,CHAPTER 1,involuntarily,0.03
13202,CHAPTER 1,jove,0.03
13231,CHAPTER 1,judgment,0.03
13257,CHAPTER 1,jump,0.03
13278,CHAPTER 1,just,0.03
13300,CHAPTER 1,keen,0.03
13324,CHAPTER 1,key,0.03
13393,CHAPTER 1,knee,0.03
13421,CHAPTER 1,knocking,0.03
13500,CHAPTER 1,lakes,0.03
13533,CHAPTER 1,landscape,0.03
13536,CHAPTER 1,landsmen,0.03
13681,CHAPTER 1,leagues,0.03
13803,CHAPTER 1,let,0.03
13923,CHAPTER 1,limit,0.03
14252,CHAPTER 1,lungs,0.03
14391,CHAPTER 1,magnetic,0.03
14446,CHAPTER 1,make,0.03
14487,CHAPTER 1,man,0.03
14653,CHAPTER 1,marvellous,0.03
14656,CHAPTER 1,marvels,0.03
14677,CHAPTER 1,mast,0.03
14739,CHAPTER 1,maxim,0.03
14805,CHAPTER 1,meditation,0.03
14818,CHAPTER 1,meet,0.03
14878,CHAPTER 1,merchant,0.03
14968,CHAPTER 1,mid,0.03
15038,CHAPTER 1,minded,0.03
15220,CHAPTER 1,mole,0.03
15312,CHAPTER 1,moral,0.03
15394,CHAPTER 1,mountains,0.03
15555,CHAPTER 1,mysterious,0.03
15561,CHAPTER 1,mystical,0.03
15578,CHAPTER 1,nailed,0.03
15698,CHAPTER 1,needed,0.03
15704,CHAPTER 1,needles,0.03
15815,CHAPTER 1,nights,0.03
15880,CHAPTER 1,north,0.03
15885,CHAPTER 1,northward,0.03
15988,CHAPTER 1,obey,0.03
16087,CHAPTER 1,ocean,0.03
16089,CHAPTER 1,oceans,0.03
16523,CHAPTER 1,pacing,0.03
16548,CHAPTER 1,paid,0.03
16560,CHAPTER 1,paint,0.03
16745,CHAPTER 1,particularly,0.03
16800,CHAPTER 1,patagonian,0.03
16812,CHAPTER 1,path,0.03
16860,CHAPTER 1,pausing,0.03
16935,CHAPTER 1,peep,0.03
16999,CHAPTER 1,penny,0.03
17019,CHAPTER 1,perceive,0.03
17033,CHAPTER 1,perdition,0.03
17051,CHAPTER 1,performing,0.03
17242,CHAPTER 1,physical,0.03
17266,CHAPTER 1,picture,0.03
17330,CHAPTER 1,pine,0.03
17367,CHAPTER 1,pistol,0.03
17454,CHAPTER 1,plaster,0.03
17586,CHAPTER 1,point,0.03
17665,CHAPTER 1,pool,0.03
17704,CHAPTER 1,portentous,0.03
17750,CHAPTER 1,posted,0.03
17767,CHAPTER 1,pot,0.03
17830,CHAPTER 1,prairies,0.03
18027,CHAPTER 1,prevent,0.03
18064,CHAPTER 1,principle,0.03
18153,CHAPTER 1,professor,0.03
18327,CHAPTER 1,providence,0.03
18410,CHAPTER 1,punch,0.03
18441,CHAPTER 1,pure,0.03
18490,CHAPTER 1,putting,0.03
18497,CHAPTER 1,pyramids,0.03
18595,CHAPTER 1,quietly,0.03
18813,CHAPTER 1,reaching,0.03
18869,CHAPTER 1,recall,0.03
18883,CHAPTER 1,receives,0.03
18884,CHAPTER 1,receiving,0.03
19075,CHAPTER 1,region,0.03
19220,CHAPTER 1,remote,0.03
19268,CHAPTER 1,repeatedly,0.03
19735,CHAPTER 1,river,0.03
19736,CHAPTER 1,rivers,0.03
19797,CHAPTER 1,romantic,0.03
19816,CHAPTER 1,root,0.03
19855,CHAPTER 1,roused,0.03
19975,CHAPTER 1,sabbath,0.03
20003,CHAPTER 1,sadly,0.03
20020,CHAPTER 1,sail,0.03
20058,CHAPTER 1,salt,0.03
20060,CHAPTER 1,salted,0.03
20091,CHAPTER 1,sand,0.03
20139,CHAPTER 1,satisfaction,0.03
20188,CHAPTER 1,say,0.03
20201,CHAPTER 1,scales,0.03
20428,CHAPTER 1,seas,0.03
20494,CHAPTER 1,seemingly,0.03
20561,CHAPTER 1,sense,0.03
20631,CHAPTER 1,served,0.03
20682,CHAPTER 1,shabby,0.03
20839,CHAPTER 1,ship,0.03
20905,CHAPTER 1,shoulder,0.03
20993,CHAPTER 1,sick,0.03
21021,CHAPTER 1,sight,0.03
21024,CHAPTER 1,sights,0.03
21062,CHAPTER 1,silver,0.03
21077,CHAPTER 1,simple,0.03
21240,CHAPTER 1,slave,0.03
21258,CHAPTER 1,sleeps,0.03
21259,CHAPTER 1,sleepy,0.03
21298,CHAPTER 1,slip,0.03
21370,CHAPTER 1,smelt,0.03
21484,CHAPTER 1,social,0.03
21636,CHAPTER 1,sounds,0.03
21907,CHAPTER 1,springs,0.03
21975,CHAPTER 1,stage,0.03
22062,CHAPTER 1,states,0.03
22147,CHAPTER 1,stepping,0.03
22329,CHAPTER 1,street,0.03
22374,CHAPTER 1,striving,0.03
22518,CHAPTER 1,substitute,0.03
22745,CHAPTER 1,supplied,0.03
22771,CHAPTER 1,surely,0.03
22774,CHAPTER 1,surf,0.03
22808,CHAPTER 1,surprising,0.03
22834,CHAPTER 1,suspect,0.03
22889,CHAPTER 1,sway,0.03
22890,CHAPTER 1,swayed,0.03
22902,CHAPTER 1,sweep,0.03
22954,CHAPTER 1,sword,0.03
23093,CHAPTER 1,tar,0.03
23268,CHAPTER 1,terms,0.03
23379,CHAPTER 1,think,0.03
23403,CHAPTER 1,thither,0.03
23478,CHAPTER 1,throws,0.03
23523,CHAPTER 1,tied,0.03
23531,CHAPTER 1,tiger,0.03
23717,CHAPTER 1,tormented,0.03
23827,CHAPTER 1,tranced,0.03
23873,CHAPTER 1,transition,0.03
23906,CHAPTER 1,travel,0.03
23944,CHAPTER 1,trees,0.03
24005,CHAPTER 1,trip,0.03
24042,CHAPTER 1,trouble,0.03
24073,CHAPTER 1,trunk,0.03
24251,CHAPTER 1,unaccountable,0.03
24368,CHAPTER 1,uncomfortable,0.03
24706,CHAPTER 1,unite,0.03
24707,CHAPTER 1,united,0.03
24711,CHAPTER 1,universal,0.03
25223,CHAPTER 1,valley,0.03
25235,CHAPTER 1,van,0.03
25510,CHAPTER 1,visit,0.03
25707,CHAPTER 1,wanting,0.03
25765,CHAPTER 1,washed,0.03
25846,CHAPTER 1,wears,0.03
25862,CHAPTER 1,wedded,0.03
25873,CHAPTER 1,week,0.03
25885,CHAPTER 1,weighed,0.03
25894,CHAPTER 1,welcome,0.03
25913,CHAPTER 1,west,0.03
25925,CHAPTER 1,whale,0.03
25944,CHAPTER 1,wharves,0.03
25946,CHAPTER 1,whatsoever,0.03
25967,CHAPTER 1,wherefore,0.03
26077,CHAPTER 1,wild,0.03
26158,CHAPTER 1,wish,0.03
1010,CHAPTER 1,act,0.02
1297,CHAPTER 1,ah,0.02
1313,CHAPTER 1,ain,0.02
1508,CHAPTER 1,american,0.02
1656,CHAPTER 1,answer,0.02
2117,CHAPTER 1,astern,0.02
2603,CHAPTER 1,battle,0.02
2637,CHAPTER 1,bear,0.02
2778,CHAPTER 1,believe,0.02
3001,CHAPTER 1,bit,0.02
3170,CHAPTER 1,blue,0.02
3194,CHAPTER 1,board,0.02
3338,CHAPTER 1,bound,0.02
3385,CHAPTER 1,boy,0.02
3689,CHAPTER 1,bulk,0.02
3704,CHAPTER 1,bulwarks,0.02
4016,CHAPTER 1,captains,0.02
4628,CHAPTER 1,circumstances,0.02
4861,CHAPTER 1,coat,0.02
4909,CHAPTER 1,coffin,0.02
5452,CHAPTER 1,considerable,0.02
5459,CHAPTER 1,considering,0.02
5975,CHAPTER 1,creatures,0.02
6391,CHAPTER 1,days,0.02
6480,CHAPTER 1,decks,0.02
6582,CHAPTER 1,degree,0.02
7007,CHAPTER 1,difference,0.02
7522,CHAPTER 1,don,0.02
7634,CHAPTER 1,drawn,0.02
7699,CHAPTER 1,drop,0.02
7877,CHAPTER 1,east,0.02
7884,CHAPTER 1,easy,0.02
8252,CHAPTER 1,endless,0.02
8527,CHAPTER 1,especially,0.02
8932,CHAPTER 1,eye,0.02
9202,CHAPTER 1,feel,0.02
9355,CHAPTER 1,finally,0.02
9701,CHAPTER 1,fore,0.02
9787,CHAPTER 1,formed,0.02
10231,CHAPTER 1,general,0.02
10487,CHAPTER 1,goes,0.02
10503,CHAPTER 1,gone,0.02
10666,CHAPTER 1,green,0.02
11139,CHAPTER 1,heads,0.02
11195,CHAPTER 1,heaven,0.02
11454,CHAPTER 1,hold,0.02
11476,CHAPTER 1,hollow,0.02
11509,CHAPTER 1,honor,0.02
11583,CHAPTER 1,horse,0.02
11613,CHAPTER 1,hours,0.02
11654,CHAPTER 1,huge,0.02
11801,CHAPTER 1,idea,0.02
12263,CHAPTER 1,indian,0.02
12608,CHAPTER 1,instance,0.02
12982,CHAPTER 1,island,0.02
12986,CHAPTER 1,isles,0.02
13177,CHAPTER 1,jolly,0.02
13351,CHAPTER 1,kind,0.02
13402,CHAPTER 1,knew,0.02
13432,CHAPTER 1,knowing,0.02
13437,CHAPTER 1,knows,0.02
13693,CHAPTER 1,leaning,0.02
13727,CHAPTER 1,lee,0.02
13738,CHAPTER 1,left,0.02
13767,CHAPTER 1,legs,0.02
13867,CHAPTER 1,lies,0.02
14101,CHAPTER 1,long,0.02
14113,CHAPTER 1,look,0.02
14119,CHAPTER 1,looking,0.02
14178,CHAPTER 1,love,0.02
14452,CHAPTER 1,making,0.02
15000,CHAPTER 1,mild,0.02
15037,CHAPTER 1,mind,0.02
15273,CHAPTER 1,monster,0.02
15343,CHAPTER 1,mortal,0.02
15410,CHAPTER 1,mouth,0.02
15587,CHAPTER 1,nameless,0.02
15667,CHAPTER 1,nearly,0.02
15707,CHAPTER 1,needs,0.02
15779,CHAPTER 1,new,0.02
15808,CHAPTER 1,nigh,0.02
15837,CHAPTER 1,noble,0.02
16207,CHAPTER 1,open,0.02
16276,CHAPTER 1,orders,0.02
16768,CHAPTER 1,passed,0.02
17010,CHAPTER 1,people,0.02
17060,CHAPTER 1,perils,0.02
17669,CHAPTER 1,poor,0.02
17747,CHAPTER 1,possibly,0.02
17882,CHAPTER 1,precisely,0.02
17968,CHAPTER 1,presented,0.02
18460,CHAPTER 1,purpose,0.02
18542,CHAPTER 1,quarter,0.02
18576,CHAPTER 1,quick,0.02
18604,CHAPTER 1,quite,0.02
18832,CHAPTER 1,really,0.02
18843,CHAPTER 1,rear,0.02
18847,CHAPTER 1,reason,0.02
19652,CHAPTER 1,rigging,0.02
19786,CHAPTER 1,rolled,0.02
19846,CHAPTER 1,round,0.02
19875,CHAPTER 1,royal,0.02
19941,CHAPTER 1,run,0.02
20030,CHAPTER 1,sailors,0.02
20434,CHAPTER 1,seated,0.02
20445,CHAPTER 1,second,0.02
20589,CHAPTER 1,separate,0.02
20888,CHAPTER 1,shore,0.02
20894,CHAPTER 1,short,0.02
21051,CHAPTER 1,silent,0.02
21101,CHAPTER 1,single,0.02
21385,CHAPTER 1,smoke,0.02
21447,CHAPTER 1,snow,0.02
21645,CHAPTER 1,south,0.02
21695,CHAPTER 1,speak,0.02
22268,CHAPTER 1,story,0.02
22282,CHAPTER 1,straight,0.02
22569,CHAPTER 1,suddenly,0.02
22961,CHAPTER 1,swung,0.02
23042,CHAPTER 1,taking,0.02
23377,CHAPTER 1,thing,0.02
23650,CHAPTER 1,told,0.02
23777,CHAPTER 1,town,0.02
23943,CHAPTER 1,tree,0.02
24060,CHAPTER 1,true,0.02
24085,CHAPTER 1,try,0.02
25131,CHAPTER 1,upper,0.02
25214,CHAPTER 1,vain,0.02
25257,CHAPTER 1,various,0.02
25427,CHAPTER 1,view,0.02
25495,CHAPTER 1,virtue,0.02
25803,CHAPTER 1,watery,0.02
25808,CHAPTER 1,waves,0.02
26218,CHAPTER 1,wonder,0.02
26452,CHAPTER 1,years,0.02
26465,CHAPTER 1,yes,0.02
3910,CHAPTER 1,came,0.01
8940,CHAPTER 1,eyes,0.01
9060,CHAPTER 1,far,0.01
9209,CHAPTER 1,feet,0.01
10505,CHAPTER 1,good,0.01
10957,CHAPTER 1,hands,0.01
11157,CHAPTER 1,heard,0.01
13873,CHAPTER 1,life,0.01
17402,CHAPTER 1,place,0.01
20180,CHAPTER 1,saw,0.01
21590,CHAPTER 1,soon,0.01
22301,CHAPTER 1,strange,0.01
23415,CHAPTER 1,thought,0.01
