,chapter,term,tfidf
2125227,CHAPTER 5,breakfast,0.21
2144762,CHAPTER 5,table,0.17
2124463,CHAPTER 5,beefsteaks,0.15
2135486,CHAPTER 5,ledyard,0.15
2137236,CHAPTER 5,mungo,0.15
2132265,CHAPTER 5,good,0.14
2141569,CHAPTER 5,room,0.13
2136472,CHAPTER 5,mates,0.12
2140316,CHAPTER 5,queequeg,0.12
2148274,CHAPTER 5,zone,0.12
2124260,CHAPTER 5,bar,0.11
2126177,CHAPTER 5,cheek,0.11
2127448,CHAPTER 5,coolly,0.11
2129245,CHAPTER 5,dogs,0.11
2135291,CHAPTER 5,landlord,0.11
2139498,CHAPTER 5,possessed,0.11
2143244,CHAPTER 5,social,0.1
2123790,CHAPTER 5,ashore,0.08
2124330,CHAPTER 5,bashful,0.08
2124331,CHAPTER 5,bashfulness,0.08
2125077,CHAPTER 5,bosky,0.08
2126896,CHAPTER 5,company,0.08
2127478,CHAPTER 5,cordially,0.08
2129512,CHAPTER 5,duelled,0.08
2130282,CHAPTER 5,eschewed,0.08
2132369,CHAPTER 5,grappling,0.08
2132529,CHAPTER 5,grub,0.08
2135378,CHAPTER 5,laughable,0.08
2136247,CHAPTER 5,man,0.08
2140364,CHAPTER 5,quite,0.08
2141887,CHAPTER 5,sat,0.08
2141948,CHAPTER 5,say,0.08
2142161,CHAPTER 5,sea,0.08
2142549,CHAPTER 5,sheepishly,0.08
2144863,CHAPTER 5,tarried,0.08
2145382,CHAPTER 5,toasted,0.08
2146726,CHAPTER 5,unshorn,0.08
2122098,CHAPTER 5,_he_,0.07
2122854,CHAPTER 5,admirer,0.07
2123870,CHAPTER 5,assurance,0.07
2124304,CHAPTER 5,barred,0.07
2125113,CHAPTER 5,bountifully,0.07
2125253,CHAPTER 5,breeding,0.07
2126183,CHAPTER 5,cheerfully,0.07
2126522,CHAPTER 5,climates,0.07
2128782,CHAPTER 5,digesting,0.07
2129856,CHAPTER 5,embarrassed,0.07
2132016,CHAPTER 5,genteelly,0.07
2132311,CHAPTER 5,gowns,0.07
2133556,CHAPTER 5,icicle,0.07
2135041,CHAPTER 5,justified,0.07
2135706,CHAPTER 5,lingers,0.07
2137427,CHAPTER 5,nearly,0.07
2137828,CHAPTER 5,occasioned,0.07
2138462,CHAPTER 5,park,0.07
2138652,CHAPTER 5,pear,0.07
2138809,CHAPTER 5,performances,0.07
2139253,CHAPTER 5,pleasantly,0.07
2139376,CHAPTER 5,polish,0.07
2142547,CHAPTER 5,sheepfold,0.07
2142748,CHAPTER 5,siberia,0.07
2144530,CHAPTER 5,sure,0.07
2144889,CHAPTER 5,tastes,0.07
2144909,CHAPTER 5,tawn,0.07
2145348,CHAPTER 5,tints,0.07
2146256,CHAPTER 5,undivided,0.07
2147894,CHAPTER 5,winking,0.07
2122711,CHAPTER 5,accosted,0.06
2122992,CHAPTER 5,africa,0.06
2123175,CHAPTER 5,allow,0.06
2123343,CHAPTER 5,andes,0.06
2123720,CHAPTER 5,array,0.06
2123930,CHAPTER 5,attaining,0.06
2124402,CHAPTER 5,beards,0.06
2124446,CHAPTER 5,bedfellow,0.06
2124796,CHAPTER 5,blacksmiths,0.06
2124845,CHAPTER 5,bleached,0.06
2124955,CHAPTER 5,boarded,0.06
2124957,CHAPTER 5,boarders,0.06
2125210,CHAPTER 5,brawny,0.06
2125388,CHAPTER 5,brown,0.06
2125830,CHAPTER 5,carpenters,0.06
2126013,CHAPTER 5,ceremony,0.06
2126203,CHAPTER 5,cherished,0.06
2126666,CHAPTER 5,coffee,0.06
2126949,CHAPTER 5,complexion,0.06
2127453,CHAPTER 5,coopers,0.06
2130321,CHAPTER 5,estimation,0.06
2132471,CHAPTER 5,grinning,0.06
2132912,CHAPTER 5,healthy,0.06
2133682,CHAPTER 5,imminent,0.06
2134330,CHAPTER 5,inseparable,0.06
2134784,CHAPTER 5,jackets,0.06
2134853,CHAPTER 5,jeopardy,0.06
2134927,CHAPTER 5,joke,0.06
2135065,CHAPTER 5,keepers,0.06
2135122,CHAPTER 5,kindred,0.06
2135648,CHAPTER 5,lighter,0.06
2135662,CHAPTER 5,like,0.06
2136191,CHAPTER 5,maintained,0.06
2136939,CHAPTER 5,mode,0.06
2137273,CHAPTER 5,musky,0.06
2138468,CHAPTER 5,parlor,0.06
2139708,CHAPTER 5,preparing,0.06
2140131,CHAPTER 5,public,0.06
2140789,CHAPTER 5,reflections,0.06
2141811,CHAPTER 5,sallied,0.06
2141893,CHAPTER 5,satin,0.06
2142069,CHAPTER 5,scotch,0.06
2142402,CHAPTER 5,set,0.06
2142447,CHAPTER 5,shades,0.06
2142464,CHAPTER 5,shaggy,0.06
2142966,CHAPTER 5,skylarking,0.06
2143007,CHAPTER 5,sledge,0.06
2143076,CHAPTER 5,slope,0.06
2143989,CHAPTER 5,stomach,0.06
2144065,CHAPTER 5,strangers,0.06
2144141,CHAPTER 5,stroll,0.06
2145137,CHAPTER 5,thing,0.06
2145666,CHAPTER 5,travel,0.06
2145798,CHAPTER 5,tropic,0.06
2147519,CHAPTER 5,warrior,0.06
2147603,CHAPTER 5,wearing,0.06
2147676,CHAPTER 5,western,0.06
2147693,CHAPTER 5,whalemen,0.06
2147931,CHAPTER 5,withal,0.06
2147938,CHAPTER 5,withdrew,0.06
2122434,CHAPTER 5,_that_,0.05
2122972,CHAPTER 5,afford,0.05
2123468,CHAPTER 5,anybody,0.05
2123549,CHAPTER 5,applied,0.05
2123948,CHAPTER 5,attention,0.05
2124132,CHAPTER 5,backward,0.05
2124408,CHAPTER 5,bears,0.05
2125324,CHAPTER 5,bringing,0.05
2125648,CHAPTER 5,calling,0.05
2126062,CHAPTER 5,chanced,0.05
2127360,CHAPTER 5,contrasting,0.05
2128545,CHAPTER 5,descending,0.05
2129329,CHAPTER 5,doubtless,0.05
2129461,CHAPTER 5,dropping,0.05
2129631,CHAPTER 5,ease,0.05
2131288,CHAPTER 5,flinging,0.05
2132417,CHAPTER 5,greatest,0.05
2133110,CHAPTER 5,high,0.05
2133186,CHAPTER 5,ho,0.05
2133407,CHAPTER 5,hue,0.05
2135283,CHAPTER 5,landed,0.05
2135563,CHAPTER 5,let,0.05
2135645,CHAPTER 5,lighted,0.05
2136227,CHAPTER 5,malice,0.05
2137014,CHAPTER 5,monkey,0.05
2137154,CHAPTER 5,mountains,0.05
2138667,CHAPTER 5,peculiarities,0.05
2139154,CHAPTER 5,pity,0.05
2140355,CHAPTER 5,quietly,0.05
2140510,CHAPTER 5,rare,0.05
2140573,CHAPTER 5,reaching,0.05
2141551,CHAPTER 5,rolls,0.05
2141986,CHAPTER 5,scarce,0.05
2142781,CHAPTER 5,sight,0.05
2143047,CHAPTER 5,slightly,0.05
2143125,CHAPTER 5,smell,0.05
2143511,CHAPTER 5,spend,0.05
2143516,CHAPTER 5,spent,0.05
2144020,CHAPTER 5,stories,0.05
2144370,CHAPTER 5,suit,0.05
2144389,CHAPTER 5,sum,0.05
2144565,CHAPTER 5,surprise,0.05
2145318,CHAPTER 5,timid,0.05
2145418,CHAPTER 5,tomahawk,0.05
2145672,CHAPTER 5,traveller,0.05
2146930,CHAPTER 5,using,0.05
2147427,CHAPTER 5,walk,0.05
2147636,CHAPTER 5,weeks,0.05
2126015,CHAPTER 5,certainly,0.04
2126226,CHAPTER 5,chief,0.04
2126386,CHAPTER 5,circumstance,0.04
2127442,CHAPTER 5,cool,0.04
2127824,CHAPTER 5,crossing,0.04
2129295,CHAPTER 5,door,0.04
2129394,CHAPTER 5,drawn,0.04
2130053,CHAPTER 5,england,0.04
2131414,CHAPTER 5,followed,0.04
2132415,CHAPTER 5,great,0.04
2132426,CHAPTER 5,green,0.04
2132823,CHAPTER 5,hat,0.04
2133364,CHAPTER 5,hot,0.04
2135111,CHAPTER 5,kind,0.04
2135197,CHAPTER 5,knows,0.04
2135377,CHAPTER 5,laugh,0.04
2135861,CHAPTER 5,long,0.04
2135882,CHAPTER 5,looks,0.04
2136612,CHAPTER 5,men,0.04
2137480,CHAPTER 5,negro,0.04
2138879,CHAPTER 5,person,0.04
2139112,CHAPTER 5,pipe,0.04
2139781,CHAPTER 5,pretty,0.04
2139791,CHAPTER 5,previous,0.04
2139930,CHAPTER 5,profound,0.04
2140003,CHAPTER 5,proper,0.04
2140343,CHAPTER 5,quickly,0.04
2142194,CHAPTER 5,seated,0.04
2142285,CHAPTER 5,self,0.04
2142808,CHAPTER 5,silence,0.04
2142904,CHAPTER 5,sitting,0.04
2143046,CHAPTER 5,slightest,0.04
2143149,CHAPTER 5,smoking,0.04
2143318,CHAPTER 5,solitary,0.04
2144187,CHAPTER 5,stuff,0.04
2145514,CHAPTER 5,touch,0.04
2147017,CHAPTER 5,various,0.04
2147997,CHAPTER 5,wood,0.04
2124641,CHAPTER 5,best,0.03
2127767,CHAPTER 5,cried,0.03
2127952,CHAPTER 5,curious,0.03
2128151,CHAPTER 5,days,0.03
2128159,CHAPTER 5,dead,0.03
2130158,CHAPTER 5,entire,0.03
2130986,CHAPTER 5,fellow,0.03
2131562,CHAPTER 5,forth,0.03
2132793,CHAPTER 5,harpoon,0.03
2132796,CHAPTER 5,harpooneers,0.03
2132899,CHAPTER 5,heads,0.03
2132916,CHAPTER 5,hear,0.03
2132929,CHAPTER 5,heart,0.03
2134023,CHAPTER 5,indian,0.03
2135038,CHAPTER 5,just,0.03
2135874,CHAPTER 5,looked,0.03
2135879,CHAPTER 5,looking,0.03
2136298,CHAPTER 5,manner,0.03
2136485,CHAPTER 5,matter,0.03
2136648,CHAPTER 5,mere,0.03
2136753,CHAPTER 5,mighty,0.03
2137095,CHAPTER 5,morning,0.03
2137539,CHAPTER 5,new,0.03
2137570,CHAPTER 5,night,0.03
2137967,CHAPTER 5,open,0.03
2138770,CHAPTER 5,people,0.03
2139183,CHAPTER 5,plainly,0.03
2139429,CHAPTER 5,poor,0.03
2141214,CHAPTER 5,rest,0.03
2142188,CHAPTER 5,seas,0.03
2142205,CHAPTER 5,second,0.03
2143455,CHAPTER 5,speak,0.03
2144408,CHAPTER 5,sun,0.03
2144802,CHAPTER 5,taking,0.03
2144953,CHAPTER 5,tell,0.03
2147358,CHAPTER 5,voyage,0.03
2147668,CHAPTER 5,went,0.03
2147696,CHAPTER 5,whales,0.03
2147701,CHAPTER 5,whaling,0.03
2148225,CHAPTER 5,yes,0.03
2148243,CHAPTER 5,young,0.03
2128752,CHAPTER 5,did,0.02
2132887,CHAPTER 5,head,0.02
2135753,CHAPTER 5,little,0.02
2135873,CHAPTER 5,look,0.02
2141606,CHAPTER 5,round,0.02
2142257,CHAPTER 5,seen,0.02
2142599,CHAPTER 5,ship,0.02
2143114,CHAPTER 5,small,0.02
2143376,CHAPTER 5,sort,0.02
2145139,CHAPTER 5,think,0.02
2147577,CHAPTER 5,way,0.02
2148033,CHAPTER 5,world,0.02
